user_id,session_id,typing_speed_deviation,pasted_char_ratio,screen_sequence_anomaly,amount_deviation,label
ab398905-d76c-4ef9-af40-fcef1bca44ec,a2259376-6849-4930-b8b0-e47b1a2c1ad0,-0.7760885077138697,0.05,0.3333333333333333,-0.19751480652862333,0
ab398905-d76c-4ef9-af40-fcef1bca44ec,2bf0a0dd-3eaf-4ea4-8af3-f80b2d0b7871,-0.8063242981590846,0.9,0.3333333333333333,-0.16207667008145257,0
ab398905-d76c-4ef9-af40-fcef1bca44ec,318c964d-0319-47bc-8d4f-f3e5a9fc61d6,-0.7889849300423468,0.05,0.16666666666666666,-0.1395821831710091,0
ab398905-d76c-4ef9-af40-fcef1bca44ec,1cc96dbe-f71c-4297-b800-cfc975cb50c7,-0.8148501064133105,0.05,0.16666666666666666,-0.12551343259056577,0
ab398905-d76c-4ef9-af40-fcef1bca44ec,d1647343-d594-48ef-942f-c30f11b2d1d9,-0.7694462805208406,0.05,0.3333333333333333,-0.3079384738276946,0
ab398905-d76c-4ef9-af40-fcef1bca44ec,94c006e2-457d-41fc-b418-81e4af010ed5,-0.9910036131279063,0.05,0.16666666666666666,-0.24174258650382005,0
ab398905-d76c-4ef9-af40-fcef1bca44ec,047008ef-0def-4490-9b9b-d40e4789d46e,-0.7262963743820929,0.05,0.5,-0.3047488742518963,0
ab398905-d76c-4ef9-af40-fcef1bca44ec,c97f9024-66e7-4be3-a55c-678a60154e6b,-0.9353532255729031,0.05,0.16666666666666666,0.9434959151094398,0
ab398905-d76c-4ef9-af40-fcef1bca44ec,a7979721-5469-42a8-b636-67dca70f4c92,-1.0981637759342284,0.05,0.3333333333333333,-0.2806243233211568,0
ab398905-d76c-4ef9-af40-fcef1bca44ec,642a3be5-37eb-44cd-8005-70e3d25e123b,-0.6496379076165741,0.05,0.16666666666666666,-0.20136672961334354,0
ab398905-d76c-4ef9-af40-fcef1bca44ec,0dea632d-421a-45bc-b2ad-ec8a55f84426,-0.8204896254391674,0.05,0.16666666666666666,-0.16273178271103692,0
ab398905-d76c-4ef9-af40-fcef1bca44ec,bac690a3-89b8-4baa-a2f2-9530eef2371c,-0.9293945292981798,0.05,0.3333333333333333,-0.2507048411706715,0
ab398905-d76c-4ef9-af40-fcef1bca44ec,4e1daa9a-2663-483f-ac73-369401c13b2d,-0.7744397412882695,0.05,0.5,-0.17597542999948662,0
ab398905-d76c-4ef9-af40-fcef1bca44ec,ef3081ce-c905-4e82-acf1-3292f406985d,-0.9267039118744314,0.05,0.5,-0.23273208113999022,0
ab398905-d76c-4ef9-af40-fcef1bca44ec,74c4469b-9c4a-49b5-a16a-6f87788cea07,-0.774650102415464,0.05,0.3333333333333333,-0.3165394910804669,0
ab398905-d76c-4ef9-af40-fcef1bca44ec,768cd9f1-9cb6-4696-98d3-b7246cea6c47,-0.8862349081327641,0.05,0.6666666666666666,-0.09735709691506167,0
ab398905-d76c-4ef9-af40-fcef1bca44ec,316e630f-5aef-46d4-bf38-f2b933a1382a,-1.0775928175161003,0.05,0.3333333333333333,-0.21572487969736012,0
ab398905-d76c-4ef9-af40-fcef1bca44ec,084a9a73-6c2e-4335-99dc-afc39d803191,-0.7533623294544709,0.05,0.5,-0.1870796242253668,0
ab398905-d76c-4ef9-af40-fcef1bca44ec,ec96933d-daa2-4713-be29-a67d1bcaee4f,-0.82762807847711,0.05,0.16666666666666666,-0.24408594671167577,0
ab398905-d76c-4ef9-af40-fcef1bca44ec,ee1f2a90-f585-4d6a-9f11-aa777b48849e,-0.8929418525789363,0.05,0.3333333333333333,-0.28014803254271314,0
ab398905-d76c-4ef9-af40-fcef1bca44ec,7473d181-af70-4f62-8bf6-7f6ae6b6f840,-0.8193379414451987,0.05,0.3333333333333333,-0.2594563718073943,0
ab398905-d76c-4ef9-af40-fcef1bca44ec,a18a81a0-9167-4cd8-9612-2f4723160bb8,-1.219583078995289,0.05,0.16666666666666666,-0.18827775704827765,0
ab398905-d76c-4ef9-af40-fcef1bca44ec,3d911552-f7c2-41d1-8491-4310d8c697d9,-0.9257216938914739,0.05,0.3333333333333333,-0.16557872298716766,0
ab398905-d76c-4ef9-af40-fcef1bca44ec,9a270a41-ec9c-4ba5-a83b-a606d926a165,-0.510276003353423,0.05,0.5,-0.26817719777576077,0
ab398905-d76c-4ef9-af40-fcef1bca44ec,0e76c064-d403-4b5e-85f6-08770a93f979,-1.1099951437614464,0.05,0.0,-0.23070612716277178,0
82d2db83-ed8d-46ba-859c-1c5aafa052a8,f47d658e-2f1f-4b88-b46d-b138a1036741,0.6012402382024176,0.05,0.0,-0.05300998388043791,0
82d2db83-ed8d-46ba-859c-1c5aafa052a8,ade7c59a-11b2-4d41-bba1-9ba0d2528763,0.5077014803349797,0.05,0.0,0.06525647665856608,0
82d2db83-ed8d-46ba-859c-1c5aafa052a8,f7ca3397-5ebc-4e4f-b191-c8b58db676e1,0.46678981329966973,0.05,0.16666666666666666,0.018893146631613008,0
82d2db83-ed8d-46ba-859c-1c5aafa052a8,3ee62127-f512-49d5-9403-71fee449efee,0.5444220691358552,0.05,0.0,0.06581779526295907,0
82d2db83-ed8d-46ba-859c-1c5aafa052a8,2ceec789-3ce4-4110-a675-4388ce40d819,0.629113446381913,0.05,0.0,0.011405562553051873,0
82d2db83-ed8d-46ba-859c-1c5aafa052a8,c043c083-89ad-4e97-9115-2012677aee66,0.6534619078842345,0.05,0.16666666666666666,0.22020220260644358,0
82d2db83-ed8d-46ba-859c-1c5aafa052a8,ad6c69ed-8a2d-4ec1-9eb7-5605a2089e40,0.36861046114893803,0.05,0.0,0.04215622124151054,0
82d2db83-ed8d-46ba-859c-1c5aafa052a8,bf9e8e46-93bb-4756-9754-d0069877a023,0.5268365943465696,0.05,0.0,-0.07260041834582354,0
82d2db83-ed8d-46ba-859c-1c5aafa052a8,f6a41d28-6493-4590-b933-559bc3efeb2b,0.5341010324538944,0.05,0.0,-0.049076454935101536,0
82d2db83-ed8d-46ba-859c-1c5aafa052a8,ab528e0b-18c3-4ac6-91a6-ba840b66b256,0.3250326906036456,0.05,0.0,-0.004561299996044397,0
82d2db83-ed8d-46ba-859c-1c5aafa052a8,cfc7ad8a-b383-49ed-912f-e7031195a8f8,0.5690900952815552,0.05,0.0,0.15683447302441905,0
82d2db83-ed8d-46ba-859c-1c5aafa052a8,cba64188-0e38-4bd1-b2c2-77feda811415,0.8069208652122777,0.05,0.0,-0.08668806345185487,0
82d2db83-ed8d-46ba-859c-1c5aafa052a8,c22040b2-47c3-45df-bf8f-350f463b4b7a,0.7314150723622754,0.05,0.0,0.08178151786766863,0
82d2db83-ed8d-46ba-859c-1c5aafa052a8,99f888b5-1004-4cd0-ae50-6b4d1f185244,0.5780744633649215,0.05,0.0,0.02834078550491611,0
82d2db83-ed8d-46ba-859c-1c5aafa052a8,73830414-bd65-4062-9612-6561dce32d18,0.5862674696841834,0.05,0.0,-0.038559303807473466,0
82d2db83-ed8d-46ba-859c-1c5aafa052a8,a48a612d-1afc-430d-a139-99fcb6fe76ba,0.3824162471506556,0.05,0.0,-0.13940010887526158,0
82d2db83-ed8d-46ba-859c-1c5aafa052a8,1e7180f2-ea8d-4799-bce9-7fb5e9700127,0.6332081563348968,0.05,0.0,0.02407217928874985,0
82d2db83-ed8d-46ba-859c-1c5aafa052a8,d1e4642e-3e75-43d5-ab2e-362a8e1b0eeb,0.4769087535805481,0.05,0.0,-0.05284973731451328,0
82d2db83-ed8d-46ba-859c-1c5aafa052a8,e99d97f0-48bd-43d6-ac67-6c9a70148622,0.45288772740369065,0.05,0.16666666666666666,0.0743291320337154,0
82d2db83-ed8d-46ba-859c-1c5aafa052a8,d10e061b-4c57-42a5-836f-f7d9656e84e7,0.7146786633400772,0.05,0.0,0.018611621944965125,0
82d2db83-ed8d-46ba-859c-1c5aafa052a8,49bb6005-089a-41b8-9514-c00d00c2e9d6,0.4153595930462295,0.05,0.0,0.028438141630097453,0
82d2db83-ed8d-46ba-859c-1c5aafa052a8,b5dd6500-47eb-4878-82d1-dab0b9841215,0.7321094714709719,0.05,0.0,0.06565803955744555,0
82d2db83-ed8d-46ba-859c-1c5aafa052a8,ec7e5f01-60c3-40a1-a1b8-c946e4dd9f38,0.362896359498067,0.05,0.0,0.000152408422276447,0
82d2db83-ed8d-46ba-859c-1c5aafa052a8,ccd3a0d6-c7db-4b80-be97-8bc064814a0f,0.5769541438788552,0.05,0.3333333333333333,-0.09884639244927597,0
82d2db83-ed8d-46ba-859c-1c5aafa052a8,524bf4fe-3778-4bc3-9f6d-2f9162a3db82,3.162702622183196,0.05,0.3333333333333333,6.430159073986701e-05,0
ca1073c2-f1e3-4c50-b192-336e10297e59,ee515eb4-9e40-4761-98d8-ebd861bddb5e,1.5370359033333312,0.05,0.16666666666666666,-0.35478136701992247,0
ca1073c2-f1e3-4c50-b192-336e10297e59,445a2b9b-1555-4d37-8ecd-f5cef8432220,1.6531511007090218,0.05,0.3333333333333333,-0.3016474490642592,0
ca1073c2-f1e3-4c50-b192-336e10297e59,644ce9db-7993-4518-bb23-1627aa102e4a,1.8667381245598795,0.05,0.16666666666666666,-0.41373782176182883,0
ca1073c2-f1e3-4c50-b192-336e10297e59,423fe80d-da43-4a17-a4ab-1a92c39ea27d,1.526403475120377,0.05,0.0,-0.3758607313655382,0
ca1073c2-f1e3-4c50-b192-336e10297e59,d6c919fa-acbd-48ea-8068-670e50f46084,1.4228736965261035,0.05,0.3333333333333333,-0.36291217371042045,0
ca1073c2-f1e3-4c50-b192-336e10297e59,b1690351-2191-4b27-9ff2-341ee2014580,1.4692552004538832,0.05,0.3333333333333333,-0.38767916137314146,0
ca1073c2-f1e3-4c50-b192-336e10297e59,a0047f92-1e9d-4dfe-b33a-10426078a40e,1.6992458898262779,0.05,0.3333333333333333,-0.4060524079574708,0
ca1073c2-f1e3-4c50-b192-336e10297e59,88bef3c2-5fb0-4c2d-8777-63033ff88426,1.3647255283351827,0.05,0.0,-0.3199097391042221,0
ca1073c2-f1e3-4c50-b192-336e10297e59,3401a299-dd9d-437a-b7a2-9bdbf5b7ff27,1.5220322227560912,0.05,0.16666666666666666,-0.3653296786465368,0
ca1073c2-f1e3-4c50-b192-336e10297e59,b0645064-b070-413b-adf9-f3c115f99650,1.508419700367364,0.05,0.0,-0.3473640328244139,0
ca1073c2-f1e3-4c50-b192-336e10297e59,52178245-2d5f-4180-b3cc-1914a35edd57,1.1306735407016095,0.05,0.16666666666666666,-0.3151271730689275,0
ca1073c2-f1e3-4c50-b192-336e10297e59,8481a917-125d-4ddb-91de-a4d27ebacf44,1.4150540957850408,0.05,0.16666666666666666,-0.3351103235271564,0
ca1073c2-f1e3-4c50-b192-336e10297e59,3259d2c6-0093-499d-933a-3efdb9e77b7f,1.605663316593433,0.05,0.3333333333333333,-0.3528759083962127,0
ca1073c2-f1e3-4c50-b192-336e10297e59,e7a90c98-b9d4-432f-80f4-940bc6b20c3d,1.4737574199259589,0.05,0.16666666666666666,-0.3061172182952797,0
ca1073c2-f1e3-4c50-b192-336e10297e59,43b598cb-0f55-47db-b9b1-ff3b97434fc9,1.7676119556895058,0.05,0.16666666666666666,-0.32273736362572447,0
ca1073c2-f1e3-4c50-b192-336e10297e59,9eab781d-d369-4cb1-ac14-660588c06d77,1.6053714784903015,0.05,0.3333333333333333,-0.3695555780359496,0
ca1073c2-f1e3-4c50-b192-336e10297e59,99d8dcd7-c9d3-4745-9fa1-f9878fe82cb5,1.5815483405071307,0.05,0.16666666666666666,-0.3254386331490739,0
ca1073c2-f1e3-4c50-b192-336e10297e59,115f6259-3169-4716-977b-71f55e5ceee8,1.3269855369473174,0.05,0.3333333333333333,-0.39078387148535576,0
ca1073c2-f1e3-4c50-b192-336e10297e59,d8ba68d4-5091-448f-8aa5-0d2b44a14d9a,1.4044342140089823,0.05,0.16666666666666666,-0.34359995209218025,0
ca1073c2-f1e3-4c50-b192-336e10297e59,64f6aca5-3374-4ee6-80d2-6b86e476906e,1.3932373959642952,0.9,0.3333333333333333,-0.3190581345885595,0
ca1073c2-f1e3-4c50-b192-336e10297e59,f172b991-d5a6-4292-ae0b-cec01001c6fc,1.184286197148129,0.05,0.0,-0.32561100459279124,0
ca1073c2-f1e3-4c50-b192-336e10297e59,7422fffb-3ce7-4f5a-b444-65a11c6ff9af,1.55953577427361,0.05,0.3333333333333333,-0.3855113514348031,0
ca1073c2-f1e3-4c50-b192-336e10297e59,045aaf72-d157-459b-b661-b4e7122c76f0,1.0926612103880018,0.05,0.16666666666666666,-0.3478036264145289,0
ca1073c2-f1e3-4c50-b192-336e10297e59,c5ad131d-3154-4fbe-b70d-f9a4b5071408,1.5923475790575647,0.05,0.3333333333333333,-0.3207390494020711,0
ca1073c2-f1e3-4c50-b192-336e10297e59,2b5f6f29-fbb3-4a54-8196-d01f101c1335,1.3683985673146761,0.05,0.3333333333333333,-0.35413595366383155,0
94cf3a26-162d-400b-94f0-881ea0b9a410,82b43c5a-ed05-4cfd-a0f0-b3a5c10c23a8,-0.05992025051213634,0.05,0.0,0.754631318636186,0
94cf3a26-162d-400b-94f0-881ea0b9a410,caed4afc-b1ef-4ee6-88ee-d6f93029e368,0.044773810748048426,0.05,0.0,0.37248919297878924,0
94cf3a26-162d-400b-94f0-881ea0b9a410,84c312c1-1847-403a-99f4-465c78879902,0.18735316278218495,0.05,0.0,0.993944956670003,0
94cf3a26-162d-400b-94f0-881ea0b9a410,1401fba4-1e38-4f63-8058-9e7cc6eae3b1,0.03736617532319997,0.05,0.0,0.7767301194094564,0
94cf3a26-162d-400b-94f0-881ea0b9a410,5da7e03b-7a31-47f2-b85e-0cd32f018105,0.07878977201948967,0.05,0.0,0.8826852439975112,0
94cf3a26-162d-400b-94f0-881ea0b9a410,52cca45b-6168-4a1f-9d09-868a594cceb0,-0.03333710834405634,0.05,0.0,0.5272779650573025,0
94cf3a26-162d-400b-94f0-881ea0b9a410,f3a8b01c-881a-4dd7-ab68-33cf84994f51,-0.06382155664370837,0.05,0.0,5.587967905446309,0
94cf3a26-162d-400b-94f0-881ea0b9a410,28b4374f-8899-4823-835d-68b01b3fbcc5,0.19947165365144848,0.05,0.0,0.8988273756652044,0
94cf3a26-162d-400b-94f0-881ea0b9a410,59ac5f1b-0987-4d59-9d58-f111be230994,0.13492944017217212,0.05,0.0,0.5600890685078873,0
94cf3a26-162d-400b-94f0-881ea0b9a410,b2e0dcbc-22b6-4604-b915-3dcdc15d9987,0.3129718284207721,0.05,0.16666666666666666,0.7714881050242628,0
94cf3a26-162d-400b-94f0-881ea0b9a410,3f1ce394-5fb8-4f19-9d07-45da45fdd5f9,0.1788757194145596,0.05,0.0,1.086506206996128,0
94cf3a26-162d-400b-94f0-881ea0b9a410,801aa187-cd7b-483e-ac95-ccfbb1f0fcef,0.06797089894118269,0.05,0.0,0.9352109843686534,0
94cf3a26-162d-400b-94f0-881ea0b9a410,108e0911-52bd-486d-b98c-d7ace91e756b,-0.04026219334802983,0.05,0.16666666666666666,0.14323999918109845,0
94cf3a26-162d-400b-94f0-881ea0b9a410,eeedd6ee-f52e-47c4-bcf3-ce851f5fd915,0.009134920825272452,0.05,0.0,1.1897097711385884,0
94cf3a26-162d-400b-94f0-881ea0b9a410,f226adc9-db4c-42b6-bf0d-b294ed309b3a,0.08283690931703536,0.05,0.0,0.6000677663955247,0
94cf3a26-162d-400b-94f0-881ea0b9a410,49de0b41-45f8-43fc-9614-d4a66a13aad2,0.06462734581449237,0.05,0.0,0.7395247425598337,0
94cf3a26-162d-400b-94f0-881ea0b9a410,ec6244e8-1a59-42b9-9832-94d54112910c,-0.07990303551526212,0.05,0.0,0.6364367069933532,0
94cf3a26-162d-400b-94f0-881ea0b9a410,57af6ce9-b99c-4c2c-ae80-3c7af967c03a,0.2665833925196601,0.05,0.16666666666666666,0.6278556310118417,0
94cf3a26-162d-400b-94f0-881ea0b9a410,8231d99e-b5bc-4ebd-9133-9c12e0998e1b,-0.12648677091431537,0.05,0.0,0.6333861594762965,0
94cf3a26-162d-400b-94f0-881ea0b9a410,383f4e93-d1a8-4c62-a52e-9f553c4d0725,0.2531673729700721,0.05,0.16666666666666666,0.6851574076883915,0
94cf3a26-162d-400b-94f0-881ea0b9a410,98996e57-c513-40a7-b44f-eb8dcf2fb76f,0.03894773325140477,0.05,0.0,0.5619376156967302,0
94cf3a26-162d-400b-94f0-881ea0b9a410,1b78fed8-057d-437f-afd2-d31729ec792d,0.08258044366924899,0.05,0.16666666666666666,0.6045896095768579,0
94cf3a26-162d-400b-94f0-881ea0b9a410,b31aae73-1614-4244-b076-1c452525537e,0.05070754910096298,0.05,0.0,0.5385325020184175,0
94cf3a26-162d-400b-94f0-881ea0b9a410,7ecce19b-4221-432b-8ad2-2f4924dca8ec,0.04709175731641757,0.05,0.0,0.3040314835557756,0
94cf3a26-162d-400b-94f0-881ea0b9a410,fe73a7d3-0a4d-41b5-ae0b-02803bd61877,-0.032506507688266684,0.05,0.0,1.0090619973912756,0
5ce9d03d-d82d-4a70-b72b-ca72174c2294,74964aab-2677-4a3e-a678-9f07bbcb353c,-2.1829801214458926,0.05,0.5,-0.004212141625871938,0
5ce9d03d-d82d-4a70-b72b-ca72174c2294,dcb8fad1-7683-455a-b21c-3bdd1358e4fb,-2.1989579299565767,0.05,0.3333333333333333,0.07491956135473378,0
5ce9d03d-d82d-4a70-b72b-ca72174c2294,4b3cc2ef-9e34-45a9-b439-821ffc44dd5a,-1.9386381624841382,0.05,0.5,-0.023979622468358122,0
5ce9d03d-d82d-4a70-b72b-ca72174c2294,a6fc5c5e-f082-44b8-8d79-07bedc389cda,-2.2673376313654257,0.05,0.5,0.047784724520032025,0
5ce9d03d-d82d-4a70-b72b-ca72174c2294,bb170eeb-c43a-495e-bccb-d63450f71452,-2.352405847637371,0.05,0.3333333333333333,0.006388794162938676,0
5ce9d03d-d82d-4a70-b72b-ca72174c2294,9a60b351-4a41-4cd2-9742-4b125e794ab0,-1.9877182759640584,0.05,0.6666666666666666,0.03080997488589023,0
5ce9d03d-d82d-4a70-b72b-ca72174c2294,923b2441-576d-4e59-9dbb-f35d268f81ca,-2.2650316351613258,0.05,0.3333333333333333,-0.0815446509532427,0
5ce9d03d-d82d-4a70-b72b-ca72174c2294,090cdad9-90a0-4399-868c-94bd6efd91cb,-2.2579368255604977,0.05,0.5,0.03008057575291566,0
5ce9d03d-d82d-4a70-b72b-ca72174c2294,c36a010c-17e0-4cd7-884d-b5e6a6460121,-2.210866248735689,0.05,0.6666666666666666,-0.06736881177193854,0
5ce9d03d-d82d-4a70-b72b-ca72174c2294,0b6f4538-9c4b-46ce-beeb-72724a455402,-2.1522179158662857,0.05,0.5,2.0142131282338847,0
5ce9d03d-d82d-4a70-b72b-ca72174c2294,6ffa7a2c-d604-4d88-a4b9-c7b18010043f,-2.3317177389393278,0.05,0.5,0.015321127319667543,0
5ce9d03d-d82d-4a70-b72b-ca72174c2294,12dddf46-18ee-403d-a13e-46001032fb31,-2.142677051707224,0.05,0.5,-0.033228939602930004,0
5ce9d03d-d82d-4a70-b72b-ca72174c2294,30107169-7dfd-4003-87cf-61d1ce413217,-2.4427171525879743,0.05,0.3333333333333333,-0.09642500447932431,0
5ce9d03d-d82d-4a70-b72b-ca72174c2294,c34e06c6-cfe1-4501-b25d-34e77f0a13f6,-1.9442818858745223,0.05,0.3333333333333333,0.009263918946813459,0
5ce9d03d-d82d-4a70-b72b-ca72174c2294,b9634492-d743-4e70-be96-c7939e364111,-1.9185869274610412,0.05,0.5,-0.03609376249279397,0
5ce9d03d-d82d-4a70-b72b-ca72174c2294,fd3cf7fe-aa4e-4fe4-aa6c-535c110957f2,-1.9989206945830702,0.05,0.6666666666666666,-0.12744501451549928,0
5ce9d03d-d82d-4a70-b72b-ca72174c2294,3b21db76-1293-42d0-892f-f757533c2a5c,-1.7770348160065677,0.05,0.5,0.010381105928278612,0
5ce9d03d-d82d-4a70-b72b-ca72174c2294,a0fec494-45d5-4135-8d78-20692f6879f8,-1.9214459674504072,0.05,0.5,-0.00477103810346307,0
5ce9d03d-d82d-4a70-b72b-ca72174c2294,04f856b6-c6f8-4569-9c0e-cfeec3d9e784,-2.1287924886762664,0.05,0.5,0.07966450931124229,0
5ce9d03d-d82d-4a70-b72b-ca72174c2294,d5ee1738-e0d2-455a-9c64-1995fa7887e1,-2.075775861157112,0.05,0.5,-0.008210210054198457,0
5ce9d03d-d82d-4a70-b72b-ca72174c2294,bffd806b-1eab-4444-93f8-23f735d795aa,-2.0520543353429335,0.05,0.5,-0.04395639549992239,0
5ce9d03d-d82d-4a70-b72b-ca72174c2294,b4be0408-9146-482c-bc0d-20828c9d0e81,-1.9275869867595548,0.05,0.5,-0.1272849840586701,0
5ce9d03d-d82d-4a70-b72b-ca72174c2294,3940c6e2-847a-469e-a69b-7a6cd705f804,-2.3821940835278577,0.05,0.5,0.011040299029046678,0
5ce9d03d-d82d-4a70-b72b-ca72174c2294,1ce715c2-e2f4-4e35-9e7c-602fab753b9f,-1.9508242762604375,0.05,0.5,-0.1754779837417028,0
5ce9d03d-d82d-4a70-b72b-ca72174c2294,91c408ce-fb4e-4f1b-9f4d-235a211b794b,-2.5176296497268167,0.05,0.5,-0.11331693527090211,0
410dc210-4655-4a23-8c00-0eb7e87397dc,0cca0f70-0953-42e2-bf67-45159fa0f12c,-0.3330740201903932,0.05,0.3333333333333333,-0.058177977916461225,0
410dc210-4655-4a23-8c00-0eb7e87397dc,1834a00f-e2b1-40b2-9d72-84f3afaad213,-0.30934998564638905,0.05,0.3333333333333333,0.003814316498724861,0
410dc210-4655-4a23-8c00-0eb7e87397dc,38045fb5-5147-445d-9b29-6221493bd372,0.20923098250129613,0.05,0.3333333333333333,-0.1521933595573019,0
410dc210-4655-4a23-8c00-0eb7e87397dc,44da5d70-e19d-42fc-940a-3bd1a2a85869,0.03228394093728326,0.05,0.3333333333333333,-0.08192944264557127,0
410dc210-4655-4a23-8c00-0eb7e87397dc,a4e4c5fa-8fdd-43cb-a652-385949a0309d,-0.23126421205545222,0.05,0.3333333333333333,0.02780226169901364,0
410dc210-4655-4a23-8c00-0eb7e87397dc,28e049e4-0f06-487d-87fc-fb8dc6c85122,-0.5869315944424924,0.05,0.3333333333333333,-0.026880177320160584,0
410dc210-4655-4a23-8c00-0eb7e87397dc,5911c452-3066-4c1b-ade8-d7f5b35bd380,-2.3236085602180068,0.05,0.3333333333333333,0.04616472726073371,0
410dc210-4655-4a23-8c00-0eb7e87397dc,72df4605-c435-4349-a53e-e6a6ecdaf3db,-0.39523732870569983,0.05,0.3333333333333333,-0.03244226830852427,0
410dc210-4655-4a23-8c00-0eb7e87397dc,42019167-7146-4a93-aa1f-619203d8e783,-0.38600828677537447,0.05,0.3333333333333333,-0.05073304147570955,0
410dc210-4655-4a23-8c00-0eb7e87397dc,b4bc0e9e-ce2f-4b12-b590-a7576ca66d3e,-0.49983289937144937,0.05,0.5,-0.13181227516478072,0
410dc210-4655-4a23-8c00-0eb7e87397dc,db2c86b9-b273-4174-a827-a6c6b9467383,-0.24179969034153803,0.05,0.5,-0.08032804439956644,0
410dc210-4655-4a23-8c00-0eb7e87397dc,5db6d0ff-9639-44b6-b341-80c0530adab7,-0.42187228849913927,0.05,0.3333333333333333,-0.002761072044169297,0
410dc210-4655-4a23-8c00-0eb7e87397dc,850c5b74-682e-4220-b163-46b2c2bc76fb,0.36882412709308987,0.05,0.16666666666666666,-0.16277627892238775,0
410dc210-4655-4a23-8c00-0eb7e87397dc,253401a7-0578-49ca-87a1-45dc3f10067f,-0.2008004997254389,0.05,0.16666666666666666,-0.13684515267848915,0
410dc210-4655-4a23-8c00-0eb7e87397dc,6a942bba-8545-48fe-b9da-5e019eb61980,-0.6419151883317902,0.05,0.0,-0.14377209515715653,0
410dc210-4655-4a23-8c00-0eb7e87397dc,dab1de12-4bde-4234-8a5e-963d4983cdb4,-0.16285885088303598,0.05,0.5,-0.09490082972826477,0
410dc210-4655-4a23-8c00-0eb7e87397dc,e85ba5a9-920b-49f0-8765-893b851fad39,-0.36824873835619876,0.05,0.3333333333333333,-0.07913605268209345,0
410dc210-4655-4a23-8c00-0eb7e87397dc,3d4b6d84-a208-446a-a8a8-d9d10e78e8e0,0.13233255141295786,0.05,0.5,-0.09879335111861366,0
410dc210-4655-4a23-8c00-0eb7e87397dc,3b356d03-8d61-4492-bb9d-8b48524521ef,0.1838968925790887,0.05,0.3333333333333333,0.05020584766162406,0
410dc210-4655-4a23-8c00-0eb7e87397dc,b352a356-9398-4e0a-873e-8e18dc30d51d,-0.4988588558753966,0.05,0.6666666666666666,-0.051000790469673894,0
410dc210-4655-4a23-8c00-0eb7e87397dc,8136ead0-b7fe-4ad3-a375-22fbd0580bcf,-0.0738579434808515,0.05,0.5,0.06366009502444385,0
410dc210-4655-4a23-8c00-0eb7e87397dc,23efee4c-6cad-427b-9991-e14e2e58d5ee,1.847458318375101,0.05,0.6666666666666666,0.016969928332165745,0
410dc210-4655-4a23-8c00-0eb7e87397dc,13b833b2-e17d-4389-93fc-b4838ef93c7e,-0.462167683366824,0.05,0.3333333333333333,-0.06810676518387976,0
410dc210-4655-4a23-8c00-0eb7e87397dc,572af9a9-97bf-4463-a726-b094c6ad2c56,0.01345210710277378,0.05,0.3333333333333333,-0.17591103331593955,0
410dc210-4655-4a23-8c00-0eb7e87397dc,5104a7c0-b10b-4a2c-978b-6cb23d40a57a,0.08695013253815098,0.05,0.16666666666666666,-0.0708077375654135,0
0166fa8e-3b92-4f83-aeeb-72475fc323f2,5eb6ce83-3d8f-4257-9cd1-f41b738c0a11,-0.7739820834202371,0.05,0.3333333333333333,1.018864369912234,0
0166fa8e-3b92-4f83-aeeb-72475fc323f2,23e8dea4-bf94-48d6-ac61-c6dbf623ed61,-0.9531779244380649,0.05,0.3333333333333333,-0.12892758576890745,0
0166fa8e-3b92-4f83-aeeb-72475fc323f2,994bdf9d-2341-4e4b-9fea-764788ad4aa0,-0.9165131538704787,0.05,0.3333333333333333,-0.21958453497031996,0
0166fa8e-3b92-4f83-aeeb-72475fc323f2,0ff9ade7-abf1-4cf9-a021-93ed2c34f1d7,-0.8775884940737235,0.05,0.3333333333333333,-0.19754191411218566,0
0166fa8e-3b92-4f83-aeeb-72475fc323f2,5464fc2f-603c-457f-862c-7f2254d555b6,-2.525787420686681,0.05,0.3333333333333333,-0.22165023156619296,0
0166fa8e-3b92-4f83-aeeb-72475fc323f2,df24ce66-fb45-411f-86a5-9d7d608deeab,-0.7668434838711367,0.05,0.16666666666666666,-0.12930731195235184,0
0166fa8e-3b92-4f83-aeeb-72475fc323f2,fee114bb-2afb-430f-92d1-c3bd398cf58b,-0.6876434687237101,0.05,0.3333333333333333,-0.22770185024366665,0
0166fa8e-3b92-4f83-aeeb-72475fc323f2,15dbba77-2213-44d6-9452-27b9f0371a63,-0.8380238451452557,0.05,0.16666666666666666,-0.14611275086023426,0
0166fa8e-3b92-4f83-aeeb-72475fc323f2,db91ca0a-360e-4876-a2c6-2a08f6959471,-0.9003629147221166,0.05,0.5,-0.15973849895110437,0
0166fa8e-3b92-4f83-aeeb-72475fc323f2,9b809846-03e9-4094-88f1-4ba6d9f51b2b,0.7939033682718364,0.05,0.6666666666666666,-0.20176832579728912,0
0166fa8e-3b92-4f83-aeeb-72475fc323f2,8d76337d-4564-459d-8358-c4bf1c6a5a00,-0.7675157576819078,0.05,0.5,-0.18796230143383563,0
0166fa8e-3b92-4f83-aeeb-72475fc323f2,66f60dd2-81ff-489b-86d3-df94be6feb5e,-0.8649904451719146,0.05,0.3333333333333333,-0.1603437747987243,0
0166fa8e-3b92-4f83-aeeb-72475fc323f2,841fcb83-ce8e-4603-9ef1-d4d53a3578aa,-0.797972483217654,0.05,0.5,-0.17464545240391854,0
0166fa8e-3b92-4f83-aeeb-72475fc323f2,aa6eb43a-11cc-46ba-99e6-c917ddbbf0a9,-0.7372547207256352,0.05,0.16666666666666666,-0.13837135547133336,0
0166fa8e-3b92-4f83-aeeb-72475fc323f2,e065f331-7200-4191-8c51-032c0db81aa1,-0.8473775730847946,0.05,0.3333333333333333,-0.16890128810127367,0
0166fa8e-3b92-4f83-aeeb-72475fc323f2,902bfcef-3802-48c5-b059-03e552212585,-0.6117995013647461,0.05,0.6666666666666666,-0.10748593754627712,0
0166fa8e-3b92-4f83-aeeb-72475fc323f2,8f8ec0b5-3512-4297-8158-9bb1c391b45c,-0.7887721964233143,0.05,0.16666666666666666,-0.1434697545065096,0
0166fa8e-3b92-4f83-aeeb-72475fc323f2,b39d1a5b-cf47-4c1f-96d6-c208feafdce4,-0.9907639656316363,0.05,0.6666666666666666,-0.08409282475071285,0
0166fa8e-3b92-4f83-aeeb-72475fc323f2,eac459ac-6bd8-4519-baa0-6f63c4f3b0b0,-0.8967400185314571,0.05,0.3333333333333333,-0.17132692186589268,0
0166fa8e-3b92-4f83-aeeb-72475fc323f2,78127e71-fa07-46f8-a271-d14dd7573c38,-0.7214420573631655,0.05,0.5,-0.13595250715133594,0
0166fa8e-3b92-4f83-aeeb-72475fc323f2,a29ca2fb-4cd2-44a1-b198-0f73a825925a,-0.7017231160088713,0.05,0.5,-0.21409037154940908,0
0166fa8e-3b92-4f83-aeeb-72475fc323f2,ec79c7fa-edcb-4703-a7e3-54b8d783aa3d,1.1672765652054746,0.05,0.6666666666666666,-0.22586246312765182,0
0166fa8e-3b92-4f83-aeeb-72475fc323f2,8d8aacf1-8579-4412-9027-b12b4fcdf3f4,-0.8063909294906875,0.05,0.5,-0.11122679413541446,0
0166fa8e-3b92-4f83-aeeb-72475fc323f2,54d8a376-5ef0-4609-bf69-6f53f1c0c969,-0.7174449639086173,0.05,0.16666666666666666,-0.11855094234130778,0
0166fa8e-3b92-4f83-aeeb-72475fc323f2,0d6a13f9-6192-4fe2-b145-71650d4beaa5,-1.0216722267720253,0.05,0.16666666666666666,-0.20983887015938207,0
09919d5e-f618-4676-8615-94a0ffbca4d8,fef22919-cd5e-4f8b-a400-0d22476844df,0.6548399520988157,0.05,0.0,-0.08605312175895137,0
09919d5e-f618-4676-8615-94a0ffbca4d8,039cbac3-c073-4213-b4d2-44f0df593029,0.42017029430204555,0.05,0.16666666666666666,-0.027021824450962486,0
09919d5e-f618-4676-8615-94a0ffbca4d8,2633ab0a-b8e1-4fe4-ae9d-698932be599d,0.4317426835591762,0.05,0.0,-0.07541753063659089,0
09919d5e-f618-4676-8615-94a0ffbca4d8,4c702b75-b932-4308-a082-3885abd6d756,0.2695600459842096,0.05,0.16666666666666666,0.012353941374922186,0
09919d5e-f618-4676-8615-94a0ffbca4d8,64fecb9a-dec7-446f-b270-565b2909e5e0,0.42011798224081787,0.05,0.0,-0.0073557737862577225,0
09919d5e-f618-4676-8615-94a0ffbca4d8,02cd1242-920b-47a7-a277-01a72b490858,0.5757075793013522,0.05,0.0,0.09538465436870255,0
09919d5e-f618-4676-8615-94a0ffbca4d8,3754e841-ab53-416a-ac65-5809fb3e47cc,0.4398200321100898,0.05,0.0,-0.05261866829665427,0
09919d5e-f618-4676-8615-94a0ffbca4d8,eb94ac23-1686-4de7-a566-a222eaf961c0,0.370252084630323,0.05,0.0,-0.044435608685059254,0
09919d5e-f618-4676-8615-94a0ffbca4d8,536eecdf-1ede-4dec-97ba-519f1e50441b,0.19070612158159683,0.05,0.0,-0.07519963209214112,0
09919d5e-f618-4676-8615-94a0ffbca4d8,fe619eaf-9fe5-4717-b331-f24f17fd0258,0.5486950963855222,0.05,0.0,-0.13235121459223192,0
09919d5e-f618-4676-8615-94a0ffbca4d8,6a27b782-d537-4664-bb96-d5ce7adff88e,0.5926580447154102,0.05,0.16666666666666666,-0.0787177217811107,0
09919d5e-f618-4676-8615-94a0ffbca4d8,31587464-b08a-452b-89fc-d4fa91bd8bcc,0.3063026178465149,0.05,0.0,-0.0819729052292311,0
09919d5e-f618-4676-8615-94a0ffbca4d8,5498c488-3c68-43c7-9206-433b4eeba656,0.6491172221638744,0.05,0.0,-0.1034777510571243,0
09919d5e-f618-4676-8615-94a0ffbca4d8,7fbee7b7-6189-4cfe-b518-b5c12a4b26d9,0.8857839978795274,0.05,0.0,-0.0722497489828289,0
09919d5e-f618-4676-8615-94a0ffbca4d8,9b5f7543-0dd9-4ec6-8a3f-67d2d5a868c9,0.35961104233846264,0.05,0.0,-0.030977325516845296,0
09919d5e-f618-4676-8615-94a0ffbca4d8,89896c1f-ddc4-4afa-acfd-2e4f268737f5,0.6581062812223166,0.05,0.0,-0.007106907587289284,0
09919d5e-f618-4676-8615-94a0ffbca4d8,2251b04d-ae57-4c1b-a68b-c88a38b4c18e,0.3520895107059614,0.05,0.0,-0.11049122526080096,0
09919d5e-f618-4676-8615-94a0ffbca4d8,f4caa058-3a81-4a1e-bea5-9ad420a88a11,0.6685588211210716,0.05,0.0,-0.12548273634833632,0
09919d5e-f618-4676-8615-94a0ffbca4d8,f132b38e-1ea9-4241-a8fb-a160eefbfa95,0.5893496882075091,0.05,0.16666666666666666,-0.10409680734109183,0
09919d5e-f618-4676-8615-94a0ffbca4d8,c3b5a1c3-ac0d-47b3-b079-f9cada3810fb,0.7353109991128015,0.05,0.0,-0.07308375729645421,0
09919d5e-f618-4676-8615-94a0ffbca4d8,4233414b-89a1-44e9-b411-2a6d2c5c22d2,0.4870985607914555,0.9,0.16666666666666666,-0.26048667910684487,0
09919d5e-f618-4676-8615-94a0ffbca4d8,08e14ae0-f0dd-438f-a6f2-805aa84702f5,0.568483710922715,0.05,0.16666666666666666,-0.11832796070045189,0
09919d5e-f618-4676-8615-94a0ffbca4d8,d898b9eb-c3b5-4e80-af74-cdb2f9f9c98a,0.6008701312477367,0.05,0.0,-0.036323891638675936,0
09919d5e-f618-4676-8615-94a0ffbca4d8,6c247ac5-aaac-49be-9c7d-2e2743a18081,0.45715558497916753,0.05,0.0,-0.07211326063160128,0
09919d5e-f618-4676-8615-94a0ffbca4d8,576015fc-a78d-469f-a731-757f587ea55c,-1.6259412612646056,0.05,0.0,-0.10493166582862949,0
2d770261-b66e-4176-bdbc-51bf7cfe87db,2b033e09-c8d8-49e0-a7ae-b7122dbbbb97,1.281157923982292,0.05,0.3333333333333333,-0.34970799822441284,0
2d770261-b66e-4176-bdbc-51bf7cfe87db,3e203d45-0886-4785-8bde-9ac95d8284eb,1.3314055207915443,0.05,0.16666666666666666,-0.33727658199653293,0
2d770261-b66e-4176-bdbc-51bf7cfe87db,feba374d-cdec-4cf6-8471-25ea6e6781b8,1.1402496642914475,0.05,0.16666666666666666,-0.3907073413507355,0
2d770261-b66e-4176-bdbc-51bf7cfe87db,39e2e185-3dde-42ab-af64-b0fe8406c2d0,1.3676348337712154,0.05,0.16666666666666666,-0.38042637568787896,0
2d770261-b66e-4176-bdbc-51bf7cfe87db,a14bc317-54eb-422b-8214-10e1bc785a84,1.1664898870022382,0.05,0.16666666666666666,-0.41561190130980175,0
2d770261-b66e-4176-bdbc-51bf7cfe87db,08ec3777-ff3e-4485-9bbc-8e85e6958803,1.1861812272866414,0.05,0.16666666666666666,-0.3310731064264933,0
2d770261-b66e-4176-bdbc-51bf7cfe87db,53fcbca0-bdf7-4292-9a98-8950275c79ce,1.478964888886412,0.05,0.0,-0.33669111693391335,0
2d770261-b66e-4176-bdbc-51bf7cfe87db,89d52c03-b966-4ff9-adb4-5b70e7ab41d1,1.0932338173593061,0.05,0.0,-0.39022842640595345,0
2d770261-b66e-4176-bdbc-51bf7cfe87db,5264cc64-0099-4be8-bf87-16d099180bf0,1.535351030962917,0.05,0.16666666666666666,-0.34771338291312565,0
2d770261-b66e-4176-bdbc-51bf7cfe87db,8ea2cb6d-0d81-4c6c-a6bf-028a7acdc989,1.301820712150242,0.05,0.16666666666666666,-0.43712033642607956,0
2d770261-b66e-4176-bdbc-51bf7cfe87db,c20a4699-34d9-4e8f-9c1d-dbb27971a091,1.337864673038668,0.05,0.3333333333333333,-0.3697458628771372,0
2d770261-b66e-4176-bdbc-51bf7cfe87db,c7545d10-dade-4004-8ad4-b7a8636857f0,1.0778642713319346,0.05,0.16666666666666666,-0.38678462862829466,0
2d770261-b66e-4176-bdbc-51bf7cfe87db,c3585d3b-727a-4848-a1cf-99df0a329f34,1.425537086782528,0.05,0.16666666666666666,-0.34643592309183674,0
2d770261-b66e-4176-bdbc-51bf7cfe87db,ab696246-7bbb-410f-9b9c-e8385f80c7ab,1.6527917369640859,0.05,0.16666666666666666,-0.4156242257323733,0
2d770261-b66e-4176-bdbc-51bf7cfe87db,52bd6354-39bb-4c01-9104-5ef26b1ae550,1.2516368199846868,0.05,0.16666666666666666,-0.41488379842121764,0
2d770261-b66e-4176-bdbc-51bf7cfe87db,0d1fa4a3-358c-45e0-9f75-d88d28a20f46,1.4459486500456693,0.05,0.16666666666666666,-0.37259807283364865,0
2d770261-b66e-4176-bdbc-51bf7cfe87db,fc373531-8b22-4fdf-8eba-a727c16bd728,1.4555730327911665,0.05,0.16666666666666666,-0.42352045143099404,0
2d770261-b66e-4176-bdbc-51bf7cfe87db,c47d6912-0715-4634-af48-dff1ca8dc3a2,1.4586083927145088,0.05,0.0,-0.4373292001851476,0
2d770261-b66e-4176-bdbc-51bf7cfe87db,14e0c273-7bea-4d2e-b188-bac810dc532e,1.2862797926734295,0.05,0.16666666666666666,-0.41190019404828254,0
2d770261-b66e-4176-bdbc-51bf7cfe87db,5860f122-b776-4961-8f8d-08e37b730c1e,1.0642907933547434,0.05,0.0,-0.40121749171280313,0
2d770261-b66e-4176-bdbc-51bf7cfe87db,b6dab382-9fe1-42a2-b0f8-c42a77d9ba3a,1.256631186962978,0.05,0.16666666666666666,-0.3667486744655897,0
2d770261-b66e-4176-bdbc-51bf7cfe87db,8180d2c8-39b4-4e6a-b37d-10388c5e799f,1.2396130682465714,0.05,0.0,-0.3803927288157042,0
2d770261-b66e-4176-bdbc-51bf7cfe87db,345ac9b8-e468-4b52-8e19-0ed04d6f40c4,1.6915410831990894,0.05,0.16666666666666666,-0.3431801912138725,0
2d770261-b66e-4176-bdbc-51bf7cfe87db,f1ee9f8b-4a9a-419d-92ca-396f6d8db231,1.2853273343881355,0.05,0.16666666666666666,-0.36285865113160815,0
2d770261-b66e-4176-bdbc-51bf7cfe87db,27d5d81e-c0ae-46a4-b0b9-26f4ee007d50,1.3879496048371074,0.05,0.16666666666666666,-0.3781348666539504,0
7174b34f-c4fd-4f63-bd87-ecfb096479fd,f3e11655-1f1b-4f60-9dac-5ec5cbe6d9b0,-0.10552243116844728,0.05,0.0,0.5803340011482827,0
7174b34f-c4fd-4f63-bd87-ecfb096479fd,ed48e577-23e4-4aad-87a0-2f3ccc2eb9b6,0.07156266172144665,0.05,0.16666666666666666,0.37720667357424015,0
7174b34f-c4fd-4f63-bd87-ecfb096479fd,abfd5460-5b07-4e40-920d-1c810d49fcbf,0.0991867198925922,0.05,0.3333333333333333,0.5451999027234383,0
7174b34f-c4fd-4f63-bd87-ecfb096479fd,da598b0b-0443-4c4b-a49f-ea65cc0c2d8a,-0.0105538676674235,0.05,0.0,0.40755855641805494,0
7174b34f-c4fd-4f63-bd87-ecfb096479fd,c3143bf8-ceb0-46ef-8d26-609c7600109b,-0.15244166268626191,0.05,0.0,1.192191176182163,0
7174b34f-c4fd-4f63-bd87-ecfb096479fd,5dad8888-cf15-4d4b-b9ef-31bc58d731f5,0.026710804809381372,0.05,0.0,0.43617208466288626,0
7174b34f-c4fd-4f63-bd87-ecfb096479fd,f1af24bd-3d72-49f2-ac93-88ade1e8f042,0.004103560735255307,0.9,0.0,0.45198652058733885,0
7174b34f-c4fd-4f63-bd87-ecfb096479fd,5d4fed7b-38e0-474a-ad63-6885311456bd,-0.017619252023308274,0.05,0.16666666666666666,0.5032224207475989,0
7174b34f-c4fd-4f63-bd87-ecfb096479fd,bd333a40-5200-47ab-a1f0-34dbd61f9074,0.1124146615756576,0.9,0.0,0.4980874884913472,0
7174b34f-c4fd-4f63-bd87-ecfb096479fd,17ea69c3-8958-4590-80e6-792894c8469f,-0.02886933101151179,0.9,0.0,0.34454131818292477,0
7174b34f-c4fd-4f63-bd87-ecfb096479fd,cf4aa85d-4aa2-4da8-bb57-c021b7cd72bd,0.02599744002797344,0.05,0.0,0.8023633671540131,0
7174b34f-c4fd-4f63-bd87-ecfb096479fd,f9cb99bf-0103-4aa3-95c8-be659bd92ce3,0.038411578516797995,0.05,0.0,0.9608903930376106,0
7174b34f-c4fd-4f63-bd87-ecfb096479fd,08cc4169-6aec-4d97-bdd1-2950f7fee30f,-0.1213210185066238,0.05,0.0,0.7614570163739175,0
7174b34f-c4fd-4f63-bd87-ecfb096479fd,71b216f1-f567-45c1-a636-fe6f0dfc7ec7,0.13591737805974358,0.05,0.0,0.3621553872196219,0
7174b34f-c4fd-4f63-bd87-ecfb096479fd,0b47847d-9d63-4a24-8d8a-8e76f48a4b9d,-0.10620447677249167,0.05,0.0,0.8605425029309172,0
7174b34f-c4fd-4f63-bd87-ecfb096479fd,816f4492-2bff-4209-9bc2-2ca42c0c4459,-0.010499542100125936,0.05,0.0,0.37539209854225203,0
7174b34f-c4fd-4f63-bd87-ecfb096479fd,ab7c1c8b-8ae2-4b39-90cc-dc4549074c2d,0.08707623478714499,0.05,0.0,0.82717022724477,0
7174b34f-c4fd-4f63-bd87-ecfb096479fd,fce4e684-1850-47b5-8275-790339f36157,0.1812636341170215,0.05,0.0,0.7314192492908386,0
7174b34f-c4fd-4f63-bd87-ecfb096479fd,b40402ff-c16d-4fad-a62e-937614e0af55,0.08970444319871973,0.05,0.16666666666666666,0.904892761445403,0
7174b34f-c4fd-4f63-bd87-ecfb096479fd,153d416c-0838-4a45-96e3-a7d6b896786f,-0.0517470939166631,0.05,0.0,0.29320115792861134,0
7174b34f-c4fd-4f63-bd87-ecfb096479fd,9157177b-8456-4daa-acfd-4c7d8ec06a81,0.03858279655892094,0.05,0.0,0.8324363049357173,0
7174b34f-c4fd-4f63-bd87-ecfb096479fd,e7cdd107-ab76-4016-b510-708f13b39f0c,-0.09971124940834519,0.05,0.0,0.5599906164001939,0
7174b34f-c4fd-4f63-bd87-ecfb096479fd,8feba61b-7097-4e6d-b8b2-4a6bd42a5543,-0.03318975139150426,0.05,0.16666666666666666,0.9639718160946876,0
7174b34f-c4fd-4f63-bd87-ecfb096479fd,32a34936-a827-47b4-a2c0-ef17e9af4c02,0.02134830157511125,0.05,0.0,0.062216438089317865,0
7174b34f-c4fd-4f63-bd87-ecfb096479fd,ff474b87-2a11-44cc-be80-26099f58e086,-0.010521886872518316,0.05,0.0,1.0024518101921975,0
9b2fca57-789a-41af-bd2b-c18bf7d4e1e0,651e3159-1588-47c0-97d4-bdafdb72ff25,-1.8555922787132415,0.05,0.6666666666666666,-0.016856509591669056,0
9b2fca57-789a-41af-bd2b-c18bf7d4e1e0,ece2318b-64be-432d-a0d7-396218796e6e,-2.033627365621933,0.05,0.5,-0.13150570319321406,0
9b2fca57-789a-41af-bd2b-c18bf7d4e1e0,c363e287-0724-4af5-b444-5aa99ff98dc9,-2.033898701677881,0.05,0.5,-0.20144948514994337,0
9b2fca57-789a-41af-bd2b-c18bf7d4e1e0,6146ad77-83e3-41ff-81dc-0f0f5956064f,-2.0774276000151533,0.05,0.6666666666666666,-0.014941548769546748,0
9b2fca57-789a-41af-bd2b-c18bf7d4e1e0,857dd87a-27f4-42b4-91b7-ebe22f20d410,-1.8790381732698411,0.05,0.5,-0.20780632057919451,0
9b2fca57-789a-41af-bd2b-c18bf7d4e1e0,058fdf4c-d28f-4786-b628-bed40645af5d,-2.0751316868061505,0.05,0.6666666666666666,-0.09308769260917638,0
9b2fca57-789a-41af-bd2b-c18bf7d4e1e0,d6def8b4-d2c7-4152-bd72-16e849248d28,-1.6237267399174566,0.05,0.16666666666666666,-0.156567498206266,0
9b2fca57-789a-41af-bd2b-c18bf7d4e1e0,b0f2c467-fe12-4031-8cfe-959461c4a1ec,-1.6020728413744902,0.05,0.5,-0.1749806452695621,0
9b2fca57-789a-41af-bd2b-c18bf7d4e1e0,c9010af9-0cb6-479d-b7e5-4b96d655c7a1,-1.9346147628904768,0.05,0.6666666666666666,-0.03086204107112563,0
9b2fca57-789a-41af-bd2b-c18bf7d4e1e0,6f63f63d-24d9-4e55-ad38-9ec00f73100d,-1.818803647404092,0.05,0.3333333333333333,-0.08729848012994698,0
9b2fca57-789a-41af-bd2b-c18bf7d4e1e0,310f9dd2-025d-417b-9d48-293a71a2ac2c,-2.79932382954827,0.05,0.5,-0.13268973008898052,0
9b2fca57-789a-41af-bd2b-c18bf7d4e1e0,22df21ab-0479-489e-b10d-998514255fac,-2.0740594770152088,0.05,0.5,-0.0815361103874771,0
9b2fca57-789a-41af-bd2b-c18bf7d4e1e0,df0420ad-7d9d-420c-a104-5c915a600148,-1.8571859266811486,0.05,0.5,-0.0784864834844982,0
9b2fca57-789a-41af-bd2b-c18bf7d4e1e0,91728ba9-fd57-4f05-9023-ebd4f5d9468e,-1.7506051522876755,0.9,0.5,-0.14374603139164033,0
9b2fca57-789a-41af-bd2b-c18bf7d4e1e0,e850ae4b-09ce-468a-9c37-d27b4948a20f,-2.189325585835112,0.05,0.3333333333333333,-0.113827121976468,0
9b2fca57-789a-41af-bd2b-c18bf7d4e1e0,cf16a025-c6a8-496e-90a1-88edc342f5bf,-2.2982502015160042,0.05,0.5,-0.14554698154503465,0
9b2fca57-789a-41af-bd2b-c18bf7d4e1e0,bc75e4cb-693b-4c37-90a5-7a6b70f4cd74,-2.1116822926479912,0.05,0.5,-0.2065580337293588,0
9b2fca57-789a-41af-bd2b-c18bf7d4e1e0,1e241353-eabc-41ce-a7c7-fe98a0fa06b1,-2.0232780762009943,0.05,0.6666666666666666,-0.14666253780974298,0
9b2fca57-789a-41af-bd2b-c18bf7d4e1e0,4015bbdd-bd90-4f4f-96c2-0805aae6afcf,-2.217477062329551,0.05,0.6666666666666666,-0.1417947963200481,0
9b2fca57-789a-41af-bd2b-c18bf7d4e1e0,1534bf28-b4f6-42d3-bb56-8d97ad1fd7b7,-1.7490225921843239,0.05,0.5,-0.07826724378853929,0
9b2fca57-789a-41af-bd2b-c18bf7d4e1e0,24cd681e-e295-4edf-8ef2-c7a931819ec1,-2.052809308709975,0.05,0.6666666666666666,-0.07430000372637824,0
9b2fca57-789a-41af-bd2b-c18bf7d4e1e0,0d8a228b-15b9-47fc-82d7-520a16b0978d,-1.8488018317709942,0.05,0.5,-0.20290771043751632,0
9b2fca57-789a-41af-bd2b-c18bf7d4e1e0,2c6af799-6fcf-4c52-95f4-0d05e2f96a97,-2.1710034646872933,0.05,0.5,-0.1435262226749292,0
9b2fca57-789a-41af-bd2b-c18bf7d4e1e0,f941e72e-2e83-4751-9f1a-9064055755a3,-2.6151763957671235,0.05,0.5,-0.05042045019965042,0
9b2fca57-789a-41af-bd2b-c18bf7d4e1e0,9a8de292-fdc9-4ff2-bd81-de513a054b4b,-1.9217719748443902,0.05,0.3333333333333333,-0.1535310628440537,0
701c7ec2-a8c7-47ad-9e29-52fbc739265f,b09140a8-7487-4ea2-950c-99427bbf4844,0.3083343913569978,0.05,0.3333333333333333,-0.00987381058808686,0
701c7ec2-a8c7-47ad-9e29-52fbc739265f,310f2200-d841-43e2-b7e0-4cdca95c15c9,0.5576156391341778,0.05,0.0,-0.06993091906347797,0
701c7ec2-a8c7-47ad-9e29-52fbc739265f,fa8c739d-9195-4929-b737-b2010bef0791,0.08451848240888182,0.05,0.16666666666666666,0.006799412606237506,0
701c7ec2-a8c7-47ad-9e29-52fbc739265f,4cc03937-0a88-4c8c-b32d-03e9c48a3ca8,0.4371415567040904,0.05,0.3333333333333333,-0.0883468596029375,0
701c7ec2-a8c7-47ad-9e29-52fbc739265f,e058a39a-f0d2-4b3c-b732-5b84186904de,0.20451596063697952,0.05,0.5,-0.030503768898266913,0
701c7ec2-a8c7-47ad-9e29-52fbc739265f,7a3db6ab-5b3f-4551-99f7-e73be9b8a2c0,0.3529139041213627,0.05,0.5,-0.1254651164885836,0
701c7ec2-a8c7-47ad-9e29-52fbc739265f,178cf343-1513-4d9e-bd1d-3d90ba9e4bd8,0.5550759836370602,0.05,0.3333333333333333,0.02456387430374977,0
701c7ec2-a8c7-47ad-9e29-52fbc739265f,da802a14-2266-4a54-b39d-9bfd3cb16824,-0.07495230857936974,0.05,0.16666666666666666,0.02278412994369769,0
701c7ec2-a8c7-47ad-9e29-52fbc739265f,2e572e7f-0b6c-46e4-b9a5-686b695bdb88,0.10981908985831801,0.05,0.3333333333333333,0.007019525816647664,0
701c7ec2-a8c7-47ad-9e29-52fbc739265f,8dcc3961-b6d9-4e09-aa15-059cedcc5ccc,-0.28323476741728815,0.05,0.16666666666666666,-0.01595058104927175,0
701c7ec2-a8c7-47ad-9e29-52fbc739265f,81438255-4613-4f41-9c25-17f4a4a572f2,0.4235454550232909,0.05,0.16666666666666666,-0.06677352381346675,0
701c7ec2-a8c7-47ad-9e29-52fbc739265f,0fb3768b-d9e0-4868-8d25-9e749e7bc8a8,-0.3938817385339246,0.05,0.3333333333333333,0.12440391644270561,0
701c7ec2-a8c7-47ad-9e29-52fbc739265f,c3c2b502-6c01-4b0a-a4ed-059b5026c163,0.6273996017679462,0.05,0.16666666666666666,-0.2093886332992087,0
701c7ec2-a8c7-47ad-9e29-52fbc739265f,e3e756f0-26cc-486c-9a64-b442686431ce,0.5080494908734945,0.05,0.3333333333333333,0.05826822852917151,0
701c7ec2-a8c7-47ad-9e29-52fbc739265f,9ff0f837-c91d-4727-b660-31014a99e6dd,0.12468193464421695,0.9,0.0,0.04145865203520832,0
701c7ec2-a8c7-47ad-9e29-52fbc739265f,94842619-a520-4085-b884-2f6ea08aea54,-0.22212746454454457,0.05,0.3333333333333333,0.01916811239783842,0
701c7ec2-a8c7-47ad-9e29-52fbc739265f,bd84b690-899d-427a-a984-aa9f76db3503,0.39253448022535675,0.05,0.5,-0.11529345191295629,0
701c7ec2-a8c7-47ad-9e29-52fbc739265f,fadcadb3-382f-4c67-b575-27b061d3d3e1,0.4265957155063793,0.05,0.3333333333333333,-0.07364613545149423,0
701c7ec2-a8c7-47ad-9e29-52fbc739265f,efe4b53c-2df3-4679-95a5-2b8890832b4c,0.15980886954421702,0.05,0.16666666666666666,-0.16469553511760368,0
701c7ec2-a8c7-47ad-9e29-52fbc739265f,bf366205-6da7-4f84-ac82-41f5e17d9d4e,0.4600865612706091,0.05,0.3333333333333333,-0.06735647300137101,0
701c7ec2-a8c7-47ad-9e29-52fbc739265f,b1e711b0-1ab7-4192-8f9c-ed6a450fbb86,0.4885292959093137,0.05,0.3333333333333333,0.022024257489163656,0
701c7ec2-a8c7-47ad-9e29-52fbc739265f,a9b4e8a2-f800-4941-8194-422f6147be2e,0.18439075445636188,0.05,0.3333333333333333,-0.15912608600680983,0
701c7ec2-a8c7-47ad-9e29-52fbc739265f,f2d2d95b-045d-454a-96cb-54331d5dbab7,0.043606665176866954,0.05,0.5,-0.03274783124637076,0
701c7ec2-a8c7-47ad-9e29-52fbc739265f,17ebbd83-155b-410d-b643-4903fc2c173b,0.3412031373809814,0.05,0.3333333333333333,0.0022154431779526813,0
701c7ec2-a8c7-47ad-9e29-52fbc739265f,4c64df40-5f6a-4371-87ab-531cd10f6749,0.31623527078334934,0.05,0.5,-0.10043766498158385,0
147efa64-10b6-4b9f-9d56-a13f48996fb9,ebd4e855-4e75-4f12-a3f7-ec01402fd4db,-0.5628231159351791,0.05,0.3333333333333333,-0.23015081357481443,0
147efa64-10b6-4b9f-9d56-a13f48996fb9,cc48182a-4b14-4cfd-9455-3c299f25efae,-0.3416394702590497,0.05,0.3333333333333333,-0.2701655114565247,0
147efa64-10b6-4b9f-9d56-a13f48996fb9,f30a9779-4136-40b7-9799-9ee9273056ad,-0.6868477859740483,0.05,0.16666666666666666,-0.2547928716652347,0
147efa64-10b6-4b9f-9d56-a13f48996fb9,88ae52ac-e223-446d-94d6-cd8aba1cbccf,-0.20140864450365248,0.05,0.3333333333333333,-0.2968003673778485,0
147efa64-10b6-4b9f-9d56-a13f48996fb9,de2d8d9b-f5f3-4ce6-a17f-5bbb154387c5,-0.24152832689608372,0.05,0.3333333333333333,-0.2776170555449692,0
147efa64-10b6-4b9f-9d56-a13f48996fb9,ac34a747-f7ec-4a9d-8fa5-198768f1bfe4,-0.3758218290211883,0.05,0.5,-0.21612662021652465,0
147efa64-10b6-4b9f-9d56-a13f48996fb9,02613d34-d5d3-4cc7-a177-f870a529c9d7,-0.2977016382691082,0.05,0.16666666666666666,-0.2295659518209253,0
147efa64-10b6-4b9f-9d56-a13f48996fb9,8ae1f663-ac61-4fd3-9699-5361141eefb6,-0.2714748455701428,0.05,0.3333333333333333,-0.2657222722679014,0
147efa64-10b6-4b9f-9d56-a13f48996fb9,47e6546c-66d3-47ec-a58e-6eb8f5a4a2db,-0.3623856965486132,0.05,0.3333333333333333,-0.2900086334242625,0
147efa64-10b6-4b9f-9d56-a13f48996fb9,a827f47b-f6bf-40d6-9cda-3849d373d7e8,-0.1898259528386026,0.05,0.3333333333333333,-0.25244661543697017,0
147efa64-10b6-4b9f-9d56-a13f48996fb9,44ccaeb2-a7e8-4b50-8a57-9aed8c762ab8,-0.5695071473425175,0.05,0.3333333333333333,-0.34250502777026975,0
147efa64-10b6-4b9f-9d56-a13f48996fb9,99d257c5-d6cf-47c0-b363-1d66d66741c9,-0.2676176876213252,0.9,0.16666666666666666,-0.3806486644410689,0
147efa64-10b6-4b9f-9d56-a13f48996fb9,0f07d0f6-74ad-4d48-bd50-d8d31156df27,-0.2669435343511295,0.05,0.5,-0.293728031577822,0
147efa64-10b6-4b9f-9d56-a13f48996fb9,c1770dfe-7477-478a-8eb1-02a7d4b63398,-0.4879561658330429,0.05,0.3333333333333333,-0.24910348698453724,0
147efa64-10b6-4b9f-9d56-a13f48996fb9,4ce3aa02-471b-4beb-af29-737472b9c0bf,-0.4054246111224007,0.05,0.3333333333333333,-0.22946030399581235,0
147efa64-10b6-4b9f-9d56-a13f48996fb9,3b3a7d3e-3d2f-4be5-abd2-56e033b5bcb5,-2.4769040158219657,0.05,0.3333333333333333,-0.2925012242726823,0
147efa64-10b6-4b9f-9d56-a13f48996fb9,258d8e87-433d-4c7a-b0a1-a0e5523b2a45,-0.5514844980498896,0.05,0.3333333333333333,-0.29213386234191907,0
147efa64-10b6-4b9f-9d56-a13f48996fb9,7c3cdaba-4c1f-4cd1-836e-06fc4fae3f47,-0.22526680167890456,0.05,0.3333333333333333,-0.19610010409815934,0
147efa64-10b6-4b9f-9d56-a13f48996fb9,5d4ab23e-94e4-4178-ac4e-bea86199fab0,-0.48822938614039035,0.05,0.5,-0.3588976842232965,0
147efa64-10b6-4b9f-9d56-a13f48996fb9,de1d7dd5-52b9-4396-b67e-720f74f8a747,-0.32941729572185086,0.05,0.5,-0.21548444671294112,0
147efa64-10b6-4b9f-9d56-a13f48996fb9,bf8df19e-dc2a-4f21-8046-9244bafaf249,-0.2983967862225061,0.05,0.5,-0.2615843888622828,0
147efa64-10b6-4b9f-9d56-a13f48996fb9,d3240049-5839-4464-aa04-c6a8501ee644,-0.33965015006186183,0.05,0.5,-0.24018941847546507,0
147efa64-10b6-4b9f-9d56-a13f48996fb9,18e6698b-f8b5-4d39-a217-3d2222a70975,-0.4526371387990378,0.05,0.3333333333333333,-0.18279819755099141,0
147efa64-10b6-4b9f-9d56-a13f48996fb9,6f8209be-1c5d-48be-972d-14f6ea7e5445,-2.4681509506689836,0.05,0.3333333333333333,-0.24030209603219493,0
147efa64-10b6-4b9f-9d56-a13f48996fb9,1da50b42-6712-4ec4-a770-cd34087b947c,-0.5831880470371207,0.05,0.3333333333333333,-0.22821588817668126,0
7901f20a-8a42-4eda-b0d2-a0bf6d11aa35,0618aa1c-8bec-44d4-a8ce-6ed2c0275556,0.4311145031162962,0.05,0.0,-0.0068652181082412824,0
7901f20a-8a42-4eda-b0d2-a0bf6d11aa35,2161c5a2-b222-4530-9d61-1f9b62b88420,0.16146046883645138,0.05,0.0,0.008621677029613766,0
7901f20a-8a42-4eda-b0d2-a0bf6d11aa35,5347278b-1984-4ba7-bed8-ee17ed2d23b4,0.3631473044692237,0.05,0.0,-0.027232083280267733,0
7901f20a-8a42-4eda-b0d2-a0bf6d11aa35,0e153251-3763-462e-921f-0ef0dafa4be5,0.4593311066851964,0.05,0.0,0.11973737779581298,0
7901f20a-8a42-4eda-b0d2-a0bf6d11aa35,c22040b2-17aa-4fbb-87cf-e007d72220ad,0.28512696183810693,0.05,0.0,0.14517993187881534,0
7901f20a-8a42-4eda-b0d2-a0bf6d11aa35,f090b32f-e2ec-483a-818c-5986bfa932c7,0.5422534239432446,0.05,0.0,0.11061493555508102,0
7901f20a-8a42-4eda-b0d2-a0bf6d11aa35,d7eb2a5a-47f5-4b49-8333-4b9658d75fea,0.2809547815266402,0.05,0.16666666666666666,0.05089252486041647,0
7901f20a-8a42-4eda-b0d2-a0bf6d11aa35,ed7a403e-5dbc-431b-b576-8df895fe4451,2.991838486592112,0.05,0.3333333333333333,0.11823418829816061,0
7901f20a-8a42-4eda-b0d2-a0bf6d11aa35,5d52c904-97c3-4d7a-b57f-8cf68a2d33b7,0.32660451969243987,0.05,0.0,0.11086882495968317,0
7901f20a-8a42-4eda-b0d2-a0bf6d11aa35,1a54b016-3656-4c3d-822c-ca3bed0d0700,0.1597508427935619,0.05,0.0,0.16887411725398996,0
7901f20a-8a42-4eda-b0d2-a0bf6d11aa35,a3737561-278c-4173-9d29-24b78ff8d649,0.2552280665651887,0.05,0.0,-0.09997063000337268,0
7901f20a-8a42-4eda-b0d2-a0bf6d11aa35,6be5358d-2076-49ba-aa69-6e6b35038ad9,0.3644777923792608,0.05,0.16666666666666666,0.1107137370641779,0
7901f20a-8a42-4eda-b0d2-a0bf6d11aa35,abe6ee53-e95c-4dc0-b1aa-0b352494961e,0.3309628175109678,0.05,0.0,0.04970519696442952,0
7901f20a-8a42-4eda-b0d2-a0bf6d11aa35,1e4a8ce5-a98f-427f-976e-6b1994c491cc,0.5535890462246336,0.05,0.0,0.029081726284315088,0
7901f20a-8a42-4eda-b0d2-a0bf6d11aa35,ed0ba881-b8df-43a4-841d-23bedaa24f40,0.36250499371049205,0.05,0.16666666666666666,0.06602877585612825,0
7901f20a-8a42-4eda-b0d2-a0bf6d11aa35,d5c3a547-ed70-427c-aaf9-67a48c3cc103,0.36021064508133094,0.05,0.0,0.03677785931507363,0
7901f20a-8a42-4eda-b0d2-a0bf6d11aa35,dcf03947-5569-41cd-a2b6-bb15f07e95fd,0.23407039816077901,0.05,0.0,-0.05811602549855268,0
7901f20a-8a42-4eda-b0d2-a0bf6d11aa35,5ec71300-bba6-401e-b40b-e9f91465dfd5,3.597489924844081,0.05,0.3333333333333333,0.1556725772494256,0
7901f20a-8a42-4eda-b0d2-a0bf6d11aa35,dbf2fac3-39fc-4249-a804-40f2bd473bc5,0.23981496173744166,0.05,0.16666666666666666,0.06430945522964934,0
7901f20a-8a42-4eda-b0d2-a0bf6d11aa35,54642b4c-8337-4377-86e1-88de07feedfd,0.23937231110337276,0.05,0.0,0.024498073988932882,0
7901f20a-8a42-4eda-b0d2-a0bf6d11aa35,a89f9fef-64e2-4864-be9d-ba6599278015,0.44960069186957785,0.05,0.0,-0.0404864327546303,0
7901f20a-8a42-4eda-b0d2-a0bf6d11aa35,67bb86ad-7100-4afd-923d-815ec818557e,0.14644402835885906,0.05,0.0,0.047293664673089465,0
7901f20a-8a42-4eda-b0d2-a0bf6d11aa35,9a063a54-86ab-448f-b284-5688f8b6e433,0.22755536331793635,0.05,0.0,-0.09035436639238957,0
7901f20a-8a42-4eda-b0d2-a0bf6d11aa35,92f755c8-78d7-40a8-99b9-15b6eacf58f1,0.3823644759172602,0.05,0.16666666666666666,0.05070199965726321,0
7901f20a-8a42-4eda-b0d2-a0bf6d11aa35,3e02ebec-94ee-4a0f-84ae-1788ba3b5425,0.41566259072567213,0.05,0.0,0.22634332953074335,0
96340f26-e3b0-4a14-a2cd-e8f9cab80966,b6cb4aa3-6b27-4deb-a05c-71b63186d8ca,2.1658636330347534,0.05,0.16666666666666666,-0.31880792722255513,0
96340f26-e3b0-4a14-a2cd-e8f9cab80966,f55700d7-b9e0-4d90-8bed-64ada18918cd,1.1763489162993874,0.05,0.16666666666666666,-0.374934287453467,0
96340f26-e3b0-4a14-a2cd-e8f9cab80966,757d7adf-b343-4f1f-850f-3a2241096ca0,1.3643260828816794,0.05,0.0,-0.3853270863520553,0
96340f26-e3b0-4a14-a2cd-e8f9cab80966,a1d11b72-ed91-4e6e-8ed2-74360ce30be0,0.9838548735622386,0.05,0.3333333333333333,-0.343537719902393,0
96340f26-e3b0-4a14-a2cd-e8f9cab80966,0183c528-7bac-4020-b660-bc41be82748f,4.423020634537933,0.05,0.5,-0.3484597072073797,0
96340f26-e3b0-4a14-a2cd-e8f9cab80966,63e884c1-514c-4bbc-bb63-8d3717cc7e70,-0.2285024266914304,0.05,0.16666666666666666,-0.32483790332133866,0
96340f26-e3b0-4a14-a2cd-e8f9cab80966,3dadf671-84b1-4cb4-867e-de31e50567a5,1.2208116653840237,0.05,0.16666666666666666,-0.3519162301421759,0
96340f26-e3b0-4a14-a2cd-e8f9cab80966,bb2ee2e2-3281-4ac8-811e-9a12b3b7b1be,1.1421218684089656,0.05,0.16666666666666666,-0.3015093210304101,0
96340f26-e3b0-4a14-a2cd-e8f9cab80966,b676f8c6-073e-45d1-9d86-54a8de073482,1.6422482478390448,0.05,0.3333333333333333,-0.3059379350633339,0
96340f26-e3b0-4a14-a2cd-e8f9cab80966,758005c1-3561-4af2-a6a3-9fa5e6fe1997,1.0772445166501736,0.05,0.16666666666666666,-0.33118960819669485,0
96340f26-e3b0-4a14-a2cd-e8f9cab80966,a740649d-a8c4-4901-8da9-49235c6f41e0,1.5153317105984723,0.05,0.3333333333333333,-0.35344479600034256,0
96340f26-e3b0-4a14-a2cd-e8f9cab80966,38383846-be5a-4dc4-a5be-5bc37e1deb41,1.2301883879008733,0.05,0.16666666666666666,-0.3686378284868075,0
96340f26-e3b0-4a14-a2cd-e8f9cab80966,9cc014dc-c96e-4306-a219-bfb60dd64b2f,1.3177155726167982,0.05,0.16666666666666666,-0.31925923825140384,0
96340f26-e3b0-4a14-a2cd-e8f9cab80966,30e88e52-2d4d-42db-b506-17eabb72dfcb,1.2122494388975547,0.05,0.16666666666666666,-0.34520097829220125,0
96340f26-e3b0-4a14-a2cd-e8f9cab80966,652df071-59cb-4dc9-b316-ce74c1f48524,0.9915958789836994,0.05,0.16666666666666666,-0.3441637582246268,0
96340f26-e3b0-4a14-a2cd-e8f9cab80966,655db5b1-4396-4dbd-be89-226603178032,1.4573302612587202,0.05,0.16666666666666666,-0.3093401390052166,0
96340f26-e3b0-4a14-a2cd-e8f9cab80966,7080caa7-882d-413f-844a-5ed7df795bab,1.5779232495963988,0.05,0.16666666666666666,-0.352970804595525,0
96340f26-e3b0-4a14-a2cd-e8f9cab80966,7b7c20bb-045a-46ab-8cc8-058bdcf058f9,1.0542718525191361,0.05,0.16666666666666666,-0.2997883970332047,0
96340f26-e3b0-4a14-a2cd-e8f9cab80966,839573e0-a4b7-4102-bb23-d99e5d8e2e40,-1.5037144105435045,0.05,0.16666666666666666,-0.3346852411693383,0
96340f26-e3b0-4a14-a2cd-e8f9cab80966,b115419e-0921-4b19-b4cb-1db5fa0dd9a4,1.1344700972439803,0.05,0.16666666666666666,-0.357676420821029,0
96340f26-e3b0-4a14-a2cd-e8f9cab80966,74d0ba99-1398-4111-ae47-7cebc283e209,1.2024537602525287,0.05,0.16666666666666666,-0.30097246007587913,0
96340f26-e3b0-4a14-a2cd-e8f9cab80966,d26c0672-6003-4a56-99a9-bd7fad8ace78,1.400951618186565,0.05,0.0,-0.37509561260663443,0
96340f26-e3b0-4a14-a2cd-e8f9cab80966,ab1149c6-15ec-4f00-ad96-50b2645f44c8,1.411771094930618,0.05,0.16666666666666666,-0.3310924593162816,0
96340f26-e3b0-4a14-a2cd-e8f9cab80966,2f04ff49-86ec-44ab-af68-69223f4c2c4f,1.7985936013490527,0.05,0.3333333333333333,-0.3415157225649074,0
96340f26-e3b0-4a14-a2cd-e8f9cab80966,fa7224f6-7ba1-44ee-a9dd-96e233f92436,1.8608160433790326,0.05,0.16666666666666666,-0.38005506515681026,0
9f028e78-2a5e-40b8-a045-c22ebc071b45,b62a458f-a8fc-4517-b19a-60b276721b8a,-0.1943622107662275,0.05,0.0,0.5044699001935596,0
9f028e78-2a5e-40b8-a045-c22ebc071b45,bb34deb6-0d70-4ad3-a999-99dcf57a29d0,-0.20641296309371082,0.05,0.0,0.4883696029631374,0
9f028e78-2a5e-40b8-a045-c22ebc071b45,c6c1370b-a238-420f-81f3-0dd14f7d9f78,-0.10303059386726288,0.05,0.16666666666666666,0.5404241638606989,0
9f028e78-2a5e-40b8-a045-c22ebc071b45,3f5b5806-164c-47ff-bf36-c136dd9208f4,-0.20822680600848953,0.05,0.0,0.98472663556943,0
9f028e78-2a5e-40b8-a045-c22ebc071b45,2d085145-b7cb-485a-9525-2b8e08eaeb41,2.0847079501674166,0.05,0.3333333333333333,0.82172339174682,0
9f028e78-2a5e-40b8-a045-c22ebc071b45,79d2cab4-1da2-4e26-b380-bb4d97d6476c,-0.3807864693088865,0.05,0.0,0.6142668528620432,0
9f028e78-2a5e-40b8-a045-c22ebc071b45,097d9ed1-03e5-4595-a8c9-44da988e9d72,-0.298945412270482,0.05,0.16666666666666666,0.45859503383502026,0
9f028e78-2a5e-40b8-a045-c22ebc071b45,2b12d532-b51d-4b92-828b-e3eaf4d64ef3,-0.20378110768089996,0.05,0.0,0.3538635983654899,0
9f028e78-2a5e-40b8-a045-c22ebc071b45,293dc5b0-815d-4055-bbe7-3e0d7bebb7e3,0.012266775440448185,0.05,0.0,0.5409789869345142,0
9f028e78-2a5e-40b8-a045-c22ebc071b45,c712342b-94f6-41d2-a494-385543abfc3e,-0.19806386958407396,0.05,0.0,1.0479642094170363,0
9f028e78-2a5e-40b8-a045-c22ebc071b45,1a70b954-494b-4e12-b830-3cddcf04a3f9,-0.3468477078737826,0.05,0.0,0.8812934225634775,0
9f028e78-2a5e-40b8-a045-c22ebc071b45,77771737-f766-4059-9b3c-726b8d8d393b,-0.2574828268335563,0.05,0.0,0.9981222568559586,0
9f028e78-2a5e-40b8-a045-c22ebc071b45,5439e6a0-620d-4812-bc2d-146fae61cbbc,-0.056351362519629244,0.9,0.0,0.7808982362199847,0
9f028e78-2a5e-40b8-a045-c22ebc071b45,c59899c7-5011-43d4-b358-dfc8279d4fa7,-0.20510448731449937,0.05,0.0,0.19587774547807793,0
9f028e78-2a5e-40b8-a045-c22ebc071b45,8a3f4262-2a87-4bb6-bf0e-99366425c98c,-0.12139831228142128,0.05,0.16666666666666666,0.6108659499954302,0
9f028e78-2a5e-40b8-a045-c22ebc071b45,65051f1c-d2c2-4dfe-9e02-2d45275733f5,-0.19570079244898864,0.05,0.0,0.6454550234170063,0
9f028e78-2a5e-40b8-a045-c22ebc071b45,df131b8d-d341-40ca-b853-8c901e689986,-0.3490195134861138,0.05,0.16666666666666666,0.7263008222059544,0
9f028e78-2a5e-40b8-a045-c22ebc071b45,3d0a72ea-08c7-4d89-96a5-bf180aa62966,-0.20720180290534085,0.9,0.16666666666666666,1.128073676640635,0
9f028e78-2a5e-40b8-a045-c22ebc071b45,708f60cb-c686-4595-86d7-13ea7b2f2950,-0.3129660645036627,0.05,0.0,1.078755697474145,0
9f028e78-2a5e-40b8-a045-c22ebc071b45,ea0078ea-78c3-4763-9f96-ac5214b31840,-0.29079405300309125,0.05,0.0,0.9454567348012993,0
9f028e78-2a5e-40b8-a045-c22ebc071b45,e37704bc-abcb-40c4-a625-19324512e10f,-0.07859128091230838,0.05,0.0,0.9143695817210914,0
9f028e78-2a5e-40b8-a045-c22ebc071b45,3a5a9595-05e8-4f96-b4e8-85a5b892e601,-0.2785306757828012,0.05,0.0,0.9439770933741991,0
9f028e78-2a5e-40b8-a045-c22ebc071b45,6c349f8b-e390-449a-b873-606bc9f5fec1,-0.0697391817167512,0.05,0.0,0.578715295254764,0
9f028e78-2a5e-40b8-a045-c22ebc071b45,c05b3dcc-3f58-48e6-a180-34e3e44c7a3a,-0.2835482887973164,0.9,0.0,0.510938703888135,0
9f028e78-2a5e-40b8-a045-c22ebc071b45,5da56a44-ec5d-46ec-9e7c-05364568c0cc,-0.4160150280703827,0.05,0.16666666666666666,1.1739951588756918,0
da5b86d4-1a9b-4f36-99ba-375b18534891,c5ffec2b-005d-4f9e-b2d7-3e409589213a,-1.8610422563822109,0.05,0.5,-0.09638427787559253,0
da5b86d4-1a9b-4f36-99ba-375b18534891,eba54f68-a17e-4a32-806a-6c4c82ef7551,-1.7848541085557215,0.05,0.5,-0.15111221130065447,0
da5b86d4-1a9b-4f36-99ba-375b18534891,a2ee0c55-5881-4139-981a-92d369d1dcbb,-2.0280540534395333,0.05,0.3333333333333333,-0.07942789363000645,0
da5b86d4-1a9b-4f36-99ba-375b18534891,e7347d55-44c5-45ae-9cc2-c64f7f96de16,-1.7260338757776186,0.05,0.6666666666666666,-0.04668435510434513,0
da5b86d4-1a9b-4f36-99ba-375b18534891,7138c725-b9a5-469b-802e-491ae74ec0aa,-1.8137886531128844,0.05,0.5,-0.11631061746544791,0
da5b86d4-1a9b-4f36-99ba-375b18534891,3ed85407-c098-47cb-a64c-72cf285677e0,-1.7413323618447807,0.05,0.3333333333333333,-0.08972121995130242,0
da5b86d4-1a9b-4f36-99ba-375b18534891,0e9b65fa-d696-426b-ab81-81eb1023c685,-1.5757979074571211,0.05,0.5,-0.013493836255132284,0
da5b86d4-1a9b-4f36-99ba-375b18534891,82fb435d-4f66-4215-8da0-6f715f692aaf,-1.9719079582178463,0.05,0.5,-0.1390774584451534,0
da5b86d4-1a9b-4f36-99ba-375b18534891,28ef07f4-4972-47e7-96c1-d58a22ca5d07,-1.6730210900775901,0.05,0.5,-0.11635039360426233,0
da5b86d4-1a9b-4f36-99ba-375b18534891,08ea9bee-7e48-4539-ba85-67a2fec96978,-1.458544855952998,0.05,0.5,-0.15363022457443823,0
da5b86d4-1a9b-4f36-99ba-375b18534891,98c03bfb-fb4c-4880-b887-2d129c18ff67,-0.8031840765083,0.05,0.8333333333333334,-0.24406736746930477,0
da5b86d4-1a9b-4f36-99ba-375b18534891,a4188e69-ca39-4d3d-a433-c3917bdbbfc5,-1.872738755478069,0.05,0.5,-0.08902456156999702,0
da5b86d4-1a9b-4f36-99ba-375b18534891,4ba3d759-b39e-4185-8f2b-64e5551dab80,-1.9803624670855626,0.05,0.6666666666666666,-0.1141171335368013,0
da5b86d4-1a9b-4f36-99ba-375b18534891,881f583a-6689-44da-808a-3a70b4484a2c,-1.798027481539438,0.05,0.3333333333333333,-0.10381290024752773,0
da5b86d4-1a9b-4f36-99ba-375b18534891,fc3e2df8-ccce-42bc-8e12-c9b12efa51dc,-1.5660556394092975,0.05,0.5,-0.14338357597080753,0
da5b86d4-1a9b-4f36-99ba-375b18534891,7db03e3f-f1e8-4c20-be94-83830db0f982,-1.795795034225482,0.05,0.5,-0.1667154853511305,0
da5b86d4-1a9b-4f36-99ba-375b18534891,334c2dc4-3ce9-4769-b420-0ffbd73d5f35,-1.8166550304967721,0.05,0.3333333333333333,-0.13430108569579607,0
da5b86d4-1a9b-4f36-99ba-375b18534891,e0c68ab9-7233-4e95-9ad4-f9d2ba8ab844,-0.8674289319574524,0.05,0.8333333333333334,-0.13749708358331644,0
da5b86d4-1a9b-4f36-99ba-375b18534891,debe0521-0f32-4808-a5f6-62dc3dac581a,-0.4345130290992212,0.05,0.8333333333333334,-0.08395205667111176,0
da5b86d4-1a9b-4f36-99ba-375b18534891,0f1c62bc-93be-4b08-9b2c-cb66093cf8ef,-2.067734406671514,0.05,0.5,-0.1005629849862341,0
da5b86d4-1a9b-4f36-99ba-375b18534891,d82ccd40-5807-45df-a02b-b3a235f1aff8,-1.8592133707252323,0.05,0.5,-0.14715644367678063,0
da5b86d4-1a9b-4f36-99ba-375b18534891,5bf8cc18-3c61-469e-b087-a149a1d25ac9,-1.7686375648743256,0.05,0.5,-0.09448516969296555,0
da5b86d4-1a9b-4f36-99ba-375b18534891,a2742b4a-c541-4290-9577-b3cb146e5f77,-1.7709878519849815,0.05,0.6666666666666666,-0.02705914998197658,0
da5b86d4-1a9b-4f36-99ba-375b18534891,570f2976-14a6-4661-bd09-6a29b010df33,-1.6285818282759652,0.05,0.5,-0.14919547827656018,0
da5b86d4-1a9b-4f36-99ba-375b18534891,cf8d77c2-f06e-4aa8-a340-c5cefa1f9299,-2.045849260409404,0.05,0.5,8.449188225222021e-06,0
e1534edb-aca3-48bf-9e76-68f7c0f11199,4cb9e3dd-2572-4ad6-8903-15f1cfbba5e8,-0.042369029836686334,0.05,0.5,-0.06569654785546777,0
e1534edb-aca3-48bf-9e76-68f7c0f11199,4855596a-83e8-4e43-bd9e-e592069b34c1,-0.1769510701437773,0.05,0.16666666666666666,-0.11001352010663779,0
e1534edb-aca3-48bf-9e76-68f7c0f11199,7ea8253c-69f5-4ef6-901c-cba1e12bc6b5,-0.1389949686635754,0.05,0.5,-0.14786250355602346,0
e1534edb-aca3-48bf-9e76-68f7c0f11199,e3a31835-f32f-4b85-87e7-90507818f9a5,0.0857790202082569,0.05,0.3333333333333333,-0.05230960641351776,0
e1534edb-aca3-48bf-9e76-68f7c0f11199,efe1979b-f8c6-44da-8a97-c0ae6e0d6c89,-0.067079903880507,0.05,0.16666666666666666,-0.17509750279534586,0
e1534edb-aca3-48bf-9e76-68f7c0f11199,29844ad2-3f06-4a85-a395-a551acfa7ac9,0.321135554736081,0.9,0.16666666666666666,-0.15059277324370135,0
e1534edb-aca3-48bf-9e76-68f7c0f11199,6229ce9c-055d-4dae-90e9-ea1c3e57e623,-0.36152244095049735,0.05,0.3333333333333333,-0.017094131830857697,0
e1534edb-aca3-48bf-9e76-68f7c0f11199,f2a6ac15-4783-46bf-b0cb-472863660aed,0.22121869136452332,0.05,0.5,-0.043251300745652366,0
e1534edb-aca3-48bf-9e76-68f7c0f11199,3dad3e76-0789-44b1-bd78-06af5131fa3c,-0.2740469397698395,0.05,0.5,-0.14080323550471527,0
e1534edb-aca3-48bf-9e76-68f7c0f11199,4dfcc177-2484-47f6-999b-f67b7df20f09,-0.365475130390279,0.05,0.3333333333333333,-0.11144448519275772,0
e1534edb-aca3-48bf-9e76-68f7c0f11199,5c4ea974-a2a9-425b-8e02-25cbce67b410,0.011868835213514117,0.05,0.3333333333333333,0.01182780278365961,0
e1534edb-aca3-48bf-9e76-68f7c0f11199,5a09d937-1362-4c1b-a722-2f9897a5aa28,-0.28833205260188866,0.05,0.5,-0.2262899637542558,0
e1534edb-aca3-48bf-9e76-68f7c0f11199,1b2787dc-cb4f-45ce-a4ad-e6edf498ac23,0.19628476622582447,0.05,0.6666666666666666,-0.16496527147686102,0
e1534edb-aca3-48bf-9e76-68f7c0f11199,6924ddc3-466e-41ca-a736-0db85b4d5121,-0.3291398162805663,0.05,0.3333333333333333,-0.057979786540219964,0
e1534edb-aca3-48bf-9e76-68f7c0f11199,52b269bb-8fa2-4a38-a9be-483759fbf7bf,-0.07298422551243311,0.05,0.5,-0.01658968993929614,0
e1534edb-aca3-48bf-9e76-68f7c0f11199,bb8b0125-5bd9-4516-b393-953acc61f3ee,0.2777752052660567,0.05,0.16666666666666666,-0.04769052059579032,0
e1534edb-aca3-48bf-9e76-68f7c0f11199,680dc923-943a-4a9d-9ad5-606741d9978f,0.24394717654715325,0.05,0.3333333333333333,-0.15269571577188348,0
e1534edb-aca3-48bf-9e76-68f7c0f11199,00d61173-49b3-4daa-8422-9e8c5e95311c,-0.633397115245244,0.05,0.16666666666666666,-0.1557975020537512,0
e1534edb-aca3-48bf-9e76-68f7c0f11199,27f5cb8e-a8fc-4bac-924b-bf32e9f7e54f,-0.6104674358333639,0.05,0.3333333333333333,-0.18999572251726085,0
e1534edb-aca3-48bf-9e76-68f7c0f11199,9938f496-197f-4099-b8e5-d38e82356ccf,-0.6635589649553686,0.9,0.16666666666666666,-0.13677799381377526,0
e1534edb-aca3-48bf-9e76-68f7c0f11199,4de90df5-fa10-492b-b580-086bdc65d933,-0.6561591370281556,0.05,0.16666666666666666,-0.2777081725555438,0
e1534edb-aca3-48bf-9e76-68f7c0f11199,638c510d-c634-42b7-a994-54de765b2e6b,0.1868371855871116,0.05,0.5,0.047443581171684214,0
e1534edb-aca3-48bf-9e76-68f7c0f11199,7877e051-e445-4620-bc63-27e0220a207e,0.08576628667627784,0.05,0.5,-0.08910230928194886,0
e1534edb-aca3-48bf-9e76-68f7c0f11199,c01576d2-c095-4027-9563-0aafba7aff70,0.3920438463170184,0.05,0.5,-0.15045371481939154,0
e1534edb-aca3-48bf-9e76-68f7c0f11199,b2b97e57-86e9-4062-a1a5-630d8666e439,0.3757433969254933,0.9,0.3333333333333333,-0.1933712733986284,0
8aca9695-a3d0-480c-9e96-64b4733b45a3,026a4a53-27e9-4e2a-a068-8849af916607,-0.9613304201038924,0.05,0.3333333333333333,-0.15917335413661785,0
8aca9695-a3d0-480c-9e96-64b4733b45a3,0f364b4f-bc73-4cec-9d30-f9e85d9da15f,-0.7874196239011542,0.05,0.16666666666666666,-0.18737578932645663,0
8aca9695-a3d0-480c-9e96-64b4733b45a3,b0e6406c-1f4b-420e-81ad-fec373b35436,-0.9503456005925641,0.05,0.0,-0.0868903314897164,0
8aca9695-a3d0-480c-9e96-64b4733b45a3,2de59907-4027-4071-b12f-a55d66e0b8d6,-0.7828699102564713,0.05,0.5,-0.2697688390168735,0
8aca9695-a3d0-480c-9e96-64b4733b45a3,a97fe2ee-0088-4dea-a60d-891f4938ecb5,-0.6451111090120558,0.05,0.3333333333333333,-0.1522527575169685,0
8aca9695-a3d0-480c-9e96-64b4733b45a3,6a5c021a-f991-4e55-86c5-58b96c5c0e90,-0.8733672480712906,0.05,0.16666666666666666,-0.21718250757753857,0
8aca9695-a3d0-480c-9e96-64b4733b45a3,0753d7a7-f0d2-41d7-84fd-b3c297ac0b85,-0.8280190598901012,0.05,0.5,-0.1730610182842546,0
8aca9695-a3d0-480c-9e96-64b4733b45a3,7dd361c8-8f2d-43a6-aaab-45ddda238465,-0.6914446739761142,0.05,0.16666666666666666,-0.11220448185435013,0
8aca9695-a3d0-480c-9e96-64b4733b45a3,e418df59-1686-4fe4-a85b-f2e124759d32,-0.907262590747699,0.05,0.5,-0.19924214468642115,0
8aca9695-a3d0-480c-9e96-64b4733b45a3,028792e6-d49c-46b4-90a1-be68975a0335,-0.8115306842572432,0.05,0.6666666666666666,-0.17729849827963218,0
8aca9695-a3d0-480c-9e96-64b4733b45a3,6b265a15-b405-4fe9-90c1-e76ea8dc2478,-0.6818602140220835,0.05,0.5,-0.14825802988687234,0
8aca9695-a3d0-480c-9e96-64b4733b45a3,590a3b26-1b62-4593-aa7b-628e6cdfd0d7,-0.8614356097758944,0.05,0.16666666666666666,-0.15357368013557224,0
8aca9695-a3d0-480c-9e96-64b4733b45a3,6a011862-58cb-4e08-ab6f-cb0a1a126dd6,-0.9716325905590963,0.05,0.3333333333333333,-0.19703821875652894,0
8aca9695-a3d0-480c-9e96-64b4733b45a3,4417a0e0-e548-47ac-ae41-e90d8c1ce173,-0.8858162585512899,0.05,0.5,-0.16488611724248864,0
8aca9695-a3d0-480c-9e96-64b4733b45a3,e867550e-e525-433b-80f4-3c6c7ca8c9e8,-0.8503945409923412,0.05,0.3333333333333333,0.7654329572029208,0
8aca9695-a3d0-480c-9e96-64b4733b45a3,afffdf6b-0b35-4f16-95d8-a7faba5a596f,-0.8738592246339265,0.05,0.3333333333333333,-0.15701508594090277,0
8aca9695-a3d0-480c-9e96-64b4733b45a3,faef9a6b-3b0f-42c4-a468-a5ba8fc77aab,-1.0190488108648244,0.05,0.16666666666666666,-0.23051975104071784,0
8aca9695-a3d0-480c-9e96-64b4733b45a3,e86ccd88-a3f0-46e3-9342-7e01116e19cb,-0.7041527432784886,0.05,0.5,-0.27196357911234337,0
8aca9695-a3d0-480c-9e96-64b4733b45a3,650d43d5-f6c1-4e16-9ad7-7b99e0d90645,-0.7365149823688784,0.05,0.5,-0.15365311235949633,0
8aca9695-a3d0-480c-9e96-64b4733b45a3,3ece45f3-7700-4e12-b19d-5b5a71472ca6,-0.546346642519485,0.05,0.16666666666666666,-0.18122469042750494,0
8aca9695-a3d0-480c-9e96-64b4733b45a3,1a968f2f-69a0-429d-b730-891178da9957,-0.6343100729112381,0.05,0.5,-0.20853629440056243,0
8aca9695-a3d0-480c-9e96-64b4733b45a3,9d98212e-bd0d-4ed9-bf6c-9eb7d933dbb6,-0.6415206266824267,0.05,0.3333333333333333,-0.1775579345378881,0
8aca9695-a3d0-480c-9e96-64b4733b45a3,642da3e9-a0cb-4ecd-88cd-ad59a954ad89,-0.775436072858184,0.05,0.16666666666666666,-0.11417680171879166,0
8aca9695-a3d0-480c-9e96-64b4733b45a3,5b3d79e4-703c-4f82-9b70-28f7902b3c92,-0.6591991223860392,0.05,0.5,-0.217891840013048,0
8aca9695-a3d0-480c-9e96-64b4733b45a3,5a7749e0-fe25-4e61-b375-7c5250dcfafc,-0.9187782406318288,0.05,0.3333333333333333,-0.23804750732350374,0
40caa337-3ed3-47ba-bab1-f6d0a4a5237d,e09fa41c-7108-414f-8406-0e35247ca899,0.6261107791938789,0.05,0.0,-0.02697506076958729,0
40caa337-3ed3-47ba-bab1-f6d0a4a5237d,4b11114e-0390-4c49-975d-b9f5bf4b39ac,0.5934195699394866,0.05,0.0,0.2228578845597169,0
40caa337-3ed3-47ba-bab1-f6d0a4a5237d,3a595595-5726-430a-b848-c650fba89f1d,0.6072626229931073,0.05,0.0,0.13615809158977416,0
40caa337-3ed3-47ba-bab1-f6d0a4a5237d,13a2379a-2886-4058-a1e7-806afd5e1e34,0.6625305992502044,0.05,0.0,0.025553344245168204,0
40caa337-3ed3-47ba-bab1-f6d0a4a5237d,0ca62683-7730-4adc-9790-0e609a51aff5,0.8074638555561924,0.9,0.0,0.17389148936099968,0
40caa337-3ed3-47ba-bab1-f6d0a4a5237d,6252cf0d-13a6-4ed7-9b18-00623825363e,0.5991777565524261,0.05,0.0,0.113347315596741,0
40caa337-3ed3-47ba-bab1-f6d0a4a5237d,66286290-cfea-4a85-b2f2-587702f02f7f,0.5578116530401633,0.05,0.0,2.7855063700464457,0
40caa337-3ed3-47ba-bab1-f6d0a4a5237d,12efeaea-d36f-418e-a91d-e57fc307da6a,0.6149954316878778,0.05,0.0,0.10371558284664362,0
40caa337-3ed3-47ba-bab1-f6d0a4a5237d,efcaa516-ee3f-4dc8-b088-433e84f3b046,0.743730772349517,0.05,0.0,0.18950400167529555,0
40caa337-3ed3-47ba-bab1-f6d0a4a5237d,04ff2d21-8e0b-43b6-94b5-7ab8cabead45,0.4233969164949558,0.05,0.0,0.05321580717250399,0
40caa337-3ed3-47ba-bab1-f6d0a4a5237d,b7678717-318e-4baf-90ad-4e9a90841f9b,0.4252947874340265,0.05,0.0,-0.017733122900520867,0
40caa337-3ed3-47ba-bab1-f6d0a4a5237d,eece7f56-5470-424c-ac4b-2ef05b0af928,0.6690645254900858,0.05,0.16666666666666666,0.13156907538413254,0
40caa337-3ed3-47ba-bab1-f6d0a4a5237d,22056760-58f0-407b-810f-2150089903ae,0.5387627201585348,0.05,0.0,0.1986441300432537,0
40caa337-3ed3-47ba-bab1-f6d0a4a5237d,b7ffb9d0-dce7-4b7a-8253-95934b112010,0.5586783620757974,0.05,0.0,0.26561774614279626,0
40caa337-3ed3-47ba-bab1-f6d0a4a5237d,8b794832-5768-428f-9db1-8e9626972c15,0.6290816381707787,0.05,0.0,0.09039398114664018,0
40caa337-3ed3-47ba-bab1-f6d0a4a5237d,623a58ee-4762-4904-b5e3-01709a01a515,0.6842940175286856,0.05,0.0,0.10151720769967748,0
40caa337-3ed3-47ba-bab1-f6d0a4a5237d,9b2536fa-bc2c-492f-8cf2-7dee80264e84,3.341181445593567,0.05,0.3333333333333333,0.050028816841397414,0
40caa337-3ed3-47ba-bab1-f6d0a4a5237d,84385a2e-1c41-4719-9531-ef8e347bb865,0.5483214043796396,0.05,0.0,0.17019468997960666,0
40caa337-3ed3-47ba-bab1-f6d0a4a5237d,3f2584c2-0795-4e40-95fe-f1c9e600a788,0.7918547218203296,0.05,0.0,0.03734624788936279,0
40caa337-3ed3-47ba-bab1-f6d0a4a5237d,ebd976bc-b88f-4b80-9956-04cb42889186,0.46355145081912763,0.05,0.0,0.32997766716149796,0
40caa337-3ed3-47ba-bab1-f6d0a4a5237d,5c9786db-fe02-46d9-844e-f1c24d6d45db,0.6262973276159496,0.05,0.16666666666666666,0.1532572644277086,0
40caa337-3ed3-47ba-bab1-f6d0a4a5237d,d374ac80-f168-4d2e-b2c5-8dc185edb92c,0.7957525617016294,0.05,0.0,0.058383550569261096,0
40caa337-3ed3-47ba-bab1-f6d0a4a5237d,5d1d351c-c17e-4cc6-a6cb-4a69710d4b9b,0.5632191308613921,0.05,0.0,0.13944473975257193,0
40caa337-3ed3-47ba-bab1-f6d0a4a5237d,2557ac8c-d5e8-4b57-b5b1-2a4ae502d5d8,0.7232832959881623,0.05,0.0,-0.03862127217948895,0
40caa337-3ed3-47ba-bab1-f6d0a4a5237d,4cf66dca-dda4-4fe0-bf43-e282f7b5b4ca,0.6826457461625388,0.05,0.0,0.1053831973045266,0
84549288-e0de-4546-a1b0-e82043904e74,6a9d2cea-2765-4527-866e-aaf84f6101e5,2.05176317289203,0.05,0.16666666666666666,-0.3988172845618262,0
84549288-e0de-4546-a1b0-e82043904e74,557c9cee-03ab-4238-8081-bb1542927f35,1.6848732882701487,0.05,0.16666666666666666,-0.35219181220502743,0
84549288-e0de-4546-a1b0-e82043904e74,f384df3a-dee7-46db-8d49-6707c323fa2a,1.819901508828596,0.05,0.16666666666666666,-0.36991603404217427,0
84549288-e0de-4546-a1b0-e82043904e74,6701d67c-bcee-4d3e-85ba-8ab9bfa5cac5,1.9504137671588415,0.05,0.0,-0.34346752457839697,0
84549288-e0de-4546-a1b0-e82043904e74,c2782dae-5e0a-4478-93f9-ce4bb8c9dfe2,1.2761513262793764,0.05,0.16666666666666666,-0.3507093338634743,0
84549288-e0de-4546-a1b0-e82043904e74,cb1bd6ce-f777-40fd-9f35-2fc0e777c2e4,1.622141044939723,0.05,0.16666666666666666,-0.38645690134343985,0
84549288-e0de-4546-a1b0-e82043904e74,b234523a-aa3f-4806-ac61-d204585765e6,1.862422412404337,0.05,0.16666666666666666,-0.42524929097394576,0
84549288-e0de-4546-a1b0-e82043904e74,15da3b95-8fb0-452d-acf5-1c4e50214c8e,1.8884276834365359,0.05,0.16666666666666666,-0.4198123009829524,0
84549288-e0de-4546-a1b0-e82043904e74,f64e7dd8-776e-4842-aef6-801766cb3919,1.5147320983448829,0.05,0.3333333333333333,-0.38489135529544743,0
84549288-e0de-4546-a1b0-e82043904e74,e4486abf-9d7f-44f0-902b-86ed29f740ba,1.6765066101087411,0.05,0.16666666666666666,-0.3745056906600636,0
84549288-e0de-4546-a1b0-e82043904e74,25f26257-a88f-45e3-8e82-889ea9efacf6,2.23550849879879,0.05,0.16666666666666666,-0.3693575933831548,0
84549288-e0de-4546-a1b0-e82043904e74,428037b7-b9d4-4256-beee-b71fa436adbb,1.6636999206639302,0.05,0.16666666666666666,-0.3333546974501286,0
84549288-e0de-4546-a1b0-e82043904e74,cf3f2234-b870-4601-aefb-d0be43404d8d,1.6958572643019494,0.05,0.3333333333333333,-0.38460454956499385,0
84549288-e0de-4546-a1b0-e82043904e74,921c085f-5e45-4aed-b6a9-3376d4882c2b,1.830390349849969,0.05,0.16666666666666666,-0.3542669336926323,0
84549288-e0de-4546-a1b0-e82043904e74,8a4183ed-ede7-4541-aaea-1d1975b3a6d1,1.4719366653248462,0.05,0.16666666666666666,-0.380668199917697,0
84549288-e0de-4546-a1b0-e82043904e74,cff30035-dd7e-4809-ab93-cc49333716ca,1.6806651240988586,0.05,0.16666666666666666,-0.3957191158327455,0
84549288-e0de-4546-a1b0-e82043904e74,a784b3df-42ae-48d2-8bb0-0d5d018e6404,1.5400101486331605,0.05,0.16666666666666666,-0.38327475368804315,0
84549288-e0de-4546-a1b0-e82043904e74,1b76de8d-0057-4a8d-92e2-27abecdd7f7a,1.9452279601068696,0.05,0.3333333333333333,-0.3081643609509582,0
84549288-e0de-4546-a1b0-e82043904e74,d223931a-1ec9-49ed-8bc4-a6bf4d5c3364,1.5491460107915653,0.05,0.3333333333333333,-0.35174221342801554,0
84549288-e0de-4546-a1b0-e82043904e74,f027bd4d-91ac-4e16-a835-3ea5e3174b48,2.0057897717668087,0.05,0.0,-0.3295812585593184,0
84549288-e0de-4546-a1b0-e82043904e74,632547e5-405d-404a-a2d7-969999f71f81,1.6213469606607518,0.05,0.16666666666666666,-0.36380020465148283,0
84549288-e0de-4546-a1b0-e82043904e74,5e630de2-d619-4b82-9d55-17075a3fd34c,1.8815682283136166,0.05,0.3333333333333333,-0.35160605407563866,0
84549288-e0de-4546-a1b0-e82043904e74,78f82ab1-a76a-42b3-8127-0604b25aab68,1.7629456877798697,0.05,0.0,-0.39993617910337753,0
84549288-e0de-4546-a1b0-e82043904e74,2cc41354-3cf9-4b77-91e4-e569296ec75a,1.6189514626899806,0.05,0.16666666666666666,-0.3842420011287742,0
84549288-e0de-4546-a1b0-e82043904e74,735d5483-dd72-4dca-881f-79d4bf58cba4,1.5518309822487275,0.05,0.16666666666666666,-0.34160248797656445,0
706911dd-8ee7-4660-b7a2-22760f771881,46c56742-cdbb-4182-9848-38a9a0ffe389,-0.04231853533480656,0.05,0.0,0.9761953213725013,0
706911dd-8ee7-4660-b7a2-22760f771881,77224fbd-5015-4858-a233-4e0b097d48f9,-1.251543811362016,0.05,0.0,0.6334363137702804,0
706911dd-8ee7-4660-b7a2-22760f771881,80e2bf57-839b-42c4-91ab-830f91193f86,-0.019943870176010847,0.05,0.0,0.8297649707304303,0
706911dd-8ee7-4660-b7a2-22760f771881,970366d0-9d4c-4323-8b8e-bee760a59d00,0.235111988056949,0.05,0.16666666666666666,0.06416698802215051,0
706911dd-8ee7-4660-b7a2-22760f771881,02f19d16-be39-44e0-abc9-1b6e68f6b859,-0.14342065996875553,0.05,0.0,0.7309202678777259,0
706911dd-8ee7-4660-b7a2-22760f771881,0e38db74-2550-460f-b215-84227f8ef953,-0.13051647332722283,0.05,0.16666666666666666,0.4047217348253556,0
706911dd-8ee7-4660-b7a2-22760f771881,0f9046bc-bf81-40bf-b1c9-1235e5ac13c9,0.0040278402829301285,0.05,0.0,0.03340686637343945,0
706911dd-8ee7-4660-b7a2-22760f771881,ae414fbe-a348-468c-b3ee-9aa66b978619,0.06684284325710799,0.05,0.3333333333333333,0.3696125459764977,0
706911dd-8ee7-4660-b7a2-22760f771881,722b758a-ef73-4055-8551-4f81df401c3b,-1.7739916860315326,0.05,0.0,0.48877089108432076,0
706911dd-8ee7-4660-b7a2-22760f771881,65984756-4259-4424-b9f9-d969634fc351,-0.011270575813337569,0.05,0.0,1.0021083528264825,0
706911dd-8ee7-4660-b7a2-22760f771881,9e4c8962-4cf7-4a16-9fc3-1f92d644156a,-0.10978586263056922,0.05,0.0,0.4022759926392135,0
706911dd-8ee7-4660-b7a2-22760f771881,4a7fe47e-bfe6-4621-982f-afa319bb9e86,0.00610159939074606,0.05,0.0,0.41985925949200203,0
706911dd-8ee7-4660-b7a2-22760f771881,7bf02611-408f-4159-b0c2-e07bba3301e7,0.1547188243383486,0.05,0.0,0.3021920863860498,0
706911dd-8ee7-4660-b7a2-22760f771881,07646334-cd25-4d63-9753-941b227b471d,0.06858474134546455,0.05,0.0,0.3757577828551358,0
706911dd-8ee7-4660-b7a2-22760f771881,708ad1cb-c71f-4173-b5d1-a8e2e2108ab0,0.011917500870350928,0.05,0.0,0.6635588774088245,0
706911dd-8ee7-4660-b7a2-22760f771881,7098017f-83b8-4975-bd1e-8159fa2cf73b,-0.14045725501524853,0.05,0.16666666666666666,0.6217368102677557,0
706911dd-8ee7-4660-b7a2-22760f771881,7c772753-f535-4a28-912b-ea6e6850d29c,-0.12006950302881059,0.05,0.0,0.7849806844297237,0
706911dd-8ee7-4660-b7a2-22760f771881,496f9c64-b67b-4799-8efa-073b2cdd03c5,-0.018294607529122597,0.05,0.0,0.36977603607245807,0
706911dd-8ee7-4660-b7a2-22760f771881,40759d64-d15d-4e68-9b9d-2a76bb94fd98,0.1303745499716431,0.05,0.0,0.4810902192893784,0
706911dd-8ee7-4660-b7a2-22760f771881,81f21b06-4578-4cdb-b53d-c4e49eb0d2f9,-0.08935933302863086,0.05,0.16666666666666666,0.665246267382985,0
706911dd-8ee7-4660-b7a2-22760f771881,306d2a73-9f62-4ee4-9d41-e28a9b4bb7e0,0.05760549558236594,0.05,0.0,0.5392729549382199,0
706911dd-8ee7-4660-b7a2-22760f771881,4afa6d2c-be37-4c08-a614-8ed44b9221e9,0.12276155315826376,0.05,0.0,0.5642414013306226,0
706911dd-8ee7-4660-b7a2-22760f771881,ab5c443e-e92f-4aac-a0b8-9a3bf240b076,-0.08438627772812701,0.05,0.0,0.852679043644913,0
706911dd-8ee7-4660-b7a2-22760f771881,05600f63-3148-4af1-a708-733915316d8f,0.07677821887339675,0.05,0.16666666666666666,0.31890382220312236,0
706911dd-8ee7-4660-b7a2-22760f771881,2aa11ed2-5d29-4a14-b112-5d5277c0134c,0.0659932588674721,0.05,0.0,1.039155894725257,0
865617d9-89a1-4599-884e-ea0ad6ecb14d,7733099f-712b-4d26-b8c3-6dec352e806f,-2.3016614112705693,0.05,0.3333333333333333,-0.20990145624304965,0
865617d9-89a1-4599-884e-ea0ad6ecb14d,b664da4e-d53b-4efb-83c7-b630f07062b2,-2.217932143356527,0.05,0.5,-0.05770009774057176,0
865617d9-89a1-4599-884e-ea0ad6ecb14d,c70e3547-0e88-4bac-bc0c-fb78a000f75a,-2.1584944811249445,0.05,0.5,-0.26128027168576284,0
865617d9-89a1-4599-884e-ea0ad6ecb14d,a915e61b-39fc-4399-b844-11ad753991a1,-1.9107686074003438,0.05,0.5,-0.12122548304080735,0
865617d9-89a1-4599-884e-ea0ad6ecb14d,fed37b5a-7d31-4220-8327-8f0c7eaea2a0,-1.9863077231736388,0.9,0.5,0.7404974748815617,0
865617d9-89a1-4599-884e-ea0ad6ecb14d,35d84b53-5f2d-4f91-ad42-73ab12a122f0,-2.126049975287977,0.05,0.6666666666666666,-0.19361592584394618,0
865617d9-89a1-4599-884e-ea0ad6ecb14d,ab4a451c-78a1-470c-8bd3-ecf3d458914a,-1.9231631406827479,0.05,0.6666666666666666,-0.19241478843201207,0
865617d9-89a1-4599-884e-ea0ad6ecb14d,519cf8b5-f958-4354-922c-aa425ad66cf4,-2.2321144206898476,0.05,0.5,-0.2537075325587976,0
865617d9-89a1-4599-884e-ea0ad6ecb14d,6f7e9781-8bd8-4768-9f01-7382409bfd39,-2.239017059449946,0.05,0.6666666666666666,0.9951849985485857,0
865617d9-89a1-4599-884e-ea0ad6ecb14d,ffd01c40-57f8-453d-bf7e-2dbc7c72bee8,-2.137337786593879,0.05,0.6666666666666666,-0.20328555784503785,0
865617d9-89a1-4599-884e-ea0ad6ecb14d,bb5f941a-12e5-4548-8461-6fe6964e030b,-2.197755881781478,0.05,0.5,-0.20645667211124127,0
865617d9-89a1-4599-884e-ea0ad6ecb14d,1c0d4db5-0d83-4dba-a7dc-d7ec8ca1cd65,-1.9772163997554824,0.05,0.5,-0.16584202904671635,0
865617d9-89a1-4599-884e-ea0ad6ecb14d,f625b64e-69c1-44d7-ae87-e8a66dad237d,-2.2670390964017764,0.05,0.5,-0.19198448795682937,0
865617d9-89a1-4599-884e-ea0ad6ecb14d,e8fc8bc3-aab9-46f4-a78e-a9f04e4b714a,-2.0605768071525365,0.05,0.5,-0.15219524684756847,0
865617d9-89a1-4599-884e-ea0ad6ecb14d,b3f470ca-23b1-43f7-8f7e-5de77305b615,-2.2487257617862646,0.05,0.3333333333333333,-0.2725369362282139,0
865617d9-89a1-4599-884e-ea0ad6ecb14d,163c4f1c-c074-4981-8028-23fc58b111af,-2.1004470223479923,0.05,0.5,-0.15894674607835563,0
865617d9-89a1-4599-884e-ea0ad6ecb14d,a076e4fc-b20c-472f-9282-2f32bcb27852,-2.4263676319853844,0.05,0.6666666666666666,-0.2187834216036214,0
865617d9-89a1-4599-884e-ea0ad6ecb14d,eceb70f9-7f90-4636-a2e7-cc54ff6add92,-2.249559967204758,0.05,0.5,-0.24731732481378657,0
865617d9-89a1-4599-884e-ea0ad6ecb14d,d2d2964b-8d72-4dc5-ab67-988e67ac83e6,-2.141383522051636,0.05,0.6666666666666666,-0.12114371875693264,0
865617d9-89a1-4599-884e-ea0ad6ecb14d,f70973d1-b1e2-4fc8-97f2-3b62b613b05c,-2.511220947910279,0.05,0.5,-0.27042720231896167,0
865617d9-89a1-4599-884e-ea0ad6ecb14d,fae04c2f-7ace-4525-873e-4acfdbcb39e4,-2.134156158079241,0.05,0.5,-0.28316301223274054,0
865617d9-89a1-4599-884e-ea0ad6ecb14d,5823c7d3-84d6-4047-a2a4-2bd5d0a1e6f7,-2.4076402022408443,0.05,0.6666666666666666,-0.2753761115583124,0
865617d9-89a1-4599-884e-ea0ad6ecb14d,eb401376-438f-406f-8eba-6ad8bfa45cfa,-2.189982004906183,0.05,0.5,-0.21990499006612207,0
865617d9-89a1-4599-884e-ea0ad6ecb14d,870a9e54-3bf2-4045-9d76-4d165346dce0,-1.992032012007026,0.05,0.5,-0.1976828945261602,0
865617d9-89a1-4599-884e-ea0ad6ecb14d,57510263-581e-4519-80a9-d98364971969,-2.0198008534208594,0.05,0.6666666666666666,-0.24485038512751922,0
f3573c44-03b4-45ef-84ec-191f4a0f4e38,1c0cfc75-a005-4dc3-a3a9-66e0925cc288,-1.1682560701331042,0.05,0.5,-0.260109311720246,0
f3573c44-03b4-45ef-84ec-191f4a0f4e38,c2636ee7-c967-4a3e-9c97-8bccc5f79243,-0.6587958868169812,0.05,0.16666666666666666,-0.18291416595688245,0
f3573c44-03b4-45ef-84ec-191f4a0f4e38,c5fefc7b-27a3-4e77-8fde-4d931f52ae31,-0.39490687036411476,0.05,0.16666666666666666,-0.07475671826031992,0
f3573c44-03b4-45ef-84ec-191f4a0f4e38,9164179f-94f1-4d43-8f75-c6dfbbd6bee0,-0.27666471126604053,0.05,0.3333333333333333,-0.26658217694849384,0
f3573c44-03b4-45ef-84ec-191f4a0f4e38,6cafda20-0cb3-4064-a0ea-3593de6515ae,-0.5560082055889728,0.05,0.3333333333333333,-0.17892839141698968,0
f3573c44-03b4-45ef-84ec-191f4a0f4e38,e40faab0-9919-42bc-a64d-b89199ae3562,-1.4168059929451817,0.05,0.3333333333333333,-0.2417921191065673,0
f3573c44-03b4-45ef-84ec-191f4a0f4e38,fc015414-13e8-4e0a-8a0a-53763e47ac77,-2.1253429272507844,0.05,0.3333333333333333,-0.06744028183539831,0
f3573c44-03b4-45ef-84ec-191f4a0f4e38,9d13a587-ac71-4b1a-804c-b8ba0f8cf21f,-0.6330984479793202,0.05,0.3333333333333333,-0.09320623881638465,0
f3573c44-03b4-45ef-84ec-191f4a0f4e38,2856cb2e-9906-4163-88e2-2bf4557c267c,-0.7057060340332644,0.05,0.3333333333333333,-0.2299919511008126,0
f3573c44-03b4-45ef-84ec-191f4a0f4e38,6c7ec9c8-174f-4469-b3aa-c5e77ba52cf9,-0.8025044040911831,0.05,0.5,-0.2533312039896369,0
f3573c44-03b4-45ef-84ec-191f4a0f4e38,9d37c51f-9dd3-4403-b5e6-d2515c82e8ca,-0.7937927969799188,0.05,0.3333333333333333,-0.06408103700216124,0
f3573c44-03b4-45ef-84ec-191f4a0f4e38,d0a2113e-f04c-4493-bc75-14edd3349a7a,-0.5964762380145734,0.05,0.3333333333333333,-0.23441651718380796,0
f3573c44-03b4-45ef-84ec-191f4a0f4e38,f34e73d2-d363-4290-9369-64b16531ec97,-0.691925235416686,0.05,0.16666666666666666,-0.324977273571003,0
f3573c44-03b4-45ef-84ec-191f4a0f4e38,f1bfa677-ef7a-40f0-a60d-bfa73ed8279f,-1.0552122612805048,0.05,0.3333333333333333,-0.1258238014018378,0
f3573c44-03b4-45ef-84ec-191f4a0f4e38,9edd3cd6-e422-4b98-95d8-9fd68b89eb20,-0.6390310261697172,0.05,0.3333333333333333,0.08821374361045105,0
f3573c44-03b4-45ef-84ec-191f4a0f4e38,9e67835a-675f-47e1-8ba0-8563a18fd4c5,-0.47726001260282347,0.05,0.16666666666666666,-0.3224315395202908,0
f3573c44-03b4-45ef-84ec-191f4a0f4e38,52efb65f-1c9e-4104-bab1-774516adeff4,-0.907323331838068,0.05,0.3333333333333333,-0.17514147756211004,0
f3573c44-03b4-45ef-84ec-191f4a0f4e38,35e1f371-8231-4bb3-a6d2-ecde4283c4de,-0.8349081666281521,0.05,0.16666666666666666,-0.14313338905425252,0
f3573c44-03b4-45ef-84ec-191f4a0f4e38,c77c1518-7b72-4c79-991c-2e2f28eb6c6b,-0.3384761961302578,0.05,0.3333333333333333,-0.3849832868508582,0
f3573c44-03b4-45ef-84ec-191f4a0f4e38,f5f33e3a-e110-4f7a-9da8-46131a2a2dc2,-0.5469718502242165,0.05,0.3333333333333333,-0.24926194356554515,0
f3573c44-03b4-45ef-84ec-191f4a0f4e38,893a8c6d-2fbe-47b3-9fc2-92be76295c68,-0.9700413883600465,0.05,0.3333333333333333,-0.14086564982074828,0
f3573c44-03b4-45ef-84ec-191f4a0f4e38,eb6e6083-7d44-4105-b48e-0ba191660474,-0.9368645758722809,0.05,0.3333333333333333,-0.17813152244581149,0
f3573c44-03b4-45ef-84ec-191f4a0f4e38,1619f589-2af3-4c1c-b2e4-c998da17ebfc,-1.0066540914855966,0.05,0.16666666666666666,-0.20863568488002432,0
f3573c44-03b4-45ef-84ec-191f4a0f4e38,db5b7fff-defa-48c2-aa4f-771527b28be9,-0.8508909539856133,0.05,0.3333333333333333,-0.04692903161738221,0
f3573c44-03b4-45ef-84ec-191f4a0f4e38,b189e1c5-ca6e-49ee-be4b-991a47df740a,-0.756417212558,0.05,0.3333333333333333,-0.1528050425121644,0
e0045246-25ac-4362-8508-161eb1da3718,a54ebffa-547b-4682-849d-5b58b8386b4f,-0.8300341184166897,0.05,0.3333333333333333,-0.2359867633636829,0
e0045246-25ac-4362-8508-161eb1da3718,c862b7c1-fdf6-484c-9d38-136f9df12635,-0.9147454261845103,0.05,0.3333333333333333,-0.24745386086506388,0
e0045246-25ac-4362-8508-161eb1da3718,06c01c8c-6a43-4e1c-aa43-caecd5376b7f,-0.5609360204886893,0.05,0.3333333333333333,-0.2752283019814944,0
e0045246-25ac-4362-8508-161eb1da3718,74112c5e-506f-4db2-b2ca-3c4ece0daab7,-0.7937381961682162,0.05,0.3333333333333333,-0.17522425732285013,0
e0045246-25ac-4362-8508-161eb1da3718,b9a3a7b3-cc2b-4ead-b55b-bc6fa3a90c0d,-0.6610238221447831,0.05,0.3333333333333333,-0.20774862560228244,0
e0045246-25ac-4362-8508-161eb1da3718,e16a6a86-f5cd-4046-b3df-35f18a067070,-0.8777442740753707,0.05,0.16666666666666666,-0.12441657917914357,0
e0045246-25ac-4362-8508-161eb1da3718,157d4e7f-31c3-4333-84c3-85b392c4e48f,-0.6528779698594183,0.05,0.3333333333333333,-0.2932053446376104,0
e0045246-25ac-4362-8508-161eb1da3718,7350c859-dae2-4b3a-b9ee-22c0e62de775,1.4207208964163005,0.05,0.6666666666666666,-0.15845216471294807,0
e0045246-25ac-4362-8508-161eb1da3718,7c85d914-048b-4008-8f20-43686c0d8afd,0.6383037239960494,0.05,0.6666666666666666,-0.21171252209350253,0
e0045246-25ac-4362-8508-161eb1da3718,dda5203e-6123-469d-b867-b008e4b0155d,-0.48414742500892194,0.05,0.5,-0.23100753686309117,0
e0045246-25ac-4362-8508-161eb1da3718,b9c084b4-735c-4dad-8fe0-1fe917832919,-1.0022810825735369,0.05,0.3333333333333333,-0.16096976305410132,0
e0045246-25ac-4362-8508-161eb1da3718,da9e7f09-6fc4-45dc-9379-d9fd1c42837b,-0.8824914080540522,0.05,0.3333333333333333,-0.22056198717989534,0
e0045246-25ac-4362-8508-161eb1da3718,ca566ad9-6f26-4a84-bbde-75823c1dbecf,-0.8059697974139537,0.05,0.3333333333333333,-0.1557333474516347,0
e0045246-25ac-4362-8508-161eb1da3718,d5b505a2-3ba9-4c63-b7a8-f072dadb617d,-0.97924689826774,0.05,0.3333333333333333,-0.15962325925158663,0
e0045246-25ac-4362-8508-161eb1da3718,c989eac1-bfb2-4656-b13e-c913c148c910,-0.7966051112554289,0.05,0.5,-0.1659525003694843,0
e0045246-25ac-4362-8508-161eb1da3718,79ae2454-ce3e-436e-9e8f-1e42ac5c00c4,-0.7530174612762974,0.05,0.5,-0.2375708593385206,0
e0045246-25ac-4362-8508-161eb1da3718,609ebd82-22ef-40ac-ac73-0568439bce38,-2.614317209776999,0.05,0.3333333333333333,-0.06120045078762517,0
e0045246-25ac-4362-8508-161eb1da3718,8985d604-bd2f-4ced-8ec0-85f56ecd9008,-0.7180134096637358,0.05,0.3333333333333333,-0.10143101540968963,0
e0045246-25ac-4362-8508-161eb1da3718,7245d63d-68c5-454a-ad69-1efc33c12204,-0.8108075008880324,0.05,0.3333333333333333,-0.18671707430986867,0
e0045246-25ac-4362-8508-161eb1da3718,ac41c9e4-c181-46c5-8fe4-f8d06b9c4a87,-0.5708452401583997,0.05,0.3333333333333333,-0.24439012916663716,0
e0045246-25ac-4362-8508-161eb1da3718,f28e0165-98c7-4ac4-b1e6-375e5c9fd1f3,-0.7826318653364486,0.05,0.3333333333333333,-0.1963363172577143,0
e0045246-25ac-4362-8508-161eb1da3718,9eb024ad-f892-4bb6-8adf-844a0b393f85,-0.5853020583546975,0.05,0.0,-0.19122395407459314,0
e0045246-25ac-4362-8508-161eb1da3718,a912fa3a-d3c3-4f53-9025-46d0940c483c,-0.4465116405516203,0.05,0.6666666666666666,-0.25011898289620615,0
e0045246-25ac-4362-8508-161eb1da3718,ee50a6ab-469f-4420-81cd-e10c09c3e6db,-0.6866180908895547,0.05,0.3333333333333333,-0.1601378562213132,0
e0045246-25ac-4362-8508-161eb1da3718,ae7c797e-662b-4e9e-a34f-8157c42eb744,-0.5840935582500482,0.05,0.3333333333333333,-0.16402024780034197,0
68c4873e-72dd-487e-a659-e965d8a5b3f7,3347d010-5951-4f4b-9012-fcc185356c6b,0.7110031148157976,0.05,0.0,0.04445370317900332,0
68c4873e-72dd-487e-a659-e965d8a5b3f7,cb825a87-5ce5-4690-8509-d902989efd9b,0.4990374044591457,0.05,0.16666666666666666,-0.07205458601008001,0
68c4873e-72dd-487e-a659-e965d8a5b3f7,bbfc886f-7021-45bd-9484-8f8c60414a14,0.6973500032430566,0.05,0.0,0.14061054573841758,0
68c4873e-72dd-487e-a659-e965d8a5b3f7,90a7f15e-52f3-4e3d-a9b8-d42b381f28a1,0.5739074508051534,0.05,0.0,0.011926472322920921,0
68c4873e-72dd-487e-a659-e965d8a5b3f7,0687c1a8-5693-4965-8f82-442a891b2519,0.4206324293514214,0.05,0.0,0.07578428955612825,0
68c4873e-72dd-487e-a659-e965d8a5b3f7,f5fa8056-ca3c-4930-b5c1-86a0d89147c1,0.5524649358337932,0.05,0.0,0.0023876858326479958,0
68c4873e-72dd-487e-a659-e965d8a5b3f7,bc09d0f1-c35a-4f6b-831f-3a30a20bcd55,0.624944144127924,0.05,0.0,-0.0035568296845761246,0
68c4873e-72dd-487e-a659-e965d8a5b3f7,f2e4396f-493d-4243-86b7-0bd0cb4d08e3,0.672251392551706,0.05,0.0,0.08093868693186604,0
68c4873e-72dd-487e-a659-e965d8a5b3f7,ed0b5cb6-76b5-4741-96c7-6d6491b81ea0,0.5781962885828626,0.05,0.0,-0.07483704963711027,0
68c4873e-72dd-487e-a659-e965d8a5b3f7,bc255ea5-7fb7-4df1-bf38-6a55b94a5f19,0.46148555211239106,0.05,0.16666666666666666,-0.0488883136988603,0
68c4873e-72dd-487e-a659-e965d8a5b3f7,4c3066e4-a936-48d5-8f60-f18329363f4b,0.5651256157855054,0.05,0.3333333333333333,-0.00898488637879473,0
68c4873e-72dd-487e-a659-e965d8a5b3f7,48927090-7c6c-4a87-85c2-a7bfc01ea0b3,0.4554399304173131,0.05,0.0,0.04444675969202819,0
68c4873e-72dd-487e-a659-e965d8a5b3f7,95f610d6-2b68-4219-8f59-da5a2554a7e3,0.5300998929266383,0.05,0.0,-0.06534196580195535,0
68c4873e-72dd-487e-a659-e965d8a5b3f7,dabb4b32-8a5a-496b-8c3e-f68c52acb43e,0.33377919268885936,0.05,0.0,-0.0820508448041613,0
68c4873e-72dd-487e-a659-e965d8a5b3f7,4b253d77-0a27-4545-9a51-48d25e1e4d3a,0.4078808328296111,0.05,0.0,-0.14050537345350783,0
68c4873e-72dd-487e-a659-e965d8a5b3f7,c65c0c4b-48a2-429f-9a82-a4ba233b307b,0.5342814986176103,0.05,0.0,-0.07638440977987133,0
68c4873e-72dd-487e-a659-e965d8a5b3f7,1f4e4566-fdc7-4747-9219-2cb89077e86b,0.3930334570706986,0.05,0.16666666666666666,-0.07760026970888828,0
68c4873e-72dd-487e-a659-e965d8a5b3f7,f153162f-db82-44bb-a79d-86410ac226cb,0.3839250015836724,0.05,0.0,-0.10629565128434573,0
68c4873e-72dd-487e-a659-e965d8a5b3f7,8b2e63c8-5115-408a-b346-64e8cab27f48,0.6211977829361839,0.05,0.0,-0.04126714664094033,0
68c4873e-72dd-487e-a659-e965d8a5b3f7,28a82f6f-09d8-4b19-8bd3-461a1864a7fb,0.6157189952854107,0.05,0.0,-0.014413117604764396,0
68c4873e-72dd-487e-a659-e965d8a5b3f7,28fd565d-02f1-46be-8d24-add72bbda0ba,0.6145659176507143,0.05,0.0,-0.08155347692057287,0
68c4873e-72dd-487e-a659-e965d8a5b3f7,0d11e879-bcd1-4cbc-aebc-4b14774b4a9c,0.8002661085496161,0.05,0.0,-0.07443731032486245,0
68c4873e-72dd-487e-a659-e965d8a5b3f7,de397299-be3c-4d41-8000-cb4248472bab,0.5776075835237275,0.05,0.0,-0.038892211436128275,0
68c4873e-72dd-487e-a659-e965d8a5b3f7,6a8d540f-343d-4dec-878a-940f9ba8ae05,0.5518218803941117,0.05,0.0,0.02943522816797894,0
68c4873e-72dd-487e-a659-e965d8a5b3f7,3acb6043-32bd-41ca-9324-537e1047c88b,0.40001579852746794,0.05,0.0,0.03376043936677647,0
8e296475-8a7a-40b8-a2fe-8f37af08b555,c42e5f64-58f1-45f6-9ca0-5490b8b16e98,1.5599552539749801,0.05,0.16666666666666666,-0.4016562739474711,0
8e296475-8a7a-40b8-a2fe-8f37af08b555,9ce6eef0-36b5-488c-9aba-a05d542cb079,1.096425254782476,0.05,0.16666666666666666,-0.35728164172558047,0
8e296475-8a7a-40b8-a2fe-8f37af08b555,c9673ee5-8803-4fe6-8ffc-4a06584a7928,0.9137314446214564,0.05,0.3333333333333333,-0.31543328814029925,0
8e296475-8a7a-40b8-a2fe-8f37af08b555,dff532e9-c239-4439-a09d-30f3a0cdaf53,1.3208006996865969,0.05,0.16666666666666666,-0.31985336570641354,0
8e296475-8a7a-40b8-a2fe-8f37af08b555,1d1a858b-3ae8-4c4f-90ca-38de8ce72ffc,1.4174405819026665,0.05,0.16666666666666666,-0.4165791819126773,0
8e296475-8a7a-40b8-a2fe-8f37af08b555,9d673a97-e94d-462c-9449-dc17fe165df7,1.1708816460891684,0.05,0.16666666666666666,-0.32876970718503856,0
8e296475-8a7a-40b8-a2fe-8f37af08b555,2241ffa3-b07d-4638-9369-019f638115c8,0.86704560532936,0.05,0.16666666666666666,-0.35282425062280465,0
8e296475-8a7a-40b8-a2fe-8f37af08b555,07dc2145-cfb2-4c2d-bd90-83334a78757d,1.1023631634450188,0.05,0.0,-0.31779424724396366,0
8e296475-8a7a-40b8-a2fe-8f37af08b555,8c2796d5-4069-4d26-985a-b30a3f85a4bd,1.4986044136958485,0.05,0.16666666666666666,-0.3713263512114154,0
8e296475-8a7a-40b8-a2fe-8f37af08b555,3ccd5323-3d73-4206-83ca-e0e48bee5f87,1.2749922953174444,0.05,0.16666666666666666,-0.3230539044335883,0
8e296475-8a7a-40b8-a2fe-8f37af08b555,00737b2f-f78e-463c-b277-9e96bf347ab2,1.4777559849618527,0.05,0.3333333333333333,-0.38130915922893643,0
8e296475-8a7a-40b8-a2fe-8f37af08b555,16ce086a-f076-4f49-9f4b-8eb17d4df6b1,1.218150821122829,0.05,0.0,-0.31833993065981403,0
8e296475-8a7a-40b8-a2fe-8f37af08b555,cce214ac-c7a0-4230-a114-256708271c2b,1.4477614118042688,0.05,0.3333333333333333,-0.3535280635457526,0
8e296475-8a7a-40b8-a2fe-8f37af08b555,7a153e99-4247-4124-ac05-9db8c58c1c14,1.4334830588918885,0.05,0.3333333333333333,-0.3735861327477244,0
8e296475-8a7a-40b8-a2fe-8f37af08b555,48c4e254-2a36-4c8f-a157-9382f4dd34af,1.245662521679325,0.05,0.16666666666666666,-0.3309141172265928,0
8e296475-8a7a-40b8-a2fe-8f37af08b555,e16f89c6-f022-4f1f-8117-f841b9cfd32e,1.646098479586863,0.05,0.16666666666666666,-0.3298264219016054,0
8e296475-8a7a-40b8-a2fe-8f37af08b555,f1826f65-5817-450e-93b4-140b53c9ca89,1.130483569234805,0.05,0.3333333333333333,-0.3335245525052503,0
8e296475-8a7a-40b8-a2fe-8f37af08b555,6a8a5ee3-171c-4f62-956c-2e502a30e07e,0.9251727678422554,0.05,0.3333333333333333,0.18508011801178129,0
8e296475-8a7a-40b8-a2fe-8f37af08b555,fdf869ff-494e-4bda-a9e0-0f70c328b887,1.420957610093451,0.9,0.16666666666666666,-0.3282685378748238,0
8e296475-8a7a-40b8-a2fe-8f37af08b555,7a602a92-6ddb-4fa6-bcf3-e9e87e536c65,1.3163044337502008,0.05,0.16666666666666666,-0.2960691103409268,0
8e296475-8a7a-40b8-a2fe-8f37af08b555,b14b4165-4b50-499a-99d7-8adee5aa4287,1.5279798858530533,0.05,0.3333333333333333,0.19639914969178707,0
8e296475-8a7a-40b8-a2fe-8f37af08b555,a0c88844-f83a-4dcb-9b0a-dabd6e353025,1.3543747049762134,0.05,0.16666666666666666,-0.34825555401541963,0
8e296475-8a7a-40b8-a2fe-8f37af08b555,fbe7e157-dc80-46f0-8a5c-96932a33efec,1.39706104107489,0.05,0.16666666666666666,-0.35579885612536744,0
8e296475-8a7a-40b8-a2fe-8f37af08b555,7bb8a88a-3464-47b0-a2b9-102b668c0ceb,1.6798597961105521,0.05,0.16666666666666666,-0.328889480127708,0
8e296475-8a7a-40b8-a2fe-8f37af08b555,2a83c5eb-a7b5-4400-9253-94c733e90802,1.2075827239652845,0.05,0.3333333333333333,-0.4175710303447867,0
9df2cee2-8b65-4536-b41a-e2830a509fbd,864821ad-fd6e-4432-8989-2d8acff4e916,0.1810718269794478,0.05,0.0,0.38708853722903247,0
9df2cee2-8b65-4536-b41a-e2830a509fbd,9998704e-3a90-403a-a242-413d41cd104c,-0.054544500139587004,0.05,0.16666666666666666,0.5095197430951313,0
9df2cee2-8b65-4536-b41a-e2830a509fbd,a7bbe001-6fb5-427a-be5f-3f3675e9fcd0,0.20139439012087834,0.05,0.0,0.7457281972453437,0
9df2cee2-8b65-4536-b41a-e2830a509fbd,7e5f0b65-bbe8-4e42-b3eb-068869690163,0.052944372103856274,0.05,0.16666666666666666,4.503202156621995,0
9df2cee2-8b65-4536-b41a-e2830a509fbd,b30c85d0-b738-4238-87de-174f3d3ac7b6,-0.003964759622840042,0.05,0.0,0.7867942070076082,0
9df2cee2-8b65-4536-b41a-e2830a509fbd,b24671d5-27ef-4c27-85e5-161fa0104c5a,0.05996306052113898,0.05,0.16666666666666666,5.323982823104046,0
9df2cee2-8b65-4536-b41a-e2830a509fbd,294e25b0-5d0d-42bd-aee9-eb6a60b976a0,0.03447850798504071,0.9,0.0,0.3878976826334197,0
9df2cee2-8b65-4536-b41a-e2830a509fbd,9a4fa5ca-49d0-4f5b-80de-84429db795a4,0.16386694604367413,0.05,0.0,0.40197773415286053,0
9df2cee2-8b65-4536-b41a-e2830a509fbd,700b2222-f3bc-471f-ac43-ae4e93ff0014,-0.18299949313787067,0.05,0.16666666666666666,0.2598668616946194,0
9df2cee2-8b65-4536-b41a-e2830a509fbd,13528785-905d-4392-9e15-859704036e55,0.14809029595027123,0.05,0.0,0.31153547325844344,0
9df2cee2-8b65-4536-b41a-e2830a509fbd,4ad1b6ad-33e6-4835-ad41-f25f5b619240,0.07369272671150373,0.05,0.16666666666666666,0.3393030599465803,0
9df2cee2-8b65-4536-b41a-e2830a509fbd,f83b5c5b-b397-4ba5-bb0a-1852175f781c,0.1461903776223039,0.05,0.0,0.03782861070563652,0
9df2cee2-8b65-4536-b41a-e2830a509fbd,8f269c79-5b92-4cef-b468-c058c912e0a1,0.05791778410623927,0.05,0.0,0.36909507289490995,0
9df2cee2-8b65-4536-b41a-e2830a509fbd,58edf6d0-b212-40e0-8087-4afcf01049cc,0.10649630056620385,0.05,0.0,0.4244883604006473,0
9df2cee2-8b65-4536-b41a-e2830a509fbd,6b2904f4-4afb-46ce-943d-aa7f630952f9,0.22910120715964144,0.05,0.0,0.6358275363336979,0
9df2cee2-8b65-4536-b41a-e2830a509fbd,b0dd4d24-94db-4c1b-bd4e-b174a5573fc5,0.23771345204783767,0.05,0.0,0.2603891664299976,0
9df2cee2-8b65-4536-b41a-e2830a509fbd,1a1cebb4-cbc0-4281-8d9a-df51d945cabc,0.09648069764840983,0.05,0.0,0.09959447151809897,0
9df2cee2-8b65-4536-b41a-e2830a509fbd,910f3d99-0c0a-4b8a-85c2-6b8bf0e6844c,0.11435957144162057,0.9,0.0,0.02643649332429126,0
9df2cee2-8b65-4536-b41a-e2830a509fbd,9335bc29-bf39-45cf-a6b3-296736ca6dce,0.12419729563292314,0.05,0.0,-0.07590253959691018,0
9df2cee2-8b65-4536-b41a-e2830a509fbd,65590b81-2ca4-4878-8912-be8733df5abf,0.11317833544253553,0.05,0.0,0.24623609015245154,0
9df2cee2-8b65-4536-b41a-e2830a509fbd,a77f4331-889f-4bfd-ab55-b44cf91ccc22,-0.01981762480258409,0.05,0.16666666666666666,0.6089487329860517,0
9df2cee2-8b65-4536-b41a-e2830a509fbd,3e27dc8f-5143-4411-8367-5e1a8c7cdc20,0.1108977839930354,0.05,0.16666666666666666,0.6099162398845281,0
9df2cee2-8b65-4536-b41a-e2830a509fbd,f088cccf-e400-4896-af14-33cdffbdf84f,0.1271913450174047,0.05,0.0,0.687054898652143,0
9df2cee2-8b65-4536-b41a-e2830a509fbd,1eea2d67-a66f-4fb6-ab1e-cc956fd0d551,-0.06376509897015481,0.05,0.0,0.5912325668959426,0
9df2cee2-8b65-4536-b41a-e2830a509fbd,f7033f88-3a23-4048-b548-8943ac005891,0.07037142909234095,0.05,0.0,0.26256321005067645,0
2b3eedc3-8d51-46a6-aad5-2fc6d6fb8784,aebc1b45-089c-4ccb-8f0c-d496ec8a1abf,-2.336076526033258,0.05,0.3333333333333333,-0.2406245868142172,0
2b3eedc3-8d51-46a6-aad5-2fc6d6fb8784,4fbd6b2a-3ec3-473e-84c0-3211fd806204,-1.8484561017825114,0.05,0.5,-0.1302624119027745,0
2b3eedc3-8d51-46a6-aad5-2fc6d6fb8784,0e67ae3d-3bd7-489f-a4f2-1ffe77e2b70a,-1.970531771267722,0.05,0.5,-0.2222227946426519,0
2b3eedc3-8d51-46a6-aad5-2fc6d6fb8784,361024d3-00a1-42da-96ac-48e679464cc0,-2.1263349330081764,0.05,0.5,-0.28745319002205133,0
2b3eedc3-8d51-46a6-aad5-2fc6d6fb8784,8df2793f-3451-4dc4-9f44-aff95357cd47,-2.2368253566446605,0.05,0.5,-0.31989451122088364,0
2b3eedc3-8d51-46a6-aad5-2fc6d6fb8784,fd39b0cc-0bf6-4800-91bd-9e100ef84d50,-1.9806484172610412,0.05,0.6666666666666666,-0.2261598613658689,0
2b3eedc3-8d51-46a6-aad5-2fc6d6fb8784,54f94dd3-3eac-48e9-8917-0ab8e53da314,-1.9429205907450582,0.05,0.5,-0.28243394305077746,0
2b3eedc3-8d51-46a6-aad5-2fc6d6fb8784,fc8afbc1-95aa-453d-a074-f304f07916c2,-1.856111655568669,0.9,0.3333333333333333,-0.1824387698337391,0
2b3eedc3-8d51-46a6-aad5-2fc6d6fb8784,257b2c75-2217-44de-bafc-9c5ab87e2998,-2.077365536162457,0.05,0.5,-0.20369882411313214,0
2b3eedc3-8d51-46a6-aad5-2fc6d6fb8784,3152f4e5-1606-44b7-9477-70b73278abb2,-0.9942991275997666,0.05,0.8333333333333334,-0.0682056821855919,0
2b3eedc3-8d51-46a6-aad5-2fc6d6fb8784,6596ade1-0120-4230-b297-6ac29e06bbf4,-1.9453859582031332,0.05,0.5,-0.1180441418911754,0
2b3eedc3-8d51-46a6-aad5-2fc6d6fb8784,b6c42e16-70cd-4598-9b88-73173c187b08,-1.9000844125413479,0.05,0.6666666666666666,-0.16656662800528016,0
2b3eedc3-8d51-46a6-aad5-2fc6d6fb8784,c742e7d9-03d5-4316-a9e8-7e344b973536,-2.1132661820731595,0.05,0.5,-0.18364966511289504,0
2b3eedc3-8d51-46a6-aad5-2fc6d6fb8784,e1ee9151-fa0c-4674-9f47-72b7a954efde,-2.228744140239149,0.05,0.3333333333333333,-0.2631303549014577,0
2b3eedc3-8d51-46a6-aad5-2fc6d6fb8784,a041fc8d-b5ed-463f-9047-80cb4f403317,-2.141565214121429,0.05,0.3333333333333333,-0.2248578106599939,0
2b3eedc3-8d51-46a6-aad5-2fc6d6fb8784,a5048184-f819-4d06-985f-ebe4c3483be3,-2.0340044285994674,0.05,0.6666666666666666,-0.2894732854925612,0
2b3eedc3-8d51-46a6-aad5-2fc6d6fb8784,909d91cc-94ed-406f-b63d-b239d54aa206,-2.1652025465897546,0.9,0.6666666666666666,-0.1560369818817162,0
2b3eedc3-8d51-46a6-aad5-2fc6d6fb8784,b0cfe016-acef-4264-8808-d1f80c414d07,-1.9726031613170547,0.05,0.5,-0.2932808832043986,0
2b3eedc3-8d51-46a6-aad5-2fc6d6fb8784,7bf92900-76a4-4582-ad85-565d4cb83ca2,-2.0905054120144886,0.05,0.5,-0.21790033583763135,0
2b3eedc3-8d51-46a6-aad5-2fc6d6fb8784,b4442968-2a3d-45b8-81a4-c6148100ea1a,-1.9763657732145505,0.05,0.16666666666666666,-0.2573064120944412,0
2b3eedc3-8d51-46a6-aad5-2fc6d6fb8784,c14b0162-de37-4b40-b64c-ded668162e6c,-2.0880329034302325,0.05,0.5,-0.23447405887647324,0
2b3eedc3-8d51-46a6-aad5-2fc6d6fb8784,2ded5b2f-a6d3-4472-aef3-7f8753f5953c,-2.1888970802458916,0.05,0.3333333333333333,-0.21086698626204586,0
2b3eedc3-8d51-46a6-aad5-2fc6d6fb8784,832a0d40-c54e-4f61-a817-92ced0ba7741,-2.1008295058895,0.05,0.3333333333333333,-0.1695592710508868,0
2b3eedc3-8d51-46a6-aad5-2fc6d6fb8784,1788b799-f06d-490f-96d4-ce136032c478,-2.1520560824419324,0.05,0.5,-0.1692516701048701,0
2b3eedc3-8d51-46a6-aad5-2fc6d6fb8784,31504ceb-9402-4e8c-916c-6880f4792866,-2.55868921164954,0.05,0.5,1.1903850784430399,0
ef2021cb-85d4-4f61-80a2-640d5cf681d3,f146dea9-6ac9-41bd-a1a2-e29397a831f8,-0.7776797410305734,0.05,0.3333333333333333,-0.058964154449190675,0
ef2021cb-85d4-4f61-80a2-640d5cf681d3,bd7c0b6a-4a7f-4677-9746-aac409cbbf32,-0.4670874356737249,0.05,0.3333333333333333,-0.1876098393815776,0
ef2021cb-85d4-4f61-80a2-640d5cf681d3,7eb6aaed-abf5-4994-bde7-4472ba491ac3,-0.7872550057159309,0.05,0.5,-0.32165235416154875,0
ef2021cb-85d4-4f61-80a2-640d5cf681d3,664a69a3-d54e-4ac8-8288-dbfca440b449,-0.2851610570419765,0.05,0.16666666666666666,0.0016109460424314776,0
ef2021cb-85d4-4f61-80a2-640d5cf681d3,94c97c27-f355-44bc-ac5d-014d9f3e7533,-0.7844934522561804,0.05,0.3333333333333333,-0.1147658979669556,0
ef2021cb-85d4-4f61-80a2-640d5cf681d3,88ccc161-612b-46a0-b774-e713d1d8ba0e,-0.4938923912996347,0.05,0.16666666666666666,-0.06462708980727092,0
ef2021cb-85d4-4f61-80a2-640d5cf681d3,749c728e-985e-4958-a1f4-7e14bea2ca7f,-0.5409344242358083,0.05,0.16666666666666666,-0.18373157162308817,0
ef2021cb-85d4-4f61-80a2-640d5cf681d3,38628bde-8834-463a-8b53-3dc49c25e3a0,-0.539240676391155,0.05,0.3333333333333333,-0.056723205724814776,0
ef2021cb-85d4-4f61-80a2-640d5cf681d3,e00101ff-7899-408b-9443-772721d6457b,-0.3557693058898588,0.05,0.3333333333333333,-0.26879145804166954,0
ef2021cb-85d4-4f61-80a2-640d5cf681d3,76a75e0c-da75-43a4-9324-624e521a4154,-0.41136698662507065,0.05,0.16666666666666666,-0.17726564097986783,0
ef2021cb-85d4-4f61-80a2-640d5cf681d3,6f34e609-c871-4385-a8fe-be0905a8de84,-0.33875666532268633,0.05,0.16666666666666666,-0.1094423142560662,0
ef2021cb-85d4-4f61-80a2-640d5cf681d3,5bed3fb8-f1f0-4188-9daa-3037ee85b2e7,-0.6387502821382665,0.9,0.3333333333333333,-0.10194738998469069,0
ef2021cb-85d4-4f61-80a2-640d5cf681d3,5f5dcd84-0c23-4224-86d6-97215d2a5da2,-0.7522268432694372,0.05,0.5,-0.2231034749779668,0
ef2021cb-85d4-4f61-80a2-640d5cf681d3,61278059-f71c-4436-97be-5ecab6f08220,-0.7430134520269509,0.05,0.5,-0.03505989783519496,0
ef2021cb-85d4-4f61-80a2-640d5cf681d3,33db6931-9e26-41ff-89bb-71406fa89d10,-0.7373185567968896,0.05,0.3333333333333333,-0.0951912675251509,0
ef2021cb-85d4-4f61-80a2-640d5cf681d3,fa9ba7c9-cf1c-48cb-8c5c-8e4e6d4656ba,-0.5233203352592875,0.05,0.3333333333333333,1.2889468400762343,0
ef2021cb-85d4-4f61-80a2-640d5cf681d3,9e55fdd6-761b-4ef5-a6f7-f536e2a3e443,-0.9083291669953009,0.05,0.5,-0.17097104546830794,0
ef2021cb-85d4-4f61-80a2-640d5cf681d3,9ef37bf1-4d96-4749-9a5e-5c10ac5c124f,-0.21828098348404845,0.9,0.3333333333333333,-0.09413266498912357,0
ef2021cb-85d4-4f61-80a2-640d5cf681d3,c38d6dcb-6cba-4300-bee0-a5c1f6d4ef7d,-0.20594254256380928,0.05,0.3333333333333333,-0.19142787199745745,0
ef2021cb-85d4-4f61-80a2-640d5cf681d3,5f33df1f-2471-4b88-8e40-5e260133aaf3,-0.6386945443654151,0.05,0.3333333333333333,-0.13558804985135547,0
ef2021cb-85d4-4f61-80a2-640d5cf681d3,e2e3041b-7036-44da-9236-506188bc19ca,-0.728275833991944,0.05,0.6666666666666666,-0.1490637948241682,0
ef2021cb-85d4-4f61-80a2-640d5cf681d3,e252e4ce-0940-431f-b666-6bbbfff241d1,-0.9385361371328118,0.05,0.5,-0.13096581083078213,0
ef2021cb-85d4-4f61-80a2-640d5cf681d3,8c378db5-8b79-4d8f-9f24-dadb44e2dead,-0.8816363292103695,0.05,0.5,-0.28219140510468227,0
ef2021cb-85d4-4f61-80a2-640d5cf681d3,a00422c9-730b-4fb9-a708-507e8ac7eecc,-0.49998391428530287,0.05,0.3333333333333333,-0.10911524515403462,0
ef2021cb-85d4-4f61-80a2-640d5cf681d3,1c89abed-97a3-413b-8340-110327e313de,-0.8307618467022393,0.05,0.3333333333333333,-0.06162291443199744,0
eea75e62-2dc7-43b3-ad9c-3a1c950c0e1a,c2e96c66-082b-4341-bf7a-b2e50fd03d44,-0.9812515558467112,0.05,0.3333333333333333,-0.28409483532507107,0
eea75e62-2dc7-43b3-ad9c-3a1c950c0e1a,55978ac5-b781-44ef-bc9b-dba1257fb5bb,-0.7467838169444074,0.05,0.3333333333333333,-0.3192523715424552,0
eea75e62-2dc7-43b3-ad9c-3a1c950c0e1a,210cc7c4-d9cc-4aeb-9504-1907deddebba,-0.41049880686536655,0.05,0.3333333333333333,-0.3919925770826265,0
eea75e62-2dc7-43b3-ad9c-3a1c950c0e1a,33b1542c-3cc9-4724-ba3c-234b7047f4a5,-0.9274095330438352,0.05,0.16666666666666666,-0.36228067774653044,0
eea75e62-2dc7-43b3-ad9c-3a1c950c0e1a,2307a44b-60e1-4974-9708-dc5a016ab1c1,-0.5650408354616192,0.05,0.5,-0.2725342693525492,0
eea75e62-2dc7-43b3-ad9c-3a1c950c0e1a,6d9953f7-ba2c-4739-a069-f421430b8f7a,-0.8686643531590597,0.05,0.16666666666666666,-0.306260158355249,0
eea75e62-2dc7-43b3-ad9c-3a1c950c0e1a,247052aa-e7ae-40ec-b610-3bb096f399b1,-0.9180512046274156,0.05,0.16666666666666666,-0.3155583970934477,0
eea75e62-2dc7-43b3-ad9c-3a1c950c0e1a,427de7b0-6931-4f6f-acfd-b0ef66c2eab4,-0.8871783978595897,0.05,0.3333333333333333,-0.33386733142677133,0
eea75e62-2dc7-43b3-ad9c-3a1c950c0e1a,dc17f9ad-24f9-4bf9-8c90-cfd927809ba7,-0.6944384021951229,0.05,0.3333333333333333,-0.32810379007030105,0
eea75e62-2dc7-43b3-ad9c-3a1c950c0e1a,4a1e1464-c2d7-44c8-a580-43a5c32ce46f,-0.5882572362728644,0.05,0.3333333333333333,-0.2736487072198069,0
eea75e62-2dc7-43b3-ad9c-3a1c950c0e1a,b8f6b6b4-127c-4e5a-83ea-c937aca6a080,-0.792785667664234,0.05,0.16666666666666666,-0.15685717657044151,0
eea75e62-2dc7-43b3-ad9c-3a1c950c0e1a,178b9c72-3555-435a-bce1-e83a425a350c,-0.6943427463679801,0.05,0.3333333333333333,-0.3028708879839709,0
eea75e62-2dc7-43b3-ad9c-3a1c950c0e1a,697313dc-31b1-4609-aa28-e07efc1bb1ad,-0.9838704268761589,0.05,0.3333333333333333,-0.2683215045209411,0
eea75e62-2dc7-43b3-ad9c-3a1c950c0e1a,178a0247-07f0-46df-a8a3-e67b635d9a6a,-0.5623951646148195,0.05,0.16666666666666666,-0.2849049932904099,0
eea75e62-2dc7-43b3-ad9c-3a1c950c0e1a,c4f0ebbf-b0c5-4d53-967c-dd71ae9d7915,-0.6041723788011981,0.05,0.3333333333333333,-0.2663676187858434,0
eea75e62-2dc7-43b3-ad9c-3a1c950c0e1a,e333d90e-ef0d-4616-9ff7-0ec12f8bc866,-0.9385275729041291,0.05,0.5,-0.35069878437380125,0
eea75e62-2dc7-43b3-ad9c-3a1c950c0e1a,606a6c97-4fc3-4b47-9c7c-ed85f5196c80,-0.8082567722778338,0.05,0.16666666666666666,-0.29006104986532244,0
eea75e62-2dc7-43b3-ad9c-3a1c950c0e1a,25982dfe-0392-4623-8c95-bffae6e3c673,-0.7769494187512103,0.05,0.16666666666666666,-0.2262179257557914,0
eea75e62-2dc7-43b3-ad9c-3a1c950c0e1a,e2b8d2ce-a27f-4c67-950f-dcc7a2d92344,-0.7111296008915904,0.05,0.5,-0.3122012100590494,0
eea75e62-2dc7-43b3-ad9c-3a1c950c0e1a,684e1f92-715c-483d-b8cf-f6df143ed6f0,-0.6710002279366702,0.05,0.3333333333333333,-0.23828733646084868,0
eea75e62-2dc7-43b3-ad9c-3a1c950c0e1a,409758cb-c754-43c8-998b-a54d2370ff87,-0.8081689739544142,0.05,0.5,-0.24563393740167122,0
eea75e62-2dc7-43b3-ad9c-3a1c950c0e1a,30cb0271-b417-420c-a473-30cc3b504718,-1.0397706779515725,0.05,0.16666666666666666,-0.2662804271047361,0
eea75e62-2dc7-43b3-ad9c-3a1c950c0e1a,5f6f716c-b770-4642-ab82-e543d2b15d95,-0.7584448830107955,0.05,0.5,-0.3241381793936846,0
eea75e62-2dc7-43b3-ad9c-3a1c950c0e1a,3b9047f9-4b65-449e-9b09-36d4933a1076,-0.7468648052848685,0.05,0.5,-0.2698051000234082,0
eea75e62-2dc7-43b3-ad9c-3a1c950c0e1a,c1e34edf-80a7-442f-a8af-06d96eaf2e3c,-0.7777054528599137,0.05,0.3333333333333333,-0.3734707596042397,0
4ab245ed-5737-4e36-8bde-e38a20c9ed25,b179f0b7-ee83-453e-ad3b-2a30ee5e8296,0.3819999615556986,0.05,0.0,-0.007423162447601993,0
4ab245ed-5737-4e36-8bde-e38a20c9ed25,c32c5092-6167-4e52-9ee9-4a1652665498,0.6199096097660304,0.05,0.16666666666666666,-0.02013001365906869,0
4ab245ed-5737-4e36-8bde-e38a20c9ed25,68ab7be7-4796-4656-96ba-411d95d6b57c,0.6653813046172568,0.05,0.0,-0.054506287890478344,0
4ab245ed-5737-4e36-8bde-e38a20c9ed25,37391676-b5ce-4237-b18b-b3e0de391362,0.5068701188616904,0.05,0.0,0.04672302368695013,0
4ab245ed-5737-4e36-8bde-e38a20c9ed25,67054497-13ee-42f0-8a2c-0349642fea13,0.5352167923071827,0.05,0.0,-0.18587595730648282,0
4ab245ed-5737-4e36-8bde-e38a20c9ed25,396db682-81be-416d-a8da-c72f9d662c60,0.850173472261786,0.05,0.16666666666666666,0.05082190482173476,0
4ab245ed-5737-4e36-8bde-e38a20c9ed25,610859f7-a080-4fa7-82f7-ed478c08d414,0.7303887315628463,0.05,0.0,-0.07874484099040167,0
4ab245ed-5737-4e36-8bde-e38a20c9ed25,31d20f77-926c-42ac-a060-8e507e252795,-1.7873459948392116,0.05,0.0,0.17347956822178898,0
4ab245ed-5737-4e36-8bde-e38a20c9ed25,aebac419-bbe9-4c7d-9993-233b7708edf7,0.3888998793348941,0.05,0.3333333333333333,0.006501612062512178,0
4ab245ed-5737-4e36-8bde-e38a20c9ed25,aa62bcb9-6f27-4316-b13b-194199225044,0.8237118433280308,0.05,0.0,-0.034306706819288386,0
4ab245ed-5737-4e36-8bde-e38a20c9ed25,2f4d5fcc-67a9-451a-8a0a-3fffa81de651,0.51567156507741,0.05,0.16666666666666666,0.13137962008767498,0
4ab245ed-5737-4e36-8bde-e38a20c9ed25,eaf0b4a3-a55f-401a-8b3d-8c45e6d61b5a,0.5887553195066113,0.05,0.0,-0.18066797013113775,0
4ab245ed-5737-4e36-8bde-e38a20c9ed25,51d9aad0-70cd-40f0-af88-08718acedc2b,0.3602385465235267,0.05,0.16666666666666666,-0.04451051317521873,0
4ab245ed-5737-4e36-8bde-e38a20c9ed25,a0a0a897-73d5-4b93-b540-b0989ce1f631,0.7729146520605763,0.05,0.0,-0.04568182357135711,0
4ab245ed-5737-4e36-8bde-e38a20c9ed25,93261f7b-cfe8-4703-9401-84a7e5412e4d,0.779187067260132,0.05,0.0,-0.017247918895652033,0
4ab245ed-5737-4e36-8bde-e38a20c9ed25,839c2e6a-e6c9-440e-a141-51d43389cc4b,0.5911215646501287,0.05,0.0,-0.11298044536254144,0
4ab245ed-5737-4e36-8bde-e38a20c9ed25,c9cbcb5b-f945-46b9-9d0e-4498efdeea91,0.8138884722859343,0.05,0.0,-0.18726960626798575,0
4ab245ed-5737-4e36-8bde-e38a20c9ed25,b3da292b-a5fe-43c0-b624-cf68f4490898,0.5271641277586001,0.05,0.0,0.11740586374501226,0
4ab245ed-5737-4e36-8bde-e38a20c9ed25,858764f9-1db9-42e2-95df-64d3ef933e5a,0.4912502271509638,0.05,0.0,0.05650973444486703,0
4ab245ed-5737-4e36-8bde-e38a20c9ed25,06802393-3c82-48ee-b36e-0e697e78f4b0,0.25851060634215717,0.05,0.0,-0.018042601410414364,0
4ab245ed-5737-4e36-8bde-e38a20c9ed25,8e8e6bec-dbd6-4258-b4ff-5c9234e98013,0.6006424465970186,0.05,0.16666666666666666,0.023348498437853513,0
4ab245ed-5737-4e36-8bde-e38a20c9ed25,a8ef5dc6-e6b6-4bcc-a4d9-9e26c6635d77,0.8053964963802311,0.05,0.0,0.18583710963165612,0
4ab245ed-5737-4e36-8bde-e38a20c9ed25,c4a1696e-d3ec-4db1-83ff-96039e5fb58e,0.7324382550939221,0.05,0.0,-0.03532781879649687,0
4ab245ed-5737-4e36-8bde-e38a20c9ed25,7cd6f78e-8dcb-4a29-8f33-0f65429461e5,0.5814105797365157,0.05,0.0,0.012170524853238704,0
4ab245ed-5737-4e36-8bde-e38a20c9ed25,f32b3c9f-546f-409d-b85c-422fefbe6c40,0.6299634838697221,0.05,0.0,-0.0776101173917134,0
cd8a7607-0fff-4159-bcf5-1e11f58eaa16,58663b80-8f3a-4abe-8dbe-6c43780ef890,1.1498176659872446,0.05,0.16666666666666666,-0.3813633334482459,0
cd8a7607-0fff-4159-bcf5-1e11f58eaa16,d5b60156-47ed-46e9-88e0-5dfc7f457813,1.4721631018535541,0.05,0.3333333333333333,-0.3915376164062078,0
cd8a7607-0fff-4159-bcf5-1e11f58eaa16,eadf2e6e-88dd-4ba1-bfcb-b0b4d012a564,1.2105246936960565,0.05,0.16666666666666666,-0.43087059658832166,0
cd8a7607-0fff-4159-bcf5-1e11f58eaa16,f55dff6d-b8bb-41f8-bbfc-7bae27f8395f,1.4782230242848433,0.05,0.3333333333333333,-0.39291899089873045,0
cd8a7607-0fff-4159-bcf5-1e11f58eaa16,05b8cf5f-2ea9-455e-81a6-c19e0895ec1c,1.455742835839903,0.05,0.0,-0.35969009501902316,0
cd8a7607-0fff-4159-bcf5-1e11f58eaa16,4b0e6e60-901c-4562-8c3b-7e2a26659734,1.4882226091538744,0.05,0.16666666666666666,-0.37604971145755894,0
cd8a7607-0fff-4159-bcf5-1e11f58eaa16,35443d4c-f7ea-442d-b779-0702219efdbc,1.1231496425638952,0.05,0.16666666666666666,-0.4100591253349335,0
cd8a7607-0fff-4159-bcf5-1e11f58eaa16,4232dc14-b90b-433c-912c-81cf831aeea9,1.0608158322672203,0.05,0.16666666666666666,-0.36017036469296215,0
cd8a7607-0fff-4159-bcf5-1e11f58eaa16,aa533ce8-ec93-4c64-a8c1-b2d56f176086,1.7393520222027066,0.05,0.3333333333333333,-0.34720185723420155,0
cd8a7607-0fff-4159-bcf5-1e11f58eaa16,5943c87f-3ced-495c-8d02-c21dbd5e26d1,1.288890269451886,0.05,0.16666666666666666,-0.35160416369073844,0
cd8a7607-0fff-4159-bcf5-1e11f58eaa16,28693923-74e9-4a9e-bbd4-726ada328b17,1.5698696689241096,0.05,0.3333333333333333,-0.4367056276037896,0
cd8a7607-0fff-4159-bcf5-1e11f58eaa16,dc8ec675-2fe5-4d03-84bf-6fbe615a6433,1.6457433565393558,0.05,0.16666666666666666,-0.07221248132168939,0
cd8a7607-0fff-4159-bcf5-1e11f58eaa16,f81cdb03-6f81-4e84-8b96-ee8ce8fc90f4,1.1340082387005435,0.05,0.3333333333333333,-0.366550605722752,0
cd8a7607-0fff-4159-bcf5-1e11f58eaa16,1d651326-fbc5-4ed2-9c4b-1184d9d268cd,1.4510856513978903,0.05,0.16666666666666666,-0.4165941720709479,0
cd8a7607-0fff-4159-bcf5-1e11f58eaa16,68263ce5-0bfa-4f6f-bb4c-d55ff54107f9,1.4445562246151322,0.05,0.16666666666666666,-0.38202236088605196,0
cd8a7607-0fff-4159-bcf5-1e11f58eaa16,8eaf67f6-33f8-4509-a2d8-c8f81425b43f,1.4045266044485425,0.05,0.16666666666666666,-0.4029304203650884,0
cd8a7607-0fff-4159-bcf5-1e11f58eaa16,917173ac-cac5-4388-a4d2-054bbc48366d,1.3761873259881447,0.05,0.16666666666666666,-0.42856996513309914,0
cd8a7607-0fff-4159-bcf5-1e11f58eaa16,d01e6d60-a0b1-400b-89b8-a44222c09fe4,1.0230561262387656,0.05,0.0,-0.4326330555265084,0
cd8a7607-0fff-4159-bcf5-1e11f58eaa16,de9a5cc2-4933-439e-92d0-2a135a741e6f,1.706140070396243,0.05,0.0,-0.376362790233179,0
cd8a7607-0fff-4159-bcf5-1e11f58eaa16,6020bd85-243f-465d-82ab-3988205aebea,1.6084798360164099,0.05,0.0,-0.3911587939824445,0
cd8a7607-0fff-4159-bcf5-1e11f58eaa16,8d248def-3486-43f5-b3c2-8ba96062b9dc,4.871884573200607,0.05,0.5,-0.37118415615986905,0
cd8a7607-0fff-4159-bcf5-1e11f58eaa16,207f84f2-d073-4de5-9e0b-8e3370b3f756,1.2941826631944204,0.05,0.16666666666666666,-0.4067295611956473,0
cd8a7607-0fff-4159-bcf5-1e11f58eaa16,fee29cf9-87df-4d25-bba2-2b7ed005a0c4,1.1619000319176953,0.05,0.16666666666666666,-0.3957277689580935,0
cd8a7607-0fff-4159-bcf5-1e11f58eaa16,70ac6b84-9899-469c-9d5b-ed598c7cbc76,1.0795273042926032,0.05,0.16666666666666666,-0.35980934741466913,0
cd8a7607-0fff-4159-bcf5-1e11f58eaa16,2e583bbd-e002-4979-a969-f52b0d68b26f,1.4278429076891967,0.05,0.3333333333333333,-0.3656188440516824,0
f912f797-d472-4174-b068-daadd769e49d,6af438ca-f0bd-450d-a160-8dbd578c41a6,0.08054680941778525,0.05,0.0,1.1827227410514458,0
f912f797-d472-4174-b068-daadd769e49d,4adaa570-fdff-45c0-aef6-7cdee886f4ee,-0.11633455174224894,0.05,0.0,0.8632459274407146,0
f912f797-d472-4174-b068-daadd769e49d,62afd422-4dca-48cb-858a-e821591a8111,-0.13714979186438114,0.05,0.0,0.7512676102462239,0
f912f797-d472-4174-b068-daadd769e49d,c8d0fdd6-1a16-41a3-a2a3-0aa8c49ea0f1,-0.11430668126780219,0.05,0.0,1.328334253676912,0
f912f797-d472-4174-b068-daadd769e49d,b31a2d78-d5a7-4c04-a1eb-94e2e4f66fcc,0.01670625634906653,0.05,0.0,0.7604885222659248,0
f912f797-d472-4174-b068-daadd769e49d,6ceaa1fa-358b-4bce-a5e1-bc363d8ceb6c,-0.004348280298009932,0.05,0.16666666666666666,0.962785546292843,0
f912f797-d472-4174-b068-daadd769e49d,263ed85b-0b2c-4e6d-99bc-60799a734980,-1.4005665338609568,0.05,0.0,0.7647979867666679,0
f912f797-d472-4174-b068-daadd769e49d,0edf1489-927e-4944-a53e-e56f7e181bb9,-0.01791353465505896,0.05,0.0,0.906321255982976,0
f912f797-d472-4174-b068-daadd769e49d,539ccc32-d5d7-46ef-a84c-089a2be6005f,-0.013901196021159024,0.05,0.0,0.5222190612234073,0
f912f797-d472-4174-b068-daadd769e49d,fad91d8d-251d-4ede-b9f2-4c317859cf2a,0.01602360254748625,0.05,0.0,0.764473785242544,0
f912f797-d472-4174-b068-daadd769e49d,ec9147f1-6357-4b99-b0e5-f80fcd0ef446,-0.08092242974933406,0.9,0.16666666666666666,0.9517797241974042,0
f912f797-d472-4174-b068-daadd769e49d,3ddd58b4-bf16-40c5-9445-98dbceec6ecd,-0.020561037868318977,0.05,0.3333333333333333,0.8010457144609403,0
f912f797-d472-4174-b068-daadd769e49d,43af34c0-f010-4fae-9703-bc31e8b0c6ac,-0.17591326995631373,0.05,0.0,0.7669617159722153,0
f912f797-d472-4174-b068-daadd769e49d,8cb5ef80-c548-48bd-8ee4-5c4381b02cdf,0.15153674756661406,0.05,0.0,0.681745311543838,0
f912f797-d472-4174-b068-daadd769e49d,aa967cab-dc03-4105-b3bc-399c3158344a,-0.026128546199439828,0.05,0.0,1.2334591792517622,0
f912f797-d472-4174-b068-daadd769e49d,fa850f9f-af4b-4012-92fe-6c7e5749f936,-0.14455044821891105,0.05,0.0,1.199801687610374,0
f912f797-d472-4174-b068-daadd769e49d,617bcf7e-ac88-41ff-86de-58cbf035ee74,0.020796792259718977,0.05,0.0,0.8388118297137096,0
f912f797-d472-4174-b068-daadd769e49d,47b4fe79-5b84-4f41-aa03-118d0470e01e,0.0901148668930567,0.05,0.0,0.50039963073951,0
f912f797-d472-4174-b068-daadd769e49d,d6609201-c802-4482-94c8-5a7609e3d6d4,-0.3610587191599799,0.05,0.0,0.9962777077742615,0
f912f797-d472-4174-b068-daadd769e49d,cca02d51-604c-45fa-8a16-f6d0ab11e312,-0.05014019290252447,0.05,0.0,1.1447856735277595,0
f912f797-d472-4174-b068-daadd769e49d,d3989195-cebf-4d05-947e-1edb3dea3b26,-0.16025915843346317,0.05,0.0,0.7457257511315253,0
f912f797-d472-4174-b068-daadd769e49d,b99326f1-0758-4036-b1df-3345ee2101b6,-0.20539033180320843,0.05,0.0,0.688133706604824,0
f912f797-d472-4174-b068-daadd769e49d,e561cc8e-e47b-4ca0-a51b-5f822e007b9a,-0.06273508962661101,0.05,0.0,4.6235929342430655,0
f912f797-d472-4174-b068-daadd769e49d,e7d99b21-e4f9-4e97-a1c0-c8088ed3f23d,-0.024185726821304154,0.05,0.16666666666666666,1.004402597136299,0
f912f797-d472-4174-b068-daadd769e49d,af58880c-a6e3-4594-a8ad-b8217c336e50,0.05196561869251237,0.05,0.0,0.9518536633944347,0
3d68a0f4-fc62-4562-b95b-543cfdfe1fd4,d95e669e-2b06-41f0-b00e-1cf80ded385d,-2.3405616335039667,0.05,0.3333333333333333,-0.030726554596810972,0
3d68a0f4-fc62-4562-b95b-543cfdfe1fd4,a16eae59-846f-408d-aaf3-0afcb7f1d32d,-2.388825224553148,0.05,0.5,0.05613696860623182,0
3d68a0f4-fc62-4562-b95b-543cfdfe1fd4,0f062af6-0d25-4710-8cd3-dcb62fbbb568,-2.1978566882997166,0.05,0.5,0.06796015373189403,0
3d68a0f4-fc62-4562-b95b-543cfdfe1fd4,eb64d693-fedd-4184-ac5f-97ae2ad15ea2,-2.2368103433011397,0.05,0.3333333333333333,-0.10447878150618246,0
3d68a0f4-fc62-4562-b95b-543cfdfe1fd4,06640a09-0e4e-47b1-82ce-6e069ead530b,-2.2576986510680506,0.05,0.5,-0.027832994674005598,0
3d68a0f4-fc62-4562-b95b-543cfdfe1fd4,add15f93-7bd8-49bf-9e9f-5993f4b6a244,-2.230282818889197,0.05,0.5,-0.019747175778288384,0
3d68a0f4-fc62-4562-b95b-543cfdfe1fd4,2498ff9a-f2ce-457a-af5c-5158ceea7fb1,-2.180667384217314,0.05,0.5,-0.1130739752001888,0
3d68a0f4-fc62-4562-b95b-543cfdfe1fd4,961d6d62-0844-44eb-8595-b9bc774a3d0f,-2.1260776424965515,0.05,0.6666666666666666,-0.00753393148847183,0
3d68a0f4-fc62-4562-b95b-543cfdfe1fd4,6d819154-023d-4ef9-80fc-c81a9522aef1,-2.6205752350231375,0.05,0.6666666666666666,1.218343124821749e-05,0
3d68a0f4-fc62-4562-b95b-543cfdfe1fd4,47f4608c-ac55-464d-aee5-8fb605290399,-2.3663531854204,0.05,0.6666666666666666,0.002621470245367487,0
3d68a0f4-fc62-4562-b95b-543cfdfe1fd4,96a1a457-3949-4804-9527-1db507788b92,-2.3580362863844075,0.05,0.5,0.0230100374745034,0
3d68a0f4-fc62-4562-b95b-543cfdfe1fd4,3a013d88-9d28-4fa9-85db-7a9dae19917c,-2.2713508761547283,0.05,0.3333333333333333,0.022254563261988148,0
3d68a0f4-fc62-4562-b95b-543cfdfe1fd4,39c7d62d-7520-48bd-b9cf-34dc3734421a,-2.4298432677111537,0.05,0.5,-0.0885396821334504,0
3d68a0f4-fc62-4562-b95b-543cfdfe1fd4,e46c08dc-4752-4991-86a3-8f0b8b316049,-2.111794707808591,0.05,0.6666666666666666,-0.04111956073010101,0
3d68a0f4-fc62-4562-b95b-543cfdfe1fd4,5417e63a-b2e4-466f-b849-2dc566b73667,-2.0835170446185947,0.9,0.3333333333333333,0.019517994059137875,0
3d68a0f4-fc62-4562-b95b-543cfdfe1fd4,4706bb7a-ca5d-40bc-9c36-82b5162a0399,-2.4302739347836146,0.05,0.6666666666666666,-0.015392864506152085,0
3d68a0f4-fc62-4562-b95b-543cfdfe1fd4,3176637f-f6dc-484d-a370-be6083f3f116,-2.325846597717171,0.05,0.5,0.07323944442835034,0
3d68a0f4-fc62-4562-b95b-543cfdfe1fd4,f40887b8-49c5-4cef-8779-8611f52a326d,-2.0563288232910786,0.05,0.5,-0.06405324553083608,0
3d68a0f4-fc62-4562-b95b-543cfdfe1fd4,7193933f-34a0-4e21-8870-08553d4e17c4,-1.924109763770764,0.05,0.5,-0.10716762175015396,0
3d68a0f4-fc62-4562-b95b-543cfdfe1fd4,3c1d4e08-86ad-4f28-a88a-716e03b6a167,-1.98991774449284,0.05,0.3333333333333333,-0.025468066664422143,0
3d68a0f4-fc62-4562-b95b-543cfdfe1fd4,a2652fe9-9230-4410-bdaf-48d8542cdb70,-2.209827892620509,0.05,0.3333333333333333,-0.11341415128113834,0
3d68a0f4-fc62-4562-b95b-543cfdfe1fd4,e525f681-3cba-47fc-939a-66968d83e23a,-1.0383222381068231,0.05,0.8333333333333334,0.029401717680121488,0
3d68a0f4-fc62-4562-b95b-543cfdfe1fd4,5c047232-1fed-4a08-ab7d-c78f85ed49ed,-2.4681259829050006,0.05,0.5,-0.1757847621706633,0
3d68a0f4-fc62-4562-b95b-543cfdfe1fd4,e3ca8c69-3e64-4f89-94c2-98a5ed4ea669,-2.4718316488961696,0.9,0.5,-0.14038495906080647,0
3d68a0f4-fc62-4562-b95b-543cfdfe1fd4,5ad0f106-2aa8-417d-9954-735a663db688,-2.3998924238418455,0.05,0.3333333333333333,-0.08970635920765493,0
09e7b3fe-4dfd-49b3-a105-bf1eafd6315f,749cd9e2-d379-4cb1-a1c0-d12810f40d94,-0.13910876372337233,0.05,0.16666666666666666,-0.15043833076491675,0
09e7b3fe-4dfd-49b3-a105-bf1eafd6315f,fd164c38-718b-4972-929e-7c02ecb276e3,-0.44183356755634984,0.05,0.5,-0.1534580764847634,0
09e7b3fe-4dfd-49b3-a105-bf1eafd6315f,150f70f8-3c24-4c4f-a31d-915bfcf1f8bd,0.06403653573258161,0.05,0.3333333333333333,-0.21665050198403102,0
09e7b3fe-4dfd-49b3-a105-bf1eafd6315f,8eabcbec-3161-470b-85cb-38c2a0e37a4e,-0.76332676916984,0.05,0.3333333333333333,-0.19582180435302426,0
09e7b3fe-4dfd-49b3-a105-bf1eafd6315f,f571a342-c489-4e68-816b-b05207c933d7,0.30946463991911255,0.05,0.16666666666666666,-0.07201194710143428,0
09e7b3fe-4dfd-49b3-a105-bf1eafd6315f,71c02982-ce08-43f2-9b7e-826c1a6f222e,-0.20171204261098197,0.05,0.5,-0.1606703394684121,0
09e7b3fe-4dfd-49b3-a105-bf1eafd6315f,e3f1d945-79e8-4955-82b1-7b6791c9d001,0.17078962157539213,0.05,0.16666666666666666,0.05292702441938466,0
09e7b3fe-4dfd-49b3-a105-bf1eafd6315f,7b92f09c-947b-4773-9c6f-d49f48db5648,-1.4340256622176422,0.05,0.3333333333333333,0.0032497286536048156,0
09e7b3fe-4dfd-49b3-a105-bf1eafd6315f,2c27b559-fdb9-443c-9e57-26850464f0f0,-0.1318702998625021,0.05,0.16666666666666666,-0.13616382104655467,0
09e7b3fe-4dfd-49b3-a105-bf1eafd6315f,744b8b53-7e36-4e9c-a994-129be5c1cdd5,-0.2670414255694813,0.05,0.3333333333333333,-0.21229362268982235,0
09e7b3fe-4dfd-49b3-a105-bf1eafd6315f,c06ebdf0-a4f5-49ea-af47-c00179f6fe6b,0.30731690331788997,0.05,0.5,-0.2783404033271407,0
09e7b3fe-4dfd-49b3-a105-bf1eafd6315f,2f9cd01f-6739-455a-bdc3-8903d247f2c6,-0.4296420385228936,0.05,0.3333333333333333,-0.2618132575062167,0
09e7b3fe-4dfd-49b3-a105-bf1eafd6315f,b18b7a2c-388e-4bb2-aa67-3c1f35eaf7c7,-0.7213701944701709,0.05,0.5,-0.16587469385114714,0
09e7b3fe-4dfd-49b3-a105-bf1eafd6315f,02685cf4-5c39-46ee-88bc-ad084a12fedf,-0.02801003699592597,0.05,0.3333333333333333,-0.3861384164785671,0
09e7b3fe-4dfd-49b3-a105-bf1eafd6315f,6de48f6e-d48f-483e-ab9a-9acef7bda35c,0.03943081352986422,0.05,0.3333333333333333,-0.05936974312528172,0
09e7b3fe-4dfd-49b3-a105-bf1eafd6315f,796d9497-af99-4492-9b53-7b46528cc295,-0.28671327912836597,0.05,0.3333333333333333,0.9376368801654095,0
09e7b3fe-4dfd-49b3-a105-bf1eafd6315f,a9d92a4b-7ae8-47f2-8152-34168b874daa,0.03098168199423501,0.05,0.6666666666666666,-0.2357907660024753,0
09e7b3fe-4dfd-49b3-a105-bf1eafd6315f,feef4dcc-05ea-4e12-8ae4-8d7918d2f9c1,-0.518287849414302,0.9,0.3333333333333333,-0.23649505206089422,0
09e7b3fe-4dfd-49b3-a105-bf1eafd6315f,53518b40-7bd8-4f1f-9a35-d5dba8cd7744,-0.23587394857420785,0.05,0.3333333333333333,-0.1288638947733135,0
09e7b3fe-4dfd-49b3-a105-bf1eafd6315f,fa6af845-3671-444c-b626-d7e3245ef706,0.021057875446295782,0.05,0.3333333333333333,-0.194461877883934,0
09e7b3fe-4dfd-49b3-a105-bf1eafd6315f,9ca04ee9-06ab-4860-863b-24d37f7178f3,-0.6329324154730478,0.05,0.3333333333333333,-0.10513964949941298,0
09e7b3fe-4dfd-49b3-a105-bf1eafd6315f,2d45a6c5-8606-4dc2-abde-05015317b35b,-0.4951163827503695,0.05,0.3333333333333333,0.05486964528925525,0
09e7b3fe-4dfd-49b3-a105-bf1eafd6315f,3269da9d-0c71-4781-81d4-983841400bf1,-2.294651128074695,0.05,0.3333333333333333,-0.20977399089598414,0
09e7b3fe-4dfd-49b3-a105-bf1eafd6315f,100e867c-3c61-4055-98b2-a04b82919160,-0.7444648875500977,0.05,0.3333333333333333,-0.37776093347005524,0
09e7b3fe-4dfd-49b3-a105-bf1eafd6315f,03ecf6fc-3f43-4c28-880e-8915c578e490,0.12598338735752623,0.05,0.5,-0.09388099634837953,0
4b686f6a-dcc8-43e2-8ee8-54dd97087291,2cf3ac7d-2735-4dd1-bd9f-38799bfe7cc1,-0.46443023505990677,0.05,0.3333333333333333,-0.26800475569013255,0
4b686f6a-dcc8-43e2-8ee8-54dd97087291,bb4836a0-63be-4f26-86f9-90074fff827e,-0.6468616587682026,0.05,0.5,0.9313241177122998,0
4b686f6a-dcc8-43e2-8ee8-54dd97087291,446d0dbf-7f0c-43a7-9cfe-b85413faa867,-0.40792668991353054,0.05,0.3333333333333333,-0.26439504834236116,0
4b686f6a-dcc8-43e2-8ee8-54dd97087291,536ca023-7926-41ef-a2d8-407337a90970,-0.5667123899392066,0.05,0.5,-0.21173628829237648,0
4b686f6a-dcc8-43e2-8ee8-54dd97087291,683e4216-e8df-416f-a6a2-f8bd128b7e04,-0.3955507050692031,0.05,0.3333333333333333,-0.16867869676188244,0
4b686f6a-dcc8-43e2-8ee8-54dd97087291,09fe0462-2a73-47fb-ac36-d9acb277b22b,-0.46844203567690856,0.05,0.3333333333333333,-0.1341411640278688,0
4b686f6a-dcc8-43e2-8ee8-54dd97087291,ccb805de-11bc-49ed-ba9e-2b13e6b949bd,-0.3383589457110907,0.05,0.3333333333333333,-0.19176909255387045,0
4b686f6a-dcc8-43e2-8ee8-54dd97087291,9a0f9b00-934b-4626-90ad-1b5b45641c45,-0.47385966007891156,0.05,0.3333333333333333,-0.1238246619242173,0
4b686f6a-dcc8-43e2-8ee8-54dd97087291,80e5df2a-d6c1-4a8c-8858-5d4d89a7a80b,-0.5853809572199138,0.05,0.3333333333333333,-0.2457114631410003,0
4b686f6a-dcc8-43e2-8ee8-54dd97087291,0a838a4b-a01e-4e32-9457-36fc22c677ef,-0.4303389581052417,0.05,0.3333333333333333,-0.34331576125710817,0
4b686f6a-dcc8-43e2-8ee8-54dd97087291,b9d89e55-0237-4622-aab8-bcf4134252fc,-0.4837212384637035,0.05,0.16666666666666666,-0.14433095528936632,0
4b686f6a-dcc8-43e2-8ee8-54dd97087291,ae6b7d47-2c8f-4607-9fcd-cd14e10929fa,-0.719466501755381,0.05,0.16666666666666666,-0.17720058434931,0
4b686f6a-dcc8-43e2-8ee8-54dd97087291,70fc7b2b-caee-42d0-a458-41f52e0629d0,1.1943781633717654,0.05,0.6666666666666666,-0.1826231669653746,0
4b686f6a-dcc8-43e2-8ee8-54dd97087291,e33f802a-4cea-4075-9d28-8053985a2446,-0.3515358108573796,0.05,0.3333333333333333,-0.15495010135948903,0
4b686f6a-dcc8-43e2-8ee8-54dd97087291,455e0f73-120d-46af-be5d-e95e0fbbefde,-0.5199640006072661,0.05,0.3333333333333333,-0.17806234275964458,0
4b686f6a-dcc8-43e2-8ee8-54dd97087291,6a999a5b-72f9-4510-9bec-8bb8a20ab9f3,-0.46741141963206134,0.05,0.16666666666666666,-0.2015756198583247,0
4b686f6a-dcc8-43e2-8ee8-54dd97087291,a0ca54e9-aea1-47cf-ae67-70a43ba690ee,-0.8367437531756448,0.05,0.3333333333333333,-0.16647542428767714,0
4b686f6a-dcc8-43e2-8ee8-54dd97087291,d83d396e-f8bc-4e05-86bf-662b919ae388,-0.5977555510514048,0.05,0.3333333333333333,-0.13423693139064488,0
4b686f6a-dcc8-43e2-8ee8-54dd97087291,6b56f68d-f75a-4337-b39c-ddc9716c8a9c,-0.4094490598957736,0.05,0.3333333333333333,-0.13500835536368047,0
4b686f6a-dcc8-43e2-8ee8-54dd97087291,beb67a58-32e8-42db-b6f1-aef20087ed7a,-0.28845048876376467,0.05,0.5,-0.20873118582455505,0
4b686f6a-dcc8-43e2-8ee8-54dd97087291,5d1bd55c-bfcf-409d-8986-8bafa8977f4b,-0.6319306033968628,0.05,0.3333333333333333,-0.19194381128256807,0
4b686f6a-dcc8-43e2-8ee8-54dd97087291,bef4b875-080c-4b9a-8602-f2ba4c2b6cee,-0.7485338710584855,0.05,0.3333333333333333,-0.05933936507262242,0
4b686f6a-dcc8-43e2-8ee8-54dd97087291,b52b44d2-502d-47af-9dba-0020ff25de56,-0.7129739937632578,0.05,0.16666666666666666,-0.22447885280189128,0
4b686f6a-dcc8-43e2-8ee8-54dd97087291,84c3626a-a688-45b2-bae5-620eeb0ff469,-0.4532148329874679,0.05,0.5,-0.16625407783189958,0
4b686f6a-dcc8-43e2-8ee8-54dd97087291,153906d6-b844-4ec6-bf7f-170436d07006,-0.7715979406289764,0.05,0.3333333333333333,-0.16479360100026041,0
4bc89bfb-7c6a-4aca-98d1-b673bdbfae26,aa8b78b9-e76e-4d56-af37-561f1fc0c421,0.6599719768339529,0.05,0.0,0.12541528188986167,0
4bc89bfb-7c6a-4aca-98d1-b673bdbfae26,7d70c25b-93e0-4c0f-920f-8d7d86618f33,0.5744826598825092,0.05,0.16666666666666666,-0.05492366676917588,0
4bc89bfb-7c6a-4aca-98d1-b673bdbfae26,a54dd051-202b-4089-b2cc-8b6e5cc78c73,0.8205818823319824,0.05,0.0,-0.16221300816854095,0
4bc89bfb-7c6a-4aca-98d1-b673bdbfae26,07a29574-c7ee-4b63-9d46-c7ebd95e0eac,0.7937980204151796,0.05,0.0,0.08241843077166819,0
4bc89bfb-7c6a-4aca-98d1-b673bdbfae26,2661f80f-73a1-434a-94e9-b4c8f4973256,0.756050823834518,0.9,0.0,-0.07132720272247559,0
4bc89bfb-7c6a-4aca-98d1-b673bdbfae26,cb99f8e1-1e5c-475c-9363-22d5d56a5c83,0.6379973477483576,0.05,0.0,-0.06680999061909508,0
4bc89bfb-7c6a-4aca-98d1-b673bdbfae26,7b608b14-55d4-495c-8a9d-064797cdc4e9,0.6650071021945809,0.05,0.0,-0.15396392062626876,0
4bc89bfb-7c6a-4aca-98d1-b673bdbfae26,440553b8-f080-492a-ba92-a2b9e6d322f3,0.5393476200344169,0.05,0.0,-0.02097953329926324,0
4bc89bfb-7c6a-4aca-98d1-b673bdbfae26,e40bda04-8559-4319-98ab-df130349cf1b,0.609021533131715,0.05,0.16666666666666666,-0.05376557983134715,0
4bc89bfb-7c6a-4aca-98d1-b673bdbfae26,695ad857-8279-4ab5-9193-f7c43396e8b2,0.6183709408684814,0.05,0.0,0.08025138730858837,0
4bc89bfb-7c6a-4aca-98d1-b673bdbfae26,d048796a-1b4e-436f-abc9-e783a2a70a08,0.7130809900157473,0.05,0.0,-0.06873950076655998,0
4bc89bfb-7c6a-4aca-98d1-b673bdbfae26,19d53a26-1712-44ab-ba59-42a3ccacebe0,0.7561941179878131,0.9,0.0,0.08638312964862023,0
4bc89bfb-7c6a-4aca-98d1-b673bdbfae26,5d6b87f8-7b04-438d-9729-11f0374f8a32,0.48381637415726786,0.05,0.0,-0.046720873209161816,0
4bc89bfb-7c6a-4aca-98d1-b673bdbfae26,6e7c4295-54ab-4630-97d0-3e97064ac9e8,0.8051056878881875,0.05,0.0,-0.04919957516013254,0
4bc89bfb-7c6a-4aca-98d1-b673bdbfae26,b6276624-c954-46c4-9203-8a0d4c5d133c,0.8600542428120814,0.05,0.0,-0.02226832838265252,0
4bc89bfb-7c6a-4aca-98d1-b673bdbfae26,eb681701-f088-4732-87c7-59cd4492e2fb,3.9384475001133,0.05,0.3333333333333333,-0.09128624723811123,0
4bc89bfb-7c6a-4aca-98d1-b673bdbfae26,19309d8c-7b46-4b1e-a73e-e8586962d4c1,0.4062875555463856,0.05,0.0,0.014102867884253675,0
4bc89bfb-7c6a-4aca-98d1-b673bdbfae26,235e5448-4541-4ed7-99ee-b107daf377ae,0.954581926499845,0.05,0.0,-0.05379314877010424,0
4bc89bfb-7c6a-4aca-98d1-b673bdbfae26,afd9f980-62b1-4ab1-90f2-b018e43080a9,0.747981194175316,0.05,0.0,-0.14806211202102718,0
4bc89bfb-7c6a-4aca-98d1-b673bdbfae26,54a9f010-ada6-4177-b743-72609d5e85ee,0.8415401486883427,0.05,0.0,-0.1043574418411239,0
4bc89bfb-7c6a-4aca-98d1-b673bdbfae26,d07e114c-3450-4402-bfca-d113e81d3de3,0.7256265019437746,0.05,0.0,0.013934204600389534,0
4bc89bfb-7c6a-4aca-98d1-b673bdbfae26,88e41125-dc98-4cc4-8494-8f097a5903ad,0.7894432263954174,0.05,0.0,0.05174831519108797,0
4bc89bfb-7c6a-4aca-98d1-b673bdbfae26,6e18cd0c-dd6b-44ab-abb5-aec4cf74bd82,0.8155793159171054,0.05,0.0,-0.09738325638066869,0
4bc89bfb-7c6a-4aca-98d1-b673bdbfae26,d8f70229-4e59-4ee3-97e8-52bd9ea91497,0.3020531055662712,0.05,0.0,-0.04738651071712979,0
4bc89bfb-7c6a-4aca-98d1-b673bdbfae26,49a8591c-e346-463a-a3e3-2b8d06535f34,0.6713842160316732,0.05,0.0,0.11478804471779964,0
f5e42b64-0ec3-43f5-9590-ff00a99f0c43,2b2a22ab-de38-44b6-9135-e2451d66889b,1.4978133306773351,0.05,0.16666666666666666,-0.4354856608368408,0
f5e42b64-0ec3-43f5-9590-ff00a99f0c43,2765aa99-e90c-427f-9a16-9b4009a2d0f6,1.5357099276330652,0.05,0.0,-0.34979367336468425,0
f5e42b64-0ec3-43f5-9590-ff00a99f0c43,c059832d-255f-4ed8-972e-b3de5c30e9aa,1.425979722340407,0.05,0.16666666666666666,-0.1436787798133155,0
f5e42b64-0ec3-43f5-9590-ff00a99f0c43,1b65c0b0-e2e9-4511-8caf-71ef8d0eee13,1.1688245543207927,0.05,0.0,-0.35523669534358626,0
f5e42b64-0ec3-43f5-9590-ff00a99f0c43,e8f361fc-b38f-4739-b590-ce6444981372,1.5469299767497144,0.05,0.16666666666666666,-0.10613978614651366,0
f5e42b64-0ec3-43f5-9590-ff00a99f0c43,3d2e8710-cc86-476a-a394-c4f058719055,1.7218834114129749,0.05,0.16666666666666666,-0.38413043197647906,0
f5e42b64-0ec3-43f5-9590-ff00a99f0c43,82a691ea-886d-4027-82e2-e8a385af4d6c,1.4937273288785882,0.05,0.16666666666666666,-0.4022935868833954,0
f5e42b64-0ec3-43f5-9590-ff00a99f0c43,6da3d199-c640-4f45-87be-337835a85808,1.3818311811834754,0.05,0.16666666666666666,-0.353668013943014,0
f5e42b64-0ec3-43f5-9590-ff00a99f0c43,fd307d96-3b29-42a6-ba43-b0ba0e3c6c9b,1.732676524988923,0.9,0.0,-0.40714277735239035,0
f5e42b64-0ec3-43f5-9590-ff00a99f0c43,5e3e0154-b294-43fe-ae52-c1e4f808ac48,1.5053525556377627,0.05,0.16666666666666666,-0.412732014738935,0
f5e42b64-0ec3-43f5-9590-ff00a99f0c43,ad020cfa-6640-4d24-a7ac-50b522a11ffa,1.4985605053398503,0.05,0.16666666666666666,-0.37920716381829817,0
f5e42b64-0ec3-43f5-9590-ff00a99f0c43,371de39e-3ba4-4522-9522-e6787619cac6,1.5145502961420103,0.05,0.16666666666666666,-0.40154515263455354,0
f5e42b64-0ec3-43f5-9590-ff00a99f0c43,3b78de2d-2a6a-44c8-8a28-3f20f8174544,1.8278326999561676,0.05,0.3333333333333333,-0.37337014943427577,0
f5e42b64-0ec3-43f5-9590-ff00a99f0c43,3046dbbb-dac8-4e24-8efe-333aa942c8f2,1.6766748674534897,0.05,0.0,-0.3518695148719538,0
f5e42b64-0ec3-43f5-9590-ff00a99f0c43,c8365ddf-6ea4-4db4-b6e5-31b6934772bb,1.5316745718733218,0.05,0.3333333333333333,-0.34954958105517087,0
f5e42b64-0ec3-43f5-9590-ff00a99f0c43,95e7911c-7d9b-4f4e-a260-69a4ce985239,1.3075067893629173,0.05,0.16666666666666666,-0.40327050843819007,0
f5e42b64-0ec3-43f5-9590-ff00a99f0c43,0a107cc6-517c-4306-9f59-86ebbd814e0c,1.4749935184838696,0.05,0.16666666666666666,0.07708350096223106,0
f5e42b64-0ec3-43f5-9590-ff00a99f0c43,928f5098-25de-4236-8bc2-f9165b18c7d9,1.5728049264487165,0.05,0.3333333333333333,-0.36780355048052754,0
f5e42b64-0ec3-43f5-9590-ff00a99f0c43,5282ab8b-df95-4c0e-91ee-8a656a23ffcd,1.4091466585924248,0.05,0.16666666666666666,-0.4134580745177445,0
f5e42b64-0ec3-43f5-9590-ff00a99f0c43,78c0aacc-6522-4eb9-ba35-3df501c7556c,1.6420785671035523,0.05,0.3333333333333333,-0.41822224291025595,0
f5e42b64-0ec3-43f5-9590-ff00a99f0c43,42292912-a465-46ac-b9bf-21d01ea4829a,1.879122840410349,0.05,0.3333333333333333,-0.4290908346831502,0
f5e42b64-0ec3-43f5-9590-ff00a99f0c43,ee7d643d-6db0-4224-b1b3-f10ccd098a54,1.3795321098577027,0.05,0.16666666666666666,-0.3773310522368838,0
f5e42b64-0ec3-43f5-9590-ff00a99f0c43,494cde5d-e0c0-4118-8590-db870754542d,1.114118779334329,0.05,0.16666666666666666,-0.3881019788886892,0
f5e42b64-0ec3-43f5-9590-ff00a99f0c43,5eb29918-5bcb-45e7-908c-5e7a45b9f292,1.5393134576256582,0.05,0.16666666666666666,-0.4155217238418838,0
f5e42b64-0ec3-43f5-9590-ff00a99f0c43,cfb41d32-a07e-489e-b794-947556a6a0dd,1.5199734592276526,0.05,0.16666666666666666,-0.4311459127647194,0
11cb8e2b-26f8-441d-b3c3-bffdfec7761a,54e8b18b-eb88-4479-81a9-b09f16472f76,0.2203337138952044,0.05,0.0,0.9670928332906035,0
11cb8e2b-26f8-441d-b3c3-bffdfec7761a,50a5827b-0a7a-4865-8f94-c922cbdddb14,0.2442332897059023,0.05,0.16666666666666666,0.8207626210454546,0
11cb8e2b-26f8-441d-b3c3-bffdfec7761a,d8c668e0-d9f5-4a7f-9cbf-ce4dfb87a7cc,0.12231148830643956,0.05,0.0,0.674667362043936,0
11cb8e2b-26f8-441d-b3c3-bffdfec7761a,8bd4c93f-6c31-438a-9f6f-6a242da212ed,0.1073851859114825,0.05,0.0,0.23564880989289178,0
11cb8e2b-26f8-441d-b3c3-bffdfec7761a,e81bc6f6-3a71-4c0b-b1c7-1b56d9c0d2ad,0.2731467273088697,0.05,0.0,0.5385179367974177,0
11cb8e2b-26f8-441d-b3c3-bffdfec7761a,1d406e17-9887-418f-983f-1452e4a93c89,-0.007270912820712905,0.05,0.0,0.3588161936317636,0
11cb8e2b-26f8-441d-b3c3-bffdfec7761a,6e6d9d1a-6f47-4c55-8fe8-23457e16195f,0.20218921446743643,0.05,0.16666666666666666,0.627419843599025,0
11cb8e2b-26f8-441d-b3c3-bffdfec7761a,8d536b8f-33b7-4da0-a446-6a5cd7626510,0.03871263252307333,0.05,0.0,0.656212153137532,0
11cb8e2b-26f8-441d-b3c3-bffdfec7761a,d4668e1b-4015-485f-9f28-8280eb8fe30d,-0.04410822958937688,0.05,0.0,0.8123821347807413,0
11cb8e2b-26f8-441d-b3c3-bffdfec7761a,88c8b9a3-90ac-4d3c-ab87-18f89489f272,0.045102966552148516,0.05,0.0,0.648562222015866,0
11cb8e2b-26f8-441d-b3c3-bffdfec7761a,16a6ee79-79a5-470c-bb17-3aae1307d80b,0.19093616380209255,0.05,0.0,0.5154835278177534,0
11cb8e2b-26f8-441d-b3c3-bffdfec7761a,d27c4ce8-5065-41ca-ab35-94a9f3c486d1,0.1693399553123749,0.05,0.0,0.8814085780887717,0
11cb8e2b-26f8-441d-b3c3-bffdfec7761a,13ad5785-82c9-4b3a-acbe-5f084538b190,0.24017394474580733,0.05,0.16666666666666666,0.8275898995400188,0
11cb8e2b-26f8-441d-b3c3-bffdfec7761a,4452a0c7-5a9c-44c9-a0a8-cab392890197,-1.847797128044275,0.05,0.0,0.8245055036626584,0
11cb8e2b-26f8-441d-b3c3-bffdfec7761a,d7191bc6-0c7e-4fb2-a5fa-dea26affdd9a,0.18220114698202572,0.05,0.0,0.946754762615039,0
11cb8e2b-26f8-441d-b3c3-bffdfec7761a,4b97237a-5d87-4e45-ba60-198f5fcd7a33,-0.06738724092142112,0.05,0.16666666666666666,0.5810746480923936,0
11cb8e2b-26f8-441d-b3c3-bffdfec7761a,f79853d0-ae9a-4cfd-b3ca-d564bd598e11,0.07936086948159637,0.05,0.16666666666666666,0.5777081643593688,0
11cb8e2b-26f8-441d-b3c3-bffdfec7761a,d8554da5-5fac-4efc-9dc9-d4df184121b5,0.06178959894021396,0.9,0.0,0.41749134273645633,0
11cb8e2b-26f8-441d-b3c3-bffdfec7761a,440e6383-990f-4fd8-900d-6bd550dfbbf2,0.10521868003555479,0.05,0.0,0.4771111866516006,0
11cb8e2b-26f8-441d-b3c3-bffdfec7761a,d3d10330-d798-480b-81b9-7ca7f06e6adf,0.14701407529969934,0.05,0.0,0.4186395749169274,0
11cb8e2b-26f8-441d-b3c3-bffdfec7761a,2a521d38-3369-4a07-83ae-dabf6ac0ab41,0.1110933044103577,0.05,0.3333333333333333,0.6083459161208281,0
11cb8e2b-26f8-441d-b3c3-bffdfec7761a,b89a4890-600a-47f8-afdf-f40eadff99f6,0.07034100767526219,0.05,0.0,0.581935013270323,0
11cb8e2b-26f8-441d-b3c3-bffdfec7761a,7322ebbb-a071-475f-88c4-81cd1709cb29,0.05673282037106819,0.05,0.0,0.7514693429479615,0
11cb8e2b-26f8-441d-b3c3-bffdfec7761a,5c8cedaa-96f8-4621-8d06-e5d05168273c,0.23009796509223968,0.05,0.0,0.657256196423714,0
11cb8e2b-26f8-441d-b3c3-bffdfec7761a,76c45f22-6cac-406d-9a53-23881feca376,0.22388405728039018,0.05,0.0,0.5034937726910668,0
a56836c5-72c3-43ba-afef-5add3d609e8e,ce99fb99-ae57-4308-92f6-6c995fc375d7,-2.0669625101268676,0.05,0.5,-0.05492086498649195,0
a56836c5-72c3-43ba-afef-5add3d609e8e,dffe5d8e-a4ac-4d13-ab02-8765b9e426fe,-2.018822384302763,0.05,0.5,-0.060667136044321994,0
a56836c5-72c3-43ba-afef-5add3d609e8e,8e0c3742-00c8-4b21-a7b3-0b4600514208,-2.0538344921935803,0.05,0.5,-0.09744313258186735,0
a56836c5-72c3-43ba-afef-5add3d609e8e,6efe6788-3d55-480c-aebc-2f97a533899d,-2.8631588412157765,0.05,0.5,-0.16897575481572946,0
a56836c5-72c3-43ba-afef-5add3d609e8e,1ef2cb7f-dfdc-4c8b-8b0d-04115ab4efae,-2.2370684935870067,0.05,0.3333333333333333,0.0491138950747257,0
a56836c5-72c3-43ba-afef-5add3d609e8e,a53c3aae-e1cc-4a3a-8a8d-9343d8756c21,-2.4288837816466966,0.9,0.5,-0.07603004505159115,0
a56836c5-72c3-43ba-afef-5add3d609e8e,1e9cc59a-41b3-406f-8137-0b5a1bc767e0,-2.831682631765513,0.05,0.5,-0.1726805978196937,0
a56836c5-72c3-43ba-afef-5add3d609e8e,ebf73fcf-e4a4-4c3e-98ee-ec6707320217,-2.242941225649822,0.05,0.6666666666666666,-0.09707935487120979,0
a56836c5-72c3-43ba-afef-5add3d609e8e,07bb890e-6c61-4cee-9cce-1ecfde0383a2,-2.3966776399196332,0.05,0.3333333333333333,0.07523565939717772,0
a56836c5-72c3-43ba-afef-5add3d609e8e,4cdfca24-cd27-4538-974d-c918e20472da,-2.0795382037775916,0.05,0.6666666666666666,-0.00063003757007524,0
a56836c5-72c3-43ba-afef-5add3d609e8e,f5be0cc6-5b98-4f0a-8288-a77e800d0792,-2.2514035810994564,0.05,0.5,-0.07536792482242374,0
a56836c5-72c3-43ba-afef-5add3d609e8e,470a17fe-bb93-4565-bdab-bd8e93e32d34,-2.2968331498176506,0.05,0.6666666666666666,0.001841944997016816,0
a56836c5-72c3-43ba-afef-5add3d609e8e,a06316f6-90d1-4db5-b5ed-51cfe644830e,-2.1550057594988985,0.05,0.5,-0.054715824120796897,0
a56836c5-72c3-43ba-afef-5add3d609e8e,35e5642f-a1da-4882-aa64-29f7f5e53161,-1.3825709741913248,0.05,0.8333333333333334,-0.05884968621865294,0
a56836c5-72c3-43ba-afef-5add3d609e8e,133ddba0-a9df-4bee-8473-b69935b5be11,-2.66011047451254,0.05,0.6666666666666666,0.0370255867253993,0
a56836c5-72c3-43ba-afef-5add3d609e8e,bbbc5b84-a528-433b-b882-5bb349b618e1,-2.1636609533210835,0.05,0.5,-0.1079772544622175,0
a56836c5-72c3-43ba-afef-5add3d609e8e,6bc24a64-b120-49c0-8ebd-98ee9f236eb5,-2.1884563502540004,0.05,0.5,-0.08441895875829637,0
a56836c5-72c3-43ba-afef-5add3d609e8e,0a35e910-dca4-4b34-9eb8-00dae612763c,-2.5227030218088036,0.05,0.5,-0.05840211771333038,0
a56836c5-72c3-43ba-afef-5add3d609e8e,b3af728c-15bd-43f7-880b-c3c87a49a80c,-1.707708229117844,0.05,0.5,0.04659929355580441,0
a56836c5-72c3-43ba-afef-5add3d609e8e,e7226e6e-58bb-4525-a1ee-92ccbc065464,-1.9515852740474915,0.05,0.5,-0.026268002432179412,0
a56836c5-72c3-43ba-afef-5add3d609e8e,0eaf6814-a33d-4253-bcec-9fbc88ff9a2f,-1.992259865114618,0.05,0.6666666666666666,0.025992252239825944,0
a56836c5-72c3-43ba-afef-5add3d609e8e,73af0adf-a120-4a2d-a702-85094879b688,-2.0244225088720276,0.05,0.5,-0.09859177221179377,0
a56836c5-72c3-43ba-afef-5add3d609e8e,879c4dec-38d5-4024-b593-7240a68c201b,-2.017957736224681,0.05,0.6666666666666666,-0.038108575354509976,0
a56836c5-72c3-43ba-afef-5add3d609e8e,78ac4b52-5aaa-4467-8a8c-198edc84ef28,-2.0837070112103704,0.05,0.6666666666666666,-0.16036002946085645,0
a56836c5-72c3-43ba-afef-5add3d609e8e,1fe9cc6f-7aff-4527-a02b-53038f386144,-2.2976683371408946,0.05,0.3333333333333333,-0.07225815982426889,0
7b53e791-5399-4ea6-98bf-8a777ad32405,e7a6d920-5a23-4b64-85ce-fc69bc64391b,-0.028303436104943902,0.05,0.3333333333333333,-0.21215115524021727,0
7b53e791-5399-4ea6-98bf-8a777ad32405,8e9c292b-68c1-4e3c-8c97-5d93acf4619b,-0.04536903833492545,0.05,0.3333333333333333,-0.09899680500460394,0
7b53e791-5399-4ea6-98bf-8a777ad32405,72b6dd22-0117-4dd6-a2e3-9749f7fe0135,-0.3459184221802314,0.05,0.3333333333333333,-0.35852385334739123,0
7b53e791-5399-4ea6-98bf-8a777ad32405,59ae7a16-43f0-465d-a5a7-25e15e2d25dd,0.18569759837982414,0.05,0.3333333333333333,-0.2583169210847269,0
7b53e791-5399-4ea6-98bf-8a777ad32405,60fe846c-322c-4993-b6cb-ab3d382ff151,-0.1560178905097498,0.05,0.3333333333333333,-0.20624902786146035,0
7b53e791-5399-4ea6-98bf-8a777ad32405,430f7d65-c18f-4366-9700-3488f02a2ad2,-0.0928332756894088,0.05,0.3333333333333333,-0.22710440361653844,0
7b53e791-5399-4ea6-98bf-8a777ad32405,96f15d2e-9300-47f5-bfe6-c629f7b5f612,0.13319275841425426,0.05,0.3333333333333333,-0.037983289231367984,0
7b53e791-5399-4ea6-98bf-8a777ad32405,c0613f3c-9446-4015-a131-c463bb71e8b4,-0.14790510741694973,0.05,0.3333333333333333,-0.29173002620536725,0
7b53e791-5399-4ea6-98bf-8a777ad32405,2d56e4bb-c02f-45e1-9d83-3e72b633e564,0.1368301664857805,0.05,0.3333333333333333,-0.22136891719712615,0
7b53e791-5399-4ea6-98bf-8a777ad32405,44c94eb4-399a-4820-9b93-e490ca7bbcca,-0.3219203696902304,0.05,0.3333333333333333,-0.23735799080429384,0
7b53e791-5399-4ea6-98bf-8a777ad32405,24b72904-284c-49f5-8278-df6e51fac401,-0.09009874004377538,0.05,0.5,-0.3331947446200577,0
7b53e791-5399-4ea6-98bf-8a777ad32405,c1fd8f3c-c6b5-41d3-85de-85e3b74038fb,0.06710809470056933,0.05,0.5,-0.31154408153311763,0
7b53e791-5399-4ea6-98bf-8a777ad32405,b4bd072e-a6a8-4eb9-a7ec-b0413ce78bbb,-0.3142855450689055,0.05,0.16666666666666666,-0.2554522649875323,0
7b53e791-5399-4ea6-98bf-8a777ad32405,fce3a55d-17ce-483f-85e0-ef1c080778c9,0.14845759406035075,0.05,0.16666666666666666,-0.34416898238744065,0
7b53e791-5399-4ea6-98bf-8a777ad32405,4b2246db-71d5-41cd-92db-062797726679,-0.06897902112027277,0.05,0.3333333333333333,-0.23518089522536773,0
7b53e791-5399-4ea6-98bf-8a777ad32405,c57f89af-0d8e-44e1-bdbd-4184bdd0cb69,-0.08403301600668955,0.05,0.3333333333333333,-0.20948593522323278,0
7b53e791-5399-4ea6-98bf-8a777ad32405,731443b8-0432-46ea-8abc-3bd88c2eb68b,-0.41164524174313977,0.05,0.3333333333333333,-0.24371014522047346,0
7b53e791-5399-4ea6-98bf-8a777ad32405,899e9009-6162-447c-95bc-dcc49567b668,-0.3608615942717286,0.05,0.6666666666666666,-0.25455949765712454,0
7b53e791-5399-4ea6-98bf-8a777ad32405,b9d2bede-08a5-467d-80b0-fc8d8b1db347,-0.635899693087679,0.05,0.16666666666666666,-0.40599685789574885,0
7b53e791-5399-4ea6-98bf-8a777ad32405,668747dd-993c-46c2-a9e6-1e42b58b0a26,-0.1461764019290115,0.05,0.3333333333333333,-0.18225278330376235,0
7b53e791-5399-4ea6-98bf-8a777ad32405,c935bd37-9378-4d20-be4c-a6e8d3d7f513,-0.20299318425016644,0.05,0.3333333333333333,-0.2509694073798057,0
7b53e791-5399-4ea6-98bf-8a777ad32405,8c727a68-0287-4724-b49f-7869701d8370,-0.32451215841676584,0.05,0.16666666666666666,-0.2250290275633175,0
7b53e791-5399-4ea6-98bf-8a777ad32405,f2ddc57f-5d49-431c-8cfc-8ab826a0658e,-0.1691286246991015,0.05,0.0,-0.2959204523432064,0
7b53e791-5399-4ea6-98bf-8a777ad32405,644d9280-15f7-4c4a-acb5-e45d1db4dcb6,-0.03051544781488147,0.05,0.16666666666666666,-0.22516907198852373,0
7b53e791-5399-4ea6-98bf-8a777ad32405,e5a35870-a36e-44d1-b12c-6946487f544b,-0.39162436374612275,0.05,0.5,-0.2739817487142715,0
e83ddd21-357f-4a97-907e-64b1c509a312,ec68a53f-a4d8-43ee-8323-1f4abd559068,-0.47373020940076227,0.05,0.3333333333333333,-0.3095504306636703,0
e83ddd21-357f-4a97-907e-64b1c509a312,98231d9d-9ed5-46be-8a49-a3f4d260b296,-0.6990844966960386,0.05,0.3333333333333333,-0.3031085355099133,0
e83ddd21-357f-4a97-907e-64b1c509a312,68b1492e-de5c-4bb6-b4fc-cc7a80e620c3,-0.6287760442869734,0.9,0.3333333333333333,-0.21262997066218944,0
e83ddd21-357f-4a97-907e-64b1c509a312,324f2633-79ab-4c60-a8c2-b599a8aec19c,-0.6246439082984381,0.05,0.3333333333333333,-0.17471957513965777,0
e83ddd21-357f-4a97-907e-64b1c509a312,d27951af-d829-42ef-960f-7aad4d1fa316,-0.6419244625333649,0.05,0.3333333333333333,-0.27357864936598497,0
e83ddd21-357f-4a97-907e-64b1c509a312,538a27f0-7f4c-4588-ba9a-653c59ddf0cc,-0.5572667350459355,0.05,0.3333333333333333,-0.23846059190076968,0
e83ddd21-357f-4a97-907e-64b1c509a312,326319eb-e550-4883-b44d-ee0d7cd0a4c4,-0.5630854989846847,0.05,0.3333333333333333,-0.17313575407458745,0
e83ddd21-357f-4a97-907e-64b1c509a312,f78bf213-26a8-4821-bab1-2a326aa7d512,-0.7689292354096948,0.05,0.6666666666666666,-0.2866539170143999,0
e83ddd21-357f-4a97-907e-64b1c509a312,633f308f-76a6-4d13-afac-72d944646f6e,-0.43503268699400444,0.05,0.16666666666666666,-0.2014550142379712,0
e83ddd21-357f-4a97-907e-64b1c509a312,02a178ec-bc2a-4a37-b948-de6496cc7f81,-2.380262512037215,0.05,0.3333333333333333,-0.25993221983941556,0
e83ddd21-357f-4a97-907e-64b1c509a312,dc8d8b06-6ffd-4113-a805-14d379718ece,-0.7016266279642029,0.05,0.3333333333333333,-0.14773066232246723,0
e83ddd21-357f-4a97-907e-64b1c509a312,b2ba23be-07fd-405c-9a71-2c0fa5ebe5b4,-0.7972924460978681,0.05,0.5,-0.1973282209064477,0
e83ddd21-357f-4a97-907e-64b1c509a312,80709339-0960-45bb-82ff-178c617c29bf,-0.42290635248848263,0.05,0.16666666666666666,-0.2687211412162711,0
e83ddd21-357f-4a97-907e-64b1c509a312,5fdc315c-9a4f-4e78-a009-af46c6b588f0,-0.537056319894373,0.05,0.16666666666666666,-0.26429895244851376,0
e83ddd21-357f-4a97-907e-64b1c509a312,fb9ce926-1779-4b1d-8251-7ff925a4c893,-0.5298184960879659,0.05,0.5,-0.31743539209507177,0
e83ddd21-357f-4a97-907e-64b1c509a312,ed2b7355-383c-4d58-8930-12aa1a084c86,-0.6256536673117594,0.05,0.3333333333333333,-0.20106371169566117,0
e83ddd21-357f-4a97-907e-64b1c509a312,a2cd3f92-7aa0-49c8-9cc0-fbd1c50566a4,-0.42531706388162593,0.05,0.3333333333333333,-0.15170529580730308,0
e83ddd21-357f-4a97-907e-64b1c509a312,01bf985d-c56d-4763-aa04-92c537719f07,-0.5449899592319127,0.05,0.16666666666666666,-0.2891217220089783,0
e83ddd21-357f-4a97-907e-64b1c509a312,40b6a636-47d6-4871-be57-cb417fc08fa9,-0.7332495732871811,0.05,0.16666666666666666,-0.226484503875701,0
e83ddd21-357f-4a97-907e-64b1c509a312,175d1492-8904-47b5-897d-5b05b4cc6592,-0.6218454320375733,0.05,0.3333333333333333,-0.2894410324986286,0
e83ddd21-357f-4a97-907e-64b1c509a312,034960c2-f9ba-41c6-ac64-b802b8f567c2,-0.8722291739538339,0.05,0.3333333333333333,-0.25799771414039263,0
e83ddd21-357f-4a97-907e-64b1c509a312,2cbe5817-563f-4ffd-8cee-89b30eedd71b,-0.15188535198598707,0.05,0.3333333333333333,-0.29898016083170614,0
e83ddd21-357f-4a97-907e-64b1c509a312,949ee7ed-92a5-45b4-b2d1-64e298bffd8e,-0.5370547513763979,0.05,0.3333333333333333,-0.3209203188589812,0
e83ddd21-357f-4a97-907e-64b1c509a312,8a1845a2-85a0-425b-9ce8-6d20602d8b2c,-0.6034765093681838,0.05,0.6666666666666666,-0.2903097849820429,0
e83ddd21-357f-4a97-907e-64b1c509a312,8bcbf20b-e76a-4418-b66a-d355adbab2e4,-0.417896957376497,0.05,0.5,-0.2959938113308288,0
fccf1405-8957-495b-9f33-10c57b78ca7e,cfc32dae-dc1a-4ca5-9ee5-6a379aef2757,0.8198146447018635,0.05,0.0,-0.05159600171974704,0
fccf1405-8957-495b-9f33-10c57b78ca7e,c165dcbc-e7e1-4668-a7a0-44205fc011e1,0.5970627157835757,0.05,0.0,-0.042721145318138955,0
fccf1405-8957-495b-9f33-10c57b78ca7e,9c4211b6-e141-47b7-bfd6-83b0025a347b,0.6684821903949718,0.05,0.0,-0.09963163134353621,0
fccf1405-8957-495b-9f33-10c57b78ca7e,d1625a98-4f2d-4987-b798-03ffa7539933,0.7033265361577472,0.05,0.0,0.07480496890609907,0
fccf1405-8957-495b-9f33-10c57b78ca7e,2874819e-6a98-4a03-bcca-682cb41b9b04,0.5146849775317088,0.05,0.0,0.14309953961655428,0
fccf1405-8957-495b-9f33-10c57b78ca7e,04f8322f-ae09-475f-a7d2-9a2aacc61aa7,0.7800805652116534,0.05,0.0,-0.0454114536560782,0
fccf1405-8957-495b-9f33-10c57b78ca7e,3ca6a143-d3c5-460d-9616-c16bc77c6ff7,0.5047264205172652,0.05,0.16666666666666666,-0.13211975610320212,0
fccf1405-8957-495b-9f33-10c57b78ca7e,0a4a5941-1db4-4a14-b6dc-d9049353666a,0.44551535084446936,0.05,0.0,-0.0022971927443013614,0
fccf1405-8957-495b-9f33-10c57b78ca7e,063866df-54ae-4aec-95b8-a6c5f8ec309a,0.6146210036973585,0.05,0.0,0.03295987601953703,0
fccf1405-8957-495b-9f33-10c57b78ca7e,77c99f0e-3c4c-46ea-b099-00af3a4308cb,0.5529849615497833,0.05,0.0,-0.1232887788469508,0
fccf1405-8957-495b-9f33-10c57b78ca7e,16749a58-773f-4fe6-8db4-9442d829ec5c,0.6746696678029371,0.05,0.0,0.04028163175108146,0
fccf1405-8957-495b-9f33-10c57b78ca7e,24783436-4d65-494e-94f3-68f8df517126,-0.7979491470687421,0.05,0.0,-0.020773533549671718,0
fccf1405-8957-495b-9f33-10c57b78ca7e,e302b8c5-9866-4850-8dcb-56160cdf098b,0.7184166277679367,0.05,0.0,-0.021552044316419824,0
fccf1405-8957-495b-9f33-10c57b78ca7e,7ec82bc3-b662-41c8-8760-320732a3455c,0.7221802614148798,0.05,0.0,-0.08955850261068841,0
fccf1405-8957-495b-9f33-10c57b78ca7e,064822e8-84d2-41c1-a490-859f8c7f123f,0.9131763616314093,0.05,0.0,-0.22214017959594576,0
fccf1405-8957-495b-9f33-10c57b78ca7e,6edcc44e-92f7-47fe-82cb-b2fa90b3d718,0.7826084593944866,0.9,0.0,-0.0001769115950113389,0
fccf1405-8957-495b-9f33-10c57b78ca7e,90210ca2-3d38-4355-b5f4-6646846b98b6,0.7383176019090234,0.05,0.0,-0.06940683402186851,0
fccf1405-8957-495b-9f33-10c57b78ca7e,d3f941f0-7f85-4723-b492-1d4d10cea8a3,0.4495361125732611,0.05,0.0,-0.02146224616717253,0
fccf1405-8957-495b-9f33-10c57b78ca7e,73ce3d4a-f0e2-4ee3-913a-e29aff856381,0.8926378911010664,0.05,0.16666666666666666,0.16181627913904956,0
fccf1405-8957-495b-9f33-10c57b78ca7e,4a20f206-63c1-40c3-8563-fe9fc7efc9cc,0.8095684967368983,0.05,0.0,-0.07223009605596231,0
fccf1405-8957-495b-9f33-10c57b78ca7e,6c95165d-dbab-4b18-b89d-e2e3ec1e542c,0.8257316070151566,0.05,0.0,0.03858973296078704,0
fccf1405-8957-495b-9f33-10c57b78ca7e,96dec310-d586-4fcc-a208-9df668100707,0.7649934037933903,0.05,0.0,0.09124622203061744,0
fccf1405-8957-495b-9f33-10c57b78ca7e,231c623b-6f1e-4ab0-b394-f68fdcfaddda,0.7737908250941574,0.05,0.0,-0.015455727409024771,0
fccf1405-8957-495b-9f33-10c57b78ca7e,49744d57-13aa-4234-b4f9-b063089cf51e,0.5888182754640381,0.05,0.0,-0.1497734199725817,0
fccf1405-8957-495b-9f33-10c57b78ca7e,73fbf529-04cc-4dd7-938b-5bfb0a41fc25,-1.1199601450326444,0.05,0.0,-0.12564748679399285,0
a43b4713-8f53-4f04-a545-1a746c94f6e5,ef6cc76a-9095-47e0-b45c-eecfa73c860c,1.3753432144733413,0.05,0.16666666666666666,-0.3353256299739001,0
a43b4713-8f53-4f04-a545-1a746c94f6e5,4677b181-20e4-480e-bff9-dbef3e50ba2d,1.7752044270816034,0.05,0.16666666666666666,-0.34771503175184304,0
a43b4713-8f53-4f04-a545-1a746c94f6e5,215c433b-f47f-4059-ba48-eae178d00031,1.6886652668616913,0.05,0.16666666666666666,-0.3802004295259577,0
a43b4713-8f53-4f04-a545-1a746c94f6e5,17abbb69-7950-4233-a616-febd997ac8fd,1.559841196596187,0.05,0.3333333333333333,-0.31562229004841214,0
a43b4713-8f53-4f04-a545-1a746c94f6e5,8fdf9530-217e-421c-9820-18c3eec65fee,1.7092450114378153,0.05,0.3333333333333333,-0.37777045073246523,0
a43b4713-8f53-4f04-a545-1a746c94f6e5,3edeaac2-ec14-4358-a9f1-0a15d78ca9cb,1.5347033766874842,0.05,0.3333333333333333,-0.34380042530727933,0
a43b4713-8f53-4f04-a545-1a746c94f6e5,63edc358-eb00-40fe-b42c-dd8da3ca2508,1.8316262695841203,0.05,0.16666666666666666,-0.349630402257416,0
a43b4713-8f53-4f04-a545-1a746c94f6e5,1fb09fc7-936f-4daf-b250-9b77f21eeeba,1.6761515547336119,0.05,0.16666666666666666,-0.3698422413275507,0
a43b4713-8f53-4f04-a545-1a746c94f6e5,8139fbc4-4650-4c43-a72a-7b560f44065e,1.7535812015109853,0.05,0.0,-0.34040326458974235,0
a43b4713-8f53-4f04-a545-1a746c94f6e5,350a9e80-8928-4178-8d45-782fe0b1da4e,1.5315892631975956,0.05,0.16666666666666666,-0.35885453527166233,0
a43b4713-8f53-4f04-a545-1a746c94f6e5,6f28052e-af27-4821-aa36-7e2b309b7be0,1.9029886489584387,0.05,0.16666666666666666,-0.360193416499791,0
a43b4713-8f53-4f04-a545-1a746c94f6e5,76027a77-24c7-4b75-b9fb-6b71acffc93e,1.579894709719607,0.05,0.16666666666666666,-0.3763286793988878,0
a43b4713-8f53-4f04-a545-1a746c94f6e5,0fa7ecfb-2164-4c8e-ae1c-c220137f61e4,1.4363615288908882,0.05,0.3333333333333333,-0.36055709985656753,0
a43b4713-8f53-4f04-a545-1a746c94f6e5,d3579089-27ec-4de4-8c03-48119f88421b,1.3424602204060463,0.05,0.3333333333333333,-0.3385023637313947,0
a43b4713-8f53-4f04-a545-1a746c94f6e5,ac100bde-cd69-4ebb-a0c5-ffed4bf70c87,1.519732478638419,0.05,0.0,-0.39195061502218537,0
a43b4713-8f53-4f04-a545-1a746c94f6e5,568f97b0-96d6-4957-ac23-967d4cd43740,1.752466392024643,0.05,0.3333333333333333,-0.30133864151461576,0
a43b4713-8f53-4f04-a545-1a746c94f6e5,276c8eef-473c-4fd8-a0ef-d582e1f41c4d,1.364559789408406,0.05,0.0,-0.3073742995094617,0
a43b4713-8f53-4f04-a545-1a746c94f6e5,ee7e2e4f-0a8d-414d-819d-c73883936113,1.5618399425358271,0.05,0.0,-0.3821324654025396,0
a43b4713-8f53-4f04-a545-1a746c94f6e5,bda026e0-2165-4180-85c1-c24a7e634706,4.325694162745377,0.05,0.5,-0.3717114850278955,0
a43b4713-8f53-4f04-a545-1a746c94f6e5,4e4b3bf9-2dff-4b38-99c6-4d59d6a394fc,1.9006908231235045,0.05,0.16666666666666666,-0.4265576066302452,0
a43b4713-8f53-4f04-a545-1a746c94f6e5,f9bf4147-c7c2-4da8-80e0-1c59d290b11f,1.3540760501284774,0.05,0.3333333333333333,-0.348178995315042,0
a43b4713-8f53-4f04-a545-1a746c94f6e5,9dfa9eed-dec4-4d13-ad74-c759905b575a,1.3194853859967042,0.05,0.0,-0.3539025503579779,0
a43b4713-8f53-4f04-a545-1a746c94f6e5,46e7cd18-a976-4ac2-a800-4f9ebe22e688,1.3857587569301018,0.05,0.3333333333333333,-0.3038077711679993,0
a43b4713-8f53-4f04-a545-1a746c94f6e5,4eae9328-631f-477f-b2d5-0a42a32b991d,1.8914903767457965,0.05,0.16666666666666666,-0.38490250885059674,0
a43b4713-8f53-4f04-a545-1a746c94f6e5,92920212-32da-4987-8bf8-5d745cacc3c2,1.6966885513189869,0.05,0.0,-0.37939482075267544,0
93d3d7d6-652d-4641-a903-6278f92a19df,d5e692af-e8f1-45c1-ba52-15e6f6d17dc6,-0.10387338425333592,0.05,0.0,0.5750057278884652,0
93d3d7d6-652d-4641-a903-6278f92a19df,57dabe0e-0a44-4a1c-b4c3-90b9d9e214ce,0.12916181865281384,0.05,0.0,0.5383252435315783,0
93d3d7d6-652d-4641-a903-6278f92a19df,874b3d0d-7b56-479f-99d3-4513f816e494,-0.036650598994061756,0.05,0.0,1.2639937124967886,0
93d3d7d6-652d-4641-a903-6278f92a19df,89de79ef-94da-44bf-b929-9438d3ae6846,-0.05092342815429873,0.05,0.0,0.6850016379164643,0
93d3d7d6-652d-4641-a903-6278f92a19df,a3666312-f704-4b0c-854b-ce3e1dba8005,-0.02131524939353424,0.05,0.0,0.3346473815661626,0
93d3d7d6-652d-4641-a903-6278f92a19df,7651d8c9-eaaf-41ca-bf00-591abefa5284,-0.15800250937630933,0.05,0.0,0.8333519710218297,0
93d3d7d6-652d-4641-a903-6278f92a19df,c03123da-b3a3-41f1-ab5c-fe989d0469bf,-0.027028956444600016,0.05,0.16666666666666666,0.671117683862785,0
93d3d7d6-652d-4641-a903-6278f92a19df,5ce5e458-be74-4789-887b-cea16914f6a6,0.11144347758858864,0.05,0.0,0.8751734932697713,0
93d3d7d6-652d-4641-a903-6278f92a19df,73fb438c-d305-4a23-924f-49a8d7584e0a,-0.044481554222608466,0.05,0.16666666666666666,0.5056158311644419,0
93d3d7d6-652d-4641-a903-6278f92a19df,d894d888-e245-4272-b56a-af0a4965a68e,-0.09138916958455656,0.05,0.0,0.31381567733646315,0
93d3d7d6-652d-4641-a903-6278f92a19df,e147f317-ede7-402d-b79c-48726ace724f,0.007065092472845258,0.05,0.0,0.7755766024537198,0
93d3d7d6-652d-4641-a903-6278f92a19df,299b4aff-97a1-40e8-80e9-e6d78d63dc59,-0.17188626289442777,0.05,0.0,0.6650218051507204,0
93d3d7d6-652d-4641-a903-6278f92a19df,091d10b7-42bf-4b05-821f-0a2b01d06740,-0.03363452813294554,0.05,0.0,1.076388793269649,0
93d3d7d6-652d-4641-a903-6278f92a19df,a5089d8c-a1ad-440b-9819-3ef8d16fa9d4,-0.14011777156273064,0.05,0.0,0.3259111242729752,0
93d3d7d6-652d-4641-a903-6278f92a19df,8d485579-6954-4f25-b1e2-085073ddd773,-0.02296102525488486,0.05,0.0,0.9821347871086279,0
93d3d7d6-652d-4641-a903-6278f92a19df,7a7af1c2-47fb-409a-be04-7800eaed7068,-0.21789470366009844,0.05,0.16666666666666666,3.8273062857794615,0
93d3d7d6-652d-4641-a903-6278f92a19df,0ab42040-6bec-4b89-a0c2-528e3b7de097,-0.19469443962954225,0.05,0.16666666666666666,0.5285166144751774,0
93d3d7d6-652d-4641-a903-6278f92a19df,9fb9c401-00b1-43a4-8d2e-a25f979ccac2,0.012240818547157417,0.05,0.0,0.26894575290226747,0
93d3d7d6-652d-4641-a903-6278f92a19df,a7e6c91b-33b8-4332-8459-ef1ce90aebf9,-0.22857784685826932,0.05,0.0,0.5048890185241411,0
93d3d7d6-652d-4641-a903-6278f92a19df,30a1afbe-f945-443c-8c6d-b29094d7c18b,-0.11036904061138708,0.05,0.0,0.4478920577779382,0
93d3d7d6-652d-4641-a903-6278f92a19df,3e6fbda2-0354-4475-aaf2-c791e3f8a9c2,-0.15910356763638944,0.05,0.0,1.0033113293799527,0
93d3d7d6-652d-4641-a903-6278f92a19df,6710b299-7a14-4704-9ecb-77445e355d7e,0.13597891212969326,0.05,0.0,0.7945131345063294,0
93d3d7d6-652d-4641-a903-6278f92a19df,9900b37f-648d-47f1-beb8-d79b9d5fc832,0.01933955746303262,0.05,0.16666666666666666,0.6894137699301949,0
93d3d7d6-652d-4641-a903-6278f92a19df,e8640ade-e8e5-412e-b017-9581873bf2de,-0.11020721347638851,0.05,0.0,0.49968859169497676,0
93d3d7d6-652d-4641-a903-6278f92a19df,3f588d1e-37f3-4f31-84d8-7ec28acbd9df,-0.15436757891008224,0.05,0.0,0.8122886740647132,0
43779c8e-ff58-44ae-b168-7be2926e503f,c7ef0efa-a97d-4a75-bce1-6f5c573d5f7e,-1.663046538458258,0.05,0.5,-0.16583299917771208,0
43779c8e-ff58-44ae-b168-7be2926e503f,b897be8a-0019-4fad-b0bb-2bd32048200d,-1.865783830048104,0.05,0.6666666666666666,-0.040573009054557345,0
43779c8e-ff58-44ae-b168-7be2926e503f,d5b2f3cd-c645-4a98-af04-879921cea1bf,-1.7925989592137657,0.05,0.5,-0.1500025875577183,0
43779c8e-ff58-44ae-b168-7be2926e503f,75755411-3140-43be-b343-92f96c2a6859,-2.022770265842735,0.05,0.6666666666666666,-0.07198145833778068,0
43779c8e-ff58-44ae-b168-7be2926e503f,b342a998-ccc7-465b-ad77-4ad132452064,-1.692534375895538,0.05,0.5,-0.12520389674614232,0
43779c8e-ff58-44ae-b168-7be2926e503f,cf6e735f-63a9-493b-b8e9-b52860afe8d8,-1.792979668666622,0.05,0.3333333333333333,-0.07570756737922765,0
43779c8e-ff58-44ae-b168-7be2926e503f,b2d68e9f-5fea-4fbd-89aa-6a444e996151,-1.7965193974731828,0.05,0.5,-0.012317184186521472,0
43779c8e-ff58-44ae-b168-7be2926e503f,d152e18e-0566-444a-8e95-5f984b87cda6,-1.736500249197774,0.05,0.3333333333333333,-0.0931981117415889,0
43779c8e-ff58-44ae-b168-7be2926e503f,6976c963-10d2-4453-a10c-81f2f0fc4fa1,-1.911640060824487,0.05,0.5,-0.051016351609475284,0
43779c8e-ff58-44ae-b168-7be2926e503f,54c9e07d-9261-4d7f-a21b-33003a62db61,-1.8049785203894015,0.05,0.5,-0.17430375562298103,0
43779c8e-ff58-44ae-b168-7be2926e503f,113f4e71-9008-4ca8-8ea3-02b35f84ba4a,-1.9780938578558303,0.05,0.3333333333333333,-0.016325140939475867,0
43779c8e-ff58-44ae-b168-7be2926e503f,2bbf60c2-d38e-45e7-bc42-36cb791422e9,-1.6915670511894878,0.05,0.3333333333333333,-0.06185346891073028,0
43779c8e-ff58-44ae-b168-7be2926e503f,f0bca843-acb8-43f1-8523-05049daad3e0,-1.9352341206488322,0.05,0.5,-0.04772173942582651,0
43779c8e-ff58-44ae-b168-7be2926e503f,f45d5c9e-daf2-4e43-bfff-4324f9f8fabf,-2.400649630856303,0.05,0.5,-0.11492592607280115,0
43779c8e-ff58-44ae-b168-7be2926e503f,a2dccfd5-6cdc-411e-bd6f-9dbaf4146215,-1.7318289742407083,0.05,0.3333333333333333,0.05724856988010782,0
43779c8e-ff58-44ae-b168-7be2926e503f,4849aa94-8599-45e4-81f1-d5dafa885f0c,-1.8071436203563978,0.05,0.5,-0.035902710746345746,0
43779c8e-ff58-44ae-b168-7be2926e503f,8e1dbd2f-2906-447e-8b41-dd353d2e0fcf,-1.870654567535007,0.05,0.5,0.0009166070116258421,0
43779c8e-ff58-44ae-b168-7be2926e503f,aa26c2f1-8de9-44ee-96a0-a6e72dbabea2,-1.924424340670753,0.05,0.3333333333333333,1.707929644873362,0
43779c8e-ff58-44ae-b168-7be2926e503f,2f2fb9bd-b861-407c-bd8c-b3b1201fb40d,-1.9428568844382799,0.05,0.6666666666666666,-0.13518456595086198,0
43779c8e-ff58-44ae-b168-7be2926e503f,e549e93d-fc87-4534-b1ee-c9357bd258ec,-1.8821802502391667,0.05,0.5,-0.09540518644564451,0
43779c8e-ff58-44ae-b168-7be2926e503f,d1e357b8-6595-4926-a15f-96af7da58253,-1.566641116894218,0.05,0.3333333333333333,-0.037495270651048476,0
43779c8e-ff58-44ae-b168-7be2926e503f,7ecf1d39-1b57-4e54-b9df-9b713f0b121e,-1.972588707970305,0.05,0.5,0.07241195990900957,0
43779c8e-ff58-44ae-b168-7be2926e503f,9e94905a-b515-46b8-8084-b3395ff418c5,-1.9138373385986878,0.05,0.6666666666666666,-0.0028414433007769597,0
43779c8e-ff58-44ae-b168-7be2926e503f,fece5cdd-4f14-4122-a71f-c28556dcd65a,-2.331241790747054,0.05,0.5,-0.012413801677249146,0
43779c8e-ff58-44ae-b168-7be2926e503f,7a4a73fa-156c-4d41-a5ba-a06730ecbd71,-1.9822651536725093,0.05,0.3333333333333333,-0.11280852668721901,0
cece36aa-d354-4985-a3ee-e34474324e6c,94079b37-9422-4e0f-9394-1ba414a7e960,0.12530764141978334,0.9,0.5,-0.13730105382407368,0
cece36aa-d354-4985-a3ee-e34474324e6c,037fa1cc-595a-4ef8-a99c-6fc279c2c5b1,0.41241077664998826,0.05,0.3333333333333333,-0.23527966878564188,0
cece36aa-d354-4985-a3ee-e34474324e6c,bdd36d8f-9950-4fa2-85cf-36d995f4f282,0.23407477357940554,0.05,0.3333333333333333,-0.07710308533149793,0
cece36aa-d354-4985-a3ee-e34474324e6c,d2adfb19-87a5-4f10-8f12-bf9e92f78aa4,0.5056058278297817,0.05,0.3333333333333333,-0.1863720506678493,0
cece36aa-d354-4985-a3ee-e34474324e6c,b1a8799e-f4fa-4528-8614-23b25d178a97,0.5568367387276609,0.05,0.16666666666666666,-0.057015533660193816,0
cece36aa-d354-4985-a3ee-e34474324e6c,3505e01a-87fc-4755-a586-b318254f4f67,-0.23035348428016444,0.05,0.3333333333333333,-0.17310160723988294,0
cece36aa-d354-4985-a3ee-e34474324e6c,4bcce3bf-e695-4cb1-9026-f025e23b2b18,2.2664157238595006,0.05,0.6666666666666666,-0.14593517825734628,0
cece36aa-d354-4985-a3ee-e34474324e6c,73cbf422-aac8-4c87-b1f6-4e2989b838b0,0.5174230632830916,0.05,0.3333333333333333,-0.06498940354745812,0
cece36aa-d354-4985-a3ee-e34474324e6c,82caed21-7062-481b-a907-0385753eeb17,0.11774583332329058,0.05,0.16666666666666666,-0.1776420322176348,0
cece36aa-d354-4985-a3ee-e34474324e6c,a80d654a-1f45-47df-be19-06cdfbc47430,0.361910675248331,0.05,0.16666666666666666,-0.2460183706536469,0
cece36aa-d354-4985-a3ee-e34474324e6c,a9f7835c-5795-4f62-a975-4b4109dd8ac2,0.5149696468252785,0.05,0.3333333333333333,-0.3870036906884096,0
cece36aa-d354-4985-a3ee-e34474324e6c,218de804-23e3-4551-be5f-4fa2081ec214,-0.2632640948182057,0.05,0.3333333333333333,-0.1928479509951784,0
cece36aa-d354-4985-a3ee-e34474324e6c,c38110c9-9f6e-4587-9efb-5572ee6a67b5,0.5092578612518839,0.05,0.3333333333333333,-0.13769114624595366,0
cece36aa-d354-4985-a3ee-e34474324e6c,a9b7076f-3bba-42c7-af78-d41b4f67fd5c,0.49417424917325636,0.05,0.3333333333333333,0.0793886147860328,0
cece36aa-d354-4985-a3ee-e34474324e6c,eae05b85-9211-4cba-af0a-2280322e55b7,-0.09475093638851018,0.05,0.5,-0.17644690154779036,0
cece36aa-d354-4985-a3ee-e34474324e6c,5a92fb90-221f-4b43-8baf-750c4799b464,0.48320576522629466,0.05,0.3333333333333333,-0.08650449433223453,0
cece36aa-d354-4985-a3ee-e34474324e6c,c6bdb075-f6cd-4443-a406-154092f06b6b,0.28008319784026803,0.05,0.3333333333333333,-0.22617287702057493,0
cece36aa-d354-4985-a3ee-e34474324e6c,998fe4a3-9372-499b-8a3b-57919cdac398,0.6909799896918987,0.05,0.3333333333333333,-0.027481268151552645,0
cece36aa-d354-4985-a3ee-e34474324e6c,14ccf17f-926c-4949-ad92-b12a54078937,-0.2485703270718429,0.05,0.3333333333333333,-0.17494751131457253,0
cece36aa-d354-4985-a3ee-e34474324e6c,bf40bee1-9476-4ec9-87b8-6ece17c6965a,-0.3201541431340633,0.05,0.3333333333333333,-0.24588483077319637,0
cece36aa-d354-4985-a3ee-e34474324e6c,c8fbac46-d937-486f-b311-b853034a43d3,0.0668835116500448,0.05,0.3333333333333333,-0.10392662598752922,0
cece36aa-d354-4985-a3ee-e34474324e6c,0b280f23-207b-4639-a56d-0688c18d9868,0.8342516928195245,0.05,0.3333333333333333,-0.09254195839121561,0
cece36aa-d354-4985-a3ee-e34474324e6c,d48ae662-a2fc-4612-a31a-0636c16f290c,-0.013024603578328797,0.05,0.3333333333333333,-0.16294320212847488,0
cece36aa-d354-4985-a3ee-e34474324e6c,a3a58067-b19c-48ae-ac84-9db4eefd6fdc,0.5208359035261685,0.05,0.16666666666666666,-0.1600036166904511,0
cece36aa-d354-4985-a3ee-e34474324e6c,b5a1f725-6fc1-4d29-85a8-6919e805811e,-0.13704631789258004,0.05,0.5,0.010772182613247812,0
5a49bc0c-e2fc-47b5-b648-fe3eec3682d7,20d6c2b0-209d-4b33-b672-c37ad62d1d87,-2.6968372030952334,0.05,0.3333333333333333,-0.21666119720970275,0
5a49bc0c-e2fc-47b5-b648-fe3eec3682d7,c5c5a7a6-ec57-4fe6-8bb9-1cfec475e79e,1.2972452685142715,0.05,0.6666666666666666,-0.29790277808337945,0
5a49bc0c-e2fc-47b5-b648-fe3eec3682d7,21308c07-9cd2-40b5-bea1-056a8d9727fe,-0.9022831248334895,0.05,0.16666666666666666,-0.2867965449353966,0
5a49bc0c-e2fc-47b5-b648-fe3eec3682d7,5ae1e494-f2fb-42da-afda-d6f6dd15e8d1,-0.8616054316293926,0.9,0.3333333333333333,-0.1898009200616666,0
5a49bc0c-e2fc-47b5-b648-fe3eec3682d7,b4252baf-12f6-447c-b3d8-6ceced787f7c,-0.8621895066581722,0.05,0.3333333333333333,-0.255280614603411,0
5a49bc0c-e2fc-47b5-b648-fe3eec3682d7,4716232a-1443-458e-9c22-ccd9a4d297e1,-0.7737741100251259,0.05,0.3333333333333333,-0.2962425677542539,0
5a49bc0c-e2fc-47b5-b648-fe3eec3682d7,a0679be9-7aa9-4373-9f58-4cbc67d1552e,-0.6109476421908444,0.05,0.3333333333333333,-0.21053492783406066,0
5a49bc0c-e2fc-47b5-b648-fe3eec3682d7,1159fe4f-247a-465c-abe5-d9661c99d355,-1.089836831213527,0.05,0.3333333333333333,-0.2501306137056315,0
5a49bc0c-e2fc-47b5-b648-fe3eec3682d7,a19ab8f3-eea8-456a-ae1d-66481efa917f,-0.5879215520099925,0.05,0.0,-0.2179991947352648,0
5a49bc0c-e2fc-47b5-b648-fe3eec3682d7,53d77705-eef5-4b2b-a099-39f0938753d1,-0.9359696421822914,0.05,0.16666666666666666,-0.29338786422497964,0
5a49bc0c-e2fc-47b5-b648-fe3eec3682d7,b4730f5b-b341-4d81-b3b5-5d59725f34ab,-0.472651511849274,0.05,0.3333333333333333,-0.31691711645501924,0
5a49bc0c-e2fc-47b5-b648-fe3eec3682d7,7ef09114-cf56-494f-afa3-6ade6d605e83,-1.0912515467768875,0.05,0.3333333333333333,-0.23290506255035762,0
5a49bc0c-e2fc-47b5-b648-fe3eec3682d7,1186319c-3572-413b-94c1-6751f3a67cef,-0.8957470111002817,0.05,0.16666666666666666,-0.251827921181585,0
5a49bc0c-e2fc-47b5-b648-fe3eec3682d7,ad43826d-76ee-4a3c-85a0-b24a63a35f3f,-0.5681502291477347,0.05,0.3333333333333333,-0.31083981107267655,0
5a49bc0c-e2fc-47b5-b648-fe3eec3682d7,6a9f9e75-680a-437b-be87-d987ab58f799,-0.8152560729679688,0.05,0.5,-0.3453668931467668,0
5a49bc0c-e2fc-47b5-b648-fe3eec3682d7,df8c42e8-1ead-40fd-9a94-ebf9dd295d59,-1.0376452142245838,0.05,0.3333333333333333,-0.24992449429467137,0
5a49bc0c-e2fc-47b5-b648-fe3eec3682d7,f824702e-9b1c-42e6-9944-08911b7a5843,-0.7555582050342879,0.05,0.3333333333333333,-0.21067034033701282,0
5a49bc0c-e2fc-47b5-b648-fe3eec3682d7,335f7022-7fd2-4cdd-9d9d-974516a48c09,-0.8564295687995669,0.9,0.3333333333333333,-0.23870468215073717,0
5a49bc0c-e2fc-47b5-b648-fe3eec3682d7,43190474-bc71-433c-9086-650f71789226,-0.9030167683006107,0.05,0.5,-0.28609191416615837,0
5a49bc0c-e2fc-47b5-b648-fe3eec3682d7,f7bd2a95-66f8-4a75-ae40-77d45bd4f23c,-0.9369623659905724,0.05,0.16666666666666666,-0.2517403961633933,0
5a49bc0c-e2fc-47b5-b648-fe3eec3682d7,61625151-a078-4a1b-bb33-4d33d9314ba8,-0.9935373540104098,0.05,0.3333333333333333,-0.23585928344748003,0
5a49bc0c-e2fc-47b5-b648-fe3eec3682d7,7c907d6f-5b8d-4e1e-8cdc-0699757bbe1c,-0.6116535756181656,0.05,0.16666666666666666,-0.2350771460676986,0
5a49bc0c-e2fc-47b5-b648-fe3eec3682d7,d7750a72-7cc9-4498-ae16-b953218c1978,-0.9672169042941761,0.05,0.5,-0.21595678540469868,0
5a49bc0c-e2fc-47b5-b648-fe3eec3682d7,f4865211-0045-44dc-9e0d-465036451724,-0.417705752892255,0.05,0.3333333333333333,-0.18433403648670524,0
5a49bc0c-e2fc-47b5-b648-fe3eec3682d7,7413353f-16df-4e14-b7c6-d7ed68af53ec,1.1688745696786587,0.05,0.6666666666666666,-0.30292058616395423,0
e8f3340c-127c-4882-8640-95c04f4bc469,88687015-5f08-453b-b052-8a6740176f73,0.27619723227496884,0.05,0.0,0.05749043155167274,0
e8f3340c-127c-4882-8640-95c04f4bc469,4e8ed50c-00f5-40ff-8ec8-efc63fd62638,0.20005180579561532,0.05,0.0,-0.006107133586857877,0
e8f3340c-127c-4882-8640-95c04f4bc469,fc105c59-da6c-4ba3-9cf5-1f213523f738,0.12239956477572811,0.05,0.0,0.09822973473834164,0
e8f3340c-127c-4882-8640-95c04f4bc469,62476323-35a6-467f-9973-954aa5a4cd44,0.3523186301837917,0.05,0.0,0.029384720144130266,0
e8f3340c-127c-4882-8640-95c04f4bc469,66002c76-b070-41fd-9d8c-35bcbf0c72a7,0.20568120251677513,0.05,0.0,0.0822531088017256,0
e8f3340c-127c-4882-8640-95c04f4bc469,84dc0da0-b292-46ea-8c9f-28425e080cf8,0.22060343275002037,0.05,0.0,0.14186327967248913,0
e8f3340c-127c-4882-8640-95c04f4bc469,fe515490-98ca-431f-9392-9faf16443704,0.306170257623263,0.05,0.0,-0.06130443600318143,0
e8f3340c-127c-4882-8640-95c04f4bc469,cd38af6d-c2eb-4395-8d55-b2851c5cfe47,0.3778925685201342,0.05,0.16666666666666666,-0.006314312578986891,0
e8f3340c-127c-4882-8640-95c04f4bc469,f6b378c2-7871-42fb-a5de-222141fd63a7,0.281831611035793,0.05,0.0,0.02527171154393598,0
e8f3340c-127c-4882-8640-95c04f4bc469,144037ae-602c-4982-b808-9b6f05a50f88,0.3817272954178623,0.05,0.16666666666666666,0.001433373492540323,0
e8f3340c-127c-4882-8640-95c04f4bc469,8aa371ee-17f3-4b7f-b158-692ace714d9f,0.24555978968740444,0.05,0.0,0.10629008051886081,0
e8f3340c-127c-4882-8640-95c04f4bc469,47ec23ae-7b66-4b2d-a979-3f83ca80912d,0.3857019293978352,0.05,0.0,0.07657038179080712,0
e8f3340c-127c-4882-8640-95c04f4bc469,3c4ada19-6f35-40db-accc-3dc80aabff6d,0.21933589718315805,0.05,0.0,0.059807382457850576,0
e8f3340c-127c-4882-8640-95c04f4bc469,b3b30068-94f4-4f43-829b-3a4974cab95b,-0.11337879693173747,0.05,0.0,0.12980455875749541,0
e8f3340c-127c-4882-8640-95c04f4bc469,7547100d-ac45-4382-a40c-7fef7b7c0f89,0.3682154090431293,0.05,0.0,0.12655979339903997,0
e8f3340c-127c-4882-8640-95c04f4bc469,265f14ee-b9f7-494b-923e-7258a257736a,0.19514509227675436,0.05,0.0,0.21497199459590258,0
e8f3340c-127c-4882-8640-95c04f4bc469,fe738a38-7824-4a06-a5b6-e66c135edd52,0.24399220845029745,0.05,0.0,2.5392108023007904,0
e8f3340c-127c-4882-8640-95c04f4bc469,cda55b88-1c95-4956-bb32-f77efa9bd802,0.5164117532467261,0.05,0.16666666666666666,0.11055707734970674,0
e8f3340c-127c-4882-8640-95c04f4bc469,2945cad0-c8e2-4c07-8e74-6a8f9f652201,0.4324292594699477,0.05,0.16666666666666666,0.011906338513987967,0
e8f3340c-127c-4882-8640-95c04f4bc469,bab90108-cd38-4f69-93e9-9830ac48fe0c,0.28937009327573104,0.05,0.0,0.08829246831712827,0
e8f3340c-127c-4882-8640-95c04f4bc469,a6eb4179-db7a-453c-82d2-9353ec575d93,0.4477116114548698,0.05,0.0,0.058536923821440934,0
e8f3340c-127c-4882-8640-95c04f4bc469,71ed6524-204c-4a49-a460-fc47f8d6f102,0.04958469971958923,0.05,0.0,0.043331305111813184,0
e8f3340c-127c-4882-8640-95c04f4bc469,c3229f2f-5883-4160-8123-35cdf6c0b63f,0.29027391972565386,0.05,0.16666666666666666,0.07086035945835055,0
e8f3340c-127c-4882-8640-95c04f4bc469,041542f5-2085-4068-887c-f4c565ceb68f,0.49408119917266724,0.05,0.16666666666666666,0.0048673559727560965,0
e8f3340c-127c-4882-8640-95c04f4bc469,76544f11-9e1c-441f-a6fc-dc546a89c180,0.3896637314423348,0.05,0.0,0.14467951484766248,0
3ea648bd-cb82-4f24-8d62-baa9d304cf8a,fadd44b2-e3a1-4d9a-8494-5455146771af,1.264599383941051,0.05,0.0,-0.3587248310432797,0
3ea648bd-cb82-4f24-8d62-baa9d304cf8a,f10d6b69-30dc-4c63-a1b4-3ceda818f643,1.188491067343401,0.05,0.16666666666666666,-0.36328471945288554,0
3ea648bd-cb82-4f24-8d62-baa9d304cf8a,a319628d-f961-4825-bf51-39cc755a05c6,1.7037768202732293,0.05,0.16666666666666666,-0.31862434170444315,0
3ea648bd-cb82-4f24-8d62-baa9d304cf8a,a166b6ae-8738-42eb-9a96-258f8ae9107c,1.3389593490068776,0.05,0.16666666666666666,-0.3955393286855879,0
3ea648bd-cb82-4f24-8d62-baa9d304cf8a,504d88ea-207d-47d7-a710-527e2cc32a25,1.3935914934967464,0.05,0.16666666666666666,-0.39402941306782713,0
3ea648bd-cb82-4f24-8d62-baa9d304cf8a,7c06e33b-2f90-47a8-a97a-bd2772078134,1.6610846445969463,0.05,0.3333333333333333,-0.3601623974758082,0
3ea648bd-cb82-4f24-8d62-baa9d304cf8a,493b532c-dc0b-4988-aede-3414cac3d289,1.774979974354113,0.05,0.16666666666666666,-0.34156363763417563,0
3ea648bd-cb82-4f24-8d62-baa9d304cf8a,a626d15e-cfa2-4f56-9ec3-6ab84304205a,1.2635027493274293,0.05,0.3333333333333333,-0.36100007879146995,0
3ea648bd-cb82-4f24-8d62-baa9d304cf8a,6cafc394-e73b-464a-872e-f443d5c64904,1.3177895842020693,0.05,0.3333333333333333,-0.37851121430183876,0
3ea648bd-cb82-4f24-8d62-baa9d304cf8a,98cbaaa5-1604-4e9e-8af8-de5796128ed0,1.351337837324892,0.05,0.16666666666666666,-0.42228553859091017,0
3ea648bd-cb82-4f24-8d62-baa9d304cf8a,e49bec6e-2756-48eb-bf82-77eed68678ed,1.23205601357681,0.05,0.0,-0.3656637964187643,0
3ea648bd-cb82-4f24-8d62-baa9d304cf8a,c2afc478-7be1-40ba-bde9-7c27ea61f4d4,1.6253316337121397,0.05,0.0,-0.290005571574072,0
3ea648bd-cb82-4f24-8d62-baa9d304cf8a,8e0b5790-11c0-4acc-b315-b801ae6076ad,1.0839657599663273,0.05,0.3333333333333333,-0.39332031532475115,0
3ea648bd-cb82-4f24-8d62-baa9d304cf8a,87dfeb84-54c7-4428-896f-525f5e063dd3,1.2889495860965638,0.05,0.16666666666666666,-0.38185410068361725,0
3ea648bd-cb82-4f24-8d62-baa9d304cf8a,0a23cdfa-c77d-42d1-af27-4994a7d47b07,1.272649132979887,0.05,0.0,-0.30824362868564786,0
3ea648bd-cb82-4f24-8d62-baa9d304cf8a,1db80e37-0d1b-4378-94af-bfbdfea8272d,1.3519592945310306,0.05,0.16666666666666666,-0.34335751505701,0
3ea648bd-cb82-4f24-8d62-baa9d304cf8a,be8d53b3-1bb0-45a0-984e-fcc3751999ee,1.531759325116461,0.05,0.16666666666666666,-0.35745538967556384,0
3ea648bd-cb82-4f24-8d62-baa9d304cf8a,118f0133-5348-4820-abf6-051a65d79a56,1.529685925268093,0.05,0.3333333333333333,-0.38820986622452147,0
3ea648bd-cb82-4f24-8d62-baa9d304cf8a,295d3ff7-09cd-4bd2-8580-2425086bdbc7,1.4818223522100737,0.05,0.16666666666666666,-0.3569472770439097,0
3ea648bd-cb82-4f24-8d62-baa9d304cf8a,a47b0c4d-b985-4da1-ae71-a06210853d41,1.2495977881386997,0.05,0.16666666666666666,-0.34822737176068913,0
3ea648bd-cb82-4f24-8d62-baa9d304cf8a,a3ded23a-f9ab-43a0-bf89-308d5e89f3e7,1.2576260825383745,0.05,0.16666666666666666,-0.3771286067743617,0
3ea648bd-cb82-4f24-8d62-baa9d304cf8a,7231686d-6b1a-49c0-90b6-5d4e8e981cc8,0.9674769473622886,0.05,0.16666666666666666,-0.3283693454405896,0
3ea648bd-cb82-4f24-8d62-baa9d304cf8a,0c3dce08-1d7e-4d57-947c-974f4a0e2e00,1.6297373756601345,0.05,0.16666666666666666,-0.3455053915174911,0
3ea648bd-cb82-4f24-8d62-baa9d304cf8a,87b69433-95af-4ead-b97d-ef80520cdda9,1.2447202491109772,0.05,0.16666666666666666,-0.3897027076932142,0
3ea648bd-cb82-4f24-8d62-baa9d304cf8a,d74e3d76-396e-4776-a753-2f7a36eb82e4,1.8309179277133545,0.05,0.3333333333333333,-0.39045559941946806,0
024de2f0-cda6-4bde-ac3d-c75a15a63291,6b535fd4-adad-46a4-b810-fcd77df8ee9d,-1.467092837761692,0.05,0.0,0.6276658427424496,0
024de2f0-cda6-4bde-ac3d-c75a15a63291,6693f335-c894-4779-880d-c9c67f409ddf,-0.031611614207319505,0.05,0.0,0.9210100942385657,0
024de2f0-cda6-4bde-ac3d-c75a15a63291,3769d288-6119-48d7-a100-98b0d1c280f4,0.13807858267843454,0.05,0.0,0.8785638240523856,0
024de2f0-cda6-4bde-ac3d-c75a15a63291,4e83c0ea-bb35-42ed-b96b-6f094e1ff1d6,-0.035873477108100627,0.05,0.0,0.6561288171203855,0
024de2f0-cda6-4bde-ac3d-c75a15a63291,6386b7d3-faa3-4da5-af44-085bdf6d7c70,0.024670202853421586,0.05,0.0,1.0254716346133734,0
024de2f0-cda6-4bde-ac3d-c75a15a63291,6a90f372-8cf8-4475-b742-d623044ead33,-0.011267461988902827,0.05,0.0,0.3606496456099885,0
024de2f0-cda6-4bde-ac3d-c75a15a63291,d37a4af7-3253-4a19-a09a-67339f4d74fb,-0.15169391607847293,0.05,0.0,0.42426600492833694,0
024de2f0-cda6-4bde-ac3d-c75a15a63291,363dce0f-9965-449f-88a8-b234ea8505e3,-0.1103029512514393,0.05,0.0,0.5249767657617465,0
024de2f0-cda6-4bde-ac3d-c75a15a63291,db82a1a3-a0df-4bdf-baf0-44d85285ead0,0.017883004985508322,0.05,0.16666666666666666,0.3184389172157704,0
024de2f0-cda6-4bde-ac3d-c75a15a63291,1df0ae55-3c3f-4261-82e7-d9467565a041,0.05996954468104487,0.05,0.0,1.2067581304964896,0
024de2f0-cda6-4bde-ac3d-c75a15a63291,2a39cc13-9687-4d29-be74-d167abe0a8ce,-0.011078882658386302,0.05,0.0,0.9090655809800106,0
024de2f0-cda6-4bde-ac3d-c75a15a63291,5b20b3c2-8c38-40be-8d08-65f925473899,-0.10537355382659674,0.05,0.0,-0.03957802007206281,0
024de2f0-cda6-4bde-ac3d-c75a15a63291,50b9fcd8-7f1d-4e8e-8671-335403a751ff,1.6948376689172635,0.05,0.3333333333333333,0.6975094381615662,0
024de2f0-cda6-4bde-ac3d-c75a15a63291,e56a3a8d-bfc6-499c-b2e3-b37da644aacc,-0.028618399458296917,0.05,0.16666666666666666,0.6788795781520914,0
024de2f0-cda6-4bde-ac3d-c75a15a63291,553a364c-4c6a-4dee-902c-14ee1c8cb4bc,0.08208885501432928,0.05,0.16666666666666666,0.733862109359567,0
024de2f0-cda6-4bde-ac3d-c75a15a63291,037fd2fc-f999-447e-b397-f4c818d5176a,0.16444741782424277,0.05,0.0,1.0902030407338803,0
024de2f0-cda6-4bde-ac3d-c75a15a63291,0293572e-49c2-4dc7-bbdb-e52be6db2761,-0.08160370615618584,0.05,0.0,0.7596845425361427,0
024de2f0-cda6-4bde-ac3d-c75a15a63291,7c98ad55-002e-4558-b744-c0b4a3fc4432,-0.07979225127419687,0.05,0.0,0.44851880558272367,0
024de2f0-cda6-4bde-ac3d-c75a15a63291,042995bc-18e6-49b4-896e-70c33dcb8a34,0.11644651245647974,0.05,0.0,0.7860053915455246,0
024de2f0-cda6-4bde-ac3d-c75a15a63291,7d8f2a96-02fe-4a1a-8bf2-79dbaa3e3a92,0.017065305085998794,0.05,0.0,0.8652774534227289,0
024de2f0-cda6-4bde-ac3d-c75a15a63291,bf79c19b-ccd2-4c16-b427-3e60c1f7a94d,0.08838990135398106,0.05,0.0,0.762025268640264,0
024de2f0-cda6-4bde-ac3d-c75a15a63291,75ccdfc3-6997-4533-96cf-28862b1e8c89,0.024380197942989845,0.05,0.16666666666666666,1.024728999754425,0
024de2f0-cda6-4bde-ac3d-c75a15a63291,f2296a5d-300a-461d-95c7-0da298fadb2a,0.09346573393642377,0.05,0.0,1.0734620212467862,0
024de2f0-cda6-4bde-ac3d-c75a15a63291,201f7807-7df7-41e8-8554-593c39ba3885,0.045526643758357466,0.05,0.0,1.0734145315370502,0
024de2f0-cda6-4bde-ac3d-c75a15a63291,567391ba-0664-4760-a3ac-681168afbe29,0.05795403653872011,0.05,0.16666666666666666,0.9559373301192554,0
0ab0104f-253f-4041-a7f8-e994d9ae0f05,93f79408-c372-4139-8fd0-8b235ee45a91,-1.975431859800234,0.05,0.16666666666666666,-0.17406830801742296,0
0ab0104f-253f-4041-a7f8-e994d9ae0f05,e12b0a48-5e49-4710-91a8-101edf5564ac,-1.8977320430599103,0.05,0.3333333333333333,-0.15576954854720348,0
0ab0104f-253f-4041-a7f8-e994d9ae0f05,39350723-0508-4a5f-b2db-37f16a0f5d3a,-2.1780744413563,0.05,0.6666666666666666,1.6760421487028692,0
0ab0104f-253f-4041-a7f8-e994d9ae0f05,a5ad49a5-3a20-432d-a52f-82734970057f,-1.9559710542688302,0.05,0.3333333333333333,-0.1244167167797803,0
0ab0104f-253f-4041-a7f8-e994d9ae0f05,54204856-997f-4421-89ee-7b19f7ae6a70,-1.9217245076950649,0.05,0.6666666666666666,-0.03529887559294266,0
0ab0104f-253f-4041-a7f8-e994d9ae0f05,c24ae3fd-a7e2-41f2-9cb4-f4b512695b7d,-2.0988325573455384,0.05,0.5,-0.1698716063375622,0
0ab0104f-253f-4041-a7f8-e994d9ae0f05,821d9637-0a62-4f22-9397-0342907af67c,-1.9353661358819365,0.05,0.5,0.06865271044219143,0
0ab0104f-253f-4041-a7f8-e994d9ae0f05,5575fc9b-2818-4dac-a3ba-8d4dc6acba6c,-1.8520590251456501,0.05,0.5,-0.18499736204803235,0
0ab0104f-253f-4041-a7f8-e994d9ae0f05,b754018d-0684-47fb-8eb7-23713df7c24f,-1.923082717898601,0.05,0.3333333333333333,-0.0376336669398882,0
0ab0104f-253f-4041-a7f8-e994d9ae0f05,dc1b5dbb-4221-4264-9ae3-dd97d6889edb,-1.9378148589460245,0.05,0.8333333333333334,-0.03434978024981961,0
0ab0104f-253f-4041-a7f8-e994d9ae0f05,72ff05be-fc15-401e-afe9-10118adea381,-1.8834636661721422,0.05,0.5,-0.14045849343310415,0
0ab0104f-253f-4041-a7f8-e994d9ae0f05,62325b5e-0b79-4ebc-b74a-27489d1fad07,-1.961094458326082,0.05,0.3333333333333333,-0.20040906413258341,0
0ab0104f-253f-4041-a7f8-e994d9ae0f05,00c72323-4c7a-4f6c-9c40-b2e756b0aae5,-2.0376399072111635,0.05,0.3333333333333333,-0.06192121731362184,0
0ab0104f-253f-4041-a7f8-e994d9ae0f05,528761d8-59ae-4a0d-a815-cd9311ffc9fe,-2.0236931426487668,0.05,0.5,-0.17692698963085624,0
0ab0104f-253f-4041-a7f8-e994d9ae0f05,bcfdbf9a-6520-4685-80b7-e40286f2ebea,-2.0282647911513703,0.05,0.5,-0.09525511377196227,0
0ab0104f-253f-4041-a7f8-e994d9ae0f05,bd6a00ae-bd92-493a-9914-c7a8884ed144,-1.6427545157559504,0.05,0.3333333333333333,-0.1520003180138145,0
0ab0104f-253f-4041-a7f8-e994d9ae0f05,8a68ccdc-6fe5-4dee-ab2f-31f6f3e32ffd,-1.9535036307096925,0.05,0.5,-0.0014776765601637078,0
0ab0104f-253f-4041-a7f8-e994d9ae0f05,3ee0ff69-23ad-4bdb-86df-4346585e09c3,-2.0631814663929138,0.05,0.6666666666666666,-0.1014307693672125,0
0ab0104f-253f-4041-a7f8-e994d9ae0f05,41508b2d-c1ec-4893-8637-206ccdf5640e,-1.8917576902670414,0.05,0.5,-0.03873565791465984,0
0ab0104f-253f-4041-a7f8-e994d9ae0f05,96d08c75-4504-41b4-9fdd-0ebc95bf55a6,-2.0404286561026566,0.05,0.6666666666666666,-0.09923626919450398,0
0ab0104f-253f-4041-a7f8-e994d9ae0f05,20556ca8-69b1-4074-ad65-6b52f98748dd,-1.567936298726723,0.05,0.3333333333333333,-0.044858127671025504,0
0ab0104f-253f-4041-a7f8-e994d9ae0f05,c0ebc813-c702-4f2d-aa3e-2ac70c31c257,-2.010799613925201,0.05,0.3333333333333333,-0.0861552278881975,0
0ab0104f-253f-4041-a7f8-e994d9ae0f05,0b22b2ba-885a-4543-bf58-7ff0cec8130b,-0.9531034526089077,0.05,0.8333333333333334,-0.07096386024641241,0
0ab0104f-253f-4041-a7f8-e994d9ae0f05,4c0b2bb5-b9a6-46fc-b6f0-5d400ef0c4c7,-1.9178065950682721,0.05,0.5,0.04362110855159381,0
0ab0104f-253f-4041-a7f8-e994d9ae0f05,bfce29ee-b437-40da-82bb-f38a1c44f0ca,-1.878963689054281,0.05,0.5,0.03871872383908563,0
e1c97cd2-1201-412f-8b83-99bafe8abeab,afd11e05-599e-430b-a080-420e497a0642,0.05949634490146849,0.05,0.16666666666666666,-0.16521868894984407,0
e1c97cd2-1201-412f-8b83-99bafe8abeab,a303164f-7639-42f3-bfe5-0022d05febdd,0.04510961615242426,0.05,0.3333333333333333,-0.25433778249119393,0
e1c97cd2-1201-412f-8b83-99bafe8abeab,ec99459b-c9b7-4d3e-9643-e54530aeefa7,0.11169333682479365,0.05,0.3333333333333333,-0.11719584412394826,0
e1c97cd2-1201-412f-8b83-99bafe8abeab,054d7dea-0a5d-4106-a16b-dea929b409fd,0.06228174773926387,0.05,0.0,-0.22162805176303443,0
e1c97cd2-1201-412f-8b83-99bafe8abeab,56ea40e8-d66c-4edf-80ad-6c518b12606f,-1.9798817536745146,0.05,0.3333333333333333,-0.030770827518760473,0
e1c97cd2-1201-412f-8b83-99bafe8abeab,0aab7e10-10c2-4597-879c-8a3519ca970a,0.031884679649480496,0.05,0.3333333333333333,-0.24057091745928513,0
e1c97cd2-1201-412f-8b83-99bafe8abeab,81de3208-4fce-4518-a11b-e5ae17ccb04c,0.006837431429695506,0.05,0.3333333333333333,-0.08561713154753006,0
e1c97cd2-1201-412f-8b83-99bafe8abeab,01418f6a-d6fc-44f8-8f48-908a7e548e56,-0.5575150094317984,0.05,0.16666666666666666,-0.313917920150826,0
e1c97cd2-1201-412f-8b83-99bafe8abeab,1c2da27a-7e39-4347-b5a8-66d4f89167ef,-0.005743201155049338,0.05,0.3333333333333333,-0.19946153246208628,0
e1c97cd2-1201-412f-8b83-99bafe8abeab,01ee55e2-1b55-45c3-9c58-d798d9327901,-0.0646954996447171,0.05,0.16666666666666666,-0.284332796128927,0
e1c97cd2-1201-412f-8b83-99bafe8abeab,da784189-3592-4f45-a05f-097cce4d0837,-0.15223438078187979,0.05,0.16666666666666666,-0.41772636898911475,0
e1c97cd2-1201-412f-8b83-99bafe8abeab,9fd3b0b5-869f-4dbd-8f01-0297e87df728,-0.15534034894384874,0.05,0.0,-0.2278849741449328,0
e1c97cd2-1201-412f-8b83-99bafe8abeab,e6712531-7fab-46aa-bb86-d968a1a5fa93,0.2599689111623693,0.05,0.3333333333333333,-0.2671699398873248,0
e1c97cd2-1201-412f-8b83-99bafe8abeab,e2e75f2a-2e99-40a2-8652-1e2daa7fc62a,-0.03272915706735802,0.05,0.3333333333333333,-0.17438649039158519,0
e1c97cd2-1201-412f-8b83-99bafe8abeab,9d221767-cc1c-42b9-9d4e-b11e630456fa,0.034678794964733584,0.05,0.16666666666666666,-0.047650532359983934,0
e1c97cd2-1201-412f-8b83-99bafe8abeab,233d8453-0b05-48d3-893a-ece8499c3b0e,-0.41896462114379895,0.05,0.3333333333333333,-0.39158629872436085,0
e1c97cd2-1201-412f-8b83-99bafe8abeab,5806129f-8857-4de0-8a4d-21e717dcdf13,-0.5200265256741061,0.05,0.3333333333333333,-0.3412937652083516,0
e1c97cd2-1201-412f-8b83-99bafe8abeab,d8f50975-113f-4c13-9831-8af6e4f0cd3e,-0.14777013925597382,0.05,0.3333333333333333,-0.24192165546788152,0
e1c97cd2-1201-412f-8b83-99bafe8abeab,5ca2ef4f-cae9-497d-b226-26954fe430e8,-0.2694134493173945,0.05,0.3333333333333333,-0.31113912421152157,0
e1c97cd2-1201-412f-8b83-99bafe8abeab,92ac553d-6e03-4024-9e92-7bed89af29e6,0.0625128509166819,0.9,0.16666666666666666,-0.15358793516473931,0
e1c97cd2-1201-412f-8b83-99bafe8abeab,458ac360-33e5-4508-9704-03275ea8af6d,-0.40262673496159973,0.05,0.0,-0.20614981797852716,0
e1c97cd2-1201-412f-8b83-99bafe8abeab,a32b1468-a5df-4d24-8ae1-d245e076eabb,-0.5415221843537683,0.05,0.16666666666666666,-0.24995903111288587,0
e1c97cd2-1201-412f-8b83-99bafe8abeab,56058a13-33f9-488d-9222-6f36696987c7,0.22334441278040007,0.05,0.5,-0.23203971254222472,0
e1c97cd2-1201-412f-8b83-99bafe8abeab,bfb81383-913b-4c78-83b4-0517c89670ea,-1.9797078879075047,0.05,0.3333333333333333,-0.3362541889874293,0
e1c97cd2-1201-412f-8b83-99bafe8abeab,ba92eefe-de2e-44c3-b9a3-83b19eae450d,-0.6239930778465763,0.05,0.3333333333333333,-0.3232606256601054,0
fd02bf8c-8a1e-440c-acfb-92f2e63ce2c9,a2fb1718-a585-472a-a5f6-c773f341377f,-0.6769431615517134,0.05,0.16666666666666666,-0.19005340541201385,0
fd02bf8c-8a1e-440c-acfb-92f2e63ce2c9,cd12ad91-9894-47a7-9928-a653db032672,-0.743008544271583,0.05,0.3333333333333333,-0.21337638596828662,0
fd02bf8c-8a1e-440c-acfb-92f2e63ce2c9,ac18370b-8cd0-4450-9720-a658d1ef1084,-0.8350164162050611,0.05,0.3333333333333333,-0.13054588056299782,0
fd02bf8c-8a1e-440c-acfb-92f2e63ce2c9,1ea0cf10-a076-4fe9-ba0b-8039cb401c48,0.8301968067138397,0.05,0.6666666666666666,-0.16304820340881704,0
fd02bf8c-8a1e-440c-acfb-92f2e63ce2c9,4aa5add2-09cb-4e0b-ae67-bd0bbfabc62d,-0.7668911291100895,0.05,0.3333333333333333,-0.18274306546668423,0
fd02bf8c-8a1e-440c-acfb-92f2e63ce2c9,44742930-5d83-4af7-80b0-077aa7fc21aa,-0.5634043201508669,0.05,0.3333333333333333,-0.21390189852929567,0
fd02bf8c-8a1e-440c-acfb-92f2e63ce2c9,5c10198d-59b1-4455-96e6-3d9aad976eb6,-0.8433471240495223,0.05,0.5,-0.25551502874299586,0
fd02bf8c-8a1e-440c-acfb-92f2e63ce2c9,4c7bfdbb-7f2b-47fb-8e4b-4bbeb67db498,-0.975017326608834,0.05,0.3333333333333333,-0.11778248013829819,0
fd02bf8c-8a1e-440c-acfb-92f2e63ce2c9,c1c61264-6208-44e2-85d1-6b40defb04a1,-0.7123567852285349,0.05,0.5,-0.27460280057253056,0
fd02bf8c-8a1e-440c-acfb-92f2e63ce2c9,f90d9935-56a5-426e-8ef3-80c840dbad49,-0.340926021203499,0.05,0.3333333333333333,-0.13526162049945553,0
fd02bf8c-8a1e-440c-acfb-92f2e63ce2c9,85ab631c-3668-44cf-923d-60fd58fd189f,-0.5780728277414262,0.05,0.16666666666666666,0.0025427893250543473,0
fd02bf8c-8a1e-440c-acfb-92f2e63ce2c9,1746b825-523d-4e71-8861-d87115cad185,-0.8243437874475035,0.05,0.16666666666666666,-0.17565191947854808,0
fd02bf8c-8a1e-440c-acfb-92f2e63ce2c9,48e04e37-65a1-4fa0-8efe-f43666251a8f,-0.9383953866395354,0.05,0.3333333333333333,-0.18037267130498347,0
fd02bf8c-8a1e-440c-acfb-92f2e63ce2c9,e2b28f9e-048f-46dd-915e-c2784f28032b,-0.5590203929050896,0.05,0.16666666666666666,-0.20727727578991073,0
fd02bf8c-8a1e-440c-acfb-92f2e63ce2c9,e7a1d99d-02e1-47be-b8a7-88b5ee38e86f,-0.7264671719927374,0.05,0.5,-0.21804650587193428,0
fd02bf8c-8a1e-440c-acfb-92f2e63ce2c9,91d0ce7b-e53b-48b6-b40c-6128d1e86f13,-0.6088572593892385,0.05,0.3333333333333333,-0.1531082020791662,0
fd02bf8c-8a1e-440c-acfb-92f2e63ce2c9,74dfb2f4-27d6-48b7-a0b4-4312dd3ce4a1,-0.6055382971435264,0.05,0.16666666666666666,-0.2695413643020923,0
fd02bf8c-8a1e-440c-acfb-92f2e63ce2c9,1cc93926-f86c-4a84-9529-2f87b3749c97,-0.9284576446306967,0.05,0.5,-0.1473608123926678,0
fd02bf8c-8a1e-440c-acfb-92f2e63ce2c9,93676a55-c2dd-468f-98ab-3efd368df953,-0.6642062394910999,0.05,0.3333333333333333,-0.21839675291150784,0
fd02bf8c-8a1e-440c-acfb-92f2e63ce2c9,3578ad9d-a82a-46d0-a4a0-9d59614a27a8,-0.43992228216787854,0.05,0.3333333333333333,-0.1765531699192735,0
fd02bf8c-8a1e-440c-acfb-92f2e63ce2c9,4b2b6034-1609-42f8-8d42-79654fc83afe,-0.6278875053982591,0.05,0.16666666666666666,-0.16419196119878646,0
fd02bf8c-8a1e-440c-acfb-92f2e63ce2c9,aea46540-b1c6-4d27-ac44-a81d83b5417a,-0.562635217838543,0.05,0.3333333333333333,-0.22381757405595026,0
fd02bf8c-8a1e-440c-acfb-92f2e63ce2c9,7ad043dd-202e-47cc-80ca-ea1d2d5003e1,-0.7900879232290223,0.05,0.3333333333333333,-0.18110602601469733,0
fd02bf8c-8a1e-440c-acfb-92f2e63ce2c9,b5b0548d-9a01-4993-9e8b-8ba418610a42,-0.807201837857165,0.05,0.3333333333333333,-0.20813866200128509,0
fd02bf8c-8a1e-440c-acfb-92f2e63ce2c9,1461e55f-7ad6-4720-a743-21b13164dde4,-0.8505574846080828,0.05,0.16666666666666666,-0.19768685886044918,0
1d414bf6-9c5e-46c3-9d65-9154d51ec1e6,41fdbd2f-599d-4e1d-a32d-c2e074c5dc0a,0.49758949755303483,0.05,0.16666666666666666,0.12669177038173662,0
1d414bf6-9c5e-46c3-9d65-9154d51ec1e6,6b9d69e0-1588-4a99-aa78-629ac5a5e43e,0.40045700632122827,0.05,0.0,0.18164064543968983,0
1d414bf6-9c5e-46c3-9d65-9154d51ec1e6,5fbccf42-9410-4103-a3b8-dd677ea05e1b,0.6299039235265864,0.05,0.0,-0.027277356607061515,0
1d414bf6-9c5e-46c3-9d65-9154d51ec1e6,61a107f6-fc54-492f-86e7-0d0f951868e6,0.46700640472345967,0.05,0.0,0.029824862181148794,0
1d414bf6-9c5e-46c3-9d65-9154d51ec1e6,0a28bb54-fa34-4a25-937c-a3aace819ffc,0.59789462281499,0.05,0.0,0.017878690536676133,0
1d414bf6-9c5e-46c3-9d65-9154d51ec1e6,8bce54e0-b918-427f-95c1-845edd6a8b71,-1.0448553077097582,0.05,0.0,0.0026243515429670355,0
1d414bf6-9c5e-46c3-9d65-9154d51ec1e6,943afc50-fa6d-4c81-8a19-dd974c0bc9b0,0.5678149830558068,0.05,0.0,-0.1423412015160932,0
1d414bf6-9c5e-46c3-9d65-9154d51ec1e6,06d2ae2f-524a-4ad4-a7a4-abc67a71f5c7,0.5324147625854616,0.05,0.0,0.09486690503090181,0
1d414bf6-9c5e-46c3-9d65-9154d51ec1e6,2d66c057-8f77-4aef-a78d-d8e2e23d3613,0.46912261798116806,0.05,0.0,0.01729328720845869,0
1d414bf6-9c5e-46c3-9d65-9154d51ec1e6,85389483-b8c9-41f2-b06c-0054e7ebb82c,0.46709681068937847,0.05,0.0,0.02055787422159024,0
1d414bf6-9c5e-46c3-9d65-9154d51ec1e6,839f5d3a-10f7-4be4-807b-858f29e01732,0.33068042425535804,0.05,0.0,0.11641921753299748,0
1d414bf6-9c5e-46c3-9d65-9154d51ec1e6,a4464adb-c898-4293-b409-427db5f978a1,0.4574774088929763,0.05,0.16666666666666666,-0.12821262502059128,0
1d414bf6-9c5e-46c3-9d65-9154d51ec1e6,95dc9629-c7ab-4615-bb36-ffd859c64c4d,0.47598741013795554,0.05,0.0,0.02476163854036389,0
1d414bf6-9c5e-46c3-9d65-9154d51ec1e6,91d6b760-f915-41d3-81b9-a90906e34ca7,0.5363466407537887,0.05,0.0,-0.10428001870962282,0
1d414bf6-9c5e-46c3-9d65-9154d51ec1e6,8122b2e6-73f8-4c1a-83ad-b28494d66450,0.5128070052905711,0.05,0.0,0.06848009082322805,0
1d414bf6-9c5e-46c3-9d65-9154d51ec1e6,aeca5875-e01d-4f1d-92cc-09dda8dd553b,0.6217288065460691,0.05,0.16666666666666666,0.00813292256681726,0
1d414bf6-9c5e-46c3-9d65-9154d51ec1e6,1770e148-bf3a-4f61-9876-ff4fdcbac916,0.5623313954683429,0.05,0.16666666666666666,-0.10398994734672592,0
1d414bf6-9c5e-46c3-9d65-9154d51ec1e6,f635179f-9deb-401e-a173-aa74f0dc5e42,0.19914978437303432,0.05,0.0,0.021846665637537854,0
1d414bf6-9c5e-46c3-9d65-9154d51ec1e6,886ed0dd-4850-48f4-9f3b-05917da6a961,0.4517666358168828,0.05,0.16666666666666666,0.1265508341400083,0
1d414bf6-9c5e-46c3-9d65-9154d51ec1e6,aeedc152-b450-49fb-adbb-8083b4ddf346,0.5727373922255188,0.9,0.0,-0.022567422178915192,0
1d414bf6-9c5e-46c3-9d65-9154d51ec1e6,8c0c7d8d-0480-43e9-9d20-1b2938e5743d,0.5728084655952737,0.05,0.0,-0.0017080111871321615,0
1d414bf6-9c5e-46c3-9d65-9154d51ec1e6,e12b2bda-0225-4175-b8c9-80467bb8bbce,0.4288636195137423,0.05,0.16666666666666666,0.04971162126672696,0
1d414bf6-9c5e-46c3-9d65-9154d51ec1e6,48519e82-930d-4173-a7d8-5c8d7da898d5,0.25815686709217633,0.05,0.0,0.061257896089903896,0
1d414bf6-9c5e-46c3-9d65-9154d51ec1e6,67c470bc-b815-4ba1-b54d-ce71afd2c01b,0.46993375979648633,0.05,0.0,0.08012887669052154,0
1d414bf6-9c5e-46c3-9d65-9154d51ec1e6,4e6375b8-ac29-44e6-9a2c-b5d716547287,0.6849284564847666,0.05,0.16666666666666666,-0.1512281576465293,0
aa89a90a-7c36-4a57-88c6-4b9bc579676b,299b6051-6403-43fd-b37a-218182cdf001,1.4822578720721884,0.05,0.0,-0.3533635356396458,0
aa89a90a-7c36-4a57-88c6-4b9bc579676b,cdd63c89-1065-4af4-8dd0-1f0814de2117,1.3555971469587789,0.05,0.0,-0.33308761472078824,0
aa89a90a-7c36-4a57-88c6-4b9bc579676b,6c4a7205-651d-458d-85a4-5f923027ed0a,1.4733719793945408,0.05,0.3333333333333333,-0.3136586228108495,0
aa89a90a-7c36-4a57-88c6-4b9bc579676b,90e419a7-df9c-4a82-8007-ad23128c5350,1.3519524359969228,0.05,0.16666666666666666,-0.32598118751129584,0
aa89a90a-7c36-4a57-88c6-4b9bc579676b,b1d1ff33-14ab-4494-935a-f52e78272378,1.5352429203337419,0.05,0.16666666666666666,-0.3206073063278405,0
aa89a90a-7c36-4a57-88c6-4b9bc579676b,8fb0af8d-73c9-403f-880e-cb8d0a9c3dc9,1.4265509475360751,0.05,0.0,-0.2853145758345552,0
aa89a90a-7c36-4a57-88c6-4b9bc579676b,2a4fb57b-4ad8-4ace-98c9-036182ace1c7,1.2270870302659667,0.05,0.3333333333333333,-0.3254595795614735,0
aa89a90a-7c36-4a57-88c6-4b9bc579676b,54aa077a-6caa-496b-b7ca-30bd0a40326c,1.666255601173293,0.05,0.16666666666666666,-0.30712837124496994,0
aa89a90a-7c36-4a57-88c6-4b9bc579676b,e9b60a26-7871-40c7-9d18-a8e9fb836850,1.7936852008450828,0.05,0.0,-0.3407533359288211,0
aa89a90a-7c36-4a57-88c6-4b9bc579676b,5d2854ea-1a6f-4188-b0a7-18cbfe5258d2,1.6350560154657616,0.05,0.3333333333333333,-0.35541525014923225,0
aa89a90a-7c36-4a57-88c6-4b9bc579676b,895795da-5f74-4259-b2d4-cb01e9edd473,1.3311942272131514,0.05,0.0,-0.3302051151209898,0
aa89a90a-7c36-4a57-88c6-4b9bc579676b,a26d163f-6fac-476d-9589-dff1b9975407,1.760064229210493,0.05,0.0,-0.3039392719389027,0
aa89a90a-7c36-4a57-88c6-4b9bc579676b,8c9d90bb-e4d0-48e5-9175-60285bbb9b45,1.5763286833484216,0.05,0.16666666666666666,-0.39763443463259374,0
aa89a90a-7c36-4a57-88c6-4b9bc579676b,0586ff5e-4695-4274-8274-49089c894c96,1.4395915916773268,0.05,0.0,-0.32671313310976186,0
aa89a90a-7c36-4a57-88c6-4b9bc579676b,04ccb281-e956-47fa-b93d-a1b399aa0fbe,1.5085352882958736,0.05,0.3333333333333333,-0.36744341144829445,0
aa89a90a-7c36-4a57-88c6-4b9bc579676b,086ac12f-5e3b-4b3f-8cde-bba04770e15a,1.4630272033292098,0.05,0.0,-0.37490326066925295,0
aa89a90a-7c36-4a57-88c6-4b9bc579676b,c0e2093e-82c6-4eb8-8a78-bae2644baaac,1.8371486356262903,0.05,0.0,-0.31848706074230065,0
aa89a90a-7c36-4a57-88c6-4b9bc579676b,1c15b29d-7f2c-4aaf-b07b-1fdd615bf153,1.7943800539863624,0.05,0.16666666666666666,-0.3409316538207891,0
aa89a90a-7c36-4a57-88c6-4b9bc579676b,cd2445b8-9b1b-4268-99f3-b53a9b1520ca,1.5335055115373866,0.05,0.5,0.24660750682400626,0
aa89a90a-7c36-4a57-88c6-4b9bc579676b,6afcbf19-b98e-4414-b74e-1ead6f167745,1.6408418666443705,0.05,0.3333333333333333,-0.32334707546317326,0
aa89a90a-7c36-4a57-88c6-4b9bc579676b,9f688b70-991e-463a-95c4-e730c8a68e49,5.245913758373792,0.05,0.5,-0.3304335717225506,0
aa89a90a-7c36-4a57-88c6-4b9bc579676b,adf1230f-a05f-498e-8f94-72a2dec06aee,1.489591056101851,0.05,0.16666666666666666,-0.32355131633156875,0
aa89a90a-7c36-4a57-88c6-4b9bc579676b,d22def72-87dd-4ab7-95ab-5bb7e857a3c5,1.3402853353802042,0.05,0.16666666666666666,-0.3101304046315987,0
aa89a90a-7c36-4a57-88c6-4b9bc579676b,d8bf915e-5fc1-4556-aeee-cf0122d9f8c5,1.6260057846930573,0.05,0.16666666666666666,-0.3479182038002281,0
aa89a90a-7c36-4a57-88c6-4b9bc579676b,421c8c8e-c1bb-416b-b87e-790de5d62df0,1.3895183243801164,0.05,0.16666666666666666,-0.34440397730734096,0
7a85ded0-d313-478a-ae6d-e6ff8b907b9a,36708dfd-b40c-47c8-bd8a-ab04b378b7f4,0.19267880290676498,0.05,0.0,0.5108677441489133,0
7a85ded0-d313-478a-ae6d-e6ff8b907b9a,c6de2e8b-3efc-4725-ac3b-5bb97019fcea,0.13385685415632498,0.05,0.16666666666666666,0.2871077859542025,0
7a85ded0-d313-478a-ae6d-e6ff8b907b9a,de412a7b-bfbd-441b-abbb-495ac6918ba9,0.09928256050406148,0.05,0.16666666666666666,0.6435840656282856,0
7a85ded0-d313-478a-ae6d-e6ff8b907b9a,e88cbaf0-4aed-4822-bb97-55e580810a5e,0.18510501879642582,0.05,0.16666666666666666,0.8318118410230146,0
7a85ded0-d313-478a-ae6d-e6ff8b907b9a,d680f51d-508a-4b90-bb6b-4f753dcf8cfa,0.049567620814017666,0.05,0.0,0.148592594614702,0
7a85ded0-d313-478a-ae6d-e6ff8b907b9a,3ddc4533-07b8-418c-b1b8-c77d5b358090,0.20732495571625975,0.05,0.0,0.28764468911089247,0
7a85ded0-d313-478a-ae6d-e6ff8b907b9a,fe1d91a2-83a5-431b-b056-8a53117bc997,0.24993305229281493,0.05,0.16666666666666666,0.5399844761149009,0
7a85ded0-d313-478a-ae6d-e6ff8b907b9a,8c77f159-fde3-4b61-88e8-24e4c8d43b46,0.1244265114446641,0.05,0.0,0.26326293492207326,0
7a85ded0-d313-478a-ae6d-e6ff8b907b9a,8cb17689-6aff-4ef5-8013-c4d1bbb6786f,-0.011826013243151579,0.05,0.0,0.11208256131317006,0
7a85ded0-d313-478a-ae6d-e6ff8b907b9a,efa1ae54-ebf0-493d-9e3d-05132c0d183d,0.32097000060673686,0.05,0.16666666666666666,0.7404479300868742,0
7a85ded0-d313-478a-ae6d-e6ff8b907b9a,7eec6058-658d-405f-b2ff-ab7d7c51b219,0.2121240861985143,0.05,0.16666666666666666,0.5599509531408151,0
7a85ded0-d313-478a-ae6d-e6ff8b907b9a,c87d0fb7-4da0-4b67-a4ab-c686ea26e7d7,-0.04542262216201731,0.05,0.0,-0.10513764938345678,0
7a85ded0-d313-478a-ae6d-e6ff8b907b9a,c66f2f71-f543-4a5c-882f-279865d7a0f2,0.004729234390678627,0.05,0.0,-0.15444474805774683,0
7a85ded0-d313-478a-ae6d-e6ff8b907b9a,66690f3c-5318-42f4-815e-e42b08403c66,0.06019571545502611,0.05,0.0,0.14141956095745115,0
7a85ded0-d313-478a-ae6d-e6ff8b907b9a,09ea9b43-f56e-4224-a01c-d86dba6f2136,0.18462095463465023,0.05,0.16666666666666666,-0.04080406596700154,0
7a85ded0-d313-478a-ae6d-e6ff8b907b9a,01d7d2db-19f6-4342-8b6e-e3fd715e854d,0.1078612516383437,0.05,0.16666666666666666,0.6692008022101567,0
7a85ded0-d313-478a-ae6d-e6ff8b907b9a,3ec88a70-2829-498b-9e9c-c49c39d6a39e,0.06480480186069482,0.05,0.16666666666666666,0.5654207671307548,0
7a85ded0-d313-478a-ae6d-e6ff8b907b9a,87f98d1a-5060-44d0-a11e-5c29e9a61696,3.111477916480034,0.05,0.3333333333333333,0.3308009669176712,0
7a85ded0-d313-478a-ae6d-e6ff8b907b9a,9bd38bdf-688f-404b-89a4-301a290f150c,0.2676910720216359,0.05,0.16666666666666666,0.4411289932568044,0
7a85ded0-d313-478a-ae6d-e6ff8b907b9a,85d35b0f-ea4a-4f97-a065-ca41af247d20,0.04975590217290993,0.05,0.0,0.3825892853560154,0
7a85ded0-d313-478a-ae6d-e6ff8b907b9a,66df1db0-f09a-4d9f-ad62-5b7432aa8ffe,-2.1959617909650007,0.05,0.0,0.6091483793980751,0
7a85ded0-d313-478a-ae6d-e6ff8b907b9a,92a1f254-f0f1-4e68-8bee-95cd768e5c6e,0.2937187069965166,0.05,0.0,0.3509979725300515,0
7a85ded0-d313-478a-ae6d-e6ff8b907b9a,36ed1ed3-194d-42fe-811c-fe2861bc0402,0.007788924137534181,0.05,0.0,0.2983271686045469,0
7a85ded0-d313-478a-ae6d-e6ff8b907b9a,8a3c91b0-eea3-44f0-b14b-9a1ac00879c8,0.17896795120709186,0.05,0.16666666666666666,0.48141383056203624,0
7a85ded0-d313-478a-ae6d-e6ff8b907b9a,e79e4f86-40eb-4de9-989e-bbc4395b3d06,-1.1342625961927495,0.05,0.0,0.1921612480929369,0
ad550666-a184-48ab-bc20-b1d3c6e955e7,80d6d0cd-043a-476c-80b0-7048cc735108,-2.0267229674622733,0.05,0.6666666666666666,0.01240062929877864,0
ad550666-a184-48ab-bc20-b1d3c6e955e7,2cd1fd8a-ef7e-474c-bfda-b8f949f062e4,-1.8692034623539735,0.05,0.6666666666666666,0.009788386850095747,0
ad550666-a184-48ab-bc20-b1d3c6e955e7,6222f2d1-e1cb-42f6-83db-444aae592563,-1.685521803668614,0.05,0.5,-0.08380707337438892,0
ad550666-a184-48ab-bc20-b1d3c6e955e7,ae451757-a1e1-4624-a990-9c6dfadfb15f,-1.9266592453119107,0.05,0.5,0.04422089705692821,0
ad550666-a184-48ab-bc20-b1d3c6e955e7,40bd5a88-b96a-4e6a-b610-bb722fce7d71,-2.0009572502518083,0.05,0.6666666666666666,0.008690050852756943,0
ad550666-a184-48ab-bc20-b1d3c6e955e7,8d572bf8-573d-447f-b5c7-b9233a2b2522,-1.702081774927212,0.05,0.3333333333333333,0.011590594530865469,0
ad550666-a184-48ab-bc20-b1d3c6e955e7,325ea748-98d2-4f9a-b296-995fb21e8871,-1.717548159048182,0.05,0.3333333333333333,-0.004706359535683366,0
ad550666-a184-48ab-bc20-b1d3c6e955e7,50a0833c-4796-46f3-97d2-2e92a3a74ee4,-1.902623935059157,0.05,0.6666666666666666,0.017131801449291113,0
ad550666-a184-48ab-bc20-b1d3c6e955e7,86985da0-2b58-4a00-8ae0-dd33c2b21361,-1.8141970109893104,0.05,0.6666666666666666,0.02505888697415099,0
ad550666-a184-48ab-bc20-b1d3c6e955e7,8ce7f73e-e651-4fee-ae77-03dd04673525,-1.8573268008564203,0.05,0.5,-0.09171436952799769,0
ad550666-a184-48ab-bc20-b1d3c6e955e7,2d50dbe2-f9b1-4cf4-8227-d77d02c81781,-1.8338177988878503,0.05,0.5,-0.18656453671676232,0
ad550666-a184-48ab-bc20-b1d3c6e955e7,b076e7f0-176e-40b1-97e1-38e6d1df33ea,-1.8430336439777388,0.05,0.3333333333333333,-0.0960578436723741,0
ad550666-a184-48ab-bc20-b1d3c6e955e7,6635f115-9e24-4669-9af7-227fa4d78fe4,-2.101668858176588,0.05,0.5,-0.08425097237846214,0
ad550666-a184-48ab-bc20-b1d3c6e955e7,131d0eeb-f7d8-40f8-abcb-9308f3fb057a,-2.005045197663045,0.05,0.5,-0.1396266375100107,0
ad550666-a184-48ab-bc20-b1d3c6e955e7,a5b40a67-d5a7-41f3-aab4-24dc44d0bdd7,-2.911361673558941,0.05,0.5,-0.14424472127705812,0
ad550666-a184-48ab-bc20-b1d3c6e955e7,1a892eac-a8d1-41c6-a301-cdd3b3e6cfd6,-1.8281183892449766,0.05,0.6666666666666666,-0.04245370649046743,0
ad550666-a184-48ab-bc20-b1d3c6e955e7,12ba3d13-316b-4b53-9678-f702a72631b3,-1.6997148057665066,0.05,0.5,0.038406576313127196,0
ad550666-a184-48ab-bc20-b1d3c6e955e7,f1b4b027-2a14-43b8-9cba-f039f79d6b11,-2.0917904968744767,0.05,0.6666666666666666,-0.08823143209392724,0
ad550666-a184-48ab-bc20-b1d3c6e955e7,546848c9-5fe1-4793-a3e1-8aa05f10e411,-1.973325999949449,0.05,0.5,-0.07261737804453453,0
ad550666-a184-48ab-bc20-b1d3c6e955e7,0dd8f546-4569-4586-9713-822d9b4821f1,-1.7217761174503172,0.05,0.5,0.021369925406933242,0
ad550666-a184-48ab-bc20-b1d3c6e955e7,ca1d0837-2c45-423a-9d11-c06838d8bcfa,-2.0494092629436187,0.05,0.5,0.04003388894099359,0
ad550666-a184-48ab-bc20-b1d3c6e955e7,cb281f26-6c82-46c7-b56d-23889f944441,-2.0227788618538325,0.05,0.5,-0.09926047010011005,0
ad550666-a184-48ab-bc20-b1d3c6e955e7,79ce0627-4129-4912-9d43-d8aa73ff307e,-1.914342554310695,0.05,0.3333333333333333,-0.014151380229631843,0
ad550666-a184-48ab-bc20-b1d3c6e955e7,446002b2-d107-4c1f-be0e-f0b2b0f9d23c,-2.263973964330739,0.05,0.5,0.06496237949470468,0
ad550666-a184-48ab-bc20-b1d3c6e955e7,e8eae140-ad45-4170-8da3-497bc4113c52,-2.0468000662574797,0.05,0.5,-0.06457527864206292,0
52090f0d-87be-4b11-b1fc-1158f0c881e6,fd5be4a5-62e3-41f3-8209-3fde11999c46,-0.7160861990803205,0.05,0.3333333333333333,-0.09132028772777942,0
52090f0d-87be-4b11-b1fc-1158f0c881e6,b42dbf7b-fa6a-420f-ac6b-a9779884c2cb,-0.48111192829400284,0.05,0.3333333333333333,-0.10641781584871719,0
52090f0d-87be-4b11-b1fc-1158f0c881e6,8405f990-69ab-41d1-9ce0-bcb87ec6044b,-0.23189326126816612,0.05,0.16666666666666666,-0.022087138790088813,0
52090f0d-87be-4b11-b1fc-1158f0c881e6,bd9dfe76-d3a7-4aa5-a585-cdbc519ae81e,-0.05260204696194304,0.05,0.3333333333333333,-0.018869640287012684,0
52090f0d-87be-4b11-b1fc-1158f0c881e6,83c2a28c-7804-4c02-bb65-3111048bc08d,-0.2839569104589219,0.05,0.16666666666666666,0.005173686368053881,0
52090f0d-87be-4b11-b1fc-1158f0c881e6,77fd73af-6027-4108-8b52-c24c3566f7a7,-0.5843267736138631,0.05,0.5,-0.014410939116509073,0
52090f0d-87be-4b11-b1fc-1158f0c881e6,6c68c8da-fb08-406d-b300-9c637c4ce1de,-0.10649336738238979,0.05,0.3333333333333333,-0.22983403340100453,0
52090f0d-87be-4b11-b1fc-1158f0c881e6,79f0a1d4-4a17-4354-85fa-b1cd836e075c,0.46118804387715606,0.05,0.16666666666666666,-0.12639254600020738,0
52090f0d-87be-4b11-b1fc-1158f0c881e6,a294b919-a474-44f9-b670-7c27e6edf876,-0.08716456148347174,0.05,0.5,-0.12370466983894618,0
52090f0d-87be-4b11-b1fc-1158f0c881e6,759c026d-07ec-4ffa-a624-73e0b2f74ef1,0.08024606560401537,0.05,0.16666666666666666,0.05394063129808221,0
52090f0d-87be-4b11-b1fc-1158f0c881e6,df44631e-96f9-4d82-98c4-02b0de74b85b,-0.5286038915803455,0.05,0.3333333333333333,2.1419345922936834,0
52090f0d-87be-4b11-b1fc-1158f0c881e6,e4439f86-95c3-443c-b1a4-9338fcd48063,-0.051795625935274536,0.05,0.3333333333333333,0.006502388134971666,0
52090f0d-87be-4b11-b1fc-1158f0c881e6,e4166565-3144-45ac-b507-74a06df48f35,-0.5847844275579548,0.05,0.5,0.10339971874984805,0
52090f0d-87be-4b11-b1fc-1158f0c881e6,d8bc96c3-24bc-42a2-a501-e3ed480b5722,-0.7355893644164819,0.05,0.5,-0.005001046520227084,0
52090f0d-87be-4b11-b1fc-1158f0c881e6,ecf8d5bb-a9e1-4289-bbf3-23840c032dfa,0.45951996749789803,0.05,0.3333333333333333,0.11541325449840702,0
52090f0d-87be-4b11-b1fc-1158f0c881e6,bbd68a80-ed3f-4259-a2fc-eff871835fd4,-0.060843502215344625,0.05,0.5,-0.05600807476325429,0
52090f0d-87be-4b11-b1fc-1158f0c881e6,9c560189-c3c8-4a82-8ab9-67cc3f0396ef,-0.4292576553554679,0.05,0.3333333333333333,0.0389477490332319,0
52090f0d-87be-4b11-b1fc-1158f0c881e6,44d7598c-2c48-4af0-9150-ac65c5462efc,0.1852567216178711,0.05,0.3333333333333333,0.14171293591110098,0
52090f0d-87be-4b11-b1fc-1158f0c881e6,d3c524c9-24a2-4109-8527-5c510f4de9b1,-0.06424093778987938,0.05,0.3333333333333333,-0.19480837362171308,0
52090f0d-87be-4b11-b1fc-1158f0c881e6,57ec4103-08ea-4323-bf75-cbac661042c2,-0.18905024010144222,0.05,0.5,0.09472294384618284,0
52090f0d-87be-4b11-b1fc-1158f0c881e6,2a45ee19-367a-4ec3-9be9-3697e73ba380,-0.7546101455615299,0.05,0.3333333333333333,0.04222512772388725,0
52090f0d-87be-4b11-b1fc-1158f0c881e6,1b6a8d84-7f4e-4017-8ee5-116e7690232b,-2.369689185382358,0.05,0.3333333333333333,0.08261457893973707,0
52090f0d-87be-4b11-b1fc-1158f0c881e6,bb6abbc0-cf42-4547-b585-bcc7c6eaf252,-0.6436297580693049,0.05,0.3333333333333333,-0.16129924698246728,0
52090f0d-87be-4b11-b1fc-1158f0c881e6,c18dac8f-ee46-41da-a7ab-84ed078d79bf,-0.45136522480442487,0.05,0.5,-0.11036145023671914,0
52090f0d-87be-4b11-b1fc-1158f0c881e6,60b5ace9-87d9-45e0-9b92-2deb2955c57d,-0.8068172445055657,0.05,0.5,-0.024583065227037654,0
89670dcd-7efa-4507-bf19-d442c4d0e42e,8d33eff8-3c1b-4dfb-aea8-a711e3ae3089,-0.6121378636905837,0.05,0.0,-0.2400613731010176,0
89670dcd-7efa-4507-bf19-d442c4d0e42e,eb0ffac5-8b70-4dde-8ba7-7178c7fe4306,-0.7417482196540237,0.05,0.5,-0.15838283261054292,0
89670dcd-7efa-4507-bf19-d442c4d0e42e,7109bdda-3bc8-4404-814f-48fa1638eddb,-1.044923487664985,0.05,0.3333333333333333,-0.33456810098357376,0
89670dcd-7efa-4507-bf19-d442c4d0e42e,5ae11e5c-c1cc-4309-8174-30a041cf4f56,-0.7721766295625385,0.05,0.3333333333333333,-0.20144314853290543,0
89670dcd-7efa-4507-bf19-d442c4d0e42e,2d578954-3fdc-4a98-b333-cea769eb2e98,-0.7143308477449546,0.05,0.5,-0.3198202868203358,0
89670dcd-7efa-4507-bf19-d442c4d0e42e,6830ce90-9958-4737-a90f-5b6c822bf0be,-0.8541240822006975,0.9,0.5,-0.2233336676184228,0
89670dcd-7efa-4507-bf19-d442c4d0e42e,a50f777c-b20f-4e1e-a5b9-48bb6639ba93,-0.9172045386150609,0.05,0.3333333333333333,-0.18634661017613674,0
89670dcd-7efa-4507-bf19-d442c4d0e42e,8cd60897-2bac-40c7-96de-ffeac307f6d4,-0.7140099072982333,0.05,0.3333333333333333,-0.1986156672456379,0
89670dcd-7efa-4507-bf19-d442c4d0e42e,aa86acdb-1d4e-499c-ba63-852c6a2aae46,-0.5933664066383617,0.05,0.3333333333333333,-0.15657089971183955,0
89670dcd-7efa-4507-bf19-d442c4d0e42e,ad46ce1b-d709-4f41-a25c-bd91f1505012,-0.7803508964457295,0.05,0.5,-0.18873648267319887,0
89670dcd-7efa-4507-bf19-d442c4d0e42e,e596faa7-eaf8-4d8e-be21-325405ae83a2,-0.6665502051517418,0.05,0.16666666666666666,-0.2746871971130397,0
89670dcd-7efa-4507-bf19-d442c4d0e42e,b00df3da-2c79-4516-b734-3ce22d5443e2,-0.8976470076037821,0.05,0.5,-0.1974440318884632,0
89670dcd-7efa-4507-bf19-d442c4d0e42e,5d745570-507c-45c5-b521-e930b0322c71,-0.5424856334694255,0.05,0.3333333333333333,-0.24945349981733178,0
89670dcd-7efa-4507-bf19-d442c4d0e42e,2458054c-7afc-4016-871c-babdbb77293c,-0.5146155237503764,0.05,0.3333333333333333,-0.206357814665669,0
89670dcd-7efa-4507-bf19-d442c4d0e42e,65a12141-d284-4708-80ff-04d5bbb39a11,-0.6659671352798573,0.05,0.16666666666666666,-0.26414577824120056,0
89670dcd-7efa-4507-bf19-d442c4d0e42e,60706199-2ba3-4b0e-b4a6-e2375189b65a,-0.5028511903226494,0.05,0.3333333333333333,-0.21545617021523472,0
89670dcd-7efa-4507-bf19-d442c4d0e42e,079ea9c4-5f6e-4526-b599-7b96c7485a25,-0.5831938032542707,0.05,0.16666666666666666,-0.1438679768600815,0
89670dcd-7efa-4507-bf19-d442c4d0e42e,9681e6ba-b3f5-47ff-bdcf-7b5abc1436a5,-0.783216000977609,0.05,0.16666666666666666,-0.20960655177903792,0
89670dcd-7efa-4507-bf19-d442c4d0e42e,1b31dea7-fdd4-4396-afcf-9e0edec83fe5,-1.6897510107181888,0.05,0.3333333333333333,-0.28089154336908845,0
89670dcd-7efa-4507-bf19-d442c4d0e42e,40990c04-0a7b-4134-be69-f0ecaf650550,-0.5069346846512994,0.05,0.3333333333333333,-0.23464528042165056,0
89670dcd-7efa-4507-bf19-d442c4d0e42e,30135d8f-b61e-4033-b9c6-4f75fdaf7b00,-0.6968288944052099,0.05,0.3333333333333333,-0.15685870404729668,0
89670dcd-7efa-4507-bf19-d442c4d0e42e,db2a9133-a2fb-4306-a8c5-a8c7f101112b,-0.6917867487903835,0.05,0.3333333333333333,-0.18297291320400352,0
89670dcd-7efa-4507-bf19-d442c4d0e42e,f44e7896-0a2b-47e2-8b72-839937cea6d3,-0.5194130374321198,0.05,0.16666666666666666,-0.3246023229270754,0
89670dcd-7efa-4507-bf19-d442c4d0e42e,f11af7d9-2c39-4247-b846-c13cd7236e3d,-0.7226451877837237,0.05,0.3333333333333333,-0.2530022325366006,0
89670dcd-7efa-4507-bf19-d442c4d0e42e,cae9d7cb-dcc7-4cd8-a282-9729db7cd854,-0.6972903241377191,0.05,0.3333333333333333,-0.23308158148895386,0
16977027-64b0-40a2-b61d-c0c771ab6c3a,4743f2f9-e0c2-4ca9-8006-b6e6bfe90186,0.8370657749466783,0.05,0.16666666666666666,-0.029186512186771003,0
16977027-64b0-40a2-b61d-c0c771ab6c3a,234def60-223f-4a06-a5bf-038243dec304,0.572456710824472,0.05,0.16666666666666666,0.03503019248021127,0
16977027-64b0-40a2-b61d-c0c771ab6c3a,5d12f86f-1ff0-4a55-9f2b-1937ef95faca,0.71725386273258,0.05,0.0,0.012874365246471592,0
16977027-64b0-40a2-b61d-c0c771ab6c3a,8d3cc4c4-4837-4fa0-b704-e12e8edde360,0.7277885681205261,0.05,0.0,-0.010732871599527058,0
16977027-64b0-40a2-b61d-c0c771ab6c3a,5fbc392b-cd7e-49f2-8010-f413af086fd7,0.34416767878385546,0.05,0.0,-0.006629982586410913,0
16977027-64b0-40a2-b61d-c0c771ab6c3a,c1e0861a-daea-4601-adf9-3450db45e746,0.8565502081499554,0.05,0.3333333333333333,0.01235047277975016,0
16977027-64b0-40a2-b61d-c0c771ab6c3a,c3edbb9c-a683-4e0e-bee5-1133b2bd9a39,0.5615332116798415,0.05,0.0,0.23546986469326742,0
16977027-64b0-40a2-b61d-c0c771ab6c3a,8e3ddae3-3485-4c3c-b309-f6134e64ca57,0.7481844684175734,0.05,0.0,0.05194030234498128,0
16977027-64b0-40a2-b61d-c0c771ab6c3a,f4616387-fe57-420b-a44c-66ce50452ec0,0.7896311761173154,0.05,0.0,-0.03539541132780816,0
16977027-64b0-40a2-b61d-c0c771ab6c3a,b27333b4-aa27-4db3-8297-fd0fb9613b68,0.6063077178360654,0.05,0.16666666666666666,-0.13541523983313022,0
16977027-64b0-40a2-b61d-c0c771ab6c3a,2ac5a4d7-ecb8-45d1-8b13-655a1e1153ef,0.8135265859594538,0.05,0.0,1.4664936487376428,0
16977027-64b0-40a2-b61d-c0c771ab6c3a,eb70dac3-c845-4a40-b213-6f4599de892b,0.722636492114928,0.05,0.16666666666666666,0.11556363353599046,0
16977027-64b0-40a2-b61d-c0c771ab6c3a,cf953648-a151-43b8-9813-eb1250d31d92,0.8213576699506309,0.05,0.0,0.05454730462471941,0
16977027-64b0-40a2-b61d-c0c771ab6c3a,b83ac331-4771-4bb5-8757-4ad7ce896e78,0.6631530896918818,0.05,0.0,0.006210545267184454,0
16977027-64b0-40a2-b61d-c0c771ab6c3a,20548132-507b-4cc4-ae5d-4abb1591bcad,0.6349158170397136,0.05,0.16666666666666666,0.0210509290314927,0
16977027-64b0-40a2-b61d-c0c771ab6c3a,bf5e93df-e0e4-412d-850f-2ff7a0e512f5,0.5167128355075326,0.05,0.16666666666666666,-0.005566157162500349,0
16977027-64b0-40a2-b61d-c0c771ab6c3a,0ab34ab1-1c79-44ea-b4a4-fcabee7c8d28,0.46455271724846536,0.05,0.16666666666666666,0.05498363228302964,0
16977027-64b0-40a2-b61d-c0c771ab6c3a,f9eb4277-ff4d-4aab-9568-f8b9f1cfe561,0.6722170237304876,0.05,0.0,0.02935952669411863,0
16977027-64b0-40a2-b61d-c0c771ab6c3a,e0f36b7d-f0e9-4070-bba2-69ed87542d14,0.7040201593721376,0.05,0.16666666666666666,0.05465040105474855,0
16977027-64b0-40a2-b61d-c0c771ab6c3a,e7056bdc-13c9-4e7e-889c-f19e7e9e63ab,0.656889925363191,0.05,0.16666666666666666,-0.004773803154635017,0
16977027-64b0-40a2-b61d-c0c771ab6c3a,b40b063e-94a0-4b68-b2cb-72fde4b45783,0.6088317135895451,0.05,0.0,0.036356738627616875,0
16977027-64b0-40a2-b61d-c0c771ab6c3a,9de1302e-aa74-4b35-a115-6fd0b419207d,0.5013709760683964,0.05,0.0,0.04151597530547309,0
16977027-64b0-40a2-b61d-c0c771ab6c3a,d816a7d4-4242-40f5-8361-0696d0168b88,0.46446411179638414,0.05,0.0,0.14135940554977083,0
16977027-64b0-40a2-b61d-c0c771ab6c3a,cdcba5f3-b195-4105-9f2c-c9a1f1af5df4,0.598801815053764,0.05,0.0,-0.08286684069536043,0
16977027-64b0-40a2-b61d-c0c771ab6c3a,782cccb5-ce17-452c-a572-63c8182ceb43,0.5770865205058247,0.05,0.0,0.0632956937430612,0
95fe5564-b658-477b-8fc6-23828d7d55e7,88c6dda2-206b-49fd-9f5c-d58799cc7544,1.1792820457002415,0.05,0.3333333333333333,-0.42479494362387094,0
95fe5564-b658-477b-8fc6-23828d7d55e7,49aac8fe-812f-4179-bc4c-d4f5d578075a,1.4728186629448716,0.05,0.3333333333333333,-0.361993707967403,0
95fe5564-b658-477b-8fc6-23828d7d55e7,05ed9a99-a84e-4255-8d15-755d4a75162e,1.8197411561819496,0.05,0.0,-0.42356064180062336,0
95fe5564-b658-477b-8fc6-23828d7d55e7,b864ec99-036a-4f24-a1e3-ed5a98642d4b,1.391140388676595,0.05,0.16666666666666666,-0.42489120888147547,0
95fe5564-b658-477b-8fc6-23828d7d55e7,f4447efd-119e-4219-8dcf-36b7905927fa,1.5646935395361927,0.05,0.16666666666666666,-0.4019665249258391,0
95fe5564-b658-477b-8fc6-23828d7d55e7,de59ed1e-c5a4-4201-bc52-62f05290d980,1.1594332721711602,0.05,0.5,-0.44181397024206726,0
95fe5564-b658-477b-8fc6-23828d7d55e7,e712e9aa-62c6-42f4-b00f-288b08917b8c,1.4309210152490897,0.05,0.16666666666666666,-0.38896810561682754,0
95fe5564-b658-477b-8fc6-23828d7d55e7,671bc979-80e8-4374-86ac-dc50ff247520,1.4883465551797697,0.05,0.16666666666666666,-0.38536449569158265,0
95fe5564-b658-477b-8fc6-23828d7d55e7,bfe60a51-f272-4d23-a26d-1ff1a4af432d,1.3890580680014866,0.9,0.3333333333333333,-0.15929230400542024,0
95fe5564-b658-477b-8fc6-23828d7d55e7,04dff409-64d1-403a-bdd2-5402a12a3df4,1.5506635292112332,0.05,0.16666666666666666,-0.4220325730058428,0
95fe5564-b658-477b-8fc6-23828d7d55e7,16f19d9d-a076-43a7-bdba-3f2cb51281f8,1.3034013540270744,0.05,0.3333333333333333,-0.3871910792584212,0
95fe5564-b658-477b-8fc6-23828d7d55e7,523ca284-1429-4ebf-ab3e-948996196ae9,1.7369295627564272,0.05,0.0,-0.447599429244946,0
95fe5564-b658-477b-8fc6-23828d7d55e7,a9e22304-3475-4938-90f0-bbce282fff24,0.9788364149885247,0.05,0.16666666666666666,-0.4014219855637771,0
95fe5564-b658-477b-8fc6-23828d7d55e7,5db3bd3c-7288-45cb-8340-baa28b2500bd,1.6791468084169257,0.05,0.0,-0.4474590686389326,0
95fe5564-b658-477b-8fc6-23828d7d55e7,02d4c39a-6aea-4bc1-a8af-a36686a7e015,1.4936834744801573,0.05,0.16666666666666666,-0.40517906818641936,0
95fe5564-b658-477b-8fc6-23828d7d55e7,1157ab8f-b30a-410d-af6b-3128a0d0593b,1.5881272648752587,0.05,0.16666666666666666,-0.4128198914769024,0
95fe5564-b658-477b-8fc6-23828d7d55e7,b0f6fd3a-90e9-45f2-9ea1-282644053fb1,1.4192513690194852,0.05,0.16666666666666666,-0.36036611888967646,0
95fe5564-b658-477b-8fc6-23828d7d55e7,9443e66b-3351-4460-8ba4-809c7cd7be41,1.1772397752282115,0.05,0.3333333333333333,-0.3966850758611044,0
95fe5564-b658-477b-8fc6-23828d7d55e7,c684e559-94a1-4be8-848f-23b9e2a83d5d,1.5217567362514188,0.05,0.3333333333333333,-0.36011511464536256,0
95fe5564-b658-477b-8fc6-23828d7d55e7,35c4d4af-b9e4-4b8f-b325-5021998b333e,1.444539200436381,0.05,0.16666666666666666,-0.3700022541747667,0
95fe5564-b658-477b-8fc6-23828d7d55e7,79d2067a-6b32-4144-af8a-297ff5397d27,1.789746634849898,0.05,0.0,-0.41312088464679886,0
95fe5564-b658-477b-8fc6-23828d7d55e7,ca4be3cc-195f-48e6-a21a-89131f0f42b5,1.655009559370182,0.05,0.0,-0.3577865259773507,0
95fe5564-b658-477b-8fc6-23828d7d55e7,73bca1ae-6157-45a8-a263-7e1aaf2e42b4,1.4840437854396367,0.05,0.0,-0.3748592404656891,0
95fe5564-b658-477b-8fc6-23828d7d55e7,1ec7a7b2-8d05-419e-82df-a00aacc1bd30,1.260307798240663,0.05,0.3333333333333333,-0.46497452762919134,0
95fe5564-b658-477b-8fc6-23828d7d55e7,363331c3-6871-4e83-b5dc-5bb1d1ec1219,1.323064809183058,0.05,0.0,-0.14893694821599363,0
4494465e-15e6-429b-b835-002a2bf47d35,21640d9a-af8a-4315-9e83-36d310bae9b4,0.06948590198037774,0.05,0.0,0.9515638305829104,0
4494465e-15e6-429b-b835-002a2bf47d35,111a045d-d272-435e-8d00-3fd27353c117,0.10869807326989278,0.05,0.16666666666666666,0.7646113847013718,0
4494465e-15e6-429b-b835-002a2bf47d35,d457596d-8335-4610-a50b-76b6ee3dddf1,0.2837854281854044,0.05,0.16666666666666666,1.4543504360160961,0
4494465e-15e6-429b-b835-002a2bf47d35,df099a46-ff27-457f-afe0-820b7e462b93,-0.080253807853921,0.05,0.0,0.8008574698077126,0
4494465e-15e6-429b-b835-002a2bf47d35,4ba99de3-ba2d-451d-ac16-55ce0da54df5,0.1639939995223969,0.05,0.0,0.8645282185680387,0
4494465e-15e6-429b-b835-002a2bf47d35,2260402c-9bd4-4531-85a3-527f1dadf0e8,-0.014497238450491334,0.05,0.0,0.3637930861759497,0
4494465e-15e6-429b-b835-002a2bf47d35,92c029da-fb95-4d85-b1a8-5c9d74bd0731,-2.0144537564521143,0.05,0.0,0.847338905580304,0
4494465e-15e6-429b-b835-002a2bf47d35,036f95d2-1863-4e54-ae85-e0389bd3afe0,-0.04745901162771471,0.05,0.0,0.6773690350002247,0
4494465e-15e6-429b-b835-002a2bf47d35,3adfd14c-ea25-40a6-8d3b-8b3f9b072db2,2.8266892697729435,0.05,0.3333333333333333,0.9270081800316551,0
4494465e-15e6-429b-b835-002a2bf47d35,319eae1f-c01a-4bd8-abde-22608b639f6e,0.047971935422404854,0.05,0.16666666666666666,0.6008712145668772,0
4494465e-15e6-429b-b835-002a2bf47d35,319c9555-5457-440f-82c8-58f4d2578cb3,-0.06041599337331194,0.05,0.0,1.2027519624540521,0
4494465e-15e6-429b-b835-002a2bf47d35,77e49f8b-1bc3-4c76-b1d7-5a30f8d05330,0.2190897030982768,0.05,0.0,0.6786175503495946,0
4494465e-15e6-429b-b835-002a2bf47d35,e1c7ff83-e70d-4692-a74a-793c3dc422a1,-0.002717550728756457,0.05,0.0,0.7373576627652457,0
4494465e-15e6-429b-b835-002a2bf47d35,8fd9f8c6-d09e-4e55-9a7b-d1562b45db3d,0.11031703833536532,0.05,0.0,0.6646060922656623,0
4494465e-15e6-429b-b835-002a2bf47d35,c173ae2e-9e5b-4662-bb40-ce354662e4f4,0.08944769293117272,0.05,0.0,0.7358874419344499,0
4494465e-15e6-429b-b835-002a2bf47d35,87783cbd-9271-43df-8c86-dee957b72c55,0.03604799660725533,0.05,0.0,0.578940559079398,0
4494465e-15e6-429b-b835-002a2bf47d35,6d7acb07-024b-4f08-8c61-144ef7776949,0.03134430464930116,0.9,0.0,0.8501944699174919,0
4494465e-15e6-429b-b835-002a2bf47d35,636d6682-f547-447f-8dd0-9b6d66811d07,-0.10996405851108326,0.05,0.0,0.4916057358143546,0
4494465e-15e6-429b-b835-002a2bf47d35,aee53ddd-f974-4ba2-bf68-11286e14fa8e,0.1471286634918325,0.05,0.0,1.1514148347848523,0
4494465e-15e6-429b-b835-002a2bf47d35,b8f95d90-d508-4f56-96a4-14c5db72c7a9,0.13766076268306549,0.05,0.16666666666666666,1.0117575773174508,0
4494465e-15e6-429b-b835-002a2bf47d35,9ef93382-117e-46f2-a685-4bf84acbbf70,0.19538649580816347,0.05,0.0,0.9519855972898384,0
4494465e-15e6-429b-b835-002a2bf47d35,3bfc1fd7-69b7-4029-a759-d4535d2d79f4,0.07245339509293025,0.05,0.0,1.1863609369888546,0
4494465e-15e6-429b-b835-002a2bf47d35,4e233be3-e048-4da5-9003-0e3e37d10151,0.06448016620393116,0.05,0.16666666666666666,0.9411689361288997,0
4494465e-15e6-429b-b835-002a2bf47d35,bc2b7cda-999d-40f8-b40f-d9c634aaf623,-0.061796185646733726,0.05,0.3333333333333333,0.8380753101811177,0
4494465e-15e6-429b-b835-002a2bf47d35,2d524701-d8b3-4263-8964-8b6bec9a46e0,0.1396173997210628,0.05,0.0,0.8600371147675918,0
39fdcbbb-376c-4afd-b486-d57f5b5ec937,53b7a21e-366c-4392-a17d-13bc5482abe4,-1.974124154003027,0.05,0.3333333333333333,-0.03750090432921655,0
39fdcbbb-376c-4afd-b486-d57f5b5ec937,8829618a-7a87-40a1-9d2e-efa9e78d67ac,-2.13781043554795,0.05,0.5,-0.12946485900576926,0
39fdcbbb-376c-4afd-b486-d57f5b5ec937,d1cd9686-9e91-48fa-a19a-70cb61aee360,-2.0568650915224516,0.05,0.5,-0.15293327017259375,0
39fdcbbb-376c-4afd-b486-d57f5b5ec937,ff83aafc-affe-4089-906a-382a2f43d963,-1.5382895293411023,0.05,0.3333333333333333,-0.03061086232040477,0
39fdcbbb-376c-4afd-b486-d57f5b5ec937,a7412f6d-7723-4a40-a6ff-da5353ef5865,-0.6012200920893185,0.05,0.8333333333333334,-0.014201529125487947,0
39fdcbbb-376c-4afd-b486-d57f5b5ec937,7966204e-d139-4d6f-ae77-35b7afc56e0c,-1.9534124061210152,0.05,0.3333333333333333,-0.09067606861330876,0
39fdcbbb-376c-4afd-b486-d57f5b5ec937,32e5c16b-81af-4b75-9001-61811707377a,-2.176761255768719,0.05,0.5,0.007326181757822581,0
39fdcbbb-376c-4afd-b486-d57f5b5ec937,c5a60360-d2d1-4b1e-8a16-8aa29a4a1e35,-1.750904314846613,0.05,0.3333333333333333,-0.013171644734754665,0
39fdcbbb-376c-4afd-b486-d57f5b5ec937,ff8839b8-00d1-4ad1-ba28-71ee54be39da,-2.2985657167861318,0.05,0.5,0.10043302464006205,0
39fdcbbb-376c-4afd-b486-d57f5b5ec937,e347da0c-abd1-466e-9183-9eaf671f65bb,-1.8045453758185053,0.05,0.5,-0.13584243051063247,0
39fdcbbb-376c-4afd-b486-d57f5b5ec937,10a0f29e-4a28-4059-a36a-307e863728ec,-2.3656465809967058,0.05,0.8333333333333334,-0.08221025081593401,0
39fdcbbb-376c-4afd-b486-d57f5b5ec937,d3b87061-432c-4506-9359-cf1ed70a1f3c,-1.9213767060783327,0.05,0.5,-0.17743741625418985,0
39fdcbbb-376c-4afd-b486-d57f5b5ec937,9ea3358f-beaf-4adc-9b9c-ca09a648dc07,-1.422825730099761,0.05,0.6666666666666666,0.05622659395466795,0
39fdcbbb-376c-4afd-b486-d57f5b5ec937,a0ef2989-a065-4744-9d77-f7506445ff09,-2.0316299066092007,0.05,0.5,-0.0691579087928744,0
39fdcbbb-376c-4afd-b486-d57f5b5ec937,58d9755d-3478-480b-8532-9b914ce0e747,-1.9367211065359093,0.05,0.5,-0.11795224329938295,0
39fdcbbb-376c-4afd-b486-d57f5b5ec937,607b5ff8-af73-44f3-9702-304e62101588,-2.028476860987052,0.05,0.5,-0.1350780599780202,0
39fdcbbb-376c-4afd-b486-d57f5b5ec937,56c32ac5-290e-4633-b029-1f5944b03ee9,-0.8161873953713892,0.05,0.8333333333333334,-0.16717832785800033,0
39fdcbbb-376c-4afd-b486-d57f5b5ec937,723972c5-fe3b-4e01-82a4-a673a725d72a,-1.8998855688722545,0.05,0.5,-0.07217124952086092,0
39fdcbbb-376c-4afd-b486-d57f5b5ec937,2c66b011-34de-4c9d-bb4f-36e36878a345,-1.9589835640463158,0.05,0.5,-0.0538546992120988,0
39fdcbbb-376c-4afd-b486-d57f5b5ec937,4426e52e-8cc9-4bdb-b2f0-74ce84132e01,-1.783862091277403,0.05,0.3333333333333333,-0.04796901925942582,0
39fdcbbb-376c-4afd-b486-d57f5b5ec937,15c7ec9a-9bfc-47ac-8bc5-0f6b67eedc66,-1.7942190595745329,0.05,0.3333333333333333,-0.08635435270192188,0
39fdcbbb-376c-4afd-b486-d57f5b5ec937,e3078c13-16bc-4d45-b79d-5fdbf348a06c,-1.7350972983020538,0.05,0.6666666666666666,-0.05035177951168039,0
39fdcbbb-376c-4afd-b486-d57f5b5ec937,473da83f-6a15-4b21-9483-cb1e4fe03787,-1.9398094652105082,0.05,0.6666666666666666,-0.09396131177092401,0
39fdcbbb-376c-4afd-b486-d57f5b5ec937,950e9b93-a7e0-4cb4-9340-0fb4f1da4a48,-2.3582386236345787,0.05,0.3333333333333333,-0.03627373489954238,0
39fdcbbb-376c-4afd-b486-d57f5b5ec937,036eb553-529f-46b7-9e32-0a61eccb45fa,-2.014194896145649,0.05,0.5,-0.11081955122485877,0
87164301-c048-425d-9c7a-bd6dc431868b,7978fa25-8bc8-46b0-812e-d9fb1c88eab2,-0.3590241719865901,0.05,0.5,-0.254564272166098,0
87164301-c048-425d-9c7a-bd6dc431868b,8a564b41-19f6-44f9-846b-a9f1b7086096,-0.2049754748126329,0.05,0.5,-0.2531071653390464,0
87164301-c048-425d-9c7a-bd6dc431868b,336b740e-ac13-4f98-b9d8-8a3bba7628df,0.4990586209889276,0.05,0.3333333333333333,-0.09780713201257331,0
87164301-c048-425d-9c7a-bd6dc431868b,b6a3edfd-ca9d-405b-9af1-6e460bf18563,-0.5659756798232851,0.05,0.3333333333333333,-0.2799324660051152,0
87164301-c048-425d-9c7a-bd6dc431868b,b002ce9d-cdf3-45f8-849a-f56635f0e45c,-0.0073553274157514,0.05,0.3333333333333333,-0.0706032180997759,0
87164301-c048-425d-9c7a-bd6dc431868b,9027d18b-76c2-475c-b8e5-a1dcfee7d79e,-0.04987781637053201,0.05,0.5,-0.16012914149054885,0
87164301-c048-425d-9c7a-bd6dc431868b,12b41528-21f2-45ab-889d-595cbc5cb5f3,-0.22144522367222974,0.05,0.3333333333333333,-0.45674458870443607,0
87164301-c048-425d-9c7a-bd6dc431868b,08e6e4d6-ee8a-4306-9e47-c9764aea6895,-0.471845881344529,0.05,0.3333333333333333,-0.06646817273546492,0
87164301-c048-425d-9c7a-bd6dc431868b,cc29e040-1b4b-46aa-9303-06b461cc2b83,-0.48156800778635755,0.05,0.5,-0.24917522907745135,0
87164301-c048-425d-9c7a-bd6dc431868b,6d08a9fb-de68-4272-8de3-b93eb2e29423,-1.4744558387985736,0.05,0.3333333333333333,-0.2822841069562057,0
87164301-c048-425d-9c7a-bd6dc431868b,85512138-780b-44d5-a066-ed20f9df7273,0.5021738534103841,0.05,0.3333333333333333,-0.09781937894006346,0
87164301-c048-425d-9c7a-bd6dc431868b,5a38121a-60a6-4153-9fdf-5921f7abf8ec,0.2558162785638274,0.05,0.5,-0.23883514598586167,0
87164301-c048-425d-9c7a-bd6dc431868b,406ce833-1d63-4853-ad82-f6cf241ee60b,-0.34326652510642885,0.05,0.3333333333333333,-0.25043270747843593,0
87164301-c048-425d-9c7a-bd6dc431868b,448a4493-7b84-44ae-bca2-83bcf530cabe,-0.010114792378397741,0.05,0.5,-0.12105198237760709,0
87164301-c048-425d-9c7a-bd6dc431868b,248f4a14-8092-4558-9cf8-7f0db1b12a4f,-0.08013871995289756,0.05,0.3333333333333333,-0.30609983043343747,0
87164301-c048-425d-9c7a-bd6dc431868b,4c0a2736-8118-4c6b-b493-fd573e1c92a8,0.09598563079563238,0.05,0.3333333333333333,-0.08179058944677603,0
87164301-c048-425d-9c7a-bd6dc431868b,8d26e52c-5ef5-4006-8164-7639d5a3db9a,0.39109577767692194,0.05,0.3333333333333333,-0.15973716068831853,0
87164301-c048-425d-9c7a-bd6dc431868b,49365017-adff-4413-97fb-72107a76c469,0.11598460541322808,0.05,0.3333333333333333,-0.2600703598621359,0
87164301-c048-425d-9c7a-bd6dc431868b,01acc587-f01d-487e-a67c-971ea027eccd,-0.16563008570373272,0.9,0.3333333333333333,-0.08516522068028774,0
87164301-c048-425d-9c7a-bd6dc431868b,81a04169-ab68-464c-bd95-7ff82159ee56,-0.19172574171727508,0.9,0.3333333333333333,-0.2626266984890332,0
87164301-c048-425d-9c7a-bd6dc431868b,576cf0fd-8ab6-448a-8c97-0f0217e4fbff,-0.023960986097783188,0.05,0.3333333333333333,-0.10795265483408874,0
87164301-c048-425d-9c7a-bd6dc431868b,162f76b9-6a31-4f6d-9cae-de3c2867d4f3,-0.5454054831143242,0.05,0.5,-0.3300359156804359,0
87164301-c048-425d-9c7a-bd6dc431868b,20b6bd6d-13bd-4ade-93e7-ca37da9ae16c,0.4732124528653694,0.05,0.3333333333333333,-0.0836410817863379,0
87164301-c048-425d-9c7a-bd6dc431868b,2a304e6f-8a59-4283-af6e-dd240875176c,0.04356044442413509,0.05,0.3333333333333333,-0.06590917437115629,0
87164301-c048-425d-9c7a-bd6dc431868b,852fd9f8-3990-447d-b4bb-08d9afe76b3c,-0.24792814500582017,0.05,0.16666666666666666,-0.11348395180828577,0
a752aa0a-7434-44ff-b018-8a6b7b6fc6b0,00a1590a-c0ea-4125-989b-f9891f0c892b,-0.8754772161744069,0.05,0.3333333333333333,-0.226444552607266,0
a752aa0a-7434-44ff-b018-8a6b7b6fc6b0,73c1dfc5-2a86-4153-a85c-5977d18ad920,-0.9346468350515211,0.05,0.3333333333333333,-0.3738175328902556,0
a752aa0a-7434-44ff-b018-8a6b7b6fc6b0,9a88a07f-0f6c-424d-aa4e-ca9b9c2f94fe,-0.6549140048489406,0.05,0.3333333333333333,-0.3345631932630341,0
a752aa0a-7434-44ff-b018-8a6b7b6fc6b0,507cb6b5-8341-4501-b281-114dd65188a9,-0.7222177159582746,0.05,0.3333333333333333,-0.21268077239060265,0
a752aa0a-7434-44ff-b018-8a6b7b6fc6b0,61474769-fc98-4345-9550-dc806150fc7d,-0.7164921895671701,0.05,0.5,-0.340822117892755,0
a752aa0a-7434-44ff-b018-8a6b7b6fc6b0,8f0a6965-ecbd-42eb-ab62-7ece4ad6d993,-0.7632173503315607,0.05,0.16666666666666666,-0.22985235700960802,0
a752aa0a-7434-44ff-b018-8a6b7b6fc6b0,a2725e19-9d37-4bd0-80ab-5c4767904379,-0.5914163879045011,0.05,0.5,-0.3634085184429545,0
a752aa0a-7434-44ff-b018-8a6b7b6fc6b0,8ac73846-ec39-49c9-b656-bf5f494267b1,-0.7353932769502434,0.9,0.3333333333333333,-0.3201044216645107,0
a752aa0a-7434-44ff-b018-8a6b7b6fc6b0,094750bb-bc5c-49e9-80f1-f16abfc68002,-0.7539300249660248,0.05,0.3333333333333333,-0.31530298967118836,0
a752aa0a-7434-44ff-b018-8a6b7b6fc6b0,5edf9c31-34cd-46a5-91c9-bf88889f6737,-0.5219464122818605,0.05,0.3333333333333333,-0.3053115817102565,0
a752aa0a-7434-44ff-b018-8a6b7b6fc6b0,8ea52a28-854a-4e6d-bfa0-ead380db4969,-0.8626309368719016,0.05,0.3333333333333333,-0.2763034803143941,0
a752aa0a-7434-44ff-b018-8a6b7b6fc6b0,4e28fcdd-f9f7-4164-8619-6c07a41d8245,-0.5103114693786388,0.05,0.3333333333333333,-0.3017994076813958,0
a752aa0a-7434-44ff-b018-8a6b7b6fc6b0,786bc59b-bf53-455c-8876-6d53aa3e205c,-0.5791515618764596,0.05,0.16666666666666666,-0.2659969112439391,0
a752aa0a-7434-44ff-b018-8a6b7b6fc6b0,ab634788-f7f6-4829-a3e4-8d4a6763603d,-1.0774221621717417,0.05,0.3333333333333333,-0.3045143054224368,0
a752aa0a-7434-44ff-b018-8a6b7b6fc6b0,5a9c3864-cde5-4e5d-bdb7-5af5a1eae2ba,-0.9575127301008899,0.05,0.3333333333333333,-0.24420637236985263,0
a752aa0a-7434-44ff-b018-8a6b7b6fc6b0,e7f41aaa-1966-472d-89f1-085dd4cfad6d,-0.7268862347891218,0.05,0.16666666666666666,-0.39151985359842983,0
a752aa0a-7434-44ff-b018-8a6b7b6fc6b0,16875195-c0d2-44e9-bc2f-eeda3d9c3199,-0.6677250595473914,0.05,0.16666666666666666,-0.28583854447378754,0
a752aa0a-7434-44ff-b018-8a6b7b6fc6b0,c96215ea-748f-47c6-9eb3-0e391f20658f,-0.937988316651654,0.05,0.3333333333333333,-0.3050008779201872,0
a752aa0a-7434-44ff-b018-8a6b7b6fc6b0,5c856cbf-3ac9-4fb8-bf81-a483d0803101,-0.5873152326788769,0.05,0.5,-0.25016295272266764,0
a752aa0a-7434-44ff-b018-8a6b7b6fc6b0,c1dd7ce3-949f-43b3-90d3-9413ddca064d,-0.678861217289302,0.05,0.6666666666666666,-0.27629378176359876,0
a752aa0a-7434-44ff-b018-8a6b7b6fc6b0,95b27878-d75e-4e7b-ae83-0a1367760686,-0.4909110159966641,0.05,0.3333333333333333,-0.23637042936031447,0
a752aa0a-7434-44ff-b018-8a6b7b6fc6b0,391cb59d-d31d-4c29-92e5-9c110c8625a2,-0.7548945880253437,0.05,0.5,-0.2609736674988481,0
a752aa0a-7434-44ff-b018-8a6b7b6fc6b0,64a89e8a-8327-45b2-9236-43ca57af58d5,-0.5688858619887176,0.05,0.0,-0.2852674129797565,0
a752aa0a-7434-44ff-b018-8a6b7b6fc6b0,7c8d2d1c-466e-4fc0-8c06-bf396315b1d7,-0.662930598226172,0.05,0.3333333333333333,-0.3193551063628327,0
a752aa0a-7434-44ff-b018-8a6b7b6fc6b0,c043e73b-a3ef-4d0b-a91c-4c2e72ec5512,-0.8914268985129579,0.05,0.3333333333333333,-0.319492303926787,0
acea098d-a8b2-4224-bef3-433e9150421f,5e9d0621-a03e-4559-8c3e-847224241988,0.44113161987175076,0.05,0.0,-0.0466857041901311,0
acea098d-a8b2-4224-bef3-433e9150421f,3bc87fc6-26c5-4000-9ef3-f2628e9a3b7b,0.45988678238050884,0.05,0.0,-0.06650718591481605,0
acea098d-a8b2-4224-bef3-433e9150421f,b6c1aedb-1a1d-4958-83b5-b57ce9918184,0.5071601649868835,0.05,0.0,-0.129981032091499,0
acea098d-a8b2-4224-bef3-433e9150421f,5c7ec765-2512-4d1d-915e-b306815ab0bb,0.5245616720727231,0.05,0.0,-0.10101068101657595,0
acea098d-a8b2-4224-bef3-433e9150421f,160f41ff-4861-4bf8-ab62-6e3c2c66bdb4,0.6000223062452612,0.05,0.0,0.07111341922679348,0
acea098d-a8b2-4224-bef3-433e9150421f,3f87994f-3771-4c4b-8b95-2ad5336d297c,0.6286503159591739,0.05,0.0,-0.05328251164171447,0
acea098d-a8b2-4224-bef3-433e9150421f,5f05c573-9d89-4ddd-83fc-f87a4499a7f6,0.48099553947140716,0.05,0.0,0.09948744025603876,0
acea098d-a8b2-4224-bef3-433e9150421f,bfb564d9-ef1c-43af-a0a1-7026650321bf,0.42392022187319345,0.05,0.16666666666666666,-0.11077945239028668,0
acea098d-a8b2-4224-bef3-433e9150421f,63f35f6d-6624-49ca-9e7c-9c6d3af06ee1,0.545030654725184,0.05,0.0,-0.11919740631146074,0
acea098d-a8b2-4224-bef3-433e9150421f,9f300a93-edfe-4d3d-b716-b9e076b189ec,0.4125528080327685,0.05,0.0,-0.1360219946276333,0
acea098d-a8b2-4224-bef3-433e9150421f,aaf6e17d-04fe-40ac-bbf9-2e547005d370,0.6114391220019773,0.05,0.16666666666666666,0.12877426597319988,0
acea098d-a8b2-4224-bef3-433e9150421f,e13035e0-abe1-4226-bb02-ebd9baabf04e,0.3579936065038227,0.05,0.0,-0.11698334381529726,0
acea098d-a8b2-4224-bef3-433e9150421f,e12d8072-4db9-4a64-ada0-26a949386901,0.4711469881094983,0.05,0.0,-0.2418839026305411,0
acea098d-a8b2-4224-bef3-433e9150421f,aeb306ea-414c-4c88-b5bc-c7dd11b78c88,0.40393973932217975,0.05,0.16666666666666666,-0.11354031088828552,0
acea098d-a8b2-4224-bef3-433e9150421f,6c6599d8-ea93-4bb2-97aa-9e6317fe309f,0.26238683758544834,0.05,0.0,0.01446666117038952,0
acea098d-a8b2-4224-bef3-433e9150421f,0977d9bd-fd5a-42de-af1b-6f58eab74dfc,0.34039235258181577,0.05,0.0,-0.04607419232201598,0
acea098d-a8b2-4224-bef3-433e9150421f,5f1c7685-c300-4711-a989-20e7df608ae2,0.2998403739703077,0.9,0.3333333333333333,-0.01243853509929141,0
acea098d-a8b2-4224-bef3-433e9150421f,126419cd-9de5-491c-863a-b4ab4115ab68,0.42107955329660296,0.05,0.0,1.894928927701986,0
acea098d-a8b2-4224-bef3-433e9150421f,4e4da848-fae9-485c-b94f-66d5a18c18fa,0.490868436527256,0.05,0.0,0.0876109567205847,0
acea098d-a8b2-4224-bef3-433e9150421f,94f8f5b9-ee36-4be5-ae4a-262dec2ce199,0.2698670951158517,0.05,0.0,-0.016911998678065455,0
acea098d-a8b2-4224-bef3-433e9150421f,e9c15dab-4980-4e27-a6fe-a2538890810e,0.5094006945318696,0.05,0.0,-0.06665703896233162,0
acea098d-a8b2-4224-bef3-433e9150421f,e4fb165f-0f00-4f44-af44-c6562ff18de0,0.39972997320700365,0.05,0.0,-0.09662736546085107,0
acea098d-a8b2-4224-bef3-433e9150421f,8bdd21a7-83eb-4526-9c52-4d375ed94fbe,0.07780962052179152,0.05,0.16666666666666666,-0.17175403474153256,0
acea098d-a8b2-4224-bef3-433e9150421f,5833a397-6ddf-4270-9597-e19a7055555e,0.42747326306747624,0.05,0.16666666666666666,0.014469451407634592,0
acea098d-a8b2-4224-bef3-433e9150421f,671b7429-8a30-4b53-b3e3-20598aafaaf6,0.5973104278631141,0.05,0.0,0.0537564340782589,0
87ccd72e-583c-4303-8a16-d21920b6e8be,6b1b5803-0e68-478f-9515-6893a06614df,1.7989505865274342,0.05,0.3333333333333333,-0.41877683007715255,0
87ccd72e-583c-4303-8a16-d21920b6e8be,f173d0ab-83f6-4eab-865a-152daefb6c4c,1.628521824222931,0.05,0.3333333333333333,-0.40552996075144127,0
87ccd72e-583c-4303-8a16-d21920b6e8be,42d831c6-5309-4cdd-91ba-876f99276cc5,1.8849489065284564,0.05,0.16666666666666666,-0.3522397569475061,0
87ccd72e-583c-4303-8a16-d21920b6e8be,bd866d2d-c18f-4a76-b167-10551bb9bade,1.7774601470757734,0.05,0.16666666666666666,-0.4384635996173503,0
87ccd72e-583c-4303-8a16-d21920b6e8be,a4ced326-35b8-47ca-a303-369aba502b40,1.6946867217321095,0.05,0.0,-0.31610272533000777,0
87ccd72e-583c-4303-8a16-d21920b6e8be,f366dd7a-29b1-44fe-a4b2-de913ea5953b,2.0001299641515846,0.05,0.16666666666666666,-0.3618154945769856,0
87ccd72e-583c-4303-8a16-d21920b6e8be,472d72ff-f56d-486a-9273-ee8f3234ee0f,1.730711213276579,0.05,0.16666666666666666,-0.3742543832427463,0
87ccd72e-583c-4303-8a16-d21920b6e8be,fecb37b3-c561-4d27-8df8-eade3f8d21fa,1.305642128350712,0.05,0.16666666666666666,0.09090305136715283,0
87ccd72e-583c-4303-8a16-d21920b6e8be,7c01139a-6c5b-4df3-a809-c33b841fb6c2,2.011125293371533,0.05,0.3333333333333333,-0.40942210770342063,0
87ccd72e-583c-4303-8a16-d21920b6e8be,f41c5904-1010-4adf-8ee7-ac46fd1a661d,1.6151297664060413,0.05,0.16666666666666666,-0.4179324796513994,0
87ccd72e-583c-4303-8a16-d21920b6e8be,658124a9-abef-48a7-acf8-57d9ff055d51,1.4974935729962855,0.05,0.16666666666666666,-0.3765024890791487,0
87ccd72e-583c-4303-8a16-d21920b6e8be,38635f2a-1e90-42d7-b0e4-085b40791d74,1.6684482341118558,0.05,0.0,-0.36832178090486345,0
87ccd72e-583c-4303-8a16-d21920b6e8be,2d802c11-407c-4b6c-a3f1-237dad32a1ef,1.5949448789805691,0.05,0.0,-0.40376724553446214,0
87ccd72e-583c-4303-8a16-d21920b6e8be,131a1654-d0bb-447a-9d07-74316639077a,1.33403571440462,0.05,0.16666666666666666,-0.3598507886945804,0
87ccd72e-583c-4303-8a16-d21920b6e8be,13652916-4232-4efc-a7ed-b9a04b97b6ea,1.696160437541817,0.05,0.16666666666666666,-0.31517209303821325,0
87ccd72e-583c-4303-8a16-d21920b6e8be,577e9d98-8c44-4215-92f5-7320d6e6a068,1.3853993969409846,0.05,0.0,0.20522006892991126,0
87ccd72e-583c-4303-8a16-d21920b6e8be,24c00267-4ecf-4433-945a-27a0e69cff5a,1.5794494187890606,0.05,0.16666666666666666,-0.37853501837070697,0
87ccd72e-583c-4303-8a16-d21920b6e8be,3d3c99a5-ca55-4a72-b9ec-958ee55d9efa,2.02129559991437,0.05,0.0,-0.43134269907967226,0
87ccd72e-583c-4303-8a16-d21920b6e8be,4199923c-8694-49ca-af09-1813470a06e4,1.7077434614468903,0.05,0.16666666666666666,-0.41180039446191935,0
87ccd72e-583c-4303-8a16-d21920b6e8be,dba84ecc-4700-4bd8-a4e8-ea33e980c0c5,1.6250028418671887,0.05,0.3333333333333333,-0.4064738241034115,0
87ccd72e-583c-4303-8a16-d21920b6e8be,e7f39a5a-171c-4099-a372-f3bf63f51500,1.845424268123562,0.05,0.0,-0.3352560714571086,0
87ccd72e-583c-4303-8a16-d21920b6e8be,f51e9869-d2e2-4058-8928-9c853caa2078,1.5738103968448884,0.05,0.0,-0.3306574835375356,0
87ccd72e-583c-4303-8a16-d21920b6e8be,39582cc7-0c30-4d12-a217-68e7bcdd8e4d,1.7713351813653269,0.05,0.16666666666666666,-0.3593750563921363,0
87ccd72e-583c-4303-8a16-d21920b6e8be,5ca21d2c-20b6-4d20-9dd7-1832c8821c03,1.5944604007433574,0.05,0.16666666666666666,-0.345098591749526,0
87ccd72e-583c-4303-8a16-d21920b6e8be,507c005c-f6d1-49a1-997d-7727c44c20a2,1.4137719631079122,0.05,0.16666666666666666,-0.3196032465970183,0
304a692b-38c4-4f61-8914-358fd31e58be,e2f4cb18-f752-4cef-a636-50c3a61c1efc,-0.016410179248888657,0.05,0.0,0.26148476764376694,0
304a692b-38c4-4f61-8914-358fd31e58be,802b5541-3b98-4ec3-8398-b88763837637,0.04451976569814953,0.05,0.0,0.4336565195103949,0
304a692b-38c4-4f61-8914-358fd31e58be,1d35964d-3d1b-491b-9383-d6a5b8f0f6b3,0.05989910154651312,0.05,0.16666666666666666,0.44169258055187244,0
304a692b-38c4-4f61-8914-358fd31e58be,9ef4c8d5-952f-4711-a719-e8814e3846f3,0.04404734025272283,0.05,0.0,0.34377255390567046,0
304a692b-38c4-4f61-8914-358fd31e58be,e7e918ba-1d29-4146-9a0e-2f014b62dfcb,0.042111253740816146,0.05,0.0,0.06036834727154589,0
304a692b-38c4-4f61-8914-358fd31e58be,dec27f91-a944-4f90-819a-4746b376dd26,0.025644008205656377,0.05,0.0,0.13589206130916992,0
304a692b-38c4-4f61-8914-358fd31e58be,1c44cbcb-85af-4777-91e1-5e2ee8208372,0.19504400224649032,0.05,0.0,0.3014805691305167,0
304a692b-38c4-4f61-8914-358fd31e58be,8789e8af-f165-44e3-bd05-f7241e63b50a,-0.06857368511020434,0.05,0.16666666666666666,0.4400285874980673,0
304a692b-38c4-4f61-8914-358fd31e58be,56d50bd0-0aaf-4616-be4c-8cf2ff3f2717,0.043761745499383053,0.05,0.0,0.5513197774397782,0
304a692b-38c4-4f61-8914-358fd31e58be,5aa425fb-6f07-4f3d-9541-94916f47945c,-0.030464585709341296,0.05,0.0,0.8255501424611905,0
304a692b-38c4-4f61-8914-358fd31e58be,38a5d6dd-094f-48fa-bc1a-d21527bc07a7,0.032069780647211665,0.05,0.0,0.5159410565860479,0
304a692b-38c4-4f61-8914-358fd31e58be,deeb223a-9b75-4ed9-98eb-d9b73fa6c5b5,0.15046335364784102,0.05,0.16666666666666666,0.5064235029503168,0
304a692b-38c4-4f61-8914-358fd31e58be,a4a394ec-a2f1-46b0-aa75-ae66bbc91cc5,0.08824345395323174,0.9,0.0,0.504983954390433,0
304a692b-38c4-4f61-8914-358fd31e58be,b5d0a71a-3189-4c69-9583-b0bbfb5cdfc6,0.17996699222563706,0.05,0.16666666666666666,0.6599502959339386,0
304a692b-38c4-4f61-8914-358fd31e58be,81c8e05e-a410-4da4-9598-2dc809b332cc,-0.03267407752083873,0.05,0.0,0.005042600384465231,0
304a692b-38c4-4f61-8914-358fd31e58be,821ea626-2591-4bf0-b17d-c9553d66e135,0.1538108260772928,0.05,0.16666666666666666,0.30812643585733085,0
304a692b-38c4-4f61-8914-358fd31e58be,746ef648-6ab0-42bf-b38f-378f60c0833d,0.013223216882741973,0.05,0.0,0.15978166928281642,0
304a692b-38c4-4f61-8914-358fd31e58be,1feddff0-d75a-474c-b3af-d8f33b6757d0,0.09873082593915683,0.05,0.16666666666666666,0.15217476114783376,0
304a692b-38c4-4f61-8914-358fd31e58be,346023ec-d84d-4c8f-9317-a0a03a8dc14e,0.1650398142030216,0.05,0.0,0.5234952693414268,0
304a692b-38c4-4f61-8914-358fd31e58be,0bf2f2bd-6503-4651-b589-a2f5c9d3e985,2.0781769276775135,0.05,0.3333333333333333,0.522308302657673,0
304a692b-38c4-4f61-8914-358fd31e58be,1b6c231d-7a47-41aa-9a1e-d23a16876398,0.05296548632744713,0.05,0.16666666666666666,0.012568959303234952,0
304a692b-38c4-4f61-8914-358fd31e58be,dd4f655d-eb4b-45d6-a729-77472ed7d65a,-0.021309143225414218,0.05,0.16666666666666666,0.28209238551848775,0
304a692b-38c4-4f61-8914-358fd31e58be,c067595b-61cc-40e4-8128-3080f2236544,0.015541163908602051,0.05,0.16666666666666666,0.37099041443202535,0
304a692b-38c4-4f61-8914-358fd31e58be,0105f7f4-1f18-4867-97c8-ed8eb5f00605,2.1346096579196088,0.05,0.3333333333333333,0.7378141485678992,0
304a692b-38c4-4f61-8914-358fd31e58be,1cc7eaf5-fddb-428a-abe2-7a55938a8809,0.13868016582494302,0.05,0.16666666666666666,-0.23217820231683084,0
3e9009f6-ecb1-4672-aa87-2dac34365b01,0c463089-9baa-480d-b10e-14ce49a6d63f,-2.270140899253632,0.05,0.5,-0.08807142747723785,0
3e9009f6-ecb1-4672-aa87-2dac34365b01,10e3b214-5145-41ee-9ea4-f8dc9baa35f1,-1.9603188974134969,0.05,0.6666666666666666,-0.08521942319363213,0
3e9009f6-ecb1-4672-aa87-2dac34365b01,43684ba0-a36e-4a3f-94cd-f92e6937dcbe,-2.6394582096368566,0.05,0.6666666666666666,-0.17408836807806433,0
3e9009f6-ecb1-4672-aa87-2dac34365b01,3c44df55-1a09-4c77-b7ba-e37896fa62b8,-2.0290809035091595,0.05,0.5,-0.05094334219499759,0
3e9009f6-ecb1-4672-aa87-2dac34365b01,533b73dd-abb2-4a75-a79b-dd4786b3f2a5,-1.868579767363137,0.05,0.5,-0.15090003743137725,0
3e9009f6-ecb1-4672-aa87-2dac34365b01,bb5fcc21-78cb-4979-aebe-9ff5a9cb9b17,-1.9743558445263818,0.05,0.6666666666666666,-0.07549193458482419,0
3e9009f6-ecb1-4672-aa87-2dac34365b01,e1285a72-3b0d-421d-b83a-29a74f88eb57,-2.1824407388978444,0.05,0.5,-0.1514909273929266,0
3e9009f6-ecb1-4672-aa87-2dac34365b01,cff3c3e7-2c3f-4c4d-8b24-f35b05dd5d3e,-1.8232751412792765,0.05,0.5,-0.17381723220449138,0
3e9009f6-ecb1-4672-aa87-2dac34365b01,9ef99117-7742-4dcc-902c-12977d729acd,-2.0788232001745035,0.05,0.5,-0.16458405797641637,0
3e9009f6-ecb1-4672-aa87-2dac34365b01,07d2616c-05f7-4e94-98c5-c38bca6f748e,-1.9464693051234718,0.05,0.6666666666666666,-0.1130396595403344,0
3e9009f6-ecb1-4672-aa87-2dac34365b01,f04fe162-ad83-43a8-aaad-f2d53cb1c06a,-2.188846581305574,0.05,0.5,-0.04247996645138427,0
3e9009f6-ecb1-4672-aa87-2dac34365b01,188f0676-136b-40b2-8dca-fd7631ae688b,-1.9101091015887288,0.05,0.5,-0.058002616152287044,0
3e9009f6-ecb1-4672-aa87-2dac34365b01,26c465d2-375f-4057-9718-9c1e2ea55439,-2.1791439522136935,0.05,0.5,-0.09593999273957232,0
3e9009f6-ecb1-4672-aa87-2dac34365b01,4a378606-31df-45c8-8d2d-f29c3a569ae7,-0.5472531262438163,0.05,0.8333333333333334,-0.0026919199929748864,0
3e9009f6-ecb1-4672-aa87-2dac34365b01,ccf88224-70f3-4e7a-8bf9-29f74293bf8d,-2.082336377602701,0.05,0.3333333333333333,-0.08050411524064466,0
3e9009f6-ecb1-4672-aa87-2dac34365b01,8d268058-9273-4ae6-a6d7-c37ae4fe9f77,-2.0144630912020816,0.05,0.5,-0.060401577770400505,0
3e9009f6-ecb1-4672-aa87-2dac34365b01,c2a71830-98b1-4e52-bb3d-82dc12cdd897,-2.298738828072251,0.05,0.5,0.03819426232559,0
3e9009f6-ecb1-4672-aa87-2dac34365b01,632137b8-14ae-4513-8a30-88ca31372d27,-2.0189346081809587,0.05,0.5,-0.08334985437529116,0
3e9009f6-ecb1-4672-aa87-2dac34365b01,e092e608-aaa3-4519-9fdb-9a8ef2b8791e,-1.9325434056922144,0.05,0.5,0.009137404252118517,0
3e9009f6-ecb1-4672-aa87-2dac34365b01,a96ecc98-9824-4fa8-8c85-77aef615f59c,-2.0848706614004726,0.05,0.5,-0.01956254269471009,0
3e9009f6-ecb1-4672-aa87-2dac34365b01,ce3b75dc-2fbb-445e-ba5a-c2d7d14f8c04,-2.2415723419380127,0.9,0.5,-0.06410403006019391,0
3e9009f6-ecb1-4672-aa87-2dac34365b01,16eb21f6-d0ce-4f4f-a7e1-5893aed938ea,-1.9427182681381252,0.05,0.6666666666666666,-0.08763356911769239,0
3e9009f6-ecb1-4672-aa87-2dac34365b01,06750c13-97ad-40e1-9b07-4e792634c56e,-2.1825865864195677,0.05,0.6666666666666666,0.020687149443689816,0
3e9009f6-ecb1-4672-aa87-2dac34365b01,0db66418-91ad-476b-9ead-c59a834545e7,-2.1440005695428983,0.05,0.6666666666666666,-0.12881268457698977,0
3e9009f6-ecb1-4672-aa87-2dac34365b01,2e873e01-3067-4e14-92fe-ccf53350dbd4,-1.8758090616325447,0.05,0.6666666666666666,-0.06733091904486435,0
0c0f89d9-ac3f-4f84-bcd6-8c8f4d03b3bd,4884231d-4d0c-4eb3-9d18-fa36b2f07f6b,-0.43288519252476343,0.05,0.5,-0.007976048110692486,0
0c0f89d9-ac3f-4f84-bcd6-8c8f4d03b3bd,0286f514-034a-4f7c-94ac-3c76185dfdd0,0.029057592209729144,0.9,0.16666666666666666,0.09407851650112625,0
0c0f89d9-ac3f-4f84-bcd6-8c8f4d03b3bd,0cea4d30-ae89-4643-b35e-d63461f77a68,-0.29971222680966747,0.05,0.5,-0.0016171297441032477,0
0c0f89d9-ac3f-4f84-bcd6-8c8f4d03b3bd,6e8472ee-bf63-4615-9b48-4d38d3ea33ee,-0.6370088852088172,0.05,0.16666666666666666,-0.006452473287188042,0
0c0f89d9-ac3f-4f84-bcd6-8c8f4d03b3bd,3c8e101c-2dc2-4b6b-9272-391d6550dc17,-0.6533515780910935,0.05,0.3333333333333333,-0.08306852611301631,0
0c0f89d9-ac3f-4f84-bcd6-8c8f4d03b3bd,e2cdae2f-2fe2-4ca3-82d0-c24fee1c6e90,-0.9083199071225732,0.05,0.3333333333333333,0.03050154065410086,0
0c0f89d9-ac3f-4f84-bcd6-8c8f4d03b3bd,9acdbbfc-3782-4592-81c5-cf1957ac05e9,-0.39058580435968393,0.05,0.5,-0.07229283533575465,0
0c0f89d9-ac3f-4f84-bcd6-8c8f4d03b3bd,5e6fbb71-3e83-4861-979a-75c8a4c9b770,-0.8043345928301284,0.05,0.5,-0.09572403964323939,0
0c0f89d9-ac3f-4f84-bcd6-8c8f4d03b3bd,1bec0235-5861-46d8-9367-ecb8c5c0f7ae,-0.2760959608241431,0.05,0.16666666666666666,-0.20585675504293868,0
0c0f89d9-ac3f-4f84-bcd6-8c8f4d03b3bd,7321aca6-c4db-4057-b0dc-7cd017a0af57,0.09210626376991815,0.05,0.5,-0.059646951847846796,0
0c0f89d9-ac3f-4f84-bcd6-8c8f4d03b3bd,c65ffb3a-d911-4697-81d7-34c4facc9d94,-0.013550234649607695,0.05,0.3333333333333333,0.06548238678148037,0
0c0f89d9-ac3f-4f84-bcd6-8c8f4d03b3bd,edb332db-5fc3-47e7-aa91-e611cd5c8cee,-0.4531087941055576,0.05,0.5,-0.3087672964860441,0
0c0f89d9-ac3f-4f84-bcd6-8c8f4d03b3bd,2b247c94-d6e7-4b69-b225-2517861db664,-0.354778536581958,0.05,0.3333333333333333,0.054830173959253034,0
0c0f89d9-ac3f-4f84-bcd6-8c8f4d03b3bd,c3e63672-dc17-4179-9589-ff37cdc89da3,-0.6014779343663763,0.9,0.3333333333333333,-0.13017073725645725,0
0c0f89d9-ac3f-4f84-bcd6-8c8f4d03b3bd,b3af3f2c-7414-46b2-9873-323eee514062,-0.6819556396854862,0.05,0.3333333333333333,-0.02317122278146943,0
0c0f89d9-ac3f-4f84-bcd6-8c8f4d03b3bd,17d0c4ca-9c9c-49cf-b0d4-9052a9ea007d,-0.5956209931385836,0.05,0.16666666666666666,-0.0002181473517840874,0
0c0f89d9-ac3f-4f84-bcd6-8c8f4d03b3bd,cb967255-b73f-43b2-9d84-75dc54680501,-0.46426365894394284,0.05,0.5,-0.10521299064991195,0
0c0f89d9-ac3f-4f84-bcd6-8c8f4d03b3bd,ff6c990a-6bd7-4ddf-a3b7-9e364a70848d,-0.1554217767863597,0.05,0.16666666666666666,-0.0025903335405369726,0
0c0f89d9-ac3f-4f84-bcd6-8c8f4d03b3bd,e7ddbec5-200a-4733-9117-27844dd44c53,-0.6746314374928168,0.05,0.5,-0.11458648616437013,0
0c0f89d9-ac3f-4f84-bcd6-8c8f4d03b3bd,2cec1cc6-7341-4085-8de3-c014427bd89e,-0.5079534358164519,0.05,0.3333333333333333,-0.14408632796310744,0
0c0f89d9-ac3f-4f84-bcd6-8c8f4d03b3bd,93fbc5d5-898a-4ad4-984c-90df2da4e40d,-0.8095973403504848,0.05,0.16666666666666666,0.09322076639873793,0
0c0f89d9-ac3f-4f84-bcd6-8c8f4d03b3bd,da2995d7-11c3-4913-bfb9-01c4d70ad7d6,-0.35371434336074836,0.05,0.5,0.06058305764006345,0
0c0f89d9-ac3f-4f84-bcd6-8c8f4d03b3bd,ee323c3f-650d-4281-bf19-9a6345107c32,-0.3640682197432983,0.05,0.3333333333333333,0.12978352218923095,0
0c0f89d9-ac3f-4f84-bcd6-8c8f4d03b3bd,0eb209b0-6db8-445d-8620-7d8ee7c22b4b,-0.02048560278600453,0.05,0.5,0.01348549018889674,0
0c0f89d9-ac3f-4f84-bcd6-8c8f4d03b3bd,da9af25f-2d0d-4ec4-9638-fdbd03227f2d,-0.5551501543811481,0.05,0.6666666666666666,-0.15776165227837863,0
da94106b-55bd-44b8-ab74-f4715d6625b3,57c64476-e33e-4a87-beaf-5ac455138ed2,-0.9371469334790694,0.05,0.5,-0.2440559097231558,0
da94106b-55bd-44b8-ab74-f4715d6625b3,90580736-a57e-4cbf-9c22-392a2491a243,-0.9498222760282204,0.05,0.0,-0.2866375725460259,0
da94106b-55bd-44b8-ab74-f4715d6625b3,cef48cb3-1b97-4a7c-a207-5633851e210d,-1.1932383860557407,0.05,0.3333333333333333,-0.20102287556826887,0
da94106b-55bd-44b8-ab74-f4715d6625b3,5fed7fe4-723e-4e6d-a4b1-5dd54ce8323e,-1.1108171757789567,0.05,0.3333333333333333,-0.2653519836329884,0
da94106b-55bd-44b8-ab74-f4715d6625b3,7f2edee9-a6fd-409e-a2d7-501610abb497,-0.9628535727231848,0.05,0.3333333333333333,-0.2602074825909516,0
da94106b-55bd-44b8-ab74-f4715d6625b3,d8bf149b-9b99-4dc1-a79b-49577fffde4f,-1.0674036197405763,0.05,0.16666666666666666,-0.25572433407820183,0
da94106b-55bd-44b8-ab74-f4715d6625b3,2ff6ee97-92c0-4865-a2aa-e978b8874491,-1.1113615028128416,0.05,0.3333333333333333,-0.3368973262558957,0
da94106b-55bd-44b8-ab74-f4715d6625b3,8c1c32b0-3a5c-45c3-800b-1155a73a0c63,-1.0541727402733594,0.05,0.3333333333333333,-0.31998269900993714,0
da94106b-55bd-44b8-ab74-f4715d6625b3,59e37d91-f79d-4b44-9902-f7a3fa8df928,-0.9810994071704746,0.05,0.3333333333333333,-0.32824157340530086,0
da94106b-55bd-44b8-ab74-f4715d6625b3,dc5d51d2-bf14-4924-8d31-7400256ec3e4,-0.8515046720832928,0.05,0.3333333333333333,-0.19840415985385706,0
da94106b-55bd-44b8-ab74-f4715d6625b3,701c0501-d27e-4931-b79c-a1227db6be09,-1.169991350627773,0.05,0.5,-0.27993044579575377,0
da94106b-55bd-44b8-ab74-f4715d6625b3,24899974-2be0-428f-96e0-5ebaf0020166,-1.0466593816775265,0.05,0.3333333333333333,-0.36581124177876284,0
da94106b-55bd-44b8-ab74-f4715d6625b3,53827ec7-f982-4689-91eb-7da9fac9b1ef,-0.999903086782373,0.05,0.16666666666666666,-0.346843681201463,0
da94106b-55bd-44b8-ab74-f4715d6625b3,b1f0f890-9c08-472e-b119-a4c99b409245,-1.1934958154870419,0.05,0.3333333333333333,-0.1792698045066622,0
da94106b-55bd-44b8-ab74-f4715d6625b3,e2b43166-49fd-49ab-a933-99c99f28945a,-2.0050402601382498,0.05,0.3333333333333333,-0.16837135719331453,0
da94106b-55bd-44b8-ab74-f4715d6625b3,6ef95ec8-75d5-443f-b454-19c6b91ff31e,-1.0375302787014684,0.05,0.3333333333333333,-0.3143336574948372,0
da94106b-55bd-44b8-ab74-f4715d6625b3,7cff7248-b0a2-4c95-93e9-0c914b467fbd,-1.2022071211239305,0.05,0.16666666666666666,-0.36453055212168056,0
da94106b-55bd-44b8-ab74-f4715d6625b3,f409d085-9948-49b6-a6d5-55522b25ebe5,-0.9126903278685314,0.05,0.16666666666666666,-0.21356993452298828,0
da94106b-55bd-44b8-ab74-f4715d6625b3,c0856dd4-318e-482e-98ed-53c1aed5ba7e,-1.2514108674853102,0.05,0.16666666666666666,-0.2949060725760683,0
da94106b-55bd-44b8-ab74-f4715d6625b3,2bd162c9-b2c6-415d-8c68-d1dfb43cdcd9,-1.3468950469505927,0.05,0.16666666666666666,-0.2632722964916359,0
da94106b-55bd-44b8-ab74-f4715d6625b3,4e508ab0-b4d2-499e-abf8-b539a18305b1,-1.2664075927294203,0.05,0.16666666666666666,-0.272335638790556,0
da94106b-55bd-44b8-ab74-f4715d6625b3,392c01c0-7f6b-4535-bb5f-2df9e54f0e42,0.15671265470121298,0.05,0.6666666666666666,-0.19244271340429284,0
da94106b-55bd-44b8-ab74-f4715d6625b3,37eeb3e9-d9c0-45bf-84a3-0af02371e9df,-1.033434098008541,0.05,0.5,-0.271655617604029,0
da94106b-55bd-44b8-ab74-f4715d6625b3,3cb7919f-9d9f-42e5-bc88-0a102f8438f3,-0.9641483315597505,0.05,0.3333333333333333,-0.2849697222495501,0
da94106b-55bd-44b8-ab74-f4715d6625b3,b17dd9c7-5593-4eb1-bef8-043f1119cd63,-1.003633156133163,0.05,0.5,-0.32244872032903815,0
2fd15eef-166c-4ac7-abbe-92a72c8d8e9d,1f255f6f-c380-41ca-bbe8-18c24cf503cb,0.5041082461123292,0.05,0.0,-0.02544615714464474,0
2fd15eef-166c-4ac7-abbe-92a72c8d8e9d,88fd52e0-b48e-4f40-afe7-c9cdac1eb420,0.5124733926689187,0.05,0.0,0.06230911918980715,0
2fd15eef-166c-4ac7-abbe-92a72c8d8e9d,e0a9748c-f777-4710-9215-2d9123e86e93,0.5709351504928968,0.9,0.16666666666666666,0.10579577336175547,0
2fd15eef-166c-4ac7-abbe-92a72c8d8e9d,cfcfb743-b5ff-44d1-a529-b1e6cb07db5f,0.46398869042117497,0.05,0.0,-0.04620317497628391,0
2fd15eef-166c-4ac7-abbe-92a72c8d8e9d,18043bc7-549b-4624-a00d-cefc03b0193e,0.3716992590633623,0.05,0.0,-0.15643638336610868,0
2fd15eef-166c-4ac7-abbe-92a72c8d8e9d,0fad09b6-7315-4194-bec2-54a06cee3438,0.42674052153312303,0.05,0.0,0.05615691702673548,0
2fd15eef-166c-4ac7-abbe-92a72c8d8e9d,ca1a6f1e-9955-4d7a-8cf4-e821bdab7965,0.48985251873799474,0.05,0.0,0.035126222412724714,0
2fd15eef-166c-4ac7-abbe-92a72c8d8e9d,077bb532-928a-457c-bbad-7e6ddb9316ec,0.27300503155296685,0.05,0.0,0.004419808003358677,0
2fd15eef-166c-4ac7-abbe-92a72c8d8e9d,cde120fc-d60f-4b8e-8f05-7e6b278b7c26,0.21855341818939156,0.9,0.16666666666666666,-0.1871744723407825,0
2fd15eef-166c-4ac7-abbe-92a72c8d8e9d,087db16f-27a1-4cb7-a724-c03974ca2f43,0.4031325656003224,0.05,0.0,-0.08984406206979877,0
2fd15eef-166c-4ac7-abbe-92a72c8d8e9d,1419f342-f66f-40db-bbe4-d73441ee93c7,0.3290670597133101,0.05,0.16666666666666666,-0.10359813198247009,0
2fd15eef-166c-4ac7-abbe-92a72c8d8e9d,b66d98b5-c6ed-4462-ba4a-b5bea28121c8,0.19838014726293896,0.05,0.0,-0.037452771145434396,0
2fd15eef-166c-4ac7-abbe-92a72c8d8e9d,58365516-2d55-47b9-bc5e-d99f8926fcc5,0.28147043494333435,0.05,0.0,-0.057028649580495645,0
2fd15eef-166c-4ac7-abbe-92a72c8d8e9d,e97b83f3-d41f-405c-8cd4-cd220fc56008,0.3863816288259301,0.05,0.16666666666666666,-0.10654069886771578,0
2fd15eef-166c-4ac7-abbe-92a72c8d8e9d,c42e3fb5-1ab7-4287-9b98-f431317043ab,0.45879300711841164,0.05,0.0,-0.07135019882745107,0
2fd15eef-166c-4ac7-abbe-92a72c8d8e9d,b30b46f6-2ca1-4aca-a165-9e19fe2d3df8,0.354927510786224,0.05,0.0,-0.003669235046671602,0
2fd15eef-166c-4ac7-abbe-92a72c8d8e9d,871d11b1-72f4-49dd-9565-ecbd0bebe9bf,0.404138951394021,0.05,0.16666666666666666,-0.03082764657516201,0
2fd15eef-166c-4ac7-abbe-92a72c8d8e9d,bcf63c39-ed6f-4635-9327-db409d165be1,0.3323800477265184,0.05,0.0,-0.11210831529960404,0
2fd15eef-166c-4ac7-abbe-92a72c8d8e9d,23f3a59f-fef8-40fe-a3bc-3b90a4c4ae2e,0.36757205094616996,0.05,0.0,-0.10987456959100915,0
2fd15eef-166c-4ac7-abbe-92a72c8d8e9d,5587af7e-c901-4ae7-8b75-eef9e0299bed,0.6143189014984509,0.05,0.0,-0.18370336104496318,0
2fd15eef-166c-4ac7-abbe-92a72c8d8e9d,34d9159b-3312-4184-9b23-b0e3bdc932f4,0.37162728279757573,0.05,0.16666666666666666,0.004767969098799935,0
2fd15eef-166c-4ac7-abbe-92a72c8d8e9d,2f3bdf71-0877-4d8f-b449-70907d84c00f,0.5706908995924165,0.05,0.0,-0.032455504864869186,0
2fd15eef-166c-4ac7-abbe-92a72c8d8e9d,9d191b38-300b-4757-b377-1b350e5b557b,0.47510454577417516,0.05,0.0,0.1492953048038378,0
2fd15eef-166c-4ac7-abbe-92a72c8d8e9d,8f80b93f-f678-4f40-aab8-fb38c0a963dc,0.34379638177719407,0.05,0.0,-0.06840344609473295,0
2fd15eef-166c-4ac7-abbe-92a72c8d8e9d,e85d9652-f757-42c9-9878-159fcac39a6e,0.5930598464532135,0.05,0.0,-0.04093618382636482,0
d7a7483d-636b-4eb7-ba37-5f99fc71f1c8,2ce692a9-527e-46bf-99b8-dbb8307594d0,1.5952614699360765,0.05,0.3333333333333333,-0.44901698014935587,0
d7a7483d-636b-4eb7-ba37-5f99fc71f1c8,43963edb-8b6f-4a7d-b495-c01f8500f17b,0.7290756109087431,0.05,0.16666666666666666,-0.42205369707397633,0
d7a7483d-636b-4eb7-ba37-5f99fc71f1c8,2c4bbdfd-5a2c-4975-ac5a-518c8e155f40,0.9060865455318305,0.05,0.16666666666666666,-0.3876957603478483,0
d7a7483d-636b-4eb7-ba37-5f99fc71f1c8,00a8f563-5557-46e9-8199-aac0e6bc5da6,1.0388555020471113,0.05,0.3333333333333333,-0.4197132013679251,0
d7a7483d-636b-4eb7-ba37-5f99fc71f1c8,dc085d73-b096-4b51-865c-51b3148dc2b1,0.6097693376193227,0.05,0.0,-0.35995091152170433,0
d7a7483d-636b-4eb7-ba37-5f99fc71f1c8,b0db38c9-9446-4e0e-9bcc-7b09de5a02d1,1.0996491407074362,0.05,0.0,-0.3842685977897809,0
d7a7483d-636b-4eb7-ba37-5f99fc71f1c8,dfbde001-dad8-439c-b347-53a5f094f2da,0.852529090449643,0.05,0.16666666666666666,-0.41476489660691335,0
d7a7483d-636b-4eb7-ba37-5f99fc71f1c8,6a126d8c-b47e-42fa-a9e4-889b342b2d46,0.519111618070105,0.05,0.16666666666666666,-0.35650116364744555,0
d7a7483d-636b-4eb7-ba37-5f99fc71f1c8,d78c3a03-97f5-4d8f-80ac-0b55bbc2f37e,0.9078495692149442,0.9,0.16666666666666666,-0.42934615014469757,0
d7a7483d-636b-4eb7-ba37-5f99fc71f1c8,e900af08-4562-4f6e-8ae8-775b4db5b40b,1.0200796355270203,0.05,0.16666666666666666,-0.37790078081347217,0
d7a7483d-636b-4eb7-ba37-5f99fc71f1c8,4d51f93a-2186-4013-b1c5-aaef0c5ec1ef,1.0456244618076083,0.05,0.16666666666666666,-0.41596712593508733,0
d7a7483d-636b-4eb7-ba37-5f99fc71f1c8,4397cf16-8a8b-4ffe-b291-44d3414ef3d7,1.1142484079345056,0.05,0.0,-0.3731403622605971,0
d7a7483d-636b-4eb7-ba37-5f99fc71f1c8,cf153040-b1c8-4a25-adb3-0ac33746dd0b,1.1280400969105902,0.05,0.16666666666666666,-0.4033359764177029,0
d7a7483d-636b-4eb7-ba37-5f99fc71f1c8,252eb119-e1c5-4ed9-8aae-6d12bc0a85dc,0.9000527113073353,0.05,0.16666666666666666,-0.4075921500577657,0
d7a7483d-636b-4eb7-ba37-5f99fc71f1c8,e14c44da-883b-4646-9b8d-49efd4ee0e07,1.0646910726203496,0.05,0.16666666666666666,-0.4407944186389513,0
d7a7483d-636b-4eb7-ba37-5f99fc71f1c8,eecefc99-772a-43c4-929b-1ed74762de23,1.1507048511806888,0.9,0.16666666666666666,-0.43814161770981486,0
d7a7483d-636b-4eb7-ba37-5f99fc71f1c8,cf806c04-b357-45dd-89cf-1d00ef415a8b,0.8599040207245636,0.05,0.16666666666666666,-0.386508289357542,0
d7a7483d-636b-4eb7-ba37-5f99fc71f1c8,3c7dff02-87f3-4c09-97a2-d8161dd4d1ec,0.9594926079567774,0.05,0.0,-0.3419690705648282,0
d7a7483d-636b-4eb7-ba37-5f99fc71f1c8,6cf55af5-6359-4c5f-8e55-99528a8a7c7e,0.7899011485900198,0.05,0.5,-0.4501259633229731,0
d7a7483d-636b-4eb7-ba37-5f99fc71f1c8,932c67cc-dcc7-4f83-b7c7-8639279891a8,1.0991769961031483,0.05,0.0,-0.40191262699747027,0
d7a7483d-636b-4eb7-ba37-5f99fc71f1c8,a530c40c-1e25-4944-8913-49ee9da69456,1.0637321961797346,0.05,0.16666666666666666,-0.42617657635998285,0
d7a7483d-636b-4eb7-ba37-5f99fc71f1c8,c3f08846-4c0a-4330-99e2-ad03f0a7c04c,0.8923592050745057,0.05,0.16666666666666666,-0.4048629009981465,0
d7a7483d-636b-4eb7-ba37-5f99fc71f1c8,91edf982-2eab-4705-951a-43299c7c1fa8,1.2728221999659635,0.05,0.3333333333333333,-0.37830679165570835,0
d7a7483d-636b-4eb7-ba37-5f99fc71f1c8,2b2ff1e6-a3c3-4964-aa7b-95948eb0a4f0,1.158080610406845,0.05,0.3333333333333333,-0.3893647890440868,0
d7a7483d-636b-4eb7-ba37-5f99fc71f1c8,6f072754-0aa1-490d-a634-258d0b1b8d1d,3.264943877681655,0.05,0.5,-0.38458458025409076,0
5a9fe995-eb7a-40de-9f13-9d5281957b6f,6a88849d-ef13-4541-8e23-b54296713344,-0.06102620976993256,0.05,0.0,1.122501980035221,0
5a9fe995-eb7a-40de-9f13-9d5281957b6f,defe94a9-571d-4756-a312-cd5b3384c85e,0.0009779208505413806,0.05,0.16666666666666666,0.8443687441411909,0
5a9fe995-eb7a-40de-9f13-9d5281957b6f,e3239671-91d3-4cb2-a064-0f723f87ba58,-0.17348328335690155,0.05,0.0,0.7826851041329744,0
5a9fe995-eb7a-40de-9f13-9d5281957b6f,a48a7cba-02e5-40c1-bf25-55062c3a32fc,-0.20577998912171402,0.05,0.0,0.948047141916996,0
5a9fe995-eb7a-40de-9f13-9d5281957b6f,16f44f19-807c-4aa3-b838-6d3e416a902f,-0.01613803382368406,0.05,0.0,0.7881125108544218,0
5a9fe995-eb7a-40de-9f13-9d5281957b6f,bb0dcee8-7cf5-4849-a9eb-bb052b884c63,-0.07664249536088086,0.05,0.0,0.68876603761011,0
5a9fe995-eb7a-40de-9f13-9d5281957b6f,1c27953d-a28e-41ce-8e89-fe6b8725bffa,0.01923254702664412,0.05,0.0,0.5374809048189659,0
5a9fe995-eb7a-40de-9f13-9d5281957b6f,fbd85e1f-e329-40d8-8cb1-3401ecdcf8d4,-0.07556878282246382,0.05,0.0,0.8250862798561145,0
5a9fe995-eb7a-40de-9f13-9d5281957b6f,1e3a89ae-4e8c-462b-ad43-33527e48f610,0.04175171612814221,0.9,0.0,0.9866548699604948,0
5a9fe995-eb7a-40de-9f13-9d5281957b6f,41d7810d-6f65-4ffa-9c1c-a2bac5f1451a,-0.01989885496706245,0.05,0.3333333333333333,1.077128752838563,0
5a9fe995-eb7a-40de-9f13-9d5281957b6f,db9f6708-5781-4ffe-b3e0-44f34eb19d36,0.1412598209179734,0.05,0.0,0.764800376105669,0
5a9fe995-eb7a-40de-9f13-9d5281957b6f,0ead4b7f-02e7-4385-b9de-66a9b6890cc3,0.04458050261652424,0.05,0.0,0.5071915608890943,0
5a9fe995-eb7a-40de-9f13-9d5281957b6f,72fdd445-4002-4dd4-880a-59a9b874e1c5,-0.20657134525314325,0.05,0.16666666666666666,0.7166498621839109,0
5a9fe995-eb7a-40de-9f13-9d5281957b6f,9a3450f4-7d36-46b4-9521-3a802d355516,-0.029201650825272818,0.05,0.0,0.9474841629928711,0
5a9fe995-eb7a-40de-9f13-9d5281957b6f,f81bbf15-24f2-4856-966d-c56246cadf15,-0.08142648103831718,0.05,0.16666666666666666,0.6247693429403041,0
5a9fe995-eb7a-40de-9f13-9d5281957b6f,5e8d18e4-1f04-4c5e-a6e5-ad279b0ade25,0.07392741511042722,0.05,0.0,0.5286901863379967,0
5a9fe995-eb7a-40de-9f13-9d5281957b6f,cf5966f3-be91-4ec3-b510-11f41d537731,-0.03331239864617208,0.05,0.0,0.7222300481791901,0
5a9fe995-eb7a-40de-9f13-9d5281957b6f,e7a8fdc2-a876-4006-9f9d-6d8ff9fd6903,0.1204484398650072,0.05,0.0,0.12442409761427739,0
5a9fe995-eb7a-40de-9f13-9d5281957b6f,0e1a4abb-cfdd-466f-8bc5-e367c73c6292,-0.11917678106172058,0.05,0.0,0.4292265226288508,0
5a9fe995-eb7a-40de-9f13-9d5281957b6f,3e1cb16f-2e95-4313-bdcd-3247981c32f4,-0.06605141849760354,0.05,0.0,0.10948045304036946,0
5a9fe995-eb7a-40de-9f13-9d5281957b6f,24b76e08-8c78-41a5-9f16-d08f209b77a0,-0.0724499960538818,0.05,0.0,0.42940405942585747,0
5a9fe995-eb7a-40de-9f13-9d5281957b6f,32c5977c-f8fb-4acc-80ee-be822f837062,0.023381651239926526,0.05,0.0,0.37051942880862504,0
5a9fe995-eb7a-40de-9f13-9d5281957b6f,a44f46ea-60e9-4cf8-a3cc-938486e41d91,-0.10654119038956189,0.05,0.0,0.9218445383725002,0
5a9fe995-eb7a-40de-9f13-9d5281957b6f,0ff4daa9-7901-4ff8-9a77-c4fcb36c81b5,-0.2516169603381515,0.05,0.0,1.0206912680325246,0
5a9fe995-eb7a-40de-9f13-9d5281957b6f,763d9b26-9167-43f9-b436-dab7968c2c67,0.05860898415009608,0.05,0.16666666666666666,0.7558351773048937,0
08e2c6fb-959a-472e-ab3f-424386c20a38,9aa9038b-8df7-4d17-8332-860c69a807fb,-1.8405103165503949,0.05,0.3333333333333333,-0.1080303533876602,0
08e2c6fb-959a-472e-ab3f-424386c20a38,adc2dea4-0b8e-4caa-b57a-d00480b25d58,-2.030985220455581,0.05,0.6666666666666666,-0.09279349773812898,0
08e2c6fb-959a-472e-ab3f-424386c20a38,5a78f1ad-537e-4a58-9b09-cc47bb8f589a,-1.7637170661370116,0.05,0.6666666666666666,-0.047544340058857326,0
08e2c6fb-959a-472e-ab3f-424386c20a38,a7bb4a65-0dd8-47b7-9653-35eb9d41d3a6,-1.4971314452344555,0.05,0.5,-0.1942023083933424,0
08e2c6fb-959a-472e-ab3f-424386c20a38,0c6025f5-8f07-4a1e-9c15-4d940c0e2f2e,-2.0788112699508168,0.05,0.3333333333333333,-0.04561657780563828,0
08e2c6fb-959a-472e-ab3f-424386c20a38,21e637b5-7c94-4353-ae52-31e20c636c9c,-2.0319947590527123,0.05,0.5,-0.16546851573946697,0
08e2c6fb-959a-472e-ab3f-424386c20a38,7226be04-db05-4288-852a-cfe06469a837,-1.7808620271918052,0.05,0.5,-0.036413142921806856,0
08e2c6fb-959a-472e-ab3f-424386c20a38,4b3ea6ad-868a-4bac-aba4-3fb8c7df0a16,-2.274390850446759,0.05,0.5,-0.04831236885028678,0
08e2c6fb-959a-472e-ab3f-424386c20a38,a51e247e-ca6c-4ef7-aab1-567b4a8d1598,-1.5167754935175335,0.05,0.5,-0.29018765621206444,0
08e2c6fb-959a-472e-ab3f-424386c20a38,9e47262e-45cc-488f-836f-4eeac8637288,-1.9827030062681152,0.05,0.5,0.9075702129940789,0
08e2c6fb-959a-472e-ab3f-424386c20a38,c9bfc5e1-7869-46de-9ce2-329614dca45e,-2.25212173067815,0.05,0.5,-0.18390453145892413,0
08e2c6fb-959a-472e-ab3f-424386c20a38,06ba9537-cdb8-4c26-b990-c9e7069d9618,-1.814667566904494,0.05,0.5,-0.21232789286154885,0
08e2c6fb-959a-472e-ab3f-424386c20a38,88dce3d9-f985-457c-9a83-455bf0f620d4,-2.1763587304700422,0.05,0.3333333333333333,-0.1440568313729079,0
08e2c6fb-959a-472e-ab3f-424386c20a38,e9867bce-2704-4448-859a-5d53fdc58b95,-1.9185691882513747,0.05,0.5,0.9916442379228848,0
08e2c6fb-959a-472e-ab3f-424386c20a38,68cdb0b9-bb1b-4e57-8b99-4be62549a032,-1.7969404754103397,0.05,0.3333333333333333,-0.06479600124703182,0
08e2c6fb-959a-472e-ab3f-424386c20a38,80bbf744-9ce4-4911-a6e2-223ef2c49350,-1.662712860454103,0.05,0.6666666666666666,-0.019591609413549396,0
08e2c6fb-959a-472e-ab3f-424386c20a38,697d9cf2-48ac-4ad0-abc5-c73832b7a9d0,-2.1440711666772634,0.05,0.3333333333333333,-0.09443390672483425,0
08e2c6fb-959a-472e-ab3f-424386c20a38,d326bcfc-160b-43b6-a443-2cbd0f5b7e54,-1.7977021773225652,0.05,0.5,-0.17466759453059713,0
08e2c6fb-959a-472e-ab3f-424386c20a38,c6801452-0059-43a4-a9e8-6edc77d7a075,-1.8441065412610027,0.05,0.3333333333333333,-0.04374719041183745,0
08e2c6fb-959a-472e-ab3f-424386c20a38,1052bb50-758a-4c26-9488-4edc7759d8d8,-1.9207861773101236,0.05,0.3333333333333333,-0.18051994990039455,0
08e2c6fb-959a-472e-ab3f-424386c20a38,a2860ddd-4524-4240-88fb-1a73c5132897,-1.9030385733347188,0.05,0.5,-0.278176000651867,0
08e2c6fb-959a-472e-ab3f-424386c20a38,3746a08d-6568-4358-9699-f85a5fb45975,-1.9436606693739642,0.05,0.16666666666666666,-0.051719975008053226,0
08e2c6fb-959a-472e-ab3f-424386c20a38,f1ed3279-49df-4a17-9786-799cf1aa44da,-2.079789670323327,0.05,0.3333333333333333,1.6337223426657468,0
08e2c6fb-959a-472e-ab3f-424386c20a38,5fb3f481-5dda-4a50-9c40-bcc094c43e8a,-2.238350622260001,0.05,0.5,-0.10231073720708658,0
08e2c6fb-959a-472e-ab3f-424386c20a38,f70601a0-0ef0-4931-b458-1b80d83686b4,-2.1281936179210854,0.05,0.3333333333333333,-0.23441276970017316,0
cf67c15e-f9f4-449a-b0cf-f04a18d68c74,1099133a-9cc0-433e-8baa-aaa3eb99d749,-0.43801947583354606,0.05,0.3333333333333333,0.03108076078540097,0
cf67c15e-f9f4-449a-b0cf-f04a18d68c74,b9813360-a980-4177-8975-797a3b6a39e1,-0.9201263619825379,0.05,0.16666666666666666,0.054988966158621796,0
cf67c15e-f9f4-449a-b0cf-f04a18d68c74,770d7b43-c7f7-4cb4-91d3-c5e16bed117b,-0.6508190564850125,0.05,0.16666666666666666,0.03085009244850898,0
cf67c15e-f9f4-449a-b0cf-f04a18d68c74,f5e122dd-ee78-47af-9002-11ea0e9c558f,-0.8513829073086181,0.05,0.16666666666666666,-0.09391700117715245,0
cf67c15e-f9f4-449a-b0cf-f04a18d68c74,459130b0-1361-47ca-aa89-2c458d939a00,-1.2424671553994737,0.05,0.3333333333333333,0.07505028775961897,0
cf67c15e-f9f4-449a-b0cf-f04a18d68c74,883e613a-27c7-435b-a0c6-2e528b75c188,-1.0360690877390164,0.05,0.3333333333333333,-0.0645220366858559,0
cf67c15e-f9f4-449a-b0cf-f04a18d68c74,34d7590a-aff1-462e-8bbd-1e49e5ffbb32,-0.7496280231146737,0.05,0.3333333333333333,-0.1420419626969275,0
cf67c15e-f9f4-449a-b0cf-f04a18d68c74,8dfbe851-0aa0-4e41-8969-e9827b5a0bb0,-0.614149455907973,0.05,0.5,-0.07533618586837007,0
cf67c15e-f9f4-449a-b0cf-f04a18d68c74,50f24f6e-9553-4468-9a66-0d0310203e69,-1.1270370007971948,0.05,0.5,-0.06386901646951837,0
cf67c15e-f9f4-449a-b0cf-f04a18d68c74,3b1cd220-0335-43e2-beb2-c7e09a13c85b,-1.0966025409241253,0.05,0.16666666666666666,-0.09389916126408776,0
cf67c15e-f9f4-449a-b0cf-f04a18d68c74,ad84befd-572d-4426-b9b6-96324e779d4e,-1.2789885899691322,0.05,0.5,-0.0318405149811284,0
cf67c15e-f9f4-449a-b0cf-f04a18d68c74,0e899407-f925-4fb5-8bec-ee6daa9adfdd,-0.8708192839791571,0.05,0.5,-0.06226751360930785,0
cf67c15e-f9f4-449a-b0cf-f04a18d68c74,3ffbd9fa-36e6-4d3a-bea9-6169d0040b3e,-0.8326203572362529,0.05,0.3333333333333333,-0.035467466744711185,0
cf67c15e-f9f4-449a-b0cf-f04a18d68c74,26e05ffe-6405-4794-8fb1-c7f5627c2423,-0.8884207707764875,0.05,0.3333333333333333,0.04950841099462778,0
cf67c15e-f9f4-449a-b0cf-f04a18d68c74,a98925f4-b1d6-42e8-b088-3847d981e36d,-0.8657727724114683,0.9,0.5,0.023739056268478314,0
cf67c15e-f9f4-449a-b0cf-f04a18d68c74,3bd8966e-6b77-4c30-a7eb-081ba0f2f73a,-0.8899785005064702,0.05,0.3333333333333333,0.08302258033415452,0
cf67c15e-f9f4-449a-b0cf-f04a18d68c74,181aa6d6-8e17-4f54-a695-bf293bc0ce20,-1.1930622523927403,0.05,0.3333333333333333,-0.09784080098630882,0
cf67c15e-f9f4-449a-b0cf-f04a18d68c74,e7d16a93-ac75-4de6-a526-32aca58b5861,-0.8613201831396005,0.05,0.3333333333333333,0.1580953234915974,0
cf67c15e-f9f4-449a-b0cf-f04a18d68c74,3a12af46-c948-4b48-9116-e329c5b9e254,-0.7100928691540349,0.05,0.3333333333333333,0.04345769583788183,0
cf67c15e-f9f4-449a-b0cf-f04a18d68c74,73c7c094-7614-4982-a2d4-804754d49cea,-0.9084829955375033,0.05,0.3333333333333333,0.09105905672533346,0
cf67c15e-f9f4-449a-b0cf-f04a18d68c74,a2039a3e-a157-4c0f-b378-a353e99efb1f,-0.9852774888605405,0.05,0.16666666666666666,-0.059514733202121264,0
cf67c15e-f9f4-449a-b0cf-f04a18d68c74,787c2be0-ae74-4d0f-b2f4-8479f36d4de3,-0.9138825080328794,0.05,0.5,0.06786628661374665,0
cf67c15e-f9f4-449a-b0cf-f04a18d68c74,0b75a933-b8b3-4975-a5de-321fe7878c47,-0.9822076376057196,0.05,0.3333333333333333,-0.0348425778972733,0
cf67c15e-f9f4-449a-b0cf-f04a18d68c74,43d6443d-8f03-4bf3-b4da-80b3a158e44f,-0.9328410314856819,0.05,0.5,-0.041961190840601494,0
cf67c15e-f9f4-449a-b0cf-f04a18d68c74,8b42b831-a3e9-4419-a136-ccc1c9fa2539,-1.137406621621683,0.05,0.3333333333333333,-0.05300592625160118,0
9d182b4e-f3a4-43fe-a38a-bd4f37b94614,81a7c0dd-f716-415a-8751-be241a5ad823,-0.8201408300806938,0.05,0.3333333333333333,-0.2585585692440098,0
9d182b4e-f3a4-43fe-a38a-bd4f37b94614,8867dcd4-63f5-43aa-8746-779dbdc22375,-0.6640474211280019,0.05,0.3333333333333333,-0.23449701367480508,0
9d182b4e-f3a4-43fe-a38a-bd4f37b94614,2d6bffd7-b32a-4ffc-bab2-50a0581f5cdf,-0.6530154413550502,0.05,0.3333333333333333,-0.15178468509306015,0
9d182b4e-f3a4-43fe-a38a-bd4f37b94614,c52531bc-e035-4ec3-bb46-bcdb51a49427,-0.829287829791455,0.05,0.3333333333333333,0.6709199680098763,0
9d182b4e-f3a4-43fe-a38a-bd4f37b94614,61e19750-bd2c-4ee5-81c8-b150631fca43,-0.6200188700349347,0.05,0.3333333333333333,-0.2832742673893127,0
9d182b4e-f3a4-43fe-a38a-bd4f37b94614,867b0c13-a70d-4694-87bd-938188299429,-0.8133370814380214,0.05,0.5,-0.17107890340793963,0
9d182b4e-f3a4-43fe-a38a-bd4f37b94614,bea19439-9531-4a9c-946d-f373bbdfc681,-0.46822447551641133,0.05,0.3333333333333333,-0.2768758278835716,0
9d182b4e-f3a4-43fe-a38a-bd4f37b94614,4331f7b1-0a0b-449a-a123-466d2d5ed429,-0.9203722961729688,0.05,0.3333333333333333,-0.14437151473641008,0
9d182b4e-f3a4-43fe-a38a-bd4f37b94614,9f48b534-42da-4b4c-b86c-b084558eced6,-0.5730485965149179,0.05,0.16666666666666666,-0.2606245092095205,0
9d182b4e-f3a4-43fe-a38a-bd4f37b94614,3ab75d21-ac2d-4f35-89f2-e39d2386618d,-0.8761806727585015,0.05,0.3333333333333333,-0.06554664777618485,0
9d182b4e-f3a4-43fe-a38a-bd4f37b94614,647da8b9-67f8-4bdd-93ae-24a6e709fdce,-0.6999524436568292,0.05,0.3333333333333333,-0.20262344393335133,0
9d182b4e-f3a4-43fe-a38a-bd4f37b94614,b56663ba-c042-4e48-8879-f6924dc554d6,-1.002085917725788,0.05,0.3333333333333333,-0.2945618580178442,0
9d182b4e-f3a4-43fe-a38a-bd4f37b94614,df4017ee-f0aa-4fca-8699-0c570d3af3ef,-0.8016473171061711,0.05,0.3333333333333333,-0.24036180709831242,0
9d182b4e-f3a4-43fe-a38a-bd4f37b94614,61ca8615-7df7-4907-9e67-e3c084e0ce3c,-0.9774138548752083,0.05,0.16666666666666666,-0.10618406631731525,0
9d182b4e-f3a4-43fe-a38a-bd4f37b94614,2a180052-7b3e-44e5-bc49-1696433ff4fa,-0.7199873917289681,0.05,0.3333333333333333,-0.3595185752644897,0
9d182b4e-f3a4-43fe-a38a-bd4f37b94614,c31a9272-e27a-4c96-95fd-c7b5f4a10a5e,-0.4589785355053846,0.05,0.3333333333333333,-0.19324955569500968,0
9d182b4e-f3a4-43fe-a38a-bd4f37b94614,e0d0eee5-1807-4464-b22b-8b447e3cff31,-0.7833256473675623,0.05,0.3333333333333333,-0.25566318907904306,0
9d182b4e-f3a4-43fe-a38a-bd4f37b94614,cd3a3c2b-e219-452b-92cc-c6db12279e0a,-0.8672975187536203,0.05,0.16666666666666666,-0.22255322676750502,0
9d182b4e-f3a4-43fe-a38a-bd4f37b94614,1614fef7-a200-42fe-86f8-acd76e2351d3,-0.9321917561292437,0.05,0.3333333333333333,-0.2735259176798405,0
9d182b4e-f3a4-43fe-a38a-bd4f37b94614,816cf232-ff20-4a11-bde2-e39b66d1506b,-2.061402616636217,0.05,0.3333333333333333,-0.12777596097591482,0
9d182b4e-f3a4-43fe-a38a-bd4f37b94614,7c9bb39c-939a-4d2c-b091-8ac636539c0c,-0.4422832465489561,0.05,0.16666666666666666,-0.23573217700157856,0
9d182b4e-f3a4-43fe-a38a-bd4f37b94614,2150a436-2151-4087-8128-a8274d7401c1,-0.9185513914681263,0.05,0.3333333333333333,-0.19336751199204213,0
9d182b4e-f3a4-43fe-a38a-bd4f37b94614,8a4ac281-62af-4f44-b0bd-4830ec7692d5,-0.6522854656245554,0.05,0.3333333333333333,-0.2349478385490397,0
9d182b4e-f3a4-43fe-a38a-bd4f37b94614,7ff619a1-b38f-4948-be8e-e06a94acc049,-0.6742517811918498,0.05,0.3333333333333333,-0.42860306838203904,0
9d182b4e-f3a4-43fe-a38a-bd4f37b94614,19215794-5bd9-4c98-9c4f-d3c4a322fb0c,-0.5275207001037963,0.05,0.16666666666666666,-0.24390975191775438,0
aeaad91d-0d7f-4d5e-9a3f-dc292e7abe40,f024a005-9a18-49a5-ae52-003d626af538,0.49778488092613316,0.05,0.0,0.1270295458319249,0
aeaad91d-0d7f-4d5e-9a3f-dc292e7abe40,44db4db8-e770-43bc-9f8b-bbb1e8c2c939,0.552178649920104,0.05,0.16666666666666666,0.0023430272363121735,0
aeaad91d-0d7f-4d5e-9a3f-dc292e7abe40,e3370bf6-879f-4e40-9041-ad186bd33c8e,0.6097605897213949,0.05,0.0,-0.021179093076824782,0
aeaad91d-0d7f-4d5e-9a3f-dc292e7abe40,d6313468-d8d0-4dd0-800f-3156371c1fa1,0.45520706849684966,0.05,0.16666666666666666,-0.06663053376667237,0
aeaad91d-0d7f-4d5e-9a3f-dc292e7abe40,ed50e990-fa30-4bb1-9a7a-cb975d2d950e,0.474219180785453,0.05,0.16666666666666666,0.10021034242940222,0
aeaad91d-0d7f-4d5e-9a3f-dc292e7abe40,e690f503-33bf-4700-a447-203622f00ff5,0.4635361886234941,0.05,0.0,0.002037286964133364,0
aeaad91d-0d7f-4d5e-9a3f-dc292e7abe40,11853860-43f8-4697-a733-ccaa888c311c,0.5434733199271129,0.05,0.0,-0.10050460747360455,0
aeaad91d-0d7f-4d5e-9a3f-dc292e7abe40,9993dee8-20d3-4ce6-9305-a8f36d1b86f6,0.5709885927712772,0.05,0.0,0.10238772801312016,0
aeaad91d-0d7f-4d5e-9a3f-dc292e7abe40,081c8737-d145-4c1c-9132-8ecde54ce988,0.5045009626356736,0.05,0.0,0.11138238581679734,0
aeaad91d-0d7f-4d5e-9a3f-dc292e7abe40,30f568f7-209c-4ba0-a387-57224385e11c,0.6707687034802721,0.05,0.0,0.08768288774050476,0
aeaad91d-0d7f-4d5e-9a3f-dc292e7abe40,b9a7f4a3-0341-454e-ab99-6ac7fd0fb275,0.8116184437124501,0.05,0.16666666666666666,0.044705026276506236,0
aeaad91d-0d7f-4d5e-9a3f-dc292e7abe40,5765a956-b424-410c-9aea-721dafab889a,0.6053098755072552,0.05,0.0,-0.0391959772886825,0
aeaad91d-0d7f-4d5e-9a3f-dc292e7abe40,19411a13-a453-4bba-b99e-24371cc94cfd,0.3408178164712572,0.05,0.0,-0.08617883752197777,0
aeaad91d-0d7f-4d5e-9a3f-dc292e7abe40,75a5537b-69ce-45b0-aac2-2bd8883c5013,0.662157842101867,0.05,0.0,0.029360164872846928,0
aeaad91d-0d7f-4d5e-9a3f-dc292e7abe40,83357b5e-8e49-4210-9109-172127ff8319,0.48562701528565366,0.05,0.0,-0.023711812690116477,0
aeaad91d-0d7f-4d5e-9a3f-dc292e7abe40,b5bd3675-c97f-40b8-8e84-34d6851aa03e,0.40921223171540255,0.05,0.0,0.1064342483753738,0
aeaad91d-0d7f-4d5e-9a3f-dc292e7abe40,ecbee644-2d4d-422a-ab41-8d5e6486fc05,0.6315649848719627,0.05,0.0,0.10779288861513106,0
aeaad91d-0d7f-4d5e-9a3f-dc292e7abe40,1b690ed2-9a12-4e61-989c-a43c40d0a814,0.37787436250716855,0.05,0.0,0.1119312396832073,0
aeaad91d-0d7f-4d5e-9a3f-dc292e7abe40,0435c5eb-c4bb-43aa-bb70-afd61d88965f,0.638759443284294,0.05,0.16666666666666666,0.003220568413507804,0
aeaad91d-0d7f-4d5e-9a3f-dc292e7abe40,d259e012-0532-4ac7-a0a0-438b08e90164,0.7116662337973123,0.05,0.16666666666666666,-0.0014889469641854605,0
aeaad91d-0d7f-4d5e-9a3f-dc292e7abe40,aec5942a-9008-4425-9d88-c5d57dd1acbb,0.15906436362066412,0.05,0.0,0.16763217322948273,0
aeaad91d-0d7f-4d5e-9a3f-dc292e7abe40,271e98d4-0677-4886-b0b2-7b4fd5ae1a63,0.5462824850042596,0.05,0.0,0.02657311245761749,0
aeaad91d-0d7f-4d5e-9a3f-dc292e7abe40,ee840e29-bbd4-4a6a-bc48-a421ba665a3c,0.5121267564753849,0.05,0.0,0.17410115870699902,0
aeaad91d-0d7f-4d5e-9a3f-dc292e7abe40,845f0ddc-a7d0-4b58-a5c3-e65aba5e4b23,0.5363767680331817,0.05,0.0,-0.010216351503123526,0
aeaad91d-0d7f-4d5e-9a3f-dc292e7abe40,4c693efb-7fa1-49f5-8675-1cfaa63e6346,0.3007510719324902,0.05,0.0,0.06785606021668905,0
4470fd15-532f-4dea-9c97-b8ed85e79dbd,269c3e9d-b3d6-4517-bc3a-42c414571374,-3.0229668706830637,0.05,0.5,0.6549431263994455,1
eb1ba9d8-2a64-452c-821d-01a4c69a0620,550ffd3f-d132-419b-8bd8-ab5ac9eb3b5f,-2.647850023920068,0.05,0.6666666666666666,0.4867645308851267,1
2ca04aac-9915-4c5b-b596-cff7e878c6dd,d90a14c0-cd3e-45ee-a2d1-4c05d677f5ee,6.139231495040024,0.9,0.8333333333333334,1.0211314054160585,1
ce2fb9d1-7950-49f2-aeb3-47cb69569c8f,2ba40851-124d-4b29-81e3-7c281c39581d,0.4022501692186138,0.05,0.5,0.5342034841874305,1
4bbd8cd0-8754-45d6-9139-f5dae471802a,c1c13b28-418c-4ab1-9850-a4604b9ed824,0.19829870273212968,0.05,0.16666666666666666,0.6626038888036662,1
5ad8ed30-e5ba-4937-ac58-433a547bad73,0aca9a17-57a8-47f0-b33a-b97d1d1705a2,1.4416329148978848,0.05,0.16666666666666666,0.87156456496845,1
0598effa-18cb-49ea-944a-ce4b596bc744,bb8803ab-d2de-4e04-8cec-16965119e15d,-2.4628268778317675,0.05,0.3333333333333333,1.8707739914228025,1
1d8b607c-926c-42fd-a8cc-405a8658539d,c46e0174-d2e3-4e80-a4c6-1addead02c1c,0.21530607706345783,0.05,0.0,0.11940057918604645,1
5ec9982c-2c5e-4655-b403-5d991b1f4aaf,2f840a81-e938-4536-b4e6-3d2adb865005,1.3819490775513232,0.05,0.3333333333333333,0.3942336124172169,1
bc04c093-249e-4836-9594-2e810bcf22b6,7271210a-197a-4f73-b773-1c205a834c97,-2.7069916666623746,0.05,0.6666666666666666,1.5382566648230867,1
21c6c1fa-56ca-4ce4-bea8-044e795b9aa1,4c175989-ad33-411c-86b0-159f25cb4a84,-2.4444823486421283,0.05,0.3333333333333333,1.084521150337282,1
fad87aeb-2821-4bd1-a1e5-092d3372465a,98b74e75-72b2-47d2-a939-9d80b14cb43b,-0.24942777671358796,0.05,0.0,0.11308316458960907,1
753b34ae-878c-457f-8c84-aad5063f90bb,f1659270-55e4-4f79-8307-af81d8b73d85,0.28397001065818017,0.05,0.0,0.09922631960953067,1
e2e9ee4f-b63c-488e-bd58-8b0656082297,8c5a95ab-0e59-4ac1-aa97-45f0670ecc39,1.540649057553118,0.05,0.16666666666666666,-0.03808835804349921,1
91fad3dd-dd44-43ab-a947-7679685afa52,351f4ee8-fe46-43a3-ad01-b42dd7c8224c,0.16689202140855564,0.05,0.16666666666666666,-0.013466200034011376,1
dc0f2f8a-63ea-4942-8323-888a3c2dd4c6,6ef37783-a253-42fa-8f04-45f3e8013ce0,0.5421903406530877,0.05,0.16666666666666666,0.12458527285089771,1
6858aae2-ea1c-4b10-9a46-9e18f6a41b45,40f14b66-b6e2-4192-bc50-dc388326a631,-2.6204446013776304,0.05,0.3333333333333333,1.5262969302001437,1
3aef7b31-71c4-4056-a187-377e8b1ce0dd,9958730c-7f5c-448d-88bc-21fad7570920,0.539168655487618,0.05,0.16666666666666666,0.07455358480350885,1
64c16ceb-ed65-4338-928d-97aafa33393a,6941490a-71ba-44fb-a1cb-3be73fcedfce,1.4688484769397512,0.05,0.5,0.8000088214212914,1
3a6671d3-ee03-489d-b21e-a3c75e42cabe,36089f49-7576-4ea6-bc45-aba0a213815a,-0.1986494108811736,0.05,0.16666666666666666,0.3658935816010184,1
3c2f4732-1ec0-47d3-9229-91d37f68d1a3,b0e81578-5a12-48b7-b622-e01245730603,1.4066820565160407,0.05,0.16666666666666666,0.5183170676844228,1
048320ad-5779-4680-9b30-942e361b1900,6921b28b-4718-4412-8172-e73ad122c8e8,1.2232711146753665,0.05,0.3333333333333333,0.39619366879674156,1
96af5588-dd04-43f0-b45e-4cbaaaaa6d3d,1c78d686-545b-49a9-832f-3a7d9946ae81,5.830194890067254,0.9,0.8333333333333334,0.7420289594006383,1
9b61ce44-83a1-449b-9991-9c5314ce4c53,c7e17080-3255-4568-b21b-7b98bcf4d979,0.7334853188280732,0.05,0.0,0.5490333991368211,1
e99c1deb-5d01-40f8-b9c9-2948522ad46e,7b197aa9-846d-46dd-8ef8-e23f7773b138,0.6868571836672768,0.05,0.5,0.4229876741875099,1
c3d443a5-5e8c-497c-af8e-3b2f6debdaca,b6dd0fb8-212b-472a-bace-71e7a3babc3f,0.37031062883547783,0.05,0.0,0.008769382290442829,1
c5b0a2f5-555a-4289-9295-6597792ecee2,666f6175-850f-45da-b411-c5af81eeb85d,-2.4618258871297423,0.05,0.6666666666666666,1.4228666274974497,1
890ca7cf-9a10-4523-b4f8-3b0151d91d01,610c4c65-a675-40ce-a770-8c848ee8882a,-0.46628777930455145,0.05,0.16666666666666666,0.06915883155121229,1
777a90b5-3b21-46ef-a984-aa23fc802b1f,c75a3891-0120-4918-b94a-19d84fba2ecd,1.529664361735322,0.05,0.3333333333333333,0.2489171796120799,1
789a654e-7a1d-4488-b880-bb4f30dc0969,846d5fe0-e9d5-41e5-8da9-fb1ba63ddee4,-0.37414172642722976,0.05,0.16666666666666666,0.5573731141380884,1
2be7efa0-d963-4978-8595-61fd53240164,ef3d4d3a-53d5-442e-9c10-b6417c289703,-2.715568785208511,0.05,0.3333333333333333,0.4916621975292784,1
015910a5-420c-4380-bc02-35b348a5cfdb,973a0ff1-6d57-41d5-a891-899191a0ee93,0.18592648923762312,0.05,0.0,0.0776238943212415,1
2c28c275-6784-4b4b-b4be-31ae4db159e2,37268e66-e971-44cf-b088-d205880cd393,0.6182999365321296,0.05,0.0,0.5998125560264,1
e0433999-5923-4367-b404-cc0cdd15eb5e,cfa59e70-1bf1-4e43-8f95-08eac7a86615,-0.07366005623011196,0.05,0.16666666666666666,-0.02018317634039869,1
6e4ffd13-5639-4b23-b5af-2be8bffaad56,aa67a59a-1914-4c01-8bfd-3b9881b4f191,-0.2096881255202625,0.05,0.0,0.097408197391077,1
c51081d6-e505-4d35-bc18-9e621005ee23,4cde1633-319a-403a-bd3f-be7a7a106a5d,-0.2749108759916803,0.05,0.16666666666666666,0.23546783299827503,1
8c653ffd-a29b-44c6-b693-4f8322129c1d,e3b7c57d-445f-43d3-bcb7-df52f8b78ef3,-2.6810124490877696,0.05,0.3333333333333333,1.041039940298398,1
361d6787-f1d2-428e-b393-b42c0dafd140,f4b97531-4e6c-4c71-a8da-e721b8a4ed34,-2.466923862833344,0.05,0.3333333333333333,1.7935716234607841,1
15a8c700-068e-476a-98c5-28fc44296a20,d0c1e48c-0bc4-4729-a6ca-2ce4e5333e6c,10.983448999262778,0.9,0.8333333333333334,0.5410579876645648,1
5762dd96-c559-4d49-8da1-d83c8c689477,b86cae0c-b1a5-48ea-be3b-d6afb08d73fc,0.3005562874818706,0.05,0.16666666666666666,0.014565656867079738,1
4d938aa5-ff5f-4ac6-b8b6-29d6676d07ea,115663d5-6069-415a-829a-2fddda33dc17,9.754011434536935,0.9,0.8333333333333334,0.37756024694444024,1
0a68ed50-bd7a-4a22-b997-a461ffa51067,66f1993d-602b-4c31-9baf-f567f426e375,0.5295393289059929,0.05,0.16666666666666666,0.8503284269883271,1
6ed4185a-411e-419a-bedd-8c8d71574d28,8bcd750b-3f90-4e98-aac2-683067b41948,1.4297051604226434,0.05,0.3333333333333333,0.8113536577753487,1
2f64fcea-cc35-448d-ae6c-c7f539b7a204,820c670e-bb9c-4bcc-a6f5-6ba83a2dd2b9,5.984158384731632,0.9,0.8333333333333334,0.34244788658637715,1
ab0f30ba-32ef-495e-ad61-d83b60429aaa,b29180e8-bb90-4f50-988c-47d30aac18a2,-3.160915480578634,0.05,0.5,0.9544951214672308,1
4cdabf81-f1ce-49cf-989c-9315928b2d51,a36d031e-b610-452d-865b-b45041bf22da,0.8525977067039143,0.05,0.3333333333333333,0.10353839530572086,1
c1d98f89-78b3-4859-a03d-0a381f7005fc,44543855-923e-48a7-9255-c64c3c35bb6c,0.5411191513335893,0.05,0.3333333333333333,0.1863131982229153,1
f31a43af-7947-4f6c-b91a-cc52f331899d,37d9f5a6-e0e1-4372-a646-704207966688,9.621034646992662,0.9,0.8333333333333334,0.1625174993477396,1
f5d6987c-19c4-499a-bbfc-99c80cf23176,2220bffe-3d17-4ec0-b080-e71121381d13,0.35970159495857956,0.05,0.3333333333333333,0.10921262622473381,1
e5095538-29d6-4efa-b6ab-c97ba61022e7,a013fdd2-d09e-4bb0-b3ec-8dd060582ef8,6.97928010593955,0.9,0.8333333333333334,0.5567912884394838,1
eefc016d-7467-4b0b-9134-2de45d77d74e,116662fc-30d1-493a-9f42-3784565f563a,0.32659784596742547,0.05,0.0,0.06391656839646635,1
59fe3de7-7457-485e-8ca5-8155a28aee86,23f7c6e9-7e7c-4cf0-a311-d75bd15341c8,-2.938088504721168,0.05,0.3333333333333333,2.0952159569726683,1
f425d6c5-6b91-4f1c-aa21-d48ac7aea715,c44e4bf4-addb-44b8-8b2f-d1e6a8a9f7d8,0.02144947740428904,0.05,0.3333333333333333,-0.030005034180596406,1
1e1b3aa4-e498-449a-99b6-373ad19e1735,cd48bc62-be2d-4165-b55f-c20ab6d24a4a,-2.4116972105908543,0.05,0.6666666666666666,0.5618823577747166,1
51491a89-fdce-4c95-a657-87ac118838b2,3bda1c2b-009c-43a2-b823-3f95b96ccbdd,0.09184853255237702,0.05,0.3333333333333333,0.5374147407135049,1
f6b0f81a-06a3-4328-989f-e87b93407944,0d7ef973-2a2c-4a80-a89a-046aca445ced,0.3065941199931874,0.05,0.0,0.8627228501745706,1
f2fc89dc-7243-4792-9573-d6369adda9d7,4e7ae414-0f80-4a1d-8c3e-9279bedb21c9,0.03383644646088779,0.05,0.3333333333333333,-0.029565146402488477,1
ea281d89-47a4-4e02-b8cd-158d0a6ff83c,50275ce8-ae41-4e25-8f02-62e3b276508c,0.2748051329371908,0.05,0.3333333333333333,0.5417069421018446,1
3a03e8bd-8c44-4de2-8696-1259f5a39ed6,1b827009-6997-4f02-9ae2-bbb3c1ed2aa3,-0.21262715579418812,0.05,0.16666666666666666,0.12601098960918022,1
84aed53b-fcfc-477f-a721-97e7e7a5f648,35296244-56e6-4912-9eb4-b6d4b964563c,1.189341469067374,0.05,0.16666666666666666,0.41941087836797875,1
083788f3-dead-49df-b809-177a43d76033,08e4d821-03dd-47ea-b44c-ce6ae21bbbe0,-0.4223205279262334,0.05,0.16666666666666666,0.11553084281392345,1
29c2012d-8755-4505-a24f-1c8c034f304a,3ee5fe55-e40b-43c0-bd6d-b66b3601e219,8.921766167207739,0.9,0.8333333333333334,0.8489572738762436,1
dcb7e11b-2590-43d3-ab1c-54782e083173,73b1f695-b0a3-45f9-8794-bede18fc99d2,0.8288907837597561,0.05,0.16666666666666666,0.6184264127894666,1
8caef61c-6ac5-481f-b114-b7199f7060b9,24c5a00e-52d9-4350-9235-59521399beb6,5.677991478041859,0.9,0.8333333333333334,1.1328417236755284,1
0ebe37a9-12ee-4ab4-8363-6c7df5cf1626,f2c5aa3d-1fe0-4a5a-9aee-7846628ebfd7,-2.8276387655097572,0.05,0.3333333333333333,0.6842641485114197,1
d16ae666-84fb-4714-b3d7-22df24943374,fc17de10-5542-415b-9c1a-a4a18bd4e33a,0.5427666443427501,0.05,0.3333333333333333,0.13237808671073267,1
952d613a-84a5-4d8c-804c-50a3f21357dd,b92519d7-120a-4c9a-8261-4c30507034f9,-0.2369465887330029,0.05,0.0,0.9108179478048255,1
c9a0b5cb-2996-43fe-b2e5-769caa505460,632aa695-a640-4aa0-809a-41463ce93b0d,-2.7160520354341067,0.05,0.3333333333333333,1.040362621620685,1
5f59ff9e-914e-4899-86a2-028f384eff37,7600e66c-dc7f-4fbb-985a-cc56765a272a,-2.641373907756903,0.05,0.5,1.8098708822858607,1
b16a3ec0-940a-4630-888f-e49c4d5c2476,d527b359-35d9-4e1b-8746-7e04cddd328b,-0.17033062426919532,0.05,0.3333333333333333,0.3668250544395506,1
b1081b7b-2c30-4333-976a-2304cbcec5bd,4af8d045-59d7-4273-a465-642d1879180c,0.23365830367218354,0.05,0.3333333333333333,0.431665208617628,1
ae594a16-fef5-40b6-b39f-10b7894d89b0,30e2753d-68b9-4265-954d-d1717bb7ba63,-2.3277573073082656,0.05,0.6666666666666666,0.9958355646259638,1
cb60fc5a-f80a-4270-8485-fd92459e75d6,3d5f2a23-b836-47e3-ad32-deeb06723261,-2.4318815948198704,0.05,0.6666666666666666,2.0047584308089315,1
e57bc202-7665-4a54-88a2-5fec34fd4a1b,1e8546bc-84a6-45ef-8178-d6ee868476b5,0.24976837052387602,0.05,0.5,0.16030927380440954,1
a9b56af1-f65e-417f-865a-1133d311c69a,74d0342f-1122-449a-9ffc-31dfdb300b84,1.863740274834667,0.05,0.16666666666666666,0.47887364031014124,1
8a9b7869-27c2-4aa8-a4e9-8d551c454fdc,27508046-ac87-4dd4-97a9-5f454ab07ec1,-2.406871807356182,0.05,0.5,1.2927248218889853,1
20d046e9-df0f-4787-8c61-b14477bc1723,9524216f-6831-4ea9-90d2-74b50200dca7,-2.299233423256892,0.05,0.5,1.3611389220215853,1
aee68813-8c03-4677-adc6-68bf7ce003d0,e74aed87-624c-4dff-a24c-2ef546c8eebc,1.0709347326409864,0.05,0.16666666666666666,0.5798909937788366,1
40ff7942-352b-4b4b-a417-b6e9af72db83,5c231c4e-c1fc-4d2d-bf04-b891657c19d1,0.15561010680635512,0.05,0.3333333333333333,-0.01676554933515474,1
1c2a2b42-31a5-4a7d-bb62-c3fa1a060ea1,c26f2f45-9635-4fd1-a5a5-5803b3f3dd04,1.0687551084939262,0.05,0.3333333333333333,-0.15588352000419972,1
c63d1122-6a89-4e23-8968-8f6a8ad9efc6,4a42e09b-cabb-40e5-bf89-3cc0d2aa7a22,10.816694936328227,0.9,0.8333333333333334,0.5339415649478193,1
519c66e2-76c0-4827-a82e-0aa3f373809a,0374c2d3-b9d4-4279-b8f0-ef6ef44b4ef8,0.19539630738141156,0.05,0.3333333333333333,0.16138266230610954,1
72881f46-043f-454b-8460-c30ad1d2fe71,3c160b02-5e05-4d46-9019-eda74c0dbbaa,-0.41546509783725094,0.05,0.0,0.007950947115898742,1
ebc9ff8e-cfec-403c-8a67-e51b845c7fb2,35c49499-8aa4-413d-8b9d-f7d7554dc021,1.316824066412968,0.05,0.5,0.7416035042195949,1
0882faa3-ac37-4cbf-bf52-611e40a339b1,a05bdb6e-4406-4c59-a5e2-a4454bbca858,10.575774299374125,0.9,0.8333333333333334,1.170398323592837,1
3e6b2ab7-af03-4710-b170-27cc970c6134,fae9514e-07fa-448b-8c92-46f2b50132ea,1.8462714221894885,0.05,0.16666666666666666,-0.02279638737748266,1
2235af16-4261-44b8-bf31-29fdd770f28d,0dbb6262-6a25-4884-975f-dc15a8966341,-2.7053465205650555,0.05,0.5,1.7352765295919756,1
8556a37b-c4a9-43ac-8720-4b9789dbfa27,4c01c05b-3f47-4e6e-a922-a016adda37e7,0.4638070785877604,0.05,0.0,0.007504979501126338,1
197cc1cd-f776-48dd-94af-1fe1997b606d,5d4837d6-e2ed-46ae-9628-406d6e76570a,0.6113701063541326,0.05,0.0,0.6554434623621976,1
6344690b-1295-49e6-a6ec-e231c4854ea2,8f45afbb-f088-40db-9b23-dea6755b23f4,-0.012913981404500063,0.05,0.3333333333333333,0.06220969816795609,1
27449e82-5d06-4eef-a90f-f90fe305e449,34dd4fe4-bffe-467f-9e8d-b34e6fed4874,-0.1593776392747781,0.05,0.16666666666666666,0.1358670930318654,1
78ab32d1-1278-4d80-9a05-34643b6fc443,c9e16d76-6070-4b50-9a70-761e8dbd61f8,-0.29719369998454725,0.05,0.3333333333333333,0.9490275375932534,1
0cfa69e4-20e7-4d60-a797-6047cc528ef5,01e56b59-01ae-42a1-9b27-b80bbac8ead5,0.47850707722072894,0.05,0.0,0.08158582107987986,1
80d1d6be-8a63-43ac-ab54-ec7d61a88003,359fc7ca-10c9-4667-8f3c-52e2285df5d2,5.328434765457581,0.9,0.8333333333333334,1.3478795403051667,1
5e25f5d3-879f-40c8-a53e-39d10adb6157,3d7f0e34-ea9f-405a-b5da-fb1435cbc012,0.7775192182890933,0.05,0.3333333333333333,0.02641954867164899,1
358cdfbb-2ac0-4d26-b02f-f281d14a3a16,ac29006d-c857-49a0-b214-f4c9df78d455,-0.3608807892539385,0.05,0.16666666666666666,0.041117802102271,1
f8ed1462-e112-49e8-8b10-c8ed8be40c6e,7d6af761-8762-4141-8d40-db2312c20c9a,0.44323185429455414,0.05,0.16666666666666666,0.6200277415787705,1
5d62ad67-0edf-4cc5-b2da-d2353581e695,cc8dd27b-0778-497e-bfbf-613df300696b,1.0447545221618721,0.05,0.16666666666666666,0.4255926281636564,1
b096e245-3a61-4bd1-a8de-ddf66dcc2fe1,1ffcdcb6-be54-446a-8138-b71d920d21eb,0.5977002055572331,0.05,0.0,0.01550106737043547,1
9324c158-c603-441a-bc7d-6ef26721a771,bfe6c972-7836-4f12-9fb0-2c762ae0d08b,-3.0809175092249577,0.05,0.3333333333333333,0.9713272748247106,1
219287c2-e4e2-4429-8faa-988f8df0bed8,cc90960a-b759-4b0b-be50-e7bf743cd658,0.1891934968468414,0.05,0.16666666666666666,0.014463585759112668,1
