user_id,session_id,amount_deviation,time_of_day_deviation,session_retry_deviation,sim_swap_risk,label
ab398905-d76c-4ef9-af40-fcef1bca44ec,412c6e94-ec29-4e8e-9caa-17f63d93cf65,1.281995882295655,0.5,0.5,0.0,0
ab398905-d76c-4ef9-af40-fcef1bca44ec,3755d6fa-9d06-4f77-b211-1c8bb1d578ec,1.3892464847441033,0.4166666666666667,0.0,0.2,0
ab398905-d76c-4ef9-af40-fcef1bca44ec,c349c10f-4a13-499b-94a4-6595348ab8e9,1.3979872335437777,0.4166666666666667,0.5,0.0,0
ab398905-d76c-4ef9-af40-fcef1bca44ec,c32b4cc6-5c25-45b5-bb1d-e9e1d314db4d,0.9881369222780652,0.25,0.0,0.0,0
ab398905-d76c-4ef9-af40-fcef1bca44ec,67cae679-3839-43b7-ae12-bc8ab14daf49,1.328662477457274,0.9166666666666666,0.0,0.0,0
ab398905-d76c-4ef9-af40-fcef1bca44ec,cc6591b5-5f63-4299-aedd-42e73a38a53e,0.9694323580847688,0.5,0.0,0.0,0
ab398905-d76c-4ef9-af40-fcef1bca44ec,66a85561-99b1-4b9f-ae52-3820e7f61980,0.7867160219501563,0.08333333333333333,0.0,0.6,0
ab398905-d76c-4ef9-af40-fcef1bca44ec,83da98d7-6e13-49fc-b91d-8952d97f3515,1.061492534284113,0.08333333333333333,0.0,0.6,0
ab398905-d76c-4ef9-af40-fcef1bca44ec,a21370d1-3518-4a68-b83d-f62b2415a305,0.9381851041780224,0.5833333333333334,0.0,0.0,0
ab398905-d76c-4ef9-af40-fcef1bca44ec,ff06e1e8-bd4c-4c9d-8fed-a283264902b0,1.362798712250671,0.9166666666666666,0.0,0.0,0
ab398905-d76c-4ef9-af40-fcef1bca44ec,d17e4a91-5e9e-4559-bd18-e8ce020cfed6,1.038004394603507,0.75,0.0,0.0,0
ab398905-d76c-4ef9-af40-fcef1bca44ec,df603b9c-642a-4654-b50c-19f0086e1e1e,0.2762747203377766,0.75,0.0,0.0,0
ab398905-d76c-4ef9-af40-fcef1bca44ec,7873298f-9325-489b-8b46-2e827fe0c01d,0.4840823285996519,0.4166666666666667,0.0,0.6,0
ab398905-d76c-4ef9-af40-fcef1bca44ec,8aeb7f2e-5399-4cd9-971c-58dfc2d15449,1.1733711624298246,0.6666666666666666,0.0,0.0,0
ab398905-d76c-4ef9-af40-fcef1bca44ec,1d63c2b7-bac0-4ea7-8099-b4e68e35f737,1.167917212772179,0.5833333333333334,0.5,0.2,0
ab398905-d76c-4ef9-af40-fcef1bca44ec,b0f38828-4922-4fb9-8eb3-e8a38eb17a41,1.2539654108225913,0.5833333333333334,0.0,0.0,0
ab398905-d76c-4ef9-af40-fcef1bca44ec,b94b2608-13c6-456e-9562-a3bf47306272,0.5516299432417916,0.9166666666666666,0.0,0.0,0
ab398905-d76c-4ef9-af40-fcef1bca44ec,54fbae85-daae-4e3c-8131-47de2ba9c231,1.003111256123354,0.5,0.5,0.6,0
ab398905-d76c-4ef9-af40-fcef1bca44ec,9e1354fd-5259-44f2-b70d-5d8090b29706,0.30565609273971767,0.4166666666666667,0.5,0.0,0
ab398905-d76c-4ef9-af40-fcef1bca44ec,93fb9bbf-d199-4ca2-9cc9-4112d0c4acba,1.608325227632887,0.5,0.0,0.0,0
ab398905-d76c-4ef9-af40-fcef1bca44ec,7b6b57db-d3e9-470a-af95-bc167034e115,0.34337284057105116,0.75,0.0,0.0,0
ab398905-d76c-4ef9-af40-fcef1bca44ec,3853d963-c4d2-46ac-b206-29f6355f52da,1.072938722216743,0.75,0.0,0.0,0
ab398905-d76c-4ef9-af40-fcef1bca44ec,57445464-73cb-430e-b7e4-4a93a08933c9,0.8232970374026083,0.25,0.5,0.6,0
ab398905-d76c-4ef9-af40-fcef1bca44ec,92cd8f2e-6a83-4445-910b-c07b9b97ef3b,1.4067674168484126,0.4166666666666667,0.5,0.0,0
ab398905-d76c-4ef9-af40-fcef1bca44ec,bd28f7ad-503a-4f14-8aca-c41b88bf2043,0.9282947324307886,0.25,0.0,0.6,0
82d2db83-ed8d-46ba-859c-1c5aafa052a8,e26ee7b8-cd89-49b3-9b04-bf6615597eba,2.8347169759857023,0.3333333333333333,0.0,0.0,0
82d2db83-ed8d-46ba-859c-1c5aafa052a8,62024266-27c5-4e2f-ac74-86c26544ca1b,4.273531129396181,0.5,0.5,0.0,0
82d2db83-ed8d-46ba-859c-1c5aafa052a8,c7dbd8b7-7693-46c3-a909-92cfd3435e6d,1.888821093864142,0.5,0.0,0.0,0
82d2db83-ed8d-46ba-859c-1c5aafa052a8,6d3d3020-70de-4afe-8c6e-626b03139231,2.5967407168028047,0.4166666666666667,0.5,0.0,0
82d2db83-ed8d-46ba-859c-1c5aafa052a8,b83e6533-576b-4016-bd9f-108ded0335c4,2.0808731643412317,0.3333333333333333,0.5,0.0,0
82d2db83-ed8d-46ba-859c-1c5aafa052a8,d2df0da5-0e78-4e96-8d2e-ba1c59337b69,2.4588263099588157,0.4166666666666667,0.5,0.0,0
82d2db83-ed8d-46ba-859c-1c5aafa052a8,7794c233-1474-455e-be26-37e8bffc5a9b,3.5748544765123036,0.5833333333333334,0.0,0.0,0
82d2db83-ed8d-46ba-859c-1c5aafa052a8,bd982010-edd5-4c10-bdb5-1d14727795d9,2.6352435550873863,0.6666666666666666,0.0,0.0,0
82d2db83-ed8d-46ba-859c-1c5aafa052a8,badfc2c1-36f8-4c15-9b95-315494126353,3.509694085961982,0.4166666666666667,0.0,0.6,0
82d2db83-ed8d-46ba-859c-1c5aafa052a8,76ba1154-0999-44e8-9d20-e3a4be401381,2.481206181151036,0.4166666666666667,0.0,0.0,0
82d2db83-ed8d-46ba-859c-1c5aafa052a8,a9929073-71c1-44dc-8159-8b53d90416c2,2.2429051071365564,0.5,0.5,0.0,0
82d2db83-ed8d-46ba-859c-1c5aafa052a8,abb29803-d3a2-4978-8e38-e8b6539b4e36,2.506828696842942,0.6666666666666666,0.5,0.0,0
82d2db83-ed8d-46ba-859c-1c5aafa052a8,eb92cf94-6a1f-4bc3-bb96-5fa94d627bac,1.9628804421935804,0.4166666666666667,0.0,0.0,0
82d2db83-ed8d-46ba-859c-1c5aafa052a8,596f337e-4f2c-4480-86ab-caacaa917478,2.9005462848609613,0.5,0.5,0.0,0
82d2db83-ed8d-46ba-859c-1c5aafa052a8,8a637e6d-7e61-4c22-8d19-e556de973cc6,3.1578629690962696,0.6666666666666666,0.5,0.0,0
82d2db83-ed8d-46ba-859c-1c5aafa052a8,b38148ff-76a7-436a-ab6c-962c7899d05e,2.4203976633817237,0.5833333333333334,0.5,0.2,0
82d2db83-ed8d-46ba-859c-1c5aafa052a8,adabf64b-9488-423b-856a-2a4c4145ccf5,2.9135822600312515,0.5,0.5,0.2,0
82d2db83-ed8d-46ba-859c-1c5aafa052a8,34b1374a-0bac-4ca3-b03e-ae51490e2c0d,3.570149643571902,0.6666666666666666,0.5,0.0,0
82d2db83-ed8d-46ba-859c-1c5aafa052a8,eb9f8fab-0415-4f2e-9ece-25f0ec3701b9,3.021870061132826,0.75,0.5,0.0,0
82d2db83-ed8d-46ba-859c-1c5aafa052a8,4faf44fe-9206-461d-b321-39e96edb3bd2,1.9775140711388888,0.25,0.5,0.0,0
82d2db83-ed8d-46ba-859c-1c5aafa052a8,1801fb78-6613-473a-bf86-792bf4f78d56,2.479642824161144,0.08333333333333333,0.5,0.0,0
82d2db83-ed8d-46ba-859c-1c5aafa052a8,8f9a2b89-7663-474a-b36b-2b11bba33b54,3.2520743848163485,0.5,0.0,0.0,0
82d2db83-ed8d-46ba-859c-1c5aafa052a8,51e786fa-cb7f-4f05-93db-63f2cfe8d658,2.1838795590429796,0.3333333333333333,0.0,0.0,0
82d2db83-ed8d-46ba-859c-1c5aafa052a8,058ec325-d6ae-4f21-a33c-b6bd1d79a216,2.95174181942967,0.5,0.5,0.0,0
82d2db83-ed8d-46ba-859c-1c5aafa052a8,630fb141-141c-46c3-b08b-78d75a06cdf1,3.1209828939884097,0.3333333333333333,0.0,0.0,0
ca1073c2-f1e3-4c50-b192-336e10297e59,e9bb22c1-de7c-4f94-8983-cdd15cdfef90,0.35487616132389527,0.4166666666666667,0.0,0.2,0
ca1073c2-f1e3-4c50-b192-336e10297e59,71766152-5f7b-459b-9e60-50371e9d3728,-0.01668058777750767,0.4166666666666667,0.0,0.0,0
ca1073c2-f1e3-4c50-b192-336e10297e59,076b622a-4cef-40a3-b899-ff687fd67625,0.3286297759185531,0.25,0.0,0.0,0
ca1073c2-f1e3-4c50-b192-336e10297e59,ff076b49-70ac-45f3-b9a7-71b781302424,0.1034546735414289,0.0,0.5,0.0,0
ca1073c2-f1e3-4c50-b192-336e10297e59,2b6055ef-f122-4af2-bc54-60a596240df9,0.25619751728795936,0.25,0.0,0.0,0
ca1073c2-f1e3-4c50-b192-336e10297e59,ed7174d4-fc07-4abb-a4d9-9f01f2650bab,-0.3297424082481432,0.08333333333333333,0.5,0.0,0
ca1073c2-f1e3-4c50-b192-336e10297e59,7ed17b24-c769-4250-9db1-b1ac1fb23e3f,0.3736019821259382,0.75,0.0,0.0,0
ca1073c2-f1e3-4c50-b192-336e10297e59,a1017d56-734a-498a-967f-f7964f9a3a53,-0.019773642881347666,0.25,0.5,0.2,0
ca1073c2-f1e3-4c50-b192-336e10297e59,229d90f5-bf05-4ec8-9e61-7f29349f1c8e,-0.00620167924400868,0.5,0.0,0.0,0
ca1073c2-f1e3-4c50-b192-336e10297e59,8c364cbd-8981-48ea-99d6-74de084bad4d,0.17057179572323952,0.25,0.5,0.2,0
ca1073c2-f1e3-4c50-b192-336e10297e59,4235926c-c60d-4fe6-b6b4-21c208c82488,-0.03712652983543656,0.0,0.5,0.0,0
ca1073c2-f1e3-4c50-b192-336e10297e59,24312c16-455a-45cf-b480-fbfac3598d7a,0.20304354344430414,0.16666666666666666,0.5,0.0,0
ca1073c2-f1e3-4c50-b192-336e10297e59,b59c9c59-96f1-45f8-8600-b9f2bc8d4345,0.7398577174525335,0.08333333333333333,0.0,0.6,0
ca1073c2-f1e3-4c50-b192-336e10297e59,a0140c0a-8faa-44f7-949e-5be08de4163d,0.35658443253870914,0.25,0.0,0.2,0
ca1073c2-f1e3-4c50-b192-336e10297e59,0d422b07-022b-40c5-b5fe-c7b84e92528c,0.7058683982612463,0.25,0.0,0.0,0
ca1073c2-f1e3-4c50-b192-336e10297e59,69555afd-7ef5-490d-9d46-621fc8dd3cc6,0.42066089131039613,0.3333333333333333,0.0,0.0,0
ca1073c2-f1e3-4c50-b192-336e10297e59,8d2ba8c1-7342-4702-b151-9fe9daeebf08,0.013700095888873885,0.3333333333333333,0.0,0.0,0
ca1073c2-f1e3-4c50-b192-336e10297e59,e2e33189-1f33-433d-8f6e-0820fa224dc6,0.15223990468809614,0.3333333333333333,0.0,0.0,0
ca1073c2-f1e3-4c50-b192-336e10297e59,ede64c33-e767-4310-b8eb-8021fcfc0ba3,-0.05257406599090322,0.5,0.0,0.0,0
ca1073c2-f1e3-4c50-b192-336e10297e59,559194c1-0b5f-4be5-8571-3beceee02cc0,0.04887010769993237,0.0,0.5,0.0,0
ca1073c2-f1e3-4c50-b192-336e10297e59,36a2051f-6a6f-42c7-8be4-1a6debd8da3e,0.11095116811102297,0.5,0.0,0.0,0
ca1073c2-f1e3-4c50-b192-336e10297e59,c63b6526-e68e-489f-8bb7-d0743f862f03,0.007554052729034079,0.5,0.5,0.0,0
ca1073c2-f1e3-4c50-b192-336e10297e59,57773262-5757-4ed8-b53a-5593ab0c4550,0.47115383503016894,0.16666666666666666,0.0,0.0,0
ca1073c2-f1e3-4c50-b192-336e10297e59,5e119972-6cd2-4c84-9fec-4c89a2a86148,0.08398541374677242,0.0,0.5,0.0,0
ca1073c2-f1e3-4c50-b192-336e10297e59,bc522fdf-7058-4b4d-a3f7-e1bd98e09465,0.6433925710477028,0.25,0.0,0.0,0
94cf3a26-162d-400b-94f0-881ea0b9a410,bd96c75f-730c-4258-96fd-c5eb1e0426ec,8.351577001198546,0.08333333333333333,0.0,0.6,0
94cf3a26-162d-400b-94f0-881ea0b9a410,eb34b7b7-f6f2-460c-b06c-f5030311ecbc,6.165625072219223,0.0,0.0,0.0,0
94cf3a26-162d-400b-94f0-881ea0b9a410,753598c5-9c2c-4c57-9aff-25fd6c3018fc,9.986034040136335,0.16666666666666666,0.0,0.0,0
94cf3a26-162d-400b-94f0-881ea0b9a410,6a4f7f5e-f6ec-46d1-82ab-383817f32e3d,6.734949730426483,0.5833333333333334,0.5,0.6,0
94cf3a26-162d-400b-94f0-881ea0b9a410,c433c050-4430-409a-a288-ba80fce055ed,5.187673326081953,0.08333333333333333,0.5,0.0,0
94cf3a26-162d-400b-94f0-881ea0b9a410,dbd78810-a0d7-4144-8cb1-5d3d2556fa41,7.718069865729766,0.25,0.5,0.0,0
94cf3a26-162d-400b-94f0-881ea0b9a410,47d45dd2-c40d-486a-bc7e-d6a613cd8bc9,8.56266202505973,0.4166666666666667,0.5,0.0,0
94cf3a26-162d-400b-94f0-881ea0b9a410,8e15e0b1-f392-4a11-b37b-f90ab08dd92b,8.346582818301245,0.4166666666666667,0.0,0.0,0
94cf3a26-162d-400b-94f0-881ea0b9a410,a9fff55a-954b-4821-b7fd-8698557ef964,5.305006934807412,0.3333333333333333,0.0,0.0,0
94cf3a26-162d-400b-94f0-881ea0b9a410,f6896c3d-9b02-47eb-a556-d2b38dc75be1,11.879592808512777,0.25,0.0,0.0,0
94cf3a26-162d-400b-94f0-881ea0b9a410,ec6c681b-55bc-4669-a1e4-069a53b8b575,9.201086930563017,0.0,0.0,0.0,0
94cf3a26-162d-400b-94f0-881ea0b9a410,bfe6add7-7e98-4dd6-8d7b-b95f54a7ab6d,8.78967819455091,0.4166666666666667,0.0,0.0,0
94cf3a26-162d-400b-94f0-881ea0b9a410,7fea0535-77dd-4a33-94f2-db500c46ec4b,7.355763088042718,0.08333333333333333,0.0,0.0,0
94cf3a26-162d-400b-94f0-881ea0b9a410,c875e1b7-4c1f-499d-b168-e349c89b6c24,8.3516593142764,0.0,0.5,0.0,0
94cf3a26-162d-400b-94f0-881ea0b9a410,4f50e346-5058-4fad-a494-d3f14f3f2365,4.2559170224666065,0.25,0.5,0.6,0
94cf3a26-162d-400b-94f0-881ea0b9a410,dd9203b5-015d-4fca-9247-76cbbd844cd4,6.856116234702461,0.0,0.5,0.0,0
94cf3a26-162d-400b-94f0-881ea0b9a410,618b378a-2525-4b0c-a379-b9e6a674fc97,9.09974501776202,0.08333333333333333,0.0,0.0,0
94cf3a26-162d-400b-94f0-881ea0b9a410,8752adf0-1fc3-441d-8a24-cb015759d39d,6.897352271331226,0.08333333333333333,0.5,0.0,0
94cf3a26-162d-400b-94f0-881ea0b9a410,053de319-9717-4924-bb21-bca06ef09dc4,5.491563328592824,0.08333333333333333,0.0,0.0,0
94cf3a26-162d-400b-94f0-881ea0b9a410,b4418d44-2287-4383-927e-7e6adcfa70a1,7.986866136306036,0.08333333333333333,0.0,0.0,0
94cf3a26-162d-400b-94f0-881ea0b9a410,15b0922c-c91e-4858-a3d4-d7ff564cb51c,7.743962927878947,0.08333333333333333,0.0,0.0,0
94cf3a26-162d-400b-94f0-881ea0b9a410,0cb42409-4d74-412e-9448-e5622b8a6da1,7.566761908324662,0.5,0.0,0.0,0
94cf3a26-162d-400b-94f0-881ea0b9a410,1b823c7a-6258-4350-8846-4301e2a35e45,10.714938178612815,0.16666666666666666,0.0,0.0,0
94cf3a26-162d-400b-94f0-881ea0b9a410,8877467b-f95f-490d-b7b8-ff8cbbbd03c1,6.2863325571230435,0.25,0.0,0.0,0
94cf3a26-162d-400b-94f0-881ea0b9a410,c6f37e40-d822-453c-8122-f8900dc74afa,6.71256783712947,0.4166666666666667,0.5,0.0,0
5ce9d03d-d82d-4a70-b72b-ca72174c2294,ee00ea2a-6dee-4b54-ba24-d6bfd79ead6f,2.493809048335479,0.16666666666666666,0.0,0.0,0
5ce9d03d-d82d-4a70-b72b-ca72174c2294,56fbae24-c6cf-4c1a-9fe2-d42db597034b,2.800272868518017,0.0,0.5,0.0,0
5ce9d03d-d82d-4a70-b72b-ca72174c2294,d6c8b302-9a33-4ad7-87fd-bf12fe294775,2.2900582159271026,0.16666666666666666,0.0,0.0,0
5ce9d03d-d82d-4a70-b72b-ca72174c2294,bbb0e3d3-9f54-4412-a6a8-028cd508c8f0,2.2415685321490426,0.4166666666666667,0.0,0.0,0
5ce9d03d-d82d-4a70-b72b-ca72174c2294,a542502b-eba7-43ee-b9c5-f2e308698c44,1.8343195367638558,0.25,0.5,0.0,0
5ce9d03d-d82d-4a70-b72b-ca72174c2294,98a804da-bbf0-4832-8f86-80a274e72018,2.074838382426147,0.25,0.0,0.0,0
5ce9d03d-d82d-4a70-b72b-ca72174c2294,1c746b88-2b1e-43eb-aa07-dbcc9d7b7b84,2.5778565228420987,0.16666666666666666,0.0,0.0,0
5ce9d03d-d82d-4a70-b72b-ca72174c2294,027bddae-7b3d-4b8b-9376-720ba74638d7,2.2187143345559037,0.4166666666666667,0.5,0.0,0
5ce9d03d-d82d-4a70-b72b-ca72174c2294,37388582-1631-42c4-ae1c-8fbdcb4bc889,2.8198322496009505,0.16666666666666666,0.5,0.0,0
5ce9d03d-d82d-4a70-b72b-ca72174c2294,42953f33-81a3-4746-a25e-d42d921f52f2,2.6716110965548943,0.0,0.5,0.0,0
5ce9d03d-d82d-4a70-b72b-ca72174c2294,d7899615-2fc9-45b0-a030-5b7af89dead8,2.2532405185209727,0.4166666666666667,0.0,0.0,0
5ce9d03d-d82d-4a70-b72b-ca72174c2294,191707f9-cac6-40d9-afc2-a257d2a9ff93,2.4272746502498497,0.3333333333333333,0.5,0.0,0
5ce9d03d-d82d-4a70-b72b-ca72174c2294,2e0cbe54-ffea-47b2-a8c1-ef8ba2d3b0e4,2.2891245241468465,0.5833333333333334,0.5,0.0,0
5ce9d03d-d82d-4a70-b72b-ca72174c2294,edc7af99-ea14-4393-b776-6450be88f462,2.2243682007993146,0.3333333333333333,0.0,0.0,0
5ce9d03d-d82d-4a70-b72b-ca72174c2294,c0a5d8d6-7430-4147-b357-48d3f108d6c5,2.022142075873254,0.3333333333333333,0.5,0.2,0
5ce9d03d-d82d-4a70-b72b-ca72174c2294,a951e796-f45a-4fd9-8126-21647cb484d4,3.2036001195667474,0.5,0.0,0.0,0
5ce9d03d-d82d-4a70-b72b-ca72174c2294,0f7e1b0d-cbe6-492c-9282-6de4491a3163,1.9463096201863033,0.5833333333333334,0.0,0.0,0
5ce9d03d-d82d-4a70-b72b-ca72174c2294,7a0df456-afb0-43e8-b34a-3fbf6be12375,2.3902287271439486,0.6666666666666666,0.0,0.6,0
5ce9d03d-d82d-4a70-b72b-ca72174c2294,20a18b78-8bf6-478d-9e5f-d124b8ab54dc,2.858830600442084,0.08333333333333333,0.0,0.0,0
5ce9d03d-d82d-4a70-b72b-ca72174c2294,ca0308c2-3611-4044-8e66-3c173c3cfda9,2.19629233416367,0.3333333333333333,0.0,0.6,0
5ce9d03d-d82d-4a70-b72b-ca72174c2294,98612463-9a29-4a03-b590-6c8843467704,2.5871657036494358,0.16666666666666666,0.5,0.0,0
5ce9d03d-d82d-4a70-b72b-ca72174c2294,83833f7e-d781-4782-8de1-0efae65d2f36,1.866716018192449,0.3333333333333333,0.5,0.0,0
5ce9d03d-d82d-4a70-b72b-ca72174c2294,c06c3ff7-6448-4ddf-895e-1667bc480e51,2.336852149323679,0.0,0.0,0.0,0
5ce9d03d-d82d-4a70-b72b-ca72174c2294,8bf57b7b-b8ab-4346-97c1-bfb4dd6e4639,2.238492026930712,0.25,0.5,0.6,0
5ce9d03d-d82d-4a70-b72b-ca72174c2294,ffd5c774-6013-4298-958f-0b2e59cc6c01,2.475026660003334,0.3333333333333333,0.0,0.0,0
410dc210-4655-4a23-8c00-0eb7e87397dc,9e30b5f9-18df-4ba9-951b-a9c818a2e5e8,1.959792344588988,0.25,0.5,0.2,0
410dc210-4655-4a23-8c00-0eb7e87397dc,e3ef8dc1-26d7-43e6-bcf8-5f063a39669d,3.502899196860563,0.08333333333333333,0.5,0.0,0
410dc210-4655-4a23-8c00-0eb7e87397dc,c020cd74-c833-4dad-8491-7b9f52667db8,1.4723683584648137,0.08333333333333333,0.0,0.0,0
410dc210-4655-4a23-8c00-0eb7e87397dc,7d7a173c-da98-44d8-832c-af4c1743adb6,2.8308555804073094,0.25,0.5,0.0,0
410dc210-4655-4a23-8c00-0eb7e87397dc,4fbd7263-354c-4bf4-994c-f20ccf22f4fc,1.3359122748291148,0.25,0.0,0.0,0
410dc210-4655-4a23-8c00-0eb7e87397dc,27843ca3-2783-41e7-a953-c3e28e513710,1.9814568654034637,0.16666666666666666,0.0,0.0,0
410dc210-4655-4a23-8c00-0eb7e87397dc,f13a5697-81b6-4c0c-953c-adb4b9c748ed,4.110847726027695,0.08333333333333333,0.5,0.0,0
410dc210-4655-4a23-8c00-0eb7e87397dc,9f0131ae-0823-48ca-9b99-3261f1d001a5,3.6386349978596932,0.0,0.5,0.0,0
410dc210-4655-4a23-8c00-0eb7e87397dc,e9dbe238-5aca-4c7a-ac66-e9a918216af7,1.0749683803414094,0.08333333333333333,0.5,0.0,0
410dc210-4655-4a23-8c00-0eb7e87397dc,17869485-abf3-4727-9295-29074d959233,2.458260570571488,0.08333333333333333,0.5,0.0,0
410dc210-4655-4a23-8c00-0eb7e87397dc,bf5ba0fb-73b4-494f-b81a-f21176f3a949,3.567497029763954,0.16666666666666666,0.5,0.0,0
410dc210-4655-4a23-8c00-0eb7e87397dc,bb0400a2-b1e2-4ae6-9220-9ad29f8f60bd,1.7403911843452047,0.0,0.0,0.0,0
410dc210-4655-4a23-8c00-0eb7e87397dc,cedf1ff7-d4e8-4198-9f8c-6e33e9ea5f68,3.1913257890523785,0.0,0.0,0.0,0
410dc210-4655-4a23-8c00-0eb7e87397dc,44373196-b160-4274-a260-360fe1927a83,1.8188234247491157,0.08333333333333333,0.0,0.0,0
410dc210-4655-4a23-8c00-0eb7e87397dc,1bd25fc6-e899-42eb-8d6b-063c05ced4b7,2.681897664876898,0.08333333333333333,0.0,0.0,0
410dc210-4655-4a23-8c00-0eb7e87397dc,5b0ed76b-fb4c-4b62-a4ca-7836c4743241,1.8551606315122124,0.4166666666666667,0.0,0.0,0
410dc210-4655-4a23-8c00-0eb7e87397dc,3f744c22-a283-4a7a-b5a2-937ef3a3124e,2.100262420631681,0.0,0.0,0.0,0
410dc210-4655-4a23-8c00-0eb7e87397dc,ce79b171-0ef3-4106-99ab-7527ae4d5be4,2.4195153810165735,0.0,0.0,0.0,0
410dc210-4655-4a23-8c00-0eb7e87397dc,58c41a32-e183-4e25-b119-b4b9abf9b4e5,2.3078619709868877,0.16666666666666666,0.0,0.0,0
410dc210-4655-4a23-8c00-0eb7e87397dc,050663b7-1242-4123-8245-b772532754e4,2.4664699743859213,0.0,0.0,0.0,0
410dc210-4655-4a23-8c00-0eb7e87397dc,e889633b-29b4-4957-86b2-255e0e52261f,3.031813560895067,0.16666666666666666,0.5,0.0,0
410dc210-4655-4a23-8c00-0eb7e87397dc,21b62df3-a831-4ddb-99bc-c79079e8fe79,2.322264779470341,0.0,0.5,0.0,0
410dc210-4655-4a23-8c00-0eb7e87397dc,c203e97d-a815-4065-ae09-21209f8943c3,2.4129302918186544,0.0,0.0,0.6,0
410dc210-4655-4a23-8c00-0eb7e87397dc,921eb05d-ad6f-4a0c-988f-92133691047b,3.658127946841755,0.08333333333333333,0.0,0.2,0
410dc210-4655-4a23-8c00-0eb7e87397dc,ab3ea7eb-b613-48ac-a30d-f9d52d30263c,2.0439389357834683,0.16666666666666666,0.0,0.0,0
0166fa8e-3b92-4f83-aeeb-72475fc323f2,fd8f9c14-9f6e-43ef-aee8-3ab0af1693f0,1.0497094049530626,1.0,0.0,0.0,0
0166fa8e-3b92-4f83-aeeb-72475fc323f2,e4928302-bda1-48f1-bd5f-273ff46afb05,1.5815568573122925,0.8333333333333334,0.5,0.0,0
0166fa8e-3b92-4f83-aeeb-72475fc323f2,83e50a8a-c6e2-46b3-98bc-fbdfd20b2e07,1.583493711311327,0.5833333333333334,0.0,0.0,0
0166fa8e-3b92-4f83-aeeb-72475fc323f2,07e8c57d-babf-447e-bbcd-038de9f104e4,0.2902126456082287,0.6666666666666666,0.5,0.6,0
0166fa8e-3b92-4f83-aeeb-72475fc323f2,b45ae3d1-e9b9-4937-b1c7-84f5ca32378a,1.3433390376172467,0.4166666666666667,0.5,0.2,0
0166fa8e-3b92-4f83-aeeb-72475fc323f2,42a014f5-4521-4291-b18a-b3930020b4f9,1.9372876666170584,0.5,0.0,0.0,0
0166fa8e-3b92-4f83-aeeb-72475fc323f2,4c59c760-b7e5-4a6d-8d86-e66704b851f6,0.8632633563981081,0.75,0.0,0.0,0
0166fa8e-3b92-4f83-aeeb-72475fc323f2,4dad6dec-c75b-4804-a79c-ca2c317387cf,0.7511322904914453,0.6666666666666666,0.5,0.0,0
0166fa8e-3b92-4f83-aeeb-72475fc323f2,e1c7f8e5-3fcf-432b-8c88-64992b08fe88,0.673207542988342,0.75,0.0,0.0,0
0166fa8e-3b92-4f83-aeeb-72475fc323f2,79e1f8d1-4bcb-4752-9193-08e153d7f6ec,1.7787735170107324,0.5833333333333334,0.0,0.0,0
0166fa8e-3b92-4f83-aeeb-72475fc323f2,2f70dc0d-ea12-467f-bd5c-7eef32dd1fa7,1.489876544397594,0.5833333333333334,0.0,0.0,0
0166fa8e-3b92-4f83-aeeb-72475fc323f2,55bdda77-8277-41ba-a5c6-5d8fd07f540a,1.0487682107926137,0.8333333333333334,0.5,0.0,0
0166fa8e-3b92-4f83-aeeb-72475fc323f2,c8e8d8c0-1888-404d-862d-d0e8b277c6e6,3.0837340948348215,0.6666666666666666,0.0,0.0,0
0166fa8e-3b92-4f83-aeeb-72475fc323f2,0a4ab5e0-3931-4fd1-8bf6-241b53ab5b1c,1.652113200677913,0.9166666666666666,0.0,0.0,0
0166fa8e-3b92-4f83-aeeb-72475fc323f2,9bfb1958-0330-466f-8411-a07fdf93870d,1.2330479337376732,0.6666666666666666,0.0,0.2,0
0166fa8e-3b92-4f83-aeeb-72475fc323f2,8c7cc93d-8a3e-4653-a310-016bd6cf058d,1.6913106355162695,0.8333333333333334,0.5,0.0,0
0166fa8e-3b92-4f83-aeeb-72475fc323f2,eb6fe6bd-face-44b9-85d2-d1d4495ebdb3,1.4896477500112195,0.8333333333333334,0.5,0.0,0
0166fa8e-3b92-4f83-aeeb-72475fc323f2,c0fb5800-3b8a-4e4b-aed1-99891c960468,1.7212021519897442,0.5833333333333334,0.0,0.0,0
0166fa8e-3b92-4f83-aeeb-72475fc323f2,23196dfa-0d4d-4061-a3c9-91457e20d25d,1.2171142035826679,0.5833333333333334,0.0,0.6,0
0166fa8e-3b92-4f83-aeeb-72475fc323f2,e9dbb5a5-3af1-4930-a687-6c51d12a57bb,1.5788639678560723,0.3333333333333333,0.0,0.0,0
0166fa8e-3b92-4f83-aeeb-72475fc323f2,f653638a-faf8-4b06-979e-845251f1db64,1.8264724067836828,0.4166666666666667,0.5,0.0,0
0166fa8e-3b92-4f83-aeeb-72475fc323f2,45404493-2cbf-4a4b-b478-a4e857bef63d,1.8015641853535012,0.75,0.0,0.0,0
0166fa8e-3b92-4f83-aeeb-72475fc323f2,bf048ee7-4a81-499e-b168-75545db963b5,1.034086387029923,0.6666666666666666,0.0,0.0,0
0166fa8e-3b92-4f83-aeeb-72475fc323f2,6086182d-acd1-49ce-8186-034ad2e31e21,1.7036047581658846,0.9166666666666666,0.0,0.0,0
0166fa8e-3b92-4f83-aeeb-72475fc323f2,b8d37a0a-0b96-407e-94e2-ee4ab4cde438,1.3062922573935347,0.5833333333333334,0.0,0.0,0
09919d5e-f618-4676-8615-94a0ffbca4d8,0d9768ab-9e29-44de-a162-240744cf2e99,1.8863957314556654,0.5833333333333334,0.0,0.0,0
09919d5e-f618-4676-8615-94a0ffbca4d8,c273e731-3745-4239-bfa7-8d7ba31bf68e,1.5520506090701414,0.5,0.0,0.0,0
09919d5e-f618-4676-8615-94a0ffbca4d8,b5fab3ce-d48c-43b6-9daf-1fc88f3b8380,2.4128034681622066,0.5,0.0,0.0,0
09919d5e-f618-4676-8615-94a0ffbca4d8,13b312c0-105d-4c7c-b7c2-12564261c55d,1.4516803149593391,0.3333333333333333,0.5,0.0,0
09919d5e-f618-4676-8615-94a0ffbca4d8,b6f28606-2007-4bdd-802b-ae1041660ca8,1.3303639118215582,0.4166666666666667,0.0,0.0,0
09919d5e-f618-4676-8615-94a0ffbca4d8,0cd69344-c024-49ca-8fef-8bd1cf6bea04,2.2386921046310126,0.08333333333333333,0.5,0.0,0
09919d5e-f618-4676-8615-94a0ffbca4d8,e86d1319-5399-4ae7-80e4-9d0127975069,2.2151739445110192,0.6666666666666666,0.5,0.0,0
09919d5e-f618-4676-8615-94a0ffbca4d8,976db478-d23a-438f-b5bf-52413f724eda,1.5533908887703156,0.4166666666666667,0.0,0.0,0
09919d5e-f618-4676-8615-94a0ffbca4d8,40d200db-e48a-44ca-80e3-9fa705d99818,1.8356951070238128,0.5,0.0,0.0,0
09919d5e-f618-4676-8615-94a0ffbca4d8,bef0ef03-e0fc-4d30-abf4-4c9e5688dfe7,1.8880158978915638,0.16666666666666666,0.0,0.0,0
09919d5e-f618-4676-8615-94a0ffbca4d8,5b8377fb-7b6e-4e82-a176-ecccabe9c827,2.474977524183753,0.5833333333333334,0.0,0.0,0
09919d5e-f618-4676-8615-94a0ffbca4d8,20fa817b-21ea-4dfd-910c-ac1e6a02de48,1.7664475861093947,0.75,0.5,0.0,0
09919d5e-f618-4676-8615-94a0ffbca4d8,6b33aa1e-d4ad-4960-8bd7-8e4328bdec2f,1.90245076454134,0.25,0.5,0.0,0
09919d5e-f618-4676-8615-94a0ffbca4d8,5c4b5d49-8c44-423a-b943-66e80491c56e,2.3062309866363333,0.5,0.5,0.0,0
09919d5e-f618-4676-8615-94a0ffbca4d8,ffc3e2f8-6595-4b8d-ba9e-08d94f68e181,2.0864264461069983,0.3333333333333333,0.5,0.6,0
09919d5e-f618-4676-8615-94a0ffbca4d8,5e15e621-acc1-45ce-98b1-eb0f62f4c984,1.4202615584447957,0.5833333333333334,0.5,0.0,0
09919d5e-f618-4676-8615-94a0ffbca4d8,e6182ce0-eaed-4cfd-8587-2dcfbb8a4d88,1.9583410488545951,0.5833333333333334,1.0,0.0,0
09919d5e-f618-4676-8615-94a0ffbca4d8,1d0996aa-eadf-400d-9f01-5620ee6c1eaa,1.454658339668428,0.3333333333333333,0.0,0.0,0
09919d5e-f618-4676-8615-94a0ffbca4d8,b021d026-f30d-4b3c-8401-0f46bb10010a,2.8203829624854646,0.5,0.0,0.2,0
09919d5e-f618-4676-8615-94a0ffbca4d8,7c7d33af-28a5-4fd6-b48d-f14af398fc80,2.4439540808738025,0.0,0.0,0.6,0
09919d5e-f618-4676-8615-94a0ffbca4d8,29de1ada-f40d-43dd-9fc2-ad711e082e08,2.6528399117737487,0.75,0.5,0.0,0
09919d5e-f618-4676-8615-94a0ffbca4d8,f93f27dd-83c0-47bc-ae90-706e6414a2be,3.466501397609106,0.6666666666666666,0.0,0.0,0
09919d5e-f618-4676-8615-94a0ffbca4d8,854d7232-8291-4734-812f-8e8e677faea1,3.2696981790365682,0.5833333333333334,0.5,0.0,0
09919d5e-f618-4676-8615-94a0ffbca4d8,8ecb370e-7875-433a-af26-04195423f506,2.083047464087838,0.5,0.5,0.2,0
09919d5e-f618-4676-8615-94a0ffbca4d8,0f72dd36-b1de-44d1-9296-cfeb3d9e51df,2.912096827749886,0.75,0.0,0.0,0
2d770261-b66e-4176-bdbc-51bf7cfe87db,9f3ebb75-3eb1-40d7-8570-9867e2eeb4b8,-0.576538861259347,0.16666666666666666,0.0,0.0,0
2d770261-b66e-4176-bdbc-51bf7cfe87db,1b546980-afad-4f34-9f63-303bbea40308,-0.41141999323857786,0.25,0.5,0.0,0
2d770261-b66e-4176-bdbc-51bf7cfe87db,466d8396-4648-4012-9243-ff4761c57c49,-0.3184262845148226,0.16666666666666666,0.5,0.0,0
2d770261-b66e-4176-bdbc-51bf7cfe87db,4bd45e64-95f2-4669-b16f-c1d11d4aea34,-0.16876798919773586,0.5,0.5,0.6,0
2d770261-b66e-4176-bdbc-51bf7cfe87db,1fa0edae-be71-4232-8262-43fc01628863,-0.18855507122427403,0.0,0.5,0.0,0
2d770261-b66e-4176-bdbc-51bf7cfe87db,8c0caec6-932b-4641-ba32-6813e160d243,-0.1144237094660517,0.08333333333333333,0.0,0.0,0
2d770261-b66e-4176-bdbc-51bf7cfe87db,1101c9d1-8d27-4313-817f-3311eeea513a,-0.7024866966983098,0.08333333333333333,0.5,0.0,0
2d770261-b66e-4176-bdbc-51bf7cfe87db,90466257-80e3-45ce-81bd-514c7e098786,-0.5009066002848449,0.16666666666666666,0.5,0.0,0
2d770261-b66e-4176-bdbc-51bf7cfe87db,9ee87ce5-f045-4407-bdca-e6bd7b8ae7c3,0.16175762149723316,0.16666666666666666,0.5,0.0,0
2d770261-b66e-4176-bdbc-51bf7cfe87db,2d4ccd3b-1565-41cd-9bd6-33ccea34f194,-0.33618716672200066,0.4166666666666667,0.5,0.2,0
2d770261-b66e-4176-bdbc-51bf7cfe87db,7ee6c89e-0336-4ecc-9fff-d854eb87a6e0,-0.42752141294150586,0.08333333333333333,0.0,0.0,0
2d770261-b66e-4176-bdbc-51bf7cfe87db,9809b7e2-40bd-4c3e-8f60-9c7b54b7b534,-0.17058782558241806,0.3333333333333333,0.5,0.0,0
2d770261-b66e-4176-bdbc-51bf7cfe87db,522d37e8-a1f8-4dd7-8a88-b41f67d8efdf,0.04314578615723446,0.3333333333333333,0.5,0.0,0
2d770261-b66e-4176-bdbc-51bf7cfe87db,66197d44-dc01-476d-920a-b3030f3711f7,-0.42942689376006726,0.4166666666666667,0.5,0.6,0
2d770261-b66e-4176-bdbc-51bf7cfe87db,6f247787-b168-4668-bd2f-4a6c0b01f93e,-0.09027521241473574,0.25,0.0,0.0,0
2d770261-b66e-4176-bdbc-51bf7cfe87db,a198528f-a395-4779-8464-5fbaa1181d9a,-0.1412201095310479,0.08333333333333333,0.5,0.0,0
2d770261-b66e-4176-bdbc-51bf7cfe87db,bb0faa43-8525-4113-a78f-4d1db40f21e1,-0.22533356291868833,0.16666666666666666,0.0,0.0,0
2d770261-b66e-4176-bdbc-51bf7cfe87db,dcef8356-5e9a-4df0-8057-06efc584fb78,-0.2654636864819672,0.3333333333333333,0.0,0.0,0
2d770261-b66e-4176-bdbc-51bf7cfe87db,7c911653-1cd9-43ed-8acb-c1652e936567,-0.30050558368359814,0.16666666666666666,0.5,0.0,0
2d770261-b66e-4176-bdbc-51bf7cfe87db,af9f6f91-3917-4ff6-8d0d-566c00d23898,-0.20356670247192712,0.25,0.5,0.0,0
2d770261-b66e-4176-bdbc-51bf7cfe87db,2c57c0e2-3ce3-4cff-aa22-ef3f750f412c,-0.38240739876073393,0.0,0.5,0.0,0
2d770261-b66e-4176-bdbc-51bf7cfe87db,6fb6b248-8880-46f4-873d-6340c7cebb18,-0.27144322960716405,0.16666666666666666,0.5,0.0,0
2d770261-b66e-4176-bdbc-51bf7cfe87db,5f8b6fda-9689-43b3-92ab-b30983ad2af0,-0.3571306311358187,0.3333333333333333,0.0,0.0,0
2d770261-b66e-4176-bdbc-51bf7cfe87db,673651c5-3623-4fab-bc3e-84495051a30b,-0.04786408605517601,0.4166666666666667,0.0,0.0,0
2d770261-b66e-4176-bdbc-51bf7cfe87db,9cf5c4fa-be55-4a7e-933d-c9726591f8d5,-0.025486627701201546,0.0,0.0,0.0,0
7174b34f-c4fd-4f63-bd87-ecfb096479fd,19911a30-58be-4776-a4e9-9d7a58253cf1,7.555922377825454,0.16666666666666666,0.5,0.0,0
7174b34f-c4fd-4f63-bd87-ecfb096479fd,647dfcc6-39fa-496a-a884-70b6031abaa0,5.657592966856286,0.16666666666666666,0.0,0.0,0
7174b34f-c4fd-4f63-bd87-ecfb096479fd,70add626-06ec-457d-b3d2-a6fd3019e1c9,8.922541707860224,0.3333333333333333,0.5,0.0,0
7174b34f-c4fd-4f63-bd87-ecfb096479fd,a3f913b0-12b6-450c-a3f0-5192d0900059,7.946194216203016,0.3333333333333333,0.0,0.0,0
7174b34f-c4fd-4f63-bd87-ecfb096479fd,c8dc0d21-fd93-4476-93e4-c2b1ce421eec,10.140335699744654,0.16666666666666666,0.0,0.6,0
7174b34f-c4fd-4f63-bd87-ecfb096479fd,259c9bf5-f1af-49c6-9ce5-9d958bfe1716,5.877156341187507,0.08333333333333333,0.5,0.0,0
7174b34f-c4fd-4f63-bd87-ecfb096479fd,9e4e3cb3-b7a9-4461-843e-b87cc20c4f57,8.653620133294261,0.08333333333333333,0.5,0.0,0
7174b34f-c4fd-4f63-bd87-ecfb096479fd,4e5b6038-8690-44fc-b24f-81df6674e9b9,7.066826648817389,0.25,0.0,0.0,0
7174b34f-c4fd-4f63-bd87-ecfb096479fd,23967c5e-1c5f-4f0f-a58e-0caeeb123afd,10.568031707245819,0.0,0.5,0.0,0
7174b34f-c4fd-4f63-bd87-ecfb096479fd,19c505b3-716c-493e-9bb4-d7b3ce732a35,9.30739349303377,0.08333333333333333,0.0,0.0,0
7174b34f-c4fd-4f63-bd87-ecfb096479fd,7ac96157-7c9f-46a5-974e-7a774b0d338c,10.597649906947003,0.0,0.0,0.0,0
7174b34f-c4fd-4f63-bd87-ecfb096479fd,c4ca8604-b0b1-4e55-b9ba-cc2a9af75a58,7.527757322887516,0.25,0.5,0.0,0
7174b34f-c4fd-4f63-bd87-ecfb096479fd,ff71f245-be81-4228-b379-b027ea3894f2,11.198114087088396,0.08333333333333333,0.0,0.0,0
7174b34f-c4fd-4f63-bd87-ecfb096479fd,f7a00ed9-4534-47da-b0d7-89faf5aec07b,6.664801778875852,0.08333333333333333,0.5,0.0,0
7174b34f-c4fd-4f63-bd87-ecfb096479fd,86b10053-5cf9-4193-86cd-610a2d4b64cf,5.814609983886206,0.25,0.0,0.0,0
7174b34f-c4fd-4f63-bd87-ecfb096479fd,f35d5fd0-7f79-46b8-b85b-dce04781ac9f,11.845904288989965,0.25,0.5,0.0,0
7174b34f-c4fd-4f63-bd87-ecfb096479fd,8b243911-63c7-478f-9285-b27f8ccd2bca,12.81125726740743,0.5,0.0,0.0,0
7174b34f-c4fd-4f63-bd87-ecfb096479fd,dda8afcc-7e19-4a21-8839-09f7b4f2b365,10.001764348343777,0.3333333333333333,1.0,0.0,0
7174b34f-c4fd-4f63-bd87-ecfb096479fd,fa7cff05-ba29-4d32-bde5-62ca1d2dd927,8.491238216184385,0.16666666666666666,0.0,0.0,0
7174b34f-c4fd-4f63-bd87-ecfb096479fd,0532b43f-b97c-4f43-813e-a53419e3220d,7.555348818631388,0.3333333333333333,0.5,0.0,0
7174b34f-c4fd-4f63-bd87-ecfb096479fd,823e2a48-3294-4d78-95de-b041af83ebca,6.93660782744187,0.08333333333333333,0.0,0.6,0
7174b34f-c4fd-4f63-bd87-ecfb096479fd,be30bc5f-84c4-4eaf-9a05-a5119b2a68da,5.229148587069381,0.5,0.0,0.0,0
7174b34f-c4fd-4f63-bd87-ecfb096479fd,79a60a31-d8a6-4aa6-b836-28c2224bcb5d,11.370801345740453,0.08333333333333333,0.0,0.0,0
7174b34f-c4fd-4f63-bd87-ecfb096479fd,7deefb2c-7fa0-46fb-a956-14e939135a3b,5.449393496306942,0.08333333333333333,0.0,0.0,0
7174b34f-c4fd-4f63-bd87-ecfb096479fd,2c69d78a-b64b-4094-9152-3fcaa3af5093,5.62382020538885,0.08333333333333333,0.0,0.0,0
9b2fca57-789a-41af-bd2b-c18bf7d4e1e0,a54a99fe-73d9-46d8-a79c-684387fc105d,1.3598638981332238,0.3333333333333333,0.0,0.0,0
9b2fca57-789a-41af-bd2b-c18bf7d4e1e0,81c32949-73c9-4565-8d9f-340af5271611,1.919524552848941,0.5,0.0,0.0,0
9b2fca57-789a-41af-bd2b-c18bf7d4e1e0,c8044122-e077-4a80-8083-a895dd1c739f,2.7580350620052765,0.16666666666666666,0.0,0.0,0
9b2fca57-789a-41af-bd2b-c18bf7d4e1e0,da621401-2f88-44ee-b9c5-9c61d7da5445,1.231494265194113,0.16666666666666666,0.0,0.0,0
9b2fca57-789a-41af-bd2b-c18bf7d4e1e0,297eb261-52e3-458d-8d19-9035445d74c3,1.4768497130478107,0.25,0.0,0.0,0
9b2fca57-789a-41af-bd2b-c18bf7d4e1e0,8719b646-ee9f-4d0e-a8f8-0caa038a96b7,1.5610424964920862,0.16666666666666666,0.0,0.0,0
9b2fca57-789a-41af-bd2b-c18bf7d4e1e0,9eab3731-2ea4-49a9-81e9-e933ca64c8d4,1.1551841354997374,0.16666666666666666,0.0,0.0,0
9b2fca57-789a-41af-bd2b-c18bf7d4e1e0,a5954326-3fd0-443d-a9ed-e6846ecb2933,1.8136003862949583,0.16666666666666666,0.0,0.0,0
9b2fca57-789a-41af-bd2b-c18bf7d4e1e0,caf87dca-bc05-488b-bc47-27cfd4cc24aa,1.704358861198267,0.08333333333333333,0.5,0.0,0
9b2fca57-789a-41af-bd2b-c18bf7d4e1e0,7be4f979-3143-4f6b-8212-1c83e719cac2,1.5170261294179181,0.16666666666666666,0.5,0.2,0
9b2fca57-789a-41af-bd2b-c18bf7d4e1e0,09184a64-d520-43fc-978a-5f97fd77698b,2.203258953904364,0.5,0.0,0.2,0
9b2fca57-789a-41af-bd2b-c18bf7d4e1e0,75157aea-d7ef-4331-b1de-208d37d8aa67,1.32631555629702,0.08333333333333333,0.0,0.2,0
9b2fca57-789a-41af-bd2b-c18bf7d4e1e0,f478506d-88bf-4627-b6e4-cf4810da47b4,3.131044439698182,0.3333333333333333,0.5,0.0,0
9b2fca57-789a-41af-bd2b-c18bf7d4e1e0,e2df7f1f-fcf8-45e8-ae87-63dd70bdd98b,0.8045433267578784,0.5833333333333334,0.0,0.0,0
9b2fca57-789a-41af-bd2b-c18bf7d4e1e0,93072fb9-9b17-469c-a680-4588bcbfbc2f,2.534718917811549,0.25,0.5,0.2,0
9b2fca57-789a-41af-bd2b-c18bf7d4e1e0,e8be7e30-067f-491a-af5a-d85a1f6c5113,1.4531178047600917,0.08333333333333333,0.5,0.0,0
9b2fca57-789a-41af-bd2b-c18bf7d4e1e0,338584c2-2f06-4558-8561-2f0e0c04049a,2.2529206271017834,0.4166666666666667,0.5,0.2,0
9b2fca57-789a-41af-bd2b-c18bf7d4e1e0,b5c32d9a-55cb-43af-83ee-17b0bc3485ac,2.347774035502762,0.08333333333333333,0.0,0.2,0
9b2fca57-789a-41af-bd2b-c18bf7d4e1e0,8bd29d20-2078-43b8-a85d-5754a9452627,2.038115509888193,0.0,0.0,0.0,0
9b2fca57-789a-41af-bd2b-c18bf7d4e1e0,b4040376-5bde-46c4-b07c-59ff5103e6f3,1.894328246458138,0.16666666666666666,0.0,0.0,0
9b2fca57-789a-41af-bd2b-c18bf7d4e1e0,e389c325-81cf-42e9-b82d-fb1876b39309,2.061101892191066,0.5,0.0,0.0,0
9b2fca57-789a-41af-bd2b-c18bf7d4e1e0,d2ae17cd-7f58-4d97-8523-f12faf8af825,3.0334763817486436,0.0,0.0,0.0,0
9b2fca57-789a-41af-bd2b-c18bf7d4e1e0,42413ebb-f4b1-4dde-90f4-04836d55e3ff,0.9553207819757814,0.0,0.0,0.0,0
9b2fca57-789a-41af-bd2b-c18bf7d4e1e0,6f7109fc-c620-480b-91c0-050d2e071140,2.165440014675608,0.5833333333333334,0.5,0.0,0
9b2fca57-789a-41af-bd2b-c18bf7d4e1e0,c102e477-222d-46ac-be71-4f76dbf2c8d9,2.523398766974373,0.4166666666666667,0.0,0.0,0
701c7ec2-a8c7-47ad-9e29-52fbc739265f,d3037fa4-6b47-4bb4-a3bc-7843c0e79912,2.830719894539975,0.08333333333333333,0.0,0.2,0
701c7ec2-a8c7-47ad-9e29-52fbc739265f,640cc531-a37f-4bbe-9bfc-b1d9832f0d42,3.292558249414291,0.16666666666666666,0.5,0.0,0
701c7ec2-a8c7-47ad-9e29-52fbc739265f,2a2dbd8a-5c88-46f7-b10d-287c00c1ef5a,2.3990501851668804,0.08333333333333333,0.0,0.0,0
701c7ec2-a8c7-47ad-9e29-52fbc739265f,e5c6763e-3a21-4fa0-a3d6-9876d1ef9f6a,1.8050953110630557,0.16666666666666666,0.0,0.0,0
701c7ec2-a8c7-47ad-9e29-52fbc739265f,60ba1a52-e63a-46e2-a6c8-91fad31253c7,2.9849024182797512,0.08333333333333333,0.0,0.0,0
701c7ec2-a8c7-47ad-9e29-52fbc739265f,642cd0c9-cb29-4e53-be8f-0a83da2c5290,3.4270909299934957,0.16666666666666666,0.0,0.95,0
701c7ec2-a8c7-47ad-9e29-52fbc739265f,dc871838-845f-494d-b08d-b223365af636,2.6710603984574526,0.16666666666666666,0.0,0.0,0
701c7ec2-a8c7-47ad-9e29-52fbc739265f,b4aebf93-f559-4f70-901f-a1b3a5b70e09,1.443347667597331,0.16666666666666666,0.0,0.0,0
701c7ec2-a8c7-47ad-9e29-52fbc739265f,d3990a3d-d8ff-4c18-8439-0e264e9b5650,1.9635456856231985,0.0,0.5,0.6,0
701c7ec2-a8c7-47ad-9e29-52fbc739265f,212bbd33-d9e7-4da8-979e-368d83854618,2.1349492450881886,0.0,0.0,0.0,0
701c7ec2-a8c7-47ad-9e29-52fbc739265f,771b52f0-bd32-4601-a997-fa64dc4164a2,2.3200306528237293,0.08333333333333333,0.5,0.0,0
701c7ec2-a8c7-47ad-9e29-52fbc739265f,47dd965f-3cbc-408d-b119-8f3da6b158cc,2.6906131337575454,0.3333333333333333,0.5,0.6,0
701c7ec2-a8c7-47ad-9e29-52fbc739265f,c7bfb1df-5d31-42d3-8568-760fb3064215,2.581011639485312,0.08333333333333333,0.5,0.0,0
701c7ec2-a8c7-47ad-9e29-52fbc739265f,490490b6-34ef-4b45-a626-c302767c5382,2.3145699468061363,0.08333333333333333,0.0,0.0,0
701c7ec2-a8c7-47ad-9e29-52fbc739265f,2caf7d37-7f89-42a7-bc07-767ee5f24083,1.4712782998214708,0.3333333333333333,0.5,0.0,0
701c7ec2-a8c7-47ad-9e29-52fbc739265f,16e433ef-9fb1-4cff-b2b2-5e07c67c5b5e,2.441477589751199,0.08333333333333333,0.0,0.0,0
701c7ec2-a8c7-47ad-9e29-52fbc739265f,b37255d4-569f-4c80-9f20-7e75e4163604,3.14984531649204,0.4166666666666667,0.0,0.6,0
701c7ec2-a8c7-47ad-9e29-52fbc739265f,5ab45fa6-b210-425f-8f56-52d56dbff212,2.9728903540635865,0.0,0.0,0.0,0
701c7ec2-a8c7-47ad-9e29-52fbc739265f,4c62127c-ccef-4509-9638-c873e7ecc6a9,3.506189779043696,0.08333333333333333,0.0,0.0,0
701c7ec2-a8c7-47ad-9e29-52fbc739265f,ae2cbd65-7228-41f8-860b-a289efec8a2e,4.755926218501724,0.0,0.5,0.0,0
701c7ec2-a8c7-47ad-9e29-52fbc739265f,8a33f0c0-ad84-4687-95ba-2dac23930076,1.404325891265505,0.16666666666666666,0.0,0.2,0
701c7ec2-a8c7-47ad-9e29-52fbc739265f,2fb072d6-b5b3-4f47-9ca1-c09c30b91680,3.1792607455458817,0.16666666666666666,0.5,0.0,0
701c7ec2-a8c7-47ad-9e29-52fbc739265f,0931df44-3a32-4b83-bac3-2b4837db85af,2.2042340703085843,0.0,0.0,0.0,0
701c7ec2-a8c7-47ad-9e29-52fbc739265f,012d55e7-83d7-42de-a8ef-3fed95c04114,2.2514186177295836,0.0,0.0,0.0,0
701c7ec2-a8c7-47ad-9e29-52fbc739265f,d33dff1b-c734-4ae9-8532-fff69819bba3,2.2183054137131406,0.16666666666666666,0.5,0.0,0
147efa64-10b6-4b9f-9d56-a13f48996fb9,ca2f8651-428d-4c9e-89ba-914e70afd316,1.5694998405795215,0.6666666666666666,0.0,0.0,0
147efa64-10b6-4b9f-9d56-a13f48996fb9,423de6b7-968f-4c24-8914-ea648f333e58,0.9731183655839336,0.08333333333333333,0.5,0.0,0
147efa64-10b6-4b9f-9d56-a13f48996fb9,284943f6-dab6-4b29-97b9-22ea7205ec31,1.4393850875244982,0.3333333333333333,0.0,0.0,0
147efa64-10b6-4b9f-9d56-a13f48996fb9,5322c790-2140-4dc4-a259-dc9692507ef7,1.0405319848846584,0.5,0.5,0.0,0
147efa64-10b6-4b9f-9d56-a13f48996fb9,96f15659-e76c-434b-ad4b-3daab15c4d88,0.9339288782762317,0.8333333333333334,0.5,0.0,0
147efa64-10b6-4b9f-9d56-a13f48996fb9,1ce29442-a87d-4ac9-bbe6-2f17831f8975,1.2815881546122205,0.8333333333333334,0.0,0.0,0
147efa64-10b6-4b9f-9d56-a13f48996fb9,171984d6-5f19-48c9-adac-b20b2e546a2e,0.8393134243659043,0.16666666666666666,0.0,0.0,0
147efa64-10b6-4b9f-9d56-a13f48996fb9,918b6ff0-3262-4fab-9890-ba92f96a1c26,0.919359112546548,0.5,0.5,0.0,0
147efa64-10b6-4b9f-9d56-a13f48996fb9,be4614a8-ec79-4108-ba66-ab886ac25972,0.6871196423230126,0.4166666666666667,0.5,0.6,0
147efa64-10b6-4b9f-9d56-a13f48996fb9,15c899b0-f7bc-4dc9-9809-a08590690828,1.023701293880693,0.6666666666666666,0.0,0.0,0
147efa64-10b6-4b9f-9d56-a13f48996fb9,dc1b3f84-4fbf-4b25-ae80-e05a5d17e13d,0.3504599946739782,0.3333333333333333,0.0,0.6,0
147efa64-10b6-4b9f-9d56-a13f48996fb9,4958e114-953f-4b4f-b8aa-6e0d9dd8320c,1.204899319103811,0.4166666666666667,0.0,0.0,0
147efa64-10b6-4b9f-9d56-a13f48996fb9,d08fecb8-9109-486c-b0d6-e59167da7e64,0.9370815976503021,0.6666666666666666,0.0,0.0,0
147efa64-10b6-4b9f-9d56-a13f48996fb9,50be314d-750e-422b-9a57-ccb80fd3fa2a,1.5080707737543146,0.5833333333333334,0.5,0.0,0
147efa64-10b6-4b9f-9d56-a13f48996fb9,d54c5b2a-2965-4058-961d-209750648848,0.6186383576146519,0.75,0.0,0.0,0
147efa64-10b6-4b9f-9d56-a13f48996fb9,32fbf6d4-1107-4877-8a40-0f995fccc7ff,0.8890054152800984,0.75,0.0,0.0,0
147efa64-10b6-4b9f-9d56-a13f48996fb9,21f96d59-4800-4fbf-a38d-4fc62579aef7,1.1338785055339597,0.75,0.5,0.0,0
147efa64-10b6-4b9f-9d56-a13f48996fb9,8c144608-068b-472b-b20b-7727b8e9a75a,1.7659071749754196,0.4166666666666667,0.5,0.0,0
147efa64-10b6-4b9f-9d56-a13f48996fb9,4c60652c-c148-47bf-9323-63d685b4a1a3,0.7841934878528092,0.75,1.0,0.0,0
147efa64-10b6-4b9f-9d56-a13f48996fb9,c7cbc06f-2252-42e7-ac91-fa6f065789de,1.1045879573834452,0.8333333333333334,0.0,0.6,0
147efa64-10b6-4b9f-9d56-a13f48996fb9,0a39bb52-8a8a-40b9-a7ef-f4918b676e3f,0.7351204349589433,0.6666666666666666,0.5,0.0,0
147efa64-10b6-4b9f-9d56-a13f48996fb9,2be65e71-c025-4b6b-82be-acd4db808a44,1.2412499404976318,0.5833333333333334,1.0,0.0,0
147efa64-10b6-4b9f-9d56-a13f48996fb9,f5e49b72-c49c-4e12-bd24-b46cc9693e60,0.2587056647653679,0.3333333333333333,0.0,0.0,0
147efa64-10b6-4b9f-9d56-a13f48996fb9,e99599cc-086e-42da-b09d-5ea28905832d,0.8226197821758533,0.75,0.5,0.0,0
147efa64-10b6-4b9f-9d56-a13f48996fb9,4d7752e3-23b9-40f0-978e-159ddd10a0f4,0.8351549221245225,0.5833333333333334,0.0,0.0,0
7901f20a-8a42-4eda-b0d2-a0bf6d11aa35,b6fa8272-f989-4db9-afb5-57ecf1ad69ac,3.5939880215154156,0.3333333333333333,0.5,0.0,0
7901f20a-8a42-4eda-b0d2-a0bf6d11aa35,7aaaf0fa-57dc-4e4c-b1e1-87f61b92b1cc,2.7722727082864322,0.4166666666666667,0.5,0.0,0
7901f20a-8a42-4eda-b0d2-a0bf6d11aa35,59497c38-79e5-408d-b053-c1f7c5922fd2,3.410640920174849,0.6666666666666666,0.5,0.0,0
7901f20a-8a42-4eda-b0d2-a0bf6d11aa35,30d14b38-6533-45f7-a708-4f52cb6ab5f9,4.543300212509973,0.3333333333333333,0.0,0.0,0
7901f20a-8a42-4eda-b0d2-a0bf6d11aa35,34eadd43-5fac-4134-b7dd-b50d9d3b9b83,4.306172261061811,0.5833333333333334,0.0,0.0,0
7901f20a-8a42-4eda-b0d2-a0bf6d11aa35,d761d5e3-e933-4b3e-85e9-1b747fc4050d,3.5097748908405264,0.5,0.0,0.6,0
7901f20a-8a42-4eda-b0d2-a0bf6d11aa35,7772662c-cc11-400f-9028-3361f53a3cce,3.345760675908654,0.3333333333333333,0.0,0.0,0
7901f20a-8a42-4eda-b0d2-a0bf6d11aa35,1555b621-b01c-46e6-a322-f6c15ecadd8d,3.949810941542523,0.5833333333333334,0.0,0.0,0
7901f20a-8a42-4eda-b0d2-a0bf6d11aa35,5212e988-d656-4ff6-b053-8858d5493b73,3.927071255794126,0.5,0.0,0.0,0
7901f20a-8a42-4eda-b0d2-a0bf6d11aa35,74811f4a-d911-47cc-b23e-ddd1bbafba92,3.7470485285748065,0.5833333333333334,0.5,0.0,0
7901f20a-8a42-4eda-b0d2-a0bf6d11aa35,c6e8c249-4ea2-4d38-a026-47a35fb5db54,2.454528531406984,0.25,0.5,0.0,0
7901f20a-8a42-4eda-b0d2-a0bf6d11aa35,4edfcb54-8283-4df7-8637-8f4ec39012bd,2.965733824144335,0.5833333333333334,0.5,0.0,0
7901f20a-8a42-4eda-b0d2-a0bf6d11aa35,33c1f130-31e7-4ee5-adc0-10e19ea70e7d,3.1939798991490878,0.5,0.0,0.0,0
7901f20a-8a42-4eda-b0d2-a0bf6d11aa35,d396e7b3-9b96-42ff-9d1e-faf02309ed49,3.2981842598319298,0.6666666666666666,0.0,0.2,0
7901f20a-8a42-4eda-b0d2-a0bf6d11aa35,1422a654-2982-42f5-b524-297d1713f2eb,2.8258586829411825,0.6666666666666666,0.0,0.0,0
7901f20a-8a42-4eda-b0d2-a0bf6d11aa35,556317d6-2140-4b47-b38e-4a6f6d34271a,3.4046465885723594,0.25,0.0,0.0,0
7901f20a-8a42-4eda-b0d2-a0bf6d11aa35,1a225b9e-570c-4326-b961-4ed6ce04847a,3.0827348725941164,0.5,0.0,0.0,0
7901f20a-8a42-4eda-b0d2-a0bf6d11aa35,81fabbdd-5c82-43c6-8006-4d8a593c6dea,3.967402845171351,0.3333333333333333,0.0,0.0,0
7901f20a-8a42-4eda-b0d2-a0bf6d11aa35,afb99951-f5a1-41bf-a34e-d48afeb6314f,2.8310166928061484,0.75,0.0,0.0,0
7901f20a-8a42-4eda-b0d2-a0bf6d11aa35,a074341c-a527-42a0-9ecd-6479a72c5769,4.474545375706309,0.5833333333333334,0.5,0.0,0
7901f20a-8a42-4eda-b0d2-a0bf6d11aa35,acbb57c1-22f1-48e4-a96e-52a3b2a70d7d,2.860428094809671,0.4166666666666667,0.0,0.0,0
7901f20a-8a42-4eda-b0d2-a0bf6d11aa35,ec63363d-e101-44f5-a928-89fc67f120e2,3.305038746098235,0.75,0.5,0.0,0
7901f20a-8a42-4eda-b0d2-a0bf6d11aa35,7ba12ff2-0a01-4378-b423-42053a557dab,2.6325988675166507,0.5,0.0,0.0,0
7901f20a-8a42-4eda-b0d2-a0bf6d11aa35,60289808-87d2-4f3e-b347-5b5f4d056e67,2.749913842466288,0.08333333333333333,1.0,0.6,0
7901f20a-8a42-4eda-b0d2-a0bf6d11aa35,9a4c8ff5-2991-478a-81fb-17c5b2228444,3.5701501352416334,0.75,0.0,0.0,0
96340f26-e3b0-4a14-a2cd-e8f9cab80966,0ade8d4d-52d6-428e-ab5c-d7aac58f035d,-0.0074351140692067936,0.25,0.0,0.2,0
96340f26-e3b0-4a14-a2cd-e8f9cab80966,5f7e60a1-718d-4e15-995f-bda003ec460a,0.4019537523451321,0.0,0.0,0.0,0
96340f26-e3b0-4a14-a2cd-e8f9cab80966,0409525d-6ddf-4859-b849-ba49760e9723,0.14044086148214194,0.5833333333333334,0.5,0.0,0
96340f26-e3b0-4a14-a2cd-e8f9cab80966,47da9333-7d7a-4844-a0db-feb21f224c28,-0.012092359707868958,0.25,0.5,0.0,0
96340f26-e3b0-4a14-a2cd-e8f9cab80966,5fa929b4-48eb-4016-b1df-422e538b19c8,-0.1201517121141912,0.25,0.5,0.0,0
96340f26-e3b0-4a14-a2cd-e8f9cab80966,fc2825b1-f11c-47d0-9dbf-14942ef8710a,0.0521914120989972,0.25,0.0,0.0,0
96340f26-e3b0-4a14-a2cd-e8f9cab80966,08517c82-6bbc-461c-b810-b8cca3209c5c,0.049888808050887024,0.25,0.0,0.0,0
96340f26-e3b0-4a14-a2cd-e8f9cab80966,d88258db-ca67-410b-abdf-fc229598ef93,0.1118161121454939,0.16666666666666666,0.0,0.0,0
96340f26-e3b0-4a14-a2cd-e8f9cab80966,ec68ceda-238e-45d0-9580-f4704fd9ff22,0.08656780564268521,0.5,0.0,0.0,0
96340f26-e3b0-4a14-a2cd-e8f9cab80966,cafcd850-90c6-4f84-bfb6-3207e736b6a3,-0.16540002190936554,0.4166666666666667,0.5,0.0,0
96340f26-e3b0-4a14-a2cd-e8f9cab80966,9f43635a-8190-445c-a027-79577ce2d43e,-0.06299593736933633,0.08333333333333333,0.5,0.0,0
96340f26-e3b0-4a14-a2cd-e8f9cab80966,2a190d3a-8ed6-4043-9511-adaa1e259a83,-0.23092245815910548,0.16666666666666666,0.5,0.0,0
96340f26-e3b0-4a14-a2cd-e8f9cab80966,53b3221b-6278-4191-ac15-ff2bed444bd1,-0.4794194557183072,0.25,0.5,0.0,0
96340f26-e3b0-4a14-a2cd-e8f9cab80966,cd23bed2-6c28-4aac-b446-be64b2efa1c5,-0.41620803095967374,0.16666666666666666,0.5,0.0,0
96340f26-e3b0-4a14-a2cd-e8f9cab80966,b3329d3a-5353-46c5-a0a5-dd85f5560ea1,0.1412465136240167,0.16666666666666666,0.0,0.0,0
96340f26-e3b0-4a14-a2cd-e8f9cab80966,d294016b-a3f5-4e3f-82eb-7e3f907140e1,-0.1474214580426974,0.16666666666666666,0.5,0.6,0
96340f26-e3b0-4a14-a2cd-e8f9cab80966,f257dbb9-7cee-4743-b505-d4d1b8fed033,0.0196072208044028,0.16666666666666666,0.0,0.0,0
96340f26-e3b0-4a14-a2cd-e8f9cab80966,538291b8-5ea4-4b40-aa80-e6774d40457e,-0.5574782621076025,0.4166666666666667,0.0,0.0,0
96340f26-e3b0-4a14-a2cd-e8f9cab80966,30318c5d-98a9-4184-aa4b-e349830e4332,0.2632642809186761,0.3333333333333333,0.5,0.0,0
96340f26-e3b0-4a14-a2cd-e8f9cab80966,a556e63b-2c8f-4214-b8df-a9cb81ce1e7f,-0.0007204721961119624,0.3333333333333333,0.0,0.0,0
96340f26-e3b0-4a14-a2cd-e8f9cab80966,49312c0f-4eb2-4931-b9a4-78819cf6ea51,-0.3127612804267853,0.08333333333333333,0.5,0.0,0
96340f26-e3b0-4a14-a2cd-e8f9cab80966,24e851cf-4934-4e0f-9f9a-a205ae16a46e,-0.13801936040398136,0.3333333333333333,0.5,0.6,0
96340f26-e3b0-4a14-a2cd-e8f9cab80966,3d0bfc41-753b-4732-97e7-e81eb5d6576c,0.5305148796589905,0.5833333333333334,0.0,0.0,0
96340f26-e3b0-4a14-a2cd-e8f9cab80966,c72637e5-9a8c-4f3d-85ac-d210c925601c,-0.10953412531761472,0.16666666666666666,0.5,0.0,0
96340f26-e3b0-4a14-a2cd-e8f9cab80966,e585fdf5-cf32-4771-b793-2529d33f4c7e,-0.15184174877399087,0.3333333333333333,0.0,0.0,0
9f028e78-2a5e-40b8-a045-c22ebc071b45,0951728d-1b23-434b-95b9-f9397f14afe3,8.539411589304015,0.25,0.0,0.0,0
9f028e78-2a5e-40b8-a045-c22ebc071b45,dba34b2e-bcf0-4fa2-9b86-758d7f4b0ae1,10.976777940897206,0.25,0.0,0.0,0
9f028e78-2a5e-40b8-a045-c22ebc071b45,68fe7ad3-ef99-4c7c-8390-c9d1e95a429a,7.972378703362082,0.25,0.0,0.0,0
9f028e78-2a5e-40b8-a045-c22ebc071b45,699070ac-ffba-4ea3-8f6f-866caff7de9f,9.79026987892132,0.16666666666666666,0.5,0.0,0
9f028e78-2a5e-40b8-a045-c22ebc071b45,3e4c6095-f75b-4aa6-8707-f2bd5caaa7cb,7.81388849463883,0.25,0.5,0.0,0
9f028e78-2a5e-40b8-a045-c22ebc071b45,425658b8-8ac0-4b59-9e61-8b1a0ec2700f,9.200179135107243,0.25,0.0,0.0,0
9f028e78-2a5e-40b8-a045-c22ebc071b45,94cac1ea-84a2-4cf3-9add-50f9bd257b7e,12.542464850998886,0.3333333333333333,0.5,0.0,0
9f028e78-2a5e-40b8-a045-c22ebc071b45,b959726d-0d8d-4a53-a0e4-7c2155ae868a,8.048088582273449,0.08333333333333333,0.0,0.0,0
9f028e78-2a5e-40b8-a045-c22ebc071b45,b182024b-8271-43e0-8dc6-4cc8ec4bf324,8.648231358167289,0.5833333333333334,0.0,0.0,0
9f028e78-2a5e-40b8-a045-c22ebc071b45,d54b4479-205d-470f-9449-068dd672b788,5.180280876788382,0.08333333333333333,0.0,0.0,0
9f028e78-2a5e-40b8-a045-c22ebc071b45,85477f7d-5d7c-44b4-8f88-7f66d32a58a1,5.572561571196807,0.3333333333333333,0.0,0.0,0
9f028e78-2a5e-40b8-a045-c22ebc071b45,f1883f04-90c7-49a8-be2d-1650a614c62d,10.37985340294848,0.0,0.0,0.2,0
9f028e78-2a5e-40b8-a045-c22ebc071b45,77d5ddc7-19cc-4563-818a-2aaa50d9311f,9.642607872725833,0.08333333333333333,0.5,0.0,0
9f028e78-2a5e-40b8-a045-c22ebc071b45,6db67384-0c54-427c-abaf-5d043e593366,8.947876075710866,0.0,0.0,0.0,0
9f028e78-2a5e-40b8-a045-c22ebc071b45,0b879366-1a1b-44f7-aee3-6eb3f9232968,8.06800330170844,0.25,0.0,0.0,0
9f028e78-2a5e-40b8-a045-c22ebc071b45,0f44040a-8c19-46e0-88d3-d2c3dca293df,7.131942189661318,0.25,0.5,0.0,0
9f028e78-2a5e-40b8-a045-c22ebc071b45,d2c70351-fb46-4da6-8a4b-4ad953978d40,12.321906958840678,0.3333333333333333,0.5,0.0,0
9f028e78-2a5e-40b8-a045-c22ebc071b45,6d37d998-a552-4867-b3de-51a24012bf77,8.373234257461212,0.4166666666666667,0.0,0.2,0
9f028e78-2a5e-40b8-a045-c22ebc071b45,2d3dc4de-8457-46f1-a68f-ac566c27c39c,10.849429863839024,0.6666666666666666,0.0,0.6,0
9f028e78-2a5e-40b8-a045-c22ebc071b45,2a51d0a3-f886-46cb-80bc-473134fdf589,12.591411257107255,0.3333333333333333,0.0,0.0,0
9f028e78-2a5e-40b8-a045-c22ebc071b45,641aba0d-a513-475f-a5e5-fa337b4eb5c5,6.442187863254597,0.0,0.5,0.2,0
9f028e78-2a5e-40b8-a045-c22ebc071b45,0a471960-a428-4640-9793-c63a0d14d201,8.923206056555623,0.08333333333333333,0.5,0.2,0
9f028e78-2a5e-40b8-a045-c22ebc071b45,208220d6-3014-43b5-9df5-fba0cdc42dd1,8.06831028718588,0.25,0.0,0.0,0
9f028e78-2a5e-40b8-a045-c22ebc071b45,40f6151b-23d2-44fd-882d-03a9ad1ec67b,10.21315077507738,0.08333333333333333,0.5,0.0,0
9f028e78-2a5e-40b8-a045-c22ebc071b45,3cb1a518-e8f6-4306-97b9-6940811dc1b8,8.39017550341475,0.16666666666666666,0.0,0.0,0
da5b86d4-1a9b-4f36-99ba-375b18534891,89c3da43-1036-4565-b8e2-d0c746dc54f8,1.976763376288716,0.16666666666666666,0.5,0.0,0
da5b86d4-1a9b-4f36-99ba-375b18534891,5587ea81-939d-4d5a-9f37-38fd602ec792,1.4917558366011379,0.08333333333333333,0.0,0.0,0
da5b86d4-1a9b-4f36-99ba-375b18534891,e07b83e0-4fc0-43dd-a594-c7ec6418eecf,2.4244381584009225,0.08333333333333333,0.5,0.0,0
da5b86d4-1a9b-4f36-99ba-375b18534891,20f8a079-8002-4a0e-a5db-57b75cb3c274,2.425300523005278,0.16666666666666666,0.5,0.0,0
da5b86d4-1a9b-4f36-99ba-375b18534891,d678b2a3-82b7-4aec-bcd0-78a13aecdf62,1.4426725690917344,0.5,1.0,0.0,0
da5b86d4-1a9b-4f36-99ba-375b18534891,ffd00cb5-97d2-4fc9-a4b1-d64c4b0c2731,2.330507721041883,0.3333333333333333,0.0,0.0,0
da5b86d4-1a9b-4f36-99ba-375b18534891,1413b8a1-78ff-43dd-9615-5eca22c0ae2b,2.155769362260135,0.16666666666666666,0.0,0.0,0
da5b86d4-1a9b-4f36-99ba-375b18534891,0a196506-2076-498f-887f-05ae8b03b4ee,1.3183838749198271,0.25,0.0,0.0,0
da5b86d4-1a9b-4f36-99ba-375b18534891,a9a8becd-5ab3-4091-bed8-7dcc6403ea92,2.3345077891681143,0.4166666666666667,0.0,0.0,0
da5b86d4-1a9b-4f36-99ba-375b18534891,3d7ce874-25d3-4770-81b1-b0a3a7e2902c,1.8258120302599077,0.4166666666666667,0.0,0.0,0
da5b86d4-1a9b-4f36-99ba-375b18534891,31dc3d81-46b5-4597-8346-b752d69748cf,2.130643496099188,0.08333333333333333,0.5,0.0,0
da5b86d4-1a9b-4f36-99ba-375b18534891,16a39f24-e381-4a2c-acd1-c3e85119a2e1,2.265985795602627,0.25,0.0,0.0,0
da5b86d4-1a9b-4f36-99ba-375b18534891,cc49b0ef-86bb-4daf-8ed7-30d28cb948bf,1.7241464142890335,0.25,0.5,0.0,0
da5b86d4-1a9b-4f36-99ba-375b18534891,016d1749-5e46-4ea9-8fc6-6ee2fe39cb65,2.432398756025388,0.25,0.5,0.0,0
da5b86d4-1a9b-4f36-99ba-375b18534891,d95e9b23-cdb9-409c-8e16-c23dcc504303,1.9016524155071484,0.0,0.5,0.0,0
da5b86d4-1a9b-4f36-99ba-375b18534891,8439ce7b-39b6-4d64-a2a2-9a8afb939fc6,2.298153659725496,0.25,0.5,0.0,0
da5b86d4-1a9b-4f36-99ba-375b18534891,e231a917-2253-4da9-96d1-18302d028286,2.1132089476637503,0.0,0.0,0.6,0
da5b86d4-1a9b-4f36-99ba-375b18534891,f7ecd123-6cfb-493f-9ad5-b9cb9391a2b7,2.6564098631360085,0.4166666666666667,0.5,0.0,0
da5b86d4-1a9b-4f36-99ba-375b18534891,33938dda-857d-4a35-84e8-3770ee693173,2.11439180029712,0.3333333333333333,0.5,0.0,0
da5b86d4-1a9b-4f36-99ba-375b18534891,2747ac9d-cb48-4166-96d8-c95045f543dd,2.234032473780035,0.25,0.5,0.0,0
da5b86d4-1a9b-4f36-99ba-375b18534891,68c16fdb-cdde-4778-9d5f-bbcafa8afdb5,2.2531347655730833,0.5,0.0,0.95,0
da5b86d4-1a9b-4f36-99ba-375b18534891,5207dd75-0c49-46e9-8a11-7892f8ad313e,2.6530389476564884,0.4166666666666667,0.0,0.0,0
da5b86d4-1a9b-4f36-99ba-375b18534891,216c6167-5d44-419f-b051-348d9bbe743d,2.6483003034195094,0.4166666666666667,0.5,0.0,0
da5b86d4-1a9b-4f36-99ba-375b18534891,e294a331-8202-445e-865e-a8cf67d27998,1.398419623695418,0.0,0.5,0.0,0
da5b86d4-1a9b-4f36-99ba-375b18534891,9e4e8ae4-7381-4d96-833e-7fed5d45702e,2.1687677759507613,0.5833333333333334,0.0,0.0,0
e1534edb-aca3-48bf-9e76-68f7c0f11199,1ecdc9d8-8a62-4bf2-9534-7fa246c541a6,3.378138388053854,0.08333333333333333,0.5,0.2,0
e1534edb-aca3-48bf-9e76-68f7c0f11199,607548a2-5acd-4934-9183-b75d55e58a8c,1.660462112124339,0.08333333333333333,0.5,0.0,0
e1534edb-aca3-48bf-9e76-68f7c0f11199,fe889767-b216-453f-9ac8-aeb3690800fc,1.7498877989001886,0.08333333333333333,0.0,0.0,0
e1534edb-aca3-48bf-9e76-68f7c0f11199,54007b5a-4823-4b74-bc87-66f7227a9541,1.2745628373593114,0.16666666666666666,0.5,0.0,0
e1534edb-aca3-48bf-9e76-68f7c0f11199,d860642d-2652-4e33-8aaa-637e24ee5e27,1.8402875245419905,0.08333333333333333,0.0,0.0,0
e1534edb-aca3-48bf-9e76-68f7c0f11199,5dceeda1-bbb4-447b-abb1-5843f1f48b81,1.8260086210373059,0.3333333333333333,0.0,0.0,0
e1534edb-aca3-48bf-9e76-68f7c0f11199,f2cbfeb7-0dc4-4261-b32c-5a0e89d696ba,2.489459145915502,0.0,0.5,0.2,0
e1534edb-aca3-48bf-9e76-68f7c0f11199,2adc3334-29e3-4013-adf8-d5778318141a,0.8855861436016234,0.0,0.0,0.0,0
e1534edb-aca3-48bf-9e76-68f7c0f11199,6668a406-79f7-44f4-b85a-d6c4600b357a,1.4257441232128434,0.08333333333333333,0.0,0.0,0
e1534edb-aca3-48bf-9e76-68f7c0f11199,bb9d5436-66ad-4cc4-9c52-c4b9f5969c78,2.5838060420918962,0.5,0.5,0.6,0
e1534edb-aca3-48bf-9e76-68f7c0f11199,f7f062d5-a4b1-4964-b459-b96163d38f9c,1.957566875829792,0.3333333333333333,0.0,0.0,0
e1534edb-aca3-48bf-9e76-68f7c0f11199,1c49ec87-dc7a-4223-85c4-4e4cd72c23f5,1.8749662723016896,0.16666666666666666,0.5,0.0,0
e1534edb-aca3-48bf-9e76-68f7c0f11199,0965fd5f-1bbe-43d1-a243-048eaa039074,1.6504947321462804,0.4166666666666667,0.0,0.0,0
e1534edb-aca3-48bf-9e76-68f7c0f11199,f081a3db-8684-475e-b1db-51ccf8ffb5c7,2.515752479230782,0.25,0.5,0.0,0
e1534edb-aca3-48bf-9e76-68f7c0f11199,b0647c3f-02eb-41fc-9aed-bc4560bc7881,0.8063717595297859,0.4166666666666667,0.5,0.6,0
e1534edb-aca3-48bf-9e76-68f7c0f11199,ced45d4b-db71-4ffc-9ecd-14519605eb24,1.034713539362308,0.08333333333333333,0.5,0.2,0
e1534edb-aca3-48bf-9e76-68f7c0f11199,55b513f7-7148-43ba-bb06-088c5d0bc1d8,1.5391918095059667,0.08333333333333333,0.0,0.0,0
e1534edb-aca3-48bf-9e76-68f7c0f11199,c66001a1-0916-4a84-a529-7d6a30dcff5a,2.0212777837296803,0.0,0.0,0.0,0
e1534edb-aca3-48bf-9e76-68f7c0f11199,95384f68-f8f8-4aa7-8832-3c751634146d,2.4056330851057655,0.08333333333333333,0.0,0.2,0
e1534edb-aca3-48bf-9e76-68f7c0f11199,8112d3b8-946d-4a20-bf31-387e544adb06,1.0440733956103558,0.3333333333333333,0.0,0.6,0
e1534edb-aca3-48bf-9e76-68f7c0f11199,0ac05b66-88dd-411c-9dff-c2687118d38a,1.8097412289103367,0.08333333333333333,0.0,0.2,0
e1534edb-aca3-48bf-9e76-68f7c0f11199,16618d3f-9932-45d8-9f59-abf33d74eba2,1.4408299270114713,0.0,1.0,0.0,0
e1534edb-aca3-48bf-9e76-68f7c0f11199,5e66d843-4b99-4e09-aeca-43d3a9c2c430,2.8944901290257063,0.08333333333333333,0.5,0.6,0
e1534edb-aca3-48bf-9e76-68f7c0f11199,bbbdb3c6-0dbc-4b70-bcf0-0a823ac9b265,2.7740887537682815,0.16666666666666666,0.0,0.0,0
e1534edb-aca3-48bf-9e76-68f7c0f11199,4c53987d-e8f0-4f03-929c-094543d70b59,1.839055721091486,0.08333333333333333,0.0,0.0,0
8aca9695-a3d0-480c-9e96-64b4733b45a3,49fbc606-d3c9-451f-842c-8acaacc93917,1.079482559248332,0.75,0.0,0.0,0
8aca9695-a3d0-480c-9e96-64b4733b45a3,e0099ed3-62e8-4184-867f-051c5dec9673,1.4202545920837784,0.75,0.5,0.0,0
8aca9695-a3d0-480c-9e96-64b4733b45a3,164e29bb-e9d8-48e4-a603-4ae4cd3dd2d7,1.053008153498849,0.8333333333333334,0.0,0.0,0
8aca9695-a3d0-480c-9e96-64b4733b45a3,3ee75284-4282-4695-bd82-3de625dac395,1.7364025845743833,0.5,0.0,0.0,0
8aca9695-a3d0-480c-9e96-64b4733b45a3,a770e40b-2bea-4b7d-9c5f-9696a40f2200,1.8526290118959905,0.6666666666666666,0.0,0.0,0
8aca9695-a3d0-480c-9e96-64b4733b45a3,4864e5d2-5101-4b9e-8595-cf8971c9004e,0.9836574244269523,0.6666666666666666,0.5,0.0,0
8aca9695-a3d0-480c-9e96-64b4733b45a3,2e03360d-146f-4204-a3ca-51070052c6a1,1.872676155407295,0.8333333333333334,0.0,0.0,0
8aca9695-a3d0-480c-9e96-64b4733b45a3,e7e28667-b4d4-4e7c-88f0-4dab5cf523d5,0.9088141564248969,0.3333333333333333,0.0,0.0,0
8aca9695-a3d0-480c-9e96-64b4733b45a3,9a2dec30-c0fd-4127-a948-75ddd1f0b091,1.1841313330852064,0.6666666666666666,0.5,0.0,0
8aca9695-a3d0-480c-9e96-64b4733b45a3,97172767-2c3d-4179-abbc-4a8476e1464f,1.3510073423305813,0.6666666666666666,0.5,0.0,0
8aca9695-a3d0-480c-9e96-64b4733b45a3,64e9c560-d8d0-4460-915f-1dcdadee3959,1.8933742098810806,0.75,0.5,0.0,0
8aca9695-a3d0-480c-9e96-64b4733b45a3,de4fdaf7-8a1f-4aff-a3e5-3de228da2670,0.010056208082059528,0.3333333333333333,0.5,0.0,0
8aca9695-a3d0-480c-9e96-64b4733b45a3,48c2d9f5-0073-457e-84b0-d69414431f2b,1.2356934958004242,0.6666666666666666,0.0,0.0,0
8aca9695-a3d0-480c-9e96-64b4733b45a3,b6f31759-b005-452d-9e0d-349c62bc072b,1.3170707311803296,0.75,0.5,0.0,0
8aca9695-a3d0-480c-9e96-64b4733b45a3,d91136ce-fb14-4560-8465-520e45081c2b,1.3097144743133422,0.8333333333333334,0.0,0.0,0
8aca9695-a3d0-480c-9e96-64b4733b45a3,eb882da4-fc35-4f60-b02c-8da32a31837c,1.652715885641148,0.5833333333333334,1.0,0.6,0
8aca9695-a3d0-480c-9e96-64b4733b45a3,a5c0c970-dbb9-44ba-9d0c-e1bd12035a15,1.1466058143994045,0.75,0.5,0.0,0
8aca9695-a3d0-480c-9e96-64b4733b45a3,483e388f-ce8f-439f-9e1f-f8ab81afc92c,0.9721439529296647,0.4166666666666667,0.0,0.0,0
8aca9695-a3d0-480c-9e96-64b4733b45a3,bb59b8f6-f398-4862-926c-d0b576ce5b63,1.0475459082570593,0.75,0.5,0.0,0
8aca9695-a3d0-480c-9e96-64b4733b45a3,97438a08-be0a-4236-a4bd-a617def1d9c4,1.0604180112111732,1.0,0.0,0.0,0
8aca9695-a3d0-480c-9e96-64b4733b45a3,57c9c713-a2d7-4c20-a773-b9539d6cc9e1,1.7447322558756644,0.5833333333333334,0.0,0.0,0
8aca9695-a3d0-480c-9e96-64b4733b45a3,bf545db8-7b80-4c5a-8ca3-1cd9ab435e64,1.36297516531696,0.4166666666666667,0.0,0.0,0
8aca9695-a3d0-480c-9e96-64b4733b45a3,de75d7aa-7b00-4cb6-9496-b76082177f5e,1.2152355018470309,0.75,0.0,0.0,0
8aca9695-a3d0-480c-9e96-64b4733b45a3,3e7977e1-92a8-41e8-846d-caf8bb053afe,1.4241322629328426,0.5833333333333334,0.0,0.0,0
8aca9695-a3d0-480c-9e96-64b4733b45a3,3183ad3a-404a-49a0-9f67-6a3b0ed0bb74,0.8589945460864208,0.9166666666666666,0.5,0.0,0
40caa337-3ed3-47ba-bab1-f6d0a4a5237d,acc237b8-9bc9-4bad-b17c-6ec680391926,3.230123420504999,0.3333333333333333,0.0,0.6,0
40caa337-3ed3-47ba-bab1-f6d0a4a5237d,390a4c18-66e0-4b00-b30f-214ac5f9b247,3.7594856878853387,0.75,0.5,0.0,0
40caa337-3ed3-47ba-bab1-f6d0a4a5237d,70c835d4-a6b2-43be-bb64-ff3d082b78ee,3.047035110673817,0.4166666666666667,0.0,0.6,0
40caa337-3ed3-47ba-bab1-f6d0a4a5237d,2c533260-c128-4206-8533-eab273114127,2.8859452796069567,0.3333333333333333,0.0,0.0,0
40caa337-3ed3-47ba-bab1-f6d0a4a5237d,f1418d05-bcbd-49f2-87d6-94df7a31ff87,3.4565621704579046,0.4166666666666667,0.0,0.0,0
40caa337-3ed3-47ba-bab1-f6d0a4a5237d,2131e506-ef31-4f11-8d2b-966574b35d40,4.539409520935839,0.75,0.5,0.0,0
40caa337-3ed3-47ba-bab1-f6d0a4a5237d,5dbc5565-edd9-45f4-be8b-90fd40935ed7,3.7115115604472697,0.75,0.0,0.2,0
40caa337-3ed3-47ba-bab1-f6d0a4a5237d,1ec64611-02d3-497c-9422-2e52dddfb22c,2.7465978370755555,0.6666666666666666,0.0,0.6,0
40caa337-3ed3-47ba-bab1-f6d0a4a5237d,70cd73f2-b9be-4e1a-9ed7-db5b6fc1083d,4.307928977441185,0.4166666666666667,0.0,0.0,0
40caa337-3ed3-47ba-bab1-f6d0a4a5237d,f1dbb0ad-5f46-4857-895e-5262a0065c2f,2.401996481485629,0.5833333333333334,0.0,0.0,0
40caa337-3ed3-47ba-bab1-f6d0a4a5237d,c64715ba-db65-464f-a748-a6fafb913417,3.4802516868775584,0.5,0.0,0.0,0
40caa337-3ed3-47ba-bab1-f6d0a4a5237d,b91298b4-21e1-4f72-b757-68eedddd9a40,3.0319818107874723,0.6666666666666666,0.0,0.0,0
40caa337-3ed3-47ba-bab1-f6d0a4a5237d,a7275993-db8b-4e72-af8c-1735e630bbdc,3.86140507781002,0.6666666666666666,0.0,0.0,0
40caa337-3ed3-47ba-bab1-f6d0a4a5237d,3fb82ea8-fdbd-4ed1-b2cf-02b60ed9f6b3,3.9541929930241473,0.3333333333333333,1.0,0.0,0
40caa337-3ed3-47ba-bab1-f6d0a4a5237d,2e2bd050-8945-4b12-83fb-a7e0a0ae8edd,3.6074606808766205,0.5,0.0,0.2,0
40caa337-3ed3-47ba-bab1-f6d0a4a5237d,47b01360-3eb4-473c-8499-dc98aa3afc61,4.125812145738854,0.5,0.5,0.0,0
40caa337-3ed3-47ba-bab1-f6d0a4a5237d,2d375264-618a-4dd9-ac21-37cdd52d3d18,4.223505390014682,0.75,0.5,0.0,0
40caa337-3ed3-47ba-bab1-f6d0a4a5237d,f7f7eb8c-392f-4c21-b8e5-3b81ce68f844,3.9599660598139406,0.25,0.5,0.0,0
40caa337-3ed3-47ba-bab1-f6d0a4a5237d,8ea0036f-4303-4923-824d-ce29f0563bd2,4.008041564435391,0.4166666666666667,0.0,0.0,0
40caa337-3ed3-47ba-bab1-f6d0a4a5237d,ff119cf1-e979-47a7-ae58-b599f1a252f6,3.3664915301995317,0.6666666666666666,0.0,0.0,0
40caa337-3ed3-47ba-bab1-f6d0a4a5237d,eca3e6c0-88a8-4594-a87c-9e7bc076d608,4.2124088089719915,0.5833333333333334,0.0,0.0,0
40caa337-3ed3-47ba-bab1-f6d0a4a5237d,33207448-0894-47d8-af8e-f0c73ffb93b9,3.0737854249519976,0.25,0.5,0.0,0
40caa337-3ed3-47ba-bab1-f6d0a4a5237d,c28c4f71-9c44-4330-941d-eabdbbf89ffc,2.2950289480382504,0.3333333333333333,0.5,0.0,0
40caa337-3ed3-47ba-bab1-f6d0a4a5237d,68f36729-072d-4d5f-b42b-37fe9c69ca50,2.8992329378705253,0.6666666666666666,0.0,0.0,0
40caa337-3ed3-47ba-bab1-f6d0a4a5237d,16d21cae-1892-4ddd-ae0b-ec3c14cd172b,3.267425416727795,0.6666666666666666,0.0,0.0,0
84549288-e0de-4546-a1b0-e82043904e74,749bcc0d-bc8b-40b5-af1c-5178b80ea943,0.12753999796308452,0.5,0.0,0.2,0
84549288-e0de-4546-a1b0-e82043904e74,e492fd8f-1c0a-4d98-951c-12a52588614e,0.19915376463968873,0.08333333333333333,0.0,0.0,0
84549288-e0de-4546-a1b0-e82043904e74,07f61475-c5a4-421e-9fe4-bad8a3054916,0.5034186106990922,0.16666666666666666,0.0,0.0,0
84549288-e0de-4546-a1b0-e82043904e74,d3194b10-e829-4d01-9cea-ded7fc0b6098,-0.14506245850790614,0.4166666666666667,0.0,0.0,0
84549288-e0de-4546-a1b0-e82043904e74,da6470da-83c7-40b0-93a6-ea6115921462,-0.06945796855002265,0.08333333333333333,0.0,0.0,0
84549288-e0de-4546-a1b0-e82043904e74,652066b4-f8d0-4396-8c6c-c52f3445f994,-0.023687705223047646,0.5,0.0,0.2,0
84549288-e0de-4546-a1b0-e82043904e74,2ad36b05-8c52-4672-8214-1c3ac91bada5,0.27184324152122147,0.16666666666666666,0.0,0.0,0
84549288-e0de-4546-a1b0-e82043904e74,74cfcaf4-e992-4926-b9f2-b3004a45c7c7,-0.13978900716526835,0.5,0.0,0.2,0
84549288-e0de-4546-a1b0-e82043904e74,56b83756-f736-4d51-875e-ee461b017517,-0.03420473987785578,0.3333333333333333,0.5,0.0,0
84549288-e0de-4546-a1b0-e82043904e74,8adbf9fa-c5c6-46dc-9489-be79dad03ce1,0.7705753181272093,0.25,0.5,0.0,0
84549288-e0de-4546-a1b0-e82043904e74,6b1837d3-90ef-45ae-a8e4-8110abc139c1,-0.06404154254759693,0.25,0.5,0.0,0
84549288-e0de-4546-a1b0-e82043904e74,6e15f8a3-d42d-407b-8c07-6ea8bc9f61fd,-0.0457016980376193,0.16666666666666666,0.5,0.95,0
84549288-e0de-4546-a1b0-e82043904e74,6f89fe56-b0dd-47b9-939f-095fa9fd3c54,-0.28540787544290436,0.08333333333333333,0.5,0.0,0
84549288-e0de-4546-a1b0-e82043904e74,39c0b0af-dd80-4da2-93a5-215aca289d24,-0.1396013523723756,0.08333333333333333,0.0,0.0,0
84549288-e0de-4546-a1b0-e82043904e74,9966d1ad-f857-4334-a0da-2197b56d691c,0.2664676495217909,0.5,0.5,0.2,0
84549288-e0de-4546-a1b0-e82043904e74,6b8945b6-70ee-4d5d-83ce-d860bb4eee6b,0.24520253176798126,0.16666666666666666,0.0,0.0,0
84549288-e0de-4546-a1b0-e82043904e74,c9d66a56-7925-4917-8747-6b6cf770c07e,-0.15228630527948037,0.4166666666666667,0.5,0.0,0
84549288-e0de-4546-a1b0-e82043904e74,180eaae5-929c-4b7c-b11d-cb4d1cd96032,-0.14409818493503682,0.25,0.0,0.0,0
84549288-e0de-4546-a1b0-e82043904e74,0944c8a3-fc9b-46ce-ab21-46ce5727ee00,-0.09034417235423343,0.25,0.0,0.0,0
84549288-e0de-4546-a1b0-e82043904e74,6cd9a97d-c346-4065-b4c7-970beac0cf67,0.2129473940934921,0.3333333333333333,0.0,0.0,0
84549288-e0de-4546-a1b0-e82043904e74,312203a3-14e3-4afb-ada1-779f84e6a0aa,-0.05907268561092402,0.25,0.5,0.0,0
84549288-e0de-4546-a1b0-e82043904e74,8921ddea-0d4c-4c45-90bf-33ec8e720f41,-0.017432911557230046,0.3333333333333333,0.0,0.2,0
84549288-e0de-4546-a1b0-e82043904e74,322193b7-a423-498d-bc82-7aa1e8db9e58,0.03652698685816631,0.16666666666666666,0.0,0.0,0
84549288-e0de-4546-a1b0-e82043904e74,784ffd3a-392e-4161-b7f1-c785cc97e1fc,-0.26820183886213517,0.08333333333333333,0.0,0.0,0
84549288-e0de-4546-a1b0-e82043904e74,7d5f3527-fed3-4aea-8697-7c6794540b05,0.010227404526686626,0.08333333333333333,0.5,0.2,0
706911dd-8ee7-4660-b7a2-22760f771881,5a4ce953-cd2d-4b6b-827a-cf65ceea7652,5.639039946081988,0.08333333333333333,0.5,0.0,0
706911dd-8ee7-4660-b7a2-22760f771881,6f8239a4-c123-4b3e-b152-2e39d42d6d0a,8.42909543782458,0.0,0.5,0.0,0
706911dd-8ee7-4660-b7a2-22760f771881,9361e229-e45a-406a-aab6-bb1179d10e1b,4.540600480143085,0.08333333333333333,0.0,0.0,0
706911dd-8ee7-4660-b7a2-22760f771881,4b396a8a-d576-498f-bef5-7d2b4728eb73,2.94563162236551,0.08333333333333333,0.5,0.0,0
706911dd-8ee7-4660-b7a2-22760f771881,c071a263-37d4-477b-9995-27db1fd7d090,8.965083134046845,0.3333333333333333,0.0,0.0,0
706911dd-8ee7-4660-b7a2-22760f771881,d5d8feba-5277-49a6-bd88-4726ccf9dfb7,5.4870442463237605,0.0,0.5,0.0,0
706911dd-8ee7-4660-b7a2-22760f771881,36943bb0-c63d-4432-a34a-dad882ef316e,5.56453627389116,0.16666666666666666,0.0,0.0,0
706911dd-8ee7-4660-b7a2-22760f771881,4553a0f9-9f6e-4c9e-80b7-8ba8260eda75,6.3527663534064915,0.4166666666666667,0.0,0.0,0
706911dd-8ee7-4660-b7a2-22760f771881,394f2414-87aa-4dd2-be48-5a9900525954,2.735948154038406,0.16666666666666666,0.0,0.0,0
706911dd-8ee7-4660-b7a2-22760f771881,5da99b2c-6ed7-4207-ab30-d51c5f1fd74b,8.774252827515449,0.25,0.0,0.6,0
706911dd-8ee7-4660-b7a2-22760f771881,b0ef7e16-053d-41df-bd24-c893e94dcf6f,9.378515903236606,0.16666666666666666,0.0,0.6,0
706911dd-8ee7-4660-b7a2-22760f771881,e1a98a07-0699-4e71-a2e2-23c5e4adeaea,4.818562905625029,0.16666666666666666,0.5,0.0,0
706911dd-8ee7-4660-b7a2-22760f771881,99524a1b-fa7b-49f1-a786-e8c0b3613fd8,7.161727780024471,0.16666666666666666,0.0,0.0,0
706911dd-8ee7-4660-b7a2-22760f771881,f00b5371-8caa-4557-83a8-43fb9f4bad2e,7.550906574148589,0.25,0.0,0.0,0
706911dd-8ee7-4660-b7a2-22760f771881,67630149-0507-4e21-b391-6b6f80fa5049,9.77541771897168,0.08333333333333333,0.5,0.0,0
706911dd-8ee7-4660-b7a2-22760f771881,32b29f4d-d774-4754-aaf8-34d37ac157e5,5.786393479186913,0.08333333333333333,0.0,0.0,0
706911dd-8ee7-4660-b7a2-22760f771881,012ed443-ef7c-4117-843f-0463c0cc1a0c,7.198230632294355,0.08333333333333333,0.5,0.0,0
706911dd-8ee7-4660-b7a2-22760f771881,554ad1de-16ea-41fa-adad-29691027cd68,5.297063632107284,0.08333333333333333,0.0,0.2,0
706911dd-8ee7-4660-b7a2-22760f771881,53cf47a6-c4e1-4a60-8866-f8b0405ce2b4,5.385696605198251,0.08333333333333333,0.0,0.6,0
706911dd-8ee7-4660-b7a2-22760f771881,76687150-3dfe-43e3-a2b3-1660255bc633,7.9247570489584085,0.16666666666666666,0.0,0.0,0
706911dd-8ee7-4660-b7a2-22760f771881,7c4f09f3-8be5-4ac3-acec-2137e28e0e2f,3.0856673412176034,0.0,0.0,0.2,0
706911dd-8ee7-4660-b7a2-22760f771881,90fd8c00-e969-44dc-b6a2-04174c8f3659,4.098638484213664,0.25,0.0,0.0,0
706911dd-8ee7-4660-b7a2-22760f771881,59c9c9b0-b376-4838-87c4-dba56dbf192d,10.175220602730052,0.4166666666666667,0.0,0.0,0
706911dd-8ee7-4660-b7a2-22760f771881,9a9696ce-cb78-4f59-bccc-d31631a6aa8d,6.100779066565602,0.16666666666666666,0.0,0.0,0
706911dd-8ee7-4660-b7a2-22760f771881,e95a1ea9-ffb4-4e2b-844d-37d2b97b99a2,6.7893993931732926,0.16666666666666666,0.0,0.2,0
865617d9-89a1-4599-884e-ea0ad6ecb14d,35ea00c9-5aa3-488b-a80c-58066b4711d3,1.717944218289746,0.4166666666666667,0.0,0.0,0
865617d9-89a1-4599-884e-ea0ad6ecb14d,5cf15c4d-a776-4d8a-a481-90f53ef0a797,1.0633304895392932,0.6666666666666666,0.0,0.0,0
865617d9-89a1-4599-884e-ea0ad6ecb14d,5a9da72b-084f-4d40-8c96-62ab1f0b3fe1,0.9269403056930946,0.08333333333333333,0.0,0.0,0
865617d9-89a1-4599-884e-ea0ad6ecb14d,59df7bb2-b5d6-4c37-afa2-40671f5a1a6f,1.4757132432181588,0.16666666666666666,0.0,0.0,0
865617d9-89a1-4599-884e-ea0ad6ecb14d,a4c89643-4b8c-40ce-a116-da76a6f9f1e1,1.1297782149754163,0.0,0.5,0.0,0
865617d9-89a1-4599-884e-ea0ad6ecb14d,601188bc-28a0-4331-b60c-eb0850d5a237,0.5186219572660652,0.3333333333333333,0.0,0.6,0
865617d9-89a1-4599-884e-ea0ad6ecb14d,98de3860-6a87-4bfd-bdf6-aa2a66b6c71c,1.3573293687667078,0.3333333333333333,0.5,0.0,0
865617d9-89a1-4599-884e-ea0ad6ecb14d,c5946b79-f1df-4cd5-a30c-c90a0fe70e1b,0.9788600393538991,0.08333333333333333,0.0,0.0,0
865617d9-89a1-4599-884e-ea0ad6ecb14d,305b220d-2f00-4997-9ca6-c622bc161589,1.9168827497013117,0.08333333333333333,0.5,0.0,0
865617d9-89a1-4599-884e-ea0ad6ecb14d,0a58a801-3f7f-4ae7-b581-252232fb27c6,1.6977826217044538,0.0,0.0,0.2,0
865617d9-89a1-4599-884e-ea0ad6ecb14d,6305c920-796b-41a1-b14e-94bff735185d,1.3113845325936915,0.16666666666666666,0.0,0.0,0
865617d9-89a1-4599-884e-ea0ad6ecb14d,a868d749-9565-4928-b545-67515cc47c80,1.1409163436871004,0.08333333333333333,0.5,0.0,0
865617d9-89a1-4599-884e-ea0ad6ecb14d,6bdc982a-39a2-4574-8c5a-662f5539348a,2.5617432063508243,0.0,0.0,0.0,0
865617d9-89a1-4599-884e-ea0ad6ecb14d,f0755e7f-fbbe-4766-bd43-d596ff867d29,1.4655284833792714,0.08333333333333333,0.0,0.0,0
865617d9-89a1-4599-884e-ea0ad6ecb14d,b3b7d186-b9d5-4624-8346-5a882a8a0351,1.561291660997577,0.16666666666666666,0.0,0.0,0
865617d9-89a1-4599-884e-ea0ad6ecb14d,d4d8afc7-935d-461e-810b-f7798317fb5e,2.1618615542737873,0.3333333333333333,0.5,0.0,0
865617d9-89a1-4599-884e-ea0ad6ecb14d,1581bd3d-9e95-428f-92b2-d8c6ba3f2ab7,2.1947469423216894,0.08333333333333333,0.0,0.0,0
865617d9-89a1-4599-884e-ea0ad6ecb14d,26fdd5e0-4208-4a66-964c-95fb1c6784ab,1.0588344433243082,0.16666666666666666,0.5,0.0,0
865617d9-89a1-4599-884e-ea0ad6ecb14d,1a0b25c2-31d2-4793-b21a-eb60cb3214cb,1.8441319487161196,0.08333333333333333,0.0,0.95,0
865617d9-89a1-4599-884e-ea0ad6ecb14d,0b0a477e-16de-46dc-adac-804ca0a7831f,0.5424010953463845,0.3333333333333333,0.0,0.95,0
865617d9-89a1-4599-884e-ea0ad6ecb14d,e383edd6-ec48-4f78-833a-849c62ab95f2,2.864402185422153,0.08333333333333333,0.5,0.0,0
865617d9-89a1-4599-884e-ea0ad6ecb14d,28068ecd-0a25-4691-8b44-8d3abecc1028,2.2220092901549378,0.16666666666666666,0.5,0.0,0
865617d9-89a1-4599-884e-ea0ad6ecb14d,05f01a13-f357-4f3a-9fe9-8f963f3bad7b,2.0112100273801112,0.16666666666666666,0.0,0.2,0
865617d9-89a1-4599-884e-ea0ad6ecb14d,1b9e9ced-ce5d-4ca0-8e11-da868f281e09,0.5445779994817401,0.3333333333333333,0.0,0.0,0
865617d9-89a1-4599-884e-ea0ad6ecb14d,15d5fac9-1187-42bf-b512-115a59b95511,1.5549336359185018,0.16666666666666666,0.0,0.0,0
f3573c44-03b4-45ef-84ec-191f4a0f4e38,474e0a31-ee8b-4a9d-af37-081c3408f4de,1.4640804855275427,0.25,0.5,0.0,0
f3573c44-03b4-45ef-84ec-191f4a0f4e38,4ce2b497-fa43-4bd3-91c1-ffa932813d03,0.7506647428257129,0.08333333333333333,0.5,0.6,0
f3573c44-03b4-45ef-84ec-191f4a0f4e38,066c4b23-2552-4a60-a08c-f453d213f779,2.412878250302067,0.08333333333333333,0.0,0.0,0
f3573c44-03b4-45ef-84ec-191f4a0f4e38,a8d5866a-0c06-4433-916e-d9da2925b923,2.389100856248935,0.16666666666666666,0.5,0.2,0
f3573c44-03b4-45ef-84ec-191f4a0f4e38,ddee481d-b10c-40d9-96b4-8f1883c82ad5,2.4356976977361025,0.0,0.5,0.0,0
f3573c44-03b4-45ef-84ec-191f4a0f4e38,27799e0f-1eb2-4147-853f-3118c66064a0,0.9415373272196176,0.0,0.0,0.0,0
f3573c44-03b4-45ef-84ec-191f4a0f4e38,b647fa8d-818c-4e57-af59-b7b0c73a3d19,0.4585732365626325,0.16666666666666666,0.0,0.0,0
f3573c44-03b4-45ef-84ec-191f4a0f4e38,89cf6fc5-ae41-4d07-8b52-2c1af391649b,1.200297840862051,0.0,0.5,0.0,0
f3573c44-03b4-45ef-84ec-191f4a0f4e38,ad9ef715-a689-4bdd-9096-44538b51e185,2.164181321174535,0.16666666666666666,0.0,0.0,0
f3573c44-03b4-45ef-84ec-191f4a0f4e38,0c23eec2-b432-4304-a719-f362bae973e3,1.5599405115966638,0.16666666666666666,0.0,0.0,0
f3573c44-03b4-45ef-84ec-191f4a0f4e38,cc3ce245-d2c4-4696-b785-14920ddbeb3b,1.7430985234271406,0.16666666666666666,0.0,0.0,0
f3573c44-03b4-45ef-84ec-191f4a0f4e38,9a4b5867-1357-4d34-b262-51edc75407f2,1.6623639158807486,0.08333333333333333,0.0,0.0,0
f3573c44-03b4-45ef-84ec-191f4a0f4e38,db574150-ab5c-4189-8c4c-53220f9b31f4,1.4288327516967188,0.16666666666666666,0.5,0.0,0
f3573c44-03b4-45ef-84ec-191f4a0f4e38,597e8191-d0bb-4471-9594-f464612fd0b0,0.7562292640685516,0.08333333333333333,0.0,0.0,0
f3573c44-03b4-45ef-84ec-191f4a0f4e38,00c60144-0d40-4ebb-8e7f-0162f1c2138a,1.967832202812261,0.08333333333333333,0.5,0.0,0
f3573c44-03b4-45ef-84ec-191f4a0f4e38,0153884f-2678-4be3-9f19-dcf7e81881e0,1.3164049335192018,0.0,0.0,0.0,0
f3573c44-03b4-45ef-84ec-191f4a0f4e38,cf8b496a-af33-4728-9988-1a6769f8d2e4,1.5054792369400243,0.75,0.0,0.6,0
f3573c44-03b4-45ef-84ec-191f4a0f4e38,92c11b37-c173-4e11-9c9f-e7f640d90583,1.8608600578459202,0.3333333333333333,0.5,0.6,0
f3573c44-03b4-45ef-84ec-191f4a0f4e38,d067e935-a546-4741-94af-d738bbaabe2f,1.5165382226913091,0.08333333333333333,0.5,0.0,0
f3573c44-03b4-45ef-84ec-191f4a0f4e38,c63ee197-2b3b-4e2e-93ac-2257ce1a893e,1.3085604237148643,0.25,0.0,0.0,0
f3573c44-03b4-45ef-84ec-191f4a0f4e38,6da37f8a-e673-4ab9-92fa-2841efb1d13c,2.1860184432990595,0.3333333333333333,0.0,0.0,0
f3573c44-03b4-45ef-84ec-191f4a0f4e38,c4ced3dd-58ea-4921-bbf2-851f1ccf4536,-0.6638618165438305,0.0,0.0,0.0,0
f3573c44-03b4-45ef-84ec-191f4a0f4e38,d0356ef7-058d-4ee9-a7a8-d8b3dbc2e5f4,1.718031801697247,0.16666666666666666,0.0,0.0,0
f3573c44-03b4-45ef-84ec-191f4a0f4e38,0a5bed3b-4ed7-49e8-b39b-b6e9789907c7,1.8842308640773562,0.16666666666666666,0.0,0.0,0
f3573c44-03b4-45ef-84ec-191f4a0f4e38,f71ba8e6-11ed-4adc-b8b0-aa0d24ef211f,0.9006295072907807,0.16666666666666666,0.0,0.0,0
e0045246-25ac-4362-8508-161eb1da3718,453d51bc-db53-4f72-a377-bfae2704b18c,1.6935489981540257,0.6666666666666666,0.0,0.0,0
e0045246-25ac-4362-8508-161eb1da3718,5a993b3e-b257-47e4-af0b-e13be3cb6e2c,1.4990841506747603,0.5,0.0,0.0,0
e0045246-25ac-4362-8508-161eb1da3718,80243e85-7bd9-42b5-a266-1d35ce707942,1.475957662815769,0.5833333333333334,0.0,0.0,0
e0045246-25ac-4362-8508-161eb1da3718,a75df95c-a940-4923-a16f-80d6f7edf938,0.887437626697195,0.5,0.5,0.0,0
e0045246-25ac-4362-8508-161eb1da3718,184f2871-847f-4720-a063-1a37dccbe980,0.5202303833937229,0.5833333333333334,0.0,0.0,0
e0045246-25ac-4362-8508-161eb1da3718,04cdd50f-d4e3-4019-85bc-6313af7c1398,1.426953850013234,0.5,0.5,0.0,0
e0045246-25ac-4362-8508-161eb1da3718,c125b250-6143-4d37-aa26-8b024a2fa38a,1.29228822987313,0.4166666666666667,0.5,0.0,0
e0045246-25ac-4362-8508-161eb1da3718,1a2f655b-c934-4193-8781-fa0c1808279d,1.5110041750291192,0.4166666666666667,0.5,0.0,0
e0045246-25ac-4362-8508-161eb1da3718,92582103-59a7-4a54-b8da-32038fbbafc3,1.7152485004257545,0.4166666666666667,0.0,0.2,0
e0045246-25ac-4362-8508-161eb1da3718,1be0248c-1bb2-4881-b5fd-f5ed3634d99b,1.3393413009427237,0.6666666666666666,0.5,0.0,0
e0045246-25ac-4362-8508-161eb1da3718,57c1e08c-1e67-4ed9-abf8-0a16ec5dedda,1.587362843396125,0.5833333333333334,0.0,0.0,0
e0045246-25ac-4362-8508-161eb1da3718,08653c68-feea-4260-ac79-ce9a7dcf402b,1.457191736817854,0.8333333333333334,0.5,0.0,0
e0045246-25ac-4362-8508-161eb1da3718,91877c9e-0b91-4100-a86a-a188ad0de02c,0.4236876404439699,0.5,0.5,0.0,0
e0045246-25ac-4362-8508-161eb1da3718,d5183b01-d52d-4876-bc09-d1c1caebf95b,1.4463874782274309,0.8333333333333334,0.0,0.0,0
e0045246-25ac-4362-8508-161eb1da3718,6ed5f463-2cf7-4234-9b4f-5144387ef936,1.1757880093790762,0.4166666666666667,0.5,0.0,0
e0045246-25ac-4362-8508-161eb1da3718,b3fee286-9163-4219-a5cf-6ac68863c53d,0.6474476450241851,0.6666666666666666,0.0,0.2,0
e0045246-25ac-4362-8508-161eb1da3718,582de480-8e07-4116-98a1-08ad7df0c8a9,1.509144057543836,0.5,0.0,0.0,0
e0045246-25ac-4362-8508-161eb1da3718,245a1c64-2c72-455e-b29c-98f27c32f449,1.733600533745667,0.25,0.0,0.2,0
e0045246-25ac-4362-8508-161eb1da3718,20303e5e-421e-468b-9b61-73eeece8faeb,1.3565371717821693,0.3333333333333333,1.0,0.6,0
e0045246-25ac-4362-8508-161eb1da3718,175d6968-c056-4a8d-acaf-d262544c91c4,1.6239510180975867,0.75,0.5,0.0,0
e0045246-25ac-4362-8508-161eb1da3718,8802263c-07e9-4ce2-b750-5107f7c5e1cd,1.3979489956467874,0.8333333333333334,0.0,0.0,0
e0045246-25ac-4362-8508-161eb1da3718,2e949138-f80e-4082-b09a-a025c58b05a0,1.469694384380788,0.6666666666666666,0.0,0.0,0
e0045246-25ac-4362-8508-161eb1da3718,38d39566-3824-4c65-a2eb-bc1ab0bc7aa1,1.3924313438275633,0.5,0.0,0.6,0
e0045246-25ac-4362-8508-161eb1da3718,878271a7-06a5-4be2-a5c6-0d7ba77807c3,0.9045545553873606,0.5,0.5,0.0,0
e0045246-25ac-4362-8508-161eb1da3718,e13075d0-1ddb-4edd-8292-38c2b5d43c9c,1.4432480818888869,0.75,0.0,0.0,0
68c4873e-72dd-487e-a659-e965d8a5b3f7,8bc7c47b-08ed-4c57-a929-063e7a8b85ef,3.0615614235153026,0.4166666666666667,0.5,0.0,0
68c4873e-72dd-487e-a659-e965d8a5b3f7,7c3b2e1b-c074-4c5e-b418-4d00dfd2a800,3.0679006095259345,0.75,0.0,0.0,0
68c4873e-72dd-487e-a659-e965d8a5b3f7,6da1742f-0f42-4134-91da-f5a7bdf53773,2.6077615223478596,0.5,0.0,0.0,0
68c4873e-72dd-487e-a659-e965d8a5b3f7,1a5abc63-d251-469e-8e5f-69af07fece56,3.001215156960668,0.75,0.0,0.0,0
68c4873e-72dd-487e-a659-e965d8a5b3f7,e010ceca-87a9-4042-a4c5-8decb692c07e,2.8580954697173087,0.6666666666666666,0.0,0.0,0
68c4873e-72dd-487e-a659-e965d8a5b3f7,bc7fe102-6bb8-4a80-86c0-83d9382b9213,2.0263523339762135,0.5833333333333334,0.0,0.0,0
68c4873e-72dd-487e-a659-e965d8a5b3f7,bdd8d9ba-0a0b-4463-a846-f836789ba517,1.9652792409805917,0.4166666666666667,0.5,0.0,0
68c4873e-72dd-487e-a659-e965d8a5b3f7,aa44e7b6-29d4-4f51-909b-dfe029c8af11,2.149402476766301,0.75,0.5,0.0,0
68c4873e-72dd-487e-a659-e965d8a5b3f7,fb3d06af-283d-4bfe-a442-d394b7401a31,2.6538507183599256,0.4166666666666667,0.0,0.0,0
68c4873e-72dd-487e-a659-e965d8a5b3f7,99f2e2f1-872c-42a4-b0ec-55ff177d0f17,3.1505206068363827,0.25,0.5,0.0,0
68c4873e-72dd-487e-a659-e965d8a5b3f7,45b4169a-d7f9-4405-b3f8-592426ed61a0,3.285173448790294,0.5833333333333334,0.0,0.0,0
68c4873e-72dd-487e-a659-e965d8a5b3f7,d79b2643-d8b8-417d-b558-a09783f26d5a,3.2432872054359905,0.6666666666666666,0.0,0.0,0
68c4873e-72dd-487e-a659-e965d8a5b3f7,ba29e9d5-89c5-491c-8a7c-5b8cc46aa261,2.8842491582291103,0.75,0.0,0.0,0
68c4873e-72dd-487e-a659-e965d8a5b3f7,e6f59989-a319-4812-afea-bee9a774f72b,3.3669766043518803,0.75,0.0,0.0,0
68c4873e-72dd-487e-a659-e965d8a5b3f7,44927206-fdbe-40dc-a781-41192228e450,2.473731399398396,0.6666666666666666,0.5,0.0,0
68c4873e-72dd-487e-a659-e965d8a5b3f7,54028043-3d9f-4724-be58-eb41b58aa2fa,1.3677729925161435,0.6666666666666666,0.0,0.0,0
68c4873e-72dd-487e-a659-e965d8a5b3f7,9c0c7e97-21eb-4c6d-89e6-fa0160dc761b,2.3898166304152855,0.6666666666666666,0.0,0.0,0
68c4873e-72dd-487e-a659-e965d8a5b3f7,bf049047-894b-4b64-aebc-14b5ab505dae,2.750754453285367,0.16666666666666666,0.5,0.0,0
68c4873e-72dd-487e-a659-e965d8a5b3f7,d143bfd9-1336-4c6a-9d42-ffe5e3fa8af2,2.261805243701379,0.5,0.0,0.0,0
68c4873e-72dd-487e-a659-e965d8a5b3f7,d76f8230-649d-4bb8-8b75-0f9f39b2f317,1.6200829666383942,0.6666666666666666,0.0,0.0,0
68c4873e-72dd-487e-a659-e965d8a5b3f7,30a27bda-141d-43bf-b357-4ac02bd96ce8,2.822862782222453,0.4166666666666667,0.5,0.0,0
68c4873e-72dd-487e-a659-e965d8a5b3f7,c10520ae-275b-45d2-9e66-d45b157dc730,3.0604765356488373,0.4166666666666667,0.0,0.0,0
68c4873e-72dd-487e-a659-e965d8a5b3f7,5a2933f7-cc8a-4348-a032-d17873f5965e,2.2764708429259106,0.25,0.0,0.0,0
68c4873e-72dd-487e-a659-e965d8a5b3f7,a65fb621-b618-46f7-8bf1-a29db0b229b5,3.641835459811911,0.25,0.5,0.6,0
68c4873e-72dd-487e-a659-e965d8a5b3f7,97ff4e06-eac3-4f55-b807-d1a4f1c7defe,1.4606717855298985,0.4166666666666667,0.0,0.0,0
8e296475-8a7a-40b8-a2fe-8f37af08b555,c736bafd-90f9-4158-a7f4-f4b099ece910,0.30786062261385155,0.4166666666666667,0.0,0.0,0
8e296475-8a7a-40b8-a2fe-8f37af08b555,bb82b18e-25c5-44c9-ad7b-797f69fab19d,0.24116219209392503,0.25,0.5,0.0,0
8e296475-8a7a-40b8-a2fe-8f37af08b555,cac7d8f4-d91a-41dc-9de8-8532b5a7c013,0.43671939929882747,0.25,0.5,0.0,0
8e296475-8a7a-40b8-a2fe-8f37af08b555,7a0ac489-4669-49fa-9033-60599d880d55,0.05109140141998027,0.16666666666666666,0.0,0.0,0
8e296475-8a7a-40b8-a2fe-8f37af08b555,1acece77-db32-4067-9b9a-d4b49523c3cb,-0.019390378029860426,0.3333333333333333,0.0,0.0,0
8e296475-8a7a-40b8-a2fe-8f37af08b555,ca500427-09b9-4a1c-9e31-3471869a5907,-0.015830087091950648,0.08333333333333333,0.5,0.0,0
8e296475-8a7a-40b8-a2fe-8f37af08b555,de8bbb9c-d1a3-42e5-a2f8-1477057c3b00,0.31795685296547554,0.5833333333333334,0.5,0.0,0
8e296475-8a7a-40b8-a2fe-8f37af08b555,2db9584b-5ed8-4825-8d44-e631bebff6a1,0.40746444107858876,0.16666666666666666,0.0,0.2,0
8e296475-8a7a-40b8-a2fe-8f37af08b555,21357959-6344-4926-80e9-1d6277135e31,0.25262595397930016,0.25,0.0,0.0,0
8e296475-8a7a-40b8-a2fe-8f37af08b555,b9c18e9b-2b5c-43e9-ab51-69816d9b1a87,0.011179420467600818,0.3333333333333333,0.5,0.0,0
8e296475-8a7a-40b8-a2fe-8f37af08b555,c39139af-908e-4454-bf9b-b505c980fd47,0.09778239037989375,0.25,0.5,0.0,0
8e296475-8a7a-40b8-a2fe-8f37af08b555,31c5c2ff-b6bb-4a60-9f9b-e761737995bb,0.24106535964354903,0.16666666666666666,0.5,0.0,0
8e296475-8a7a-40b8-a2fe-8f37af08b555,f7116bdd-962a-47c6-8ddc-ab8668561799,-0.09290519666693382,0.25,0.0,0.0,0
8e296475-8a7a-40b8-a2fe-8f37af08b555,ddac726c-9631-40ea-b3fd-8811fd23d3bd,0.20075224521484178,0.16666666666666666,0.0,0.0,0
8e296475-8a7a-40b8-a2fe-8f37af08b555,10cfa017-06d8-44cc-ad4e-c2440e71cc97,0.16320250929577493,0.0,0.0,0.0,0
8e296475-8a7a-40b8-a2fe-8f37af08b555,08cc4958-1f8a-444b-abec-228391c99810,0.12449163488306567,0.08333333333333333,0.0,0.0,0
8e296475-8a7a-40b8-a2fe-8f37af08b555,d2c793d9-28c4-45d4-b529-169a4bff30b6,0.1168731035582076,0.16666666666666666,0.0,0.0,0
8e296475-8a7a-40b8-a2fe-8f37af08b555,0e926985-9e85-44a3-966d-1cc3409a8aae,0.46006980942349995,0.3333333333333333,0.0,0.0,0
8e296475-8a7a-40b8-a2fe-8f37af08b555,903f3608-abd9-4f6e-8423-a1858b1141f0,0.36938183712004036,0.3333333333333333,0.0,0.0,0
8e296475-8a7a-40b8-a2fe-8f37af08b555,6381cf1f-f973-41a6-a5a7-b4350ec989a1,0.48822126726029574,0.16666666666666666,0.0,0.0,0
8e296475-8a7a-40b8-a2fe-8f37af08b555,80fd4a74-e2eb-48a9-9121-b9dc51342fba,-0.054477151774955476,0.4166666666666667,0.0,0.0,0
8e296475-8a7a-40b8-a2fe-8f37af08b555,a6305321-0874-4e0a-9d2b-cc4280f46562,-0.16979540022385659,0.08333333333333333,0.0,0.0,0
8e296475-8a7a-40b8-a2fe-8f37af08b555,f56acc65-3531-457c-9a8c-2936c43978be,0.09174792147838458,0.5,0.5,0.0,0
8e296475-8a7a-40b8-a2fe-8f37af08b555,15897f81-81e1-433b-9b93-7084571172c6,0.012904918782599648,0.4166666666666667,0.0,0.0,0
8e296475-8a7a-40b8-a2fe-8f37af08b555,1bbbc5b1-622c-4f79-8c01-a04a8be7eef9,0.17742798774739843,0.4166666666666667,0.5,0.0,0
9df2cee2-8b65-4536-b41a-e2830a509fbd,26be6eae-cadb-44af-a83c-8101ceb750e4,7.18495960138487,0.16666666666666666,0.5,0.0,0
9df2cee2-8b65-4536-b41a-e2830a509fbd,b69887e1-7fca-43f9-afbd-fa749da65544,6.218569216213455,0.16666666666666666,0.5,0.0,0
9df2cee2-8b65-4536-b41a-e2830a509fbd,4455e778-d25f-4ec9-a24c-8e9d5c189979,6.3768908304705585,0.25,0.5,0.0,0
9df2cee2-8b65-4536-b41a-e2830a509fbd,ac965d90-9de1-48c8-a739-4621003270fc,3.614775210896029,0.08333333333333333,0.0,0.6,0
9df2cee2-8b65-4536-b41a-e2830a509fbd,ccec277b-6875-4610-926a-6cf50438ab47,7.977833886814817,0.3333333333333333,0.0,0.0,0
9df2cee2-8b65-4536-b41a-e2830a509fbd,9f728d7d-969d-4355-a6d6-47e9b507f9e0,6.726836883358913,0.25,0.5,0.0,0
9df2cee2-8b65-4536-b41a-e2830a509fbd,1b187f97-d15c-4179-ad14-2cff35034c79,2.1861571347289965,0.25,0.0,0.0,0
9df2cee2-8b65-4536-b41a-e2830a509fbd,53ab4f18-9ccb-4e64-91c5-2f9ba4bba000,8.320843299562148,0.08333333333333333,0.0,0.0,0
9df2cee2-8b65-4536-b41a-e2830a509fbd,92d59605-f048-4af6-a23b-7f3d2987ce47,7.9472797834695035,0.16666666666666666,0.0,0.0,0
9df2cee2-8b65-4536-b41a-e2830a509fbd,74e17cde-e167-4f42-a827-12f90f8ee634,4.296345552687907,0.25,0.5,0.0,0
9df2cee2-8b65-4536-b41a-e2830a509fbd,5d4aed1b-dad3-4b0e-aecd-6ee3ae90c836,7.438640944552987,0.08333333333333333,0.0,0.0,0
9df2cee2-8b65-4536-b41a-e2830a509fbd,9a2edfd6-aa4c-4dc1-ae7f-b4cacd59da4a,6.834221760235405,0.08333333333333333,0.0,0.0,0
9df2cee2-8b65-4536-b41a-e2830a509fbd,f4f8ec81-f96d-4688-95fc-9ab9301b808a,10.431648028660817,0.08333333333333333,0.0,0.0,0
9df2cee2-8b65-4536-b41a-e2830a509fbd,01a0e430-c22b-4ce0-b86b-dcf891fa2e27,10.994759454971243,0.3333333333333333,0.5,0.0,0
9df2cee2-8b65-4536-b41a-e2830a509fbd,b78f9c98-24d9-4915-9cd9-732416510bfc,9.362461834458461,0.16666666666666666,0.0,0.0,0
9df2cee2-8b65-4536-b41a-e2830a509fbd,1e012edc-6be4-4697-b9e1-50abd7a95bee,3.825254413023152,0.3333333333333333,0.5,0.0,0
9df2cee2-8b65-4536-b41a-e2830a509fbd,71e6afe0-dcac-4cbc-a2cd-b7a48f81406b,5.772509256977083,0.3333333333333333,0.5,0.0,0
9df2cee2-8b65-4536-b41a-e2830a509fbd,8a0bc887-1166-4bf7-bac6-59b191a358cd,5.034772028125595,0.08333333333333333,0.5,0.0,0
9df2cee2-8b65-4536-b41a-e2830a509fbd,b49ec73e-e9a0-45d5-b808-05d83a470038,5.945235133193728,0.25,0.0,0.0,0
9df2cee2-8b65-4536-b41a-e2830a509fbd,dfc72772-185a-4e7b-99bc-b5469178deee,8.628157362891201,0.0,0.0,0.0,0
9df2cee2-8b65-4536-b41a-e2830a509fbd,1492ab33-3abf-4091-bc61-60423a4ba3ca,7.794984681224192,0.25,0.0,0.0,0
9df2cee2-8b65-4536-b41a-e2830a509fbd,cb637914-fa6b-47af-8121-8cd91889487e,10.411364537112856,0.08333333333333333,0.5,0.0,0
9df2cee2-8b65-4536-b41a-e2830a509fbd,07545b9b-2a77-45f4-a9a9-fc2beaedbaef,4.51574909212639,0.3333333333333333,0.5,0.0,0
9df2cee2-8b65-4536-b41a-e2830a509fbd,11a057aa-a565-47b5-920f-26e0c1239001,9.059842292199942,0.16666666666666666,0.5,0.0,0
9df2cee2-8b65-4536-b41a-e2830a509fbd,21a1f266-eff0-4d76-8497-a3cbde5dd230,8.943703990726167,0.5,0.0,0.0,0
2b3eedc3-8d51-46a6-aad5-2fc6d6fb8784,aab61d03-3903-4790-a2bf-cd2667d6fca4,0.2505737733503909,0.08333333333333333,0.5,0.0,0
2b3eedc3-8d51-46a6-aad5-2fc6d6fb8784,ecd7d737-a45d-4dd0-94ac-5c005ff2856e,1.22530041062651,0.3333333333333333,0.5,0.0,0
2b3eedc3-8d51-46a6-aad5-2fc6d6fb8784,854a65c6-72ef-4aba-ab84-8cafec5af239,0.878365401141327,0.4166666666666667,0.0,0.0,0
2b3eedc3-8d51-46a6-aad5-2fc6d6fb8784,e8760130-9a5a-4170-b6bd-1e9555bcb543,1.579818786702305,0.3333333333333333,0.5,0.0,0
2b3eedc3-8d51-46a6-aad5-2fc6d6fb8784,6789c4b8-8168-40ce-a18f-62f3dede1f54,1.7642645406609647,0.16666666666666666,0.5,0.6,0
2b3eedc3-8d51-46a6-aad5-2fc6d6fb8784,281061ed-2d41-4edc-a1ec-bf462f722fbc,-0.15322710499195655,0.08333333333333333,0.0,0.0,0
2b3eedc3-8d51-46a6-aad5-2fc6d6fb8784,cc611ec3-3981-4e52-ae49-f7d67c68d8b7,1.3395632034577598,0.0,0.0,0.0,0
2b3eedc3-8d51-46a6-aad5-2fc6d6fb8784,3b9a724c-0f8c-401b-b91f-0e8ba8372058,1.393746761545604,0.08333333333333333,0.5,0.0,0
2b3eedc3-8d51-46a6-aad5-2fc6d6fb8784,0865a435-54da-47a4-b5c9-5e117c1487fe,0.32537176759422887,0.08333333333333333,0.0,0.0,0
2b3eedc3-8d51-46a6-aad5-2fc6d6fb8784,e60dd4f8-ec2f-4173-87e7-74cf6c593a55,1.3205736001451618,0.25,0.0,0.0,0
2b3eedc3-8d51-46a6-aad5-2fc6d6fb8784,a7ff499d-26ff-4246-a595-9ba55a1fa9c2,2.314558035841948,0.25,0.5,0.0,0
2b3eedc3-8d51-46a6-aad5-2fc6d6fb8784,85419be2-677a-4ce9-b82a-1e2fde8b9bb5,1.0762444900867518,0.25,0.0,0.0,0
2b3eedc3-8d51-46a6-aad5-2fc6d6fb8784,e16929c6-31aa-44bd-a730-955e36f92753,1.6164460931322384,0.08333333333333333,0.5,0.0,0
2b3eedc3-8d51-46a6-aad5-2fc6d6fb8784,d8c0f459-f3da-4b96-84a4-f562fe7fe2c2,1.8314722868165936,0.08333333333333333,0.5,0.0,0
2b3eedc3-8d51-46a6-aad5-2fc6d6fb8784,0cd80d75-0f24-4536-9a05-2e2ecb71f795,1.3648032625880582,0.16666666666666666,0.0,0.0,0
2b3eedc3-8d51-46a6-aad5-2fc6d6fb8784,cefead66-3083-411d-8eb5-8a92f4e32f8f,1.9593651060896993,0.25,0.0,0.0,0
2b3eedc3-8d51-46a6-aad5-2fc6d6fb8784,17ee931d-6d57-4435-9e01-d8f723cdd2c5,0.5866140501090986,0.16666666666666666,1.0,0.0,0
2b3eedc3-8d51-46a6-aad5-2fc6d6fb8784,23af0cb9-9049-481a-955f-7910bc616496,1.8735179542028075,0.16666666666666666,0.0,0.0,0
2b3eedc3-8d51-46a6-aad5-2fc6d6fb8784,8616e906-cb0d-4e7b-b339-832a5b7a7bc7,0.4704134814240015,0.4166666666666667,0.5,0.6,0
2b3eedc3-8d51-46a6-aad5-2fc6d6fb8784,a9c83b4a-eebb-40a3-952d-f6f31c3ad3cf,1.261919305173804,0.25,0.0,0.0,0
2b3eedc3-8d51-46a6-aad5-2fc6d6fb8784,ceab30d1-1ddf-449f-8eb8-a2245dbdf211,1.3358099594271653,0.08333333333333333,0.0,0.0,0
2b3eedc3-8d51-46a6-aad5-2fc6d6fb8784,89915dfd-00bf-46d9-b23a-f6ecdba92b88,0.5107062218536385,0.3333333333333333,0.5,0.2,0
2b3eedc3-8d51-46a6-aad5-2fc6d6fb8784,b54cb641-c601-44c8-acfa-cd6a4f1f93f7,2.148792954480375,0.5,0.0,0.0,0
2b3eedc3-8d51-46a6-aad5-2fc6d6fb8784,634eca3b-c4bf-4c58-b9ed-fb63e4b40047,0.8912116269434983,0.08333333333333333,0.0,0.0,0
2b3eedc3-8d51-46a6-aad5-2fc6d6fb8784,807e24eb-5d40-4704-8231-37fc2d6a6746,1.5262511317001377,0.3333333333333333,0.0,0.0,0
ef2021cb-85d4-4f61-80a2-640d5cf681d3,2ffeabbd-47fd-49fb-a6e6-f4429a37ba78,1.7858302445688432,0.08333333333333333,0.5,0.0,0
ef2021cb-85d4-4f61-80a2-640d5cf681d3,efec7563-5870-4ba0-af6f-882e4090dc2a,2.005047479295503,0.08333333333333333,0.5,0.0,0
ef2021cb-85d4-4f61-80a2-640d5cf681d3,fd7c465b-40f4-4642-933b-9023ceab48ef,0.8873097069550094,0.3333333333333333,0.0,0.2,0
ef2021cb-85d4-4f61-80a2-640d5cf681d3,bbbea563-5ef2-4ef1-8244-7c791ffc97c1,1.2739965490432685,0.08333333333333333,0.5,0.0,0
ef2021cb-85d4-4f61-80a2-640d5cf681d3,91f1a2fe-460b-4f6d-a2a4-dd82c8ea2596,0.6788257569079921,0.4166666666666667,0.0,0.0,0
ef2021cb-85d4-4f61-80a2-640d5cf681d3,8e3ec792-a98e-486c-b454-bc48c24d5949,1.2894774641328774,0.08333333333333333,0.0,0.0,0
ef2021cb-85d4-4f61-80a2-640d5cf681d3,a57956c2-c11f-4b19-8800-68748e9b4211,1.3833768499778778,0.16666666666666666,0.0,0.0,0
ef2021cb-85d4-4f61-80a2-640d5cf681d3,df7d860a-9454-4625-b0fb-920e12b5057c,-0.2573609763762035,0.08333333333333333,0.0,0.0,0
ef2021cb-85d4-4f61-80a2-640d5cf681d3,f4b6c13b-8020-4651-a3f1-8dd67ebd80a2,1.9236711111342062,0.25,0.0,0.0,0
ef2021cb-85d4-4f61-80a2-640d5cf681d3,653316ae-dfbc-4c81-987b-757394c780c3,2.4370304284405346,0.25,0.0,0.6,0
ef2021cb-85d4-4f61-80a2-640d5cf681d3,1be004d2-6d24-40e1-a87b-720e52afd255,1.7607740164008656,0.25,0.5,0.0,0
ef2021cb-85d4-4f61-80a2-640d5cf681d3,51a953cf-5b5d-4849-a29a-b563ddf7ea1b,1.798461928842167,0.08333333333333333,0.0,0.0,0
ef2021cb-85d4-4f61-80a2-640d5cf681d3,246f2f47-52ba-41d6-a33e-9fff524fb878,1.883383483309523,0.08333333333333333,0.0,0.0,0
ef2021cb-85d4-4f61-80a2-640d5cf681d3,4741ca55-c118-429b-aa71-aff38fd5a8e0,1.3932618678051967,0.08333333333333333,0.5,0.0,0
ef2021cb-85d4-4f61-80a2-640d5cf681d3,d433110f-fa95-40f3-9042-dcbb010ec374,0.13728669031693708,0.25,0.0,0.0,0
ef2021cb-85d4-4f61-80a2-640d5cf681d3,944abc25-a6b5-44b8-8d96-0fdc87df0a8c,1.9682135275083905,0.3333333333333333,0.5,0.0,0
ef2021cb-85d4-4f61-80a2-640d5cf681d3,9f505987-8ab3-4abd-b58f-6b8f1c086d5a,0.010898587582553364,0.0,0.5,0.0,0
ef2021cb-85d4-4f61-80a2-640d5cf681d3,eefe28ba-6de9-46de-be75-12049c9a773f,0.7192592237116365,0.0,0.0,0.0,0
ef2021cb-85d4-4f61-80a2-640d5cf681d3,33733988-0aef-4c29-acb8-bde2cc275dc9,2.2043786040662514,0.25,0.5,0.0,0
ef2021cb-85d4-4f61-80a2-640d5cf681d3,b96cbd48-5ed4-472f-9aaf-d8c744a9f745,2.5457948715982246,0.3333333333333333,0.0,0.0,0
ef2021cb-85d4-4f61-80a2-640d5cf681d3,26511573-7858-4689-b696-38645f54d442,2.766004761028042,0.08333333333333333,0.5,0.0,0
ef2021cb-85d4-4f61-80a2-640d5cf681d3,0357aa2b-69b1-4c3f-a9fa-3cde7d0f46bd,1.7473339890436435,0.25,0.5,0.0,0
ef2021cb-85d4-4f61-80a2-640d5cf681d3,a72b93e3-bd91-43ef-8d0c-dead11d25cce,1.6995664587258916,0.25,0.0,0.0,0
ef2021cb-85d4-4f61-80a2-640d5cf681d3,1e9e291f-6b2c-4d14-b325-d5989fd138c5,1.500566382625578,0.0,0.0,0.0,0
ef2021cb-85d4-4f61-80a2-640d5cf681d3,c5204974-3f4d-41b5-91e9-5561de713ba7,1.9518572311429812,0.08333333333333333,0.0,0.6,0
eea75e62-2dc7-43b3-ad9c-3a1c950c0e1a,d20fa8db-1f75-451b-af25-f877a7df2fd8,0.5628298808918163,0.75,0.5,0.0,0
eea75e62-2dc7-43b3-ad9c-3a1c950c0e1a,c45a34b7-e4bb-436e-bd2d-dad960c1b85f,0.9779288481007425,0.6666666666666666,0.5,0.0,0
eea75e62-2dc7-43b3-ad9c-3a1c950c0e1a,62206f71-6ae3-46a8-b9d3-97a2749baf00,0.8143452642250054,0.5,0.0,0.0,0
eea75e62-2dc7-43b3-ad9c-3a1c950c0e1a,f8e852ef-3000-4d97-93c8-7e90e0804ad5,1.042008511031736,0.5833333333333334,0.0,0.0,0
eea75e62-2dc7-43b3-ad9c-3a1c950c0e1a,4a64c4da-9338-4dd1-91aa-b7c1585fd413,1.3320949332160261,0.6666666666666666,0.5,0.0,0
eea75e62-2dc7-43b3-ad9c-3a1c950c0e1a,1a3e0e18-cca2-4cee-9e54-764c9f691536,1.1700799811190392,0.16666666666666666,0.5,0.6,0
eea75e62-2dc7-43b3-ad9c-3a1c950c0e1a,b32471e1-e19f-4c3f-98f6-f9eb9e7eaead,0.8300511279884234,0.5833333333333334,0.0,0.0,0
eea75e62-2dc7-43b3-ad9c-3a1c950c0e1a,764cf6b7-a4f5-4407-a82f-ec27647cec1d,0.870486810146699,0.5,0.0,0.0,0
eea75e62-2dc7-43b3-ad9c-3a1c950c0e1a,565c07f2-a934-441f-b58d-2912713317ba,0.11694748591176876,0.5833333333333334,0.0,0.0,0
eea75e62-2dc7-43b3-ad9c-3a1c950c0e1a,5fee1052-962c-4d3c-ac52-bc16c017bb52,0.31675886918057017,0.6666666666666666,0.0,0.0,0
eea75e62-2dc7-43b3-ad9c-3a1c950c0e1a,79f9c290-ff54-440e-b0ad-1c560f517f32,0.5029530688580396,0.75,0.5,0.2,0
eea75e62-2dc7-43b3-ad9c-3a1c950c0e1a,b185942e-cd3b-4126-b327-0313a24f64c2,0.6907183223572859,0.25,0.0,0.6,0
eea75e62-2dc7-43b3-ad9c-3a1c950c0e1a,b1773714-c8c5-47a0-82f1-5a739cfa357a,0.8101501733105968,0.5833333333333334,0.5,0.0,0
eea75e62-2dc7-43b3-ad9c-3a1c950c0e1a,07030e0d-308a-4291-ad0e-6fd651d32bab,0.614328470879725,0.75,0.5,0.2,0
eea75e62-2dc7-43b3-ad9c-3a1c950c0e1a,66381ef8-bdc6-4af8-8f61-5a0e9b116065,0.5422442161212189,0.6666666666666666,0.0,0.0,0
eea75e62-2dc7-43b3-ad9c-3a1c950c0e1a,a6baca52-358a-4524-95f1-5adb73f6867a,0.6415779709279038,0.9166666666666666,0.0,0.0,0
eea75e62-2dc7-43b3-ad9c-3a1c950c0e1a,24337ee4-a04d-4f9c-8acf-c394cb0ec3b6,0.5129200799626581,0.6666666666666666,0.0,0.2,0
eea75e62-2dc7-43b3-ad9c-3a1c950c0e1a,5e851588-4e4a-4148-ba39-545c33db5ada,1.00560556653561,0.5,0.5,0.0,0
eea75e62-2dc7-43b3-ad9c-3a1c950c0e1a,edf87d3f-76bf-4794-b75d-fc9409e471a0,0.6457424825977989,0.8333333333333334,0.0,0.0,0
eea75e62-2dc7-43b3-ad9c-3a1c950c0e1a,4771f006-16cf-411a-9d3e-1cfd48f33f64,0.5828579970098772,1.0,0.0,0.0,0
eea75e62-2dc7-43b3-ad9c-3a1c950c0e1a,76c2e3eb-223b-402a-8ece-16f8e87bb6b6,0.6509531058009989,0.16666666666666666,0.0,0.6,0
eea75e62-2dc7-43b3-ad9c-3a1c950c0e1a,2c10572d-f8b4-41a4-b408-f62338c3a93b,0.6636859892009854,0.4166666666666667,0.0,0.0,0
eea75e62-2dc7-43b3-ad9c-3a1c950c0e1a,16d3eab8-68a2-4933-aa85-17c654d80600,1.550443621044064,0.5,0.5,0.0,0
eea75e62-2dc7-43b3-ad9c-3a1c950c0e1a,293ce512-9546-4800-a406-0305d5249944,0.9901466030409751,0.25,0.5,0.0,0
eea75e62-2dc7-43b3-ad9c-3a1c950c0e1a,244407a9-cfea-4193-af82-a4322551aa55,0.8523603659490713,0.4166666666666667,0.5,0.0,0
4ab245ed-5737-4e36-8bde-e38a20c9ed25,ea76ee97-07b0-4a75-afcb-bc2754ecacdd,2.052060142638386,0.3333333333333333,0.0,0.0,0
4ab245ed-5737-4e36-8bde-e38a20c9ed25,e00bf5ed-7a63-4d8f-85b2-3d12d5969e3f,3.3106070534776597,0.75,0.0,0.0,0
4ab245ed-5737-4e36-8bde-e38a20c9ed25,a1734752-e551-434d-979e-efc479e5e4c4,2.4769919804005585,0.3333333333333333,0.0,0.0,0
4ab245ed-5737-4e36-8bde-e38a20c9ed25,3af92c63-319f-48b7-98d7-e68740606b13,2.0500467878569104,0.4166666666666667,0.0,0.0,0
4ab245ed-5737-4e36-8bde-e38a20c9ed25,3c81cb63-575b-40ff-b9fe-ce5c9b796269,2.9900245329552284,0.8333333333333334,0.0,0.6,0
4ab245ed-5737-4e36-8bde-e38a20c9ed25,4808c428-134e-4818-8aed-8b74d8315e44,2.9348454597927702,0.5833333333333334,0.0,0.0,0
4ab245ed-5737-4e36-8bde-e38a20c9ed25,f2bd273b-1d40-4f6f-afe7-bdb30b33fead,2.503093742305796,0.3333333333333333,0.0,0.0,0
4ab245ed-5737-4e36-8bde-e38a20c9ed25,d85cc1a1-a88c-45f9-91fc-53dde4b285f9,3.8966210130576218,0.75,0.5,0.0,0
4ab245ed-5737-4e36-8bde-e38a20c9ed25,d8f99d04-ea75-4892-a974-d575d4c113f8,3.14373843356323,0.5833333333333334,0.0,0.0,0
4ab245ed-5737-4e36-8bde-e38a20c9ed25,9d9d8e17-3e90-4b6b-8d84-401ed9efbee1,3.022262871126158,0.75,0.0,0.0,0
4ab245ed-5737-4e36-8bde-e38a20c9ed25,c5339074-4e98-478e-a509-6c20a998a702,2.2270901431918886,0.5,0.5,0.0,0
4ab245ed-5737-4e36-8bde-e38a20c9ed25,2cb7034c-4d84-486d-9f62-fdf3c0e4813c,2.4825016756171943,0.5,0.5,0.0,0
4ab245ed-5737-4e36-8bde-e38a20c9ed25,5bb3628b-4ca2-4793-8f01-665c933aff63,2.7497142698358696,0.5,0.5,0.0,0
4ab245ed-5737-4e36-8bde-e38a20c9ed25,ff7b3082-d306-4ce1-bfa4-3df22512e140,1.0602125003107914,0.5833333333333334,0.0,0.0,0
4ab245ed-5737-4e36-8bde-e38a20c9ed25,b830a8a9-8df6-4024-9756-3fbc3c2cca88,1.9176459956669236,0.5833333333333334,0.5,0.0,0
4ab245ed-5737-4e36-8bde-e38a20c9ed25,649bdf1d-fcb5-4209-a848-894655ca3466,2.330903190370574,0.6666666666666666,0.5,0.0,0
4ab245ed-5737-4e36-8bde-e38a20c9ed25,e2ff30e9-2551-45dc-b757-f12f8414de7a,3.7568742991957134,0.5,0.5,0.0,0
4ab245ed-5737-4e36-8bde-e38a20c9ed25,13fed1d7-3a1a-4ffd-8534-b336f5fd631e,2.2125830649841656,0.25,0.5,0.0,0
4ab245ed-5737-4e36-8bde-e38a20c9ed25,81594981-06ed-4011-bf85-9dc868c301d9,2.3907531028751032,0.25,0.0,0.0,0
4ab245ed-5737-4e36-8bde-e38a20c9ed25,6ae50a92-9b54-4c89-b796-85fd3759bb77,2.7735430737155617,0.4166666666666667,0.0,0.0,0
4ab245ed-5737-4e36-8bde-e38a20c9ed25,c4f504d4-b2e2-43a8-b4c0-806fc45d3269,3.076742233738201,0.5,0.0,0.0,0
4ab245ed-5737-4e36-8bde-e38a20c9ed25,3b3ac56d-4047-405e-8533-57906ee33641,2.106448928683975,0.6666666666666666,0.0,0.2,0
4ab245ed-5737-4e36-8bde-e38a20c9ed25,55d95321-e060-4410-a010-3b208fbf6e0b,2.957136412572449,0.3333333333333333,0.0,0.0,0
4ab245ed-5737-4e36-8bde-e38a20c9ed25,4a5a7f36-fb80-44dd-b2ac-9e51db97c2e5,3.314288428397228,0.3333333333333333,0.0,0.0,0
4ab245ed-5737-4e36-8bde-e38a20c9ed25,3e6daa8d-5702-43ad-9446-5cfb271c4f78,2.6456858984072915,0.5,0.0,0.2,0
cd8a7607-0fff-4159-bcf5-1e11f58eaa16,c8d2676f-f97a-412d-bf73-77c41a97a771,-0.18297859754283047,0.5,0.0,0.0,0
cd8a7607-0fff-4159-bcf5-1e11f58eaa16,046270e3-49ac-4902-a932-8f9686fc84f2,-0.1564131089383954,0.08333333333333333,0.0,0.0,0
cd8a7607-0fff-4159-bcf5-1e11f58eaa16,896f5037-b330-40b3-8cc1-85fcd2100aa6,-0.4213804817786021,0.0,0.5,0.0,0
cd8a7607-0fff-4159-bcf5-1e11f58eaa16,5e8b5f8a-0329-4092-84d8-c6a43b88dcc0,-0.35658442215583225,0.25,0.5,0.0,0
cd8a7607-0fff-4159-bcf5-1e11f58eaa16,2b333a0c-babd-4892-8835-f2459ccdecf7,-0.14238872106436098,0.3333333333333333,0.0,0.0,0
cd8a7607-0fff-4159-bcf5-1e11f58eaa16,ab22b487-ed3f-4e8e-887c-efc1cd8af2e9,-0.24052506419618774,0.16666666666666666,0.5,0.0,0
cd8a7607-0fff-4159-bcf5-1e11f58eaa16,deea0c41-92c7-4162-8fe7-9894b369d691,-0.01042715257893466,0.3333333333333333,0.0,0.0,0
cd8a7607-0fff-4159-bcf5-1e11f58eaa16,4436f8f2-b74f-4538-9b1f-0353ad150a3c,-0.25793763432367117,0.08333333333333333,0.5,0.0,0
cd8a7607-0fff-4159-bcf5-1e11f58eaa16,90ec86ed-4b1b-444f-8b34-73bd48aaa855,-0.1488479831917906,0.25,0.0,0.0,0
cd8a7607-0fff-4159-bcf5-1e11f58eaa16,047bc229-0e37-4747-8352-292561686bea,-0.3482401444022541,0.16666666666666666,0.5,0.0,0
cd8a7607-0fff-4159-bcf5-1e11f58eaa16,ddca5f0c-e605-4986-9029-2dadca980f4e,-0.12278569552119516,0.25,0.0,0.0,0
cd8a7607-0fff-4159-bcf5-1e11f58eaa16,e0a4ad27-cc45-4cbb-b709-251b19499e85,-0.3374478164233622,0.08333333333333333,0.0,0.0,0
cd8a7607-0fff-4159-bcf5-1e11f58eaa16,aa159e3e-8206-4dcc-be3a-4ea229b0b52c,-0.7393685613914858,0.16666666666666666,0.5,0.0,0
cd8a7607-0fff-4159-bcf5-1e11f58eaa16,3e248b39-eb87-46ee-a864-b964ced3e28c,-0.001564567420455878,0.16666666666666666,0.0,0.0,0
cd8a7607-0fff-4159-bcf5-1e11f58eaa16,011a0e4a-77bd-4e12-9d8a-1307c5d0a02f,0.18662847341286867,0.0,0.0,0.0,0
cd8a7607-0fff-4159-bcf5-1e11f58eaa16,6e667347-4ab5-4ead-9932-2078019b8574,0.1969482780132522,0.08333333333333333,1.0,0.0,0
cd8a7607-0fff-4159-bcf5-1e11f58eaa16,7a5e202f-e7e3-4655-a521-75173e830d8d,-0.22196596767483437,0.16666666666666666,0.5,0.0,0
cd8a7607-0fff-4159-bcf5-1e11f58eaa16,58c0e311-45aa-44da-a080-e9178bca0cdd,-0.19228910702488625,0.5833333333333334,0.0,0.0,0
cd8a7607-0fff-4159-bcf5-1e11f58eaa16,b96ff0a9-5604-4bc8-89af-ba595496b5bb,0.08777620809127609,0.5,0.0,0.0,0
cd8a7607-0fff-4159-bcf5-1e11f58eaa16,08fcdd7f-747d-4eb5-893a-889a03ced744,-0.3080138308868171,0.08333333333333333,0.5,0.0,0
cd8a7607-0fff-4159-bcf5-1e11f58eaa16,5dec6770-a6d9-4727-b41f-ef380ea41d76,0.013600336175108637,0.3333333333333333,0.0,0.0,0
cd8a7607-0fff-4159-bcf5-1e11f58eaa16,0f458982-1b1a-4e66-b772-a8108f87371f,-0.11265991558717298,0.08333333333333333,0.5,0.0,0
cd8a7607-0fff-4159-bcf5-1e11f58eaa16,eddb8752-5b00-4071-8717-cfffef11d24e,0.14251328443208283,0.25,0.0,0.0,0
cd8a7607-0fff-4159-bcf5-1e11f58eaa16,e1bc0fa8-1696-438f-a0b9-db68c47404aa,-0.20849890807205332,0.16666666666666666,0.0,0.0,0
cd8a7607-0fff-4159-bcf5-1e11f58eaa16,b7bd2eda-5e54-43a5-99b5-9cfab074b7c6,-0.6391474367103228,0.4166666666666667,0.0,0.0,0
f912f797-d472-4174-b068-daadd769e49d,027f9e8a-65b5-485e-801d-70a6192231a0,12.49911125956028,0.08333333333333333,0.5,0.0,0
f912f797-d472-4174-b068-daadd769e49d,2b1e2b63-af58-4a9c-9f6d-7bc8af2f9f4f,11.25878666961781,0.08333333333333333,0.5,0.6,0
f912f797-d472-4174-b068-daadd769e49d,32812c96-0895-4ef4-93d3-8d498c427656,9.4010510706384,0.08333333333333333,0.0,0.0,0
f912f797-d472-4174-b068-daadd769e49d,9f6ed3e7-7cdb-4bcf-986f-d41903ac57a7,8.279646423867636,0.4166666666666667,0.0,0.6,0
f912f797-d472-4174-b068-daadd769e49d,591d4f8e-43f1-4917-9af1-c66c032888c9,7.787724053327966,0.3333333333333333,0.0,0.0,0
f912f797-d472-4174-b068-daadd769e49d,43b6f5a7-49cb-4261-8bb9-33acc9e78be5,10.307332068005346,0.0,0.5,0.0,0
f912f797-d472-4174-b068-daadd769e49d,8338ebb7-15ab-45be-bed3-75ad93e6d674,10.194413665319985,0.0,0.0,0.0,0
f912f797-d472-4174-b068-daadd769e49d,38e7517e-0a7f-4a38-bd06-7b5fb2f75378,9.53131305335446,0.75,0.5,0.6,0
f912f797-d472-4174-b068-daadd769e49d,a7126253-1933-4893-a2cb-990feba420eb,12.056574675996476,0.16666666666666666,0.5,0.0,0
f912f797-d472-4174-b068-daadd769e49d,1414d80b-368b-4470-bd9f-940baf1e68d2,6.104104664702104,0.16666666666666666,0.0,0.0,0
f912f797-d472-4174-b068-daadd769e49d,1157f269-cf3e-48f5-99e0-79ee699dad2f,7.802585437318571,0.16666666666666666,0.0,0.0,0
f912f797-d472-4174-b068-daadd769e49d,812701a3-3679-4479-8aca-45ca5984cc44,9.951904497431917,0.25,0.5,0.2,0
f912f797-d472-4174-b068-daadd769e49d,ab95e0c3-f283-4467-bbc4-1b06458c2790,10.12510676063213,0.08333333333333333,0.5,0.0,0
f912f797-d472-4174-b068-daadd769e49d,21e6029c-e795-4abc-a54e-1e8144c67ddc,8.94416474105339,0.0,0.5,0.6,0
f912f797-d472-4174-b068-daadd769e49d,4c902632-ee39-4b0c-ad76-c49a6f8a1e7a,11.003453757829506,0.25,0.5,0.0,0
f912f797-d472-4174-b068-daadd769e49d,08548446-e35d-410f-96e2-20b2e6d16b57,13.062101402891049,0.08333333333333333,0.0,0.0,0
f912f797-d472-4174-b068-daadd769e49d,2481421e-42de-42a3-aa8b-579330371d90,8.602006619235055,0.16666666666666666,0.5,0.2,0
f912f797-d472-4174-b068-daadd769e49d,9fa6accc-b245-4bdd-9e6a-d16d948024d6,8.467780860213837,0.0,0.5,0.0,0
f912f797-d472-4174-b068-daadd769e49d,7e61b443-1b5b-4fbc-b925-ef6f8524ac20,8.765218883536809,0.25,0.0,0.0,0
f912f797-d472-4174-b068-daadd769e49d,22aaab49-169c-4fa6-835c-300c06808ae3,12.840496486449759,0.08333333333333333,0.0,0.0,0
f912f797-d472-4174-b068-daadd769e49d,55699d4d-d285-4f66-892c-94634777fff4,10.343441870252994,0.16666666666666666,0.5,0.0,0
f912f797-d472-4174-b068-daadd769e49d,0c76d003-e482-4c1b-9ef8-31e7285af4d9,6.6588979315426595,0.4166666666666667,0.0,0.0,0
f912f797-d472-4174-b068-daadd769e49d,d62d40dc-fe2d-4b9d-b674-a9d5fc41ce10,10.302885593892656,0.08333333333333333,1.0,0.6,0
f912f797-d472-4174-b068-daadd769e49d,bdf0480b-630c-4893-a85f-be0ac6de60e9,9.879049836032603,0.08333333333333333,0.5,0.0,0
f912f797-d472-4174-b068-daadd769e49d,e2409a3a-378a-46e0-91c1-599269bbffe3,9.856367057604395,0.08333333333333333,0.0,0.2,0
3d68a0f4-fc62-4562-b95b-543cfdfe1fd4,51b59338-3381-4fbc-b6bb-fdfa13ea203e,2.0851539899666998,0.25,0.5,0.0,0
3d68a0f4-fc62-4562-b95b-543cfdfe1fd4,75c13f7a-da1a-48f7-9582-bba10c11c46c,2.102500305708202,0.0,0.0,0.0,0
3d68a0f4-fc62-4562-b95b-543cfdfe1fd4,fd0edf36-90c5-48cc-bf93-688398548270,1.8501057886246102,0.08333333333333333,0.5,0.2,0
3d68a0f4-fc62-4562-b95b-543cfdfe1fd4,9751c56e-7594-462b-ad27-ca0de0269ef0,2.268584714612374,0.4166666666666667,0.0,0.0,0
3d68a0f4-fc62-4562-b95b-543cfdfe1fd4,aa48709a-a998-4897-8af4-f7b55940adf4,2.208039219251974,0.16666666666666666,0.5,0.0,0
3d68a0f4-fc62-4562-b95b-543cfdfe1fd4,fcebe56d-dccb-4dc9-b029-def426473fa7,2.6209730338949,0.08333333333333333,0.0,0.0,0
3d68a0f4-fc62-4562-b95b-543cfdfe1fd4,95fbb4b2-6ae1-496a-9c10-dae60aaed264,2.310646887781428,0.16666666666666666,0.0,0.0,0
3d68a0f4-fc62-4562-b95b-543cfdfe1fd4,04553ed6-60ab-4903-8d36-6154eb122557,2.330326024654153,0.16666666666666666,0.5,0.0,0
3d68a0f4-fc62-4562-b95b-543cfdfe1fd4,7fe493ed-8e77-49c1-8465-60d8b6c6fffe,2.2492114273958177,0.3333333333333333,0.5,0.0,0
3d68a0f4-fc62-4562-b95b-543cfdfe1fd4,ad53cf64-1858-48c3-a6ba-0316323ff99a,2.779983109006934,0.16666666666666666,0.5,0.2,0
3d68a0f4-fc62-4562-b95b-543cfdfe1fd4,ba987218-c318-4b7b-b599-2eaca03a2b95,2.125443863995356,0.08333333333333333,0.5,0.2,0
3d68a0f4-fc62-4562-b95b-543cfdfe1fd4,250742da-e290-423d-ba37-20a19916e5dd,2.6405721211154587,0.4166666666666667,0.0,0.0,0
3d68a0f4-fc62-4562-b95b-543cfdfe1fd4,485b3c87-099a-47fa-aa1b-537910623fa0,2.8871814391297272,0.08333333333333333,0.0,0.0,0
3d68a0f4-fc62-4562-b95b-543cfdfe1fd4,2bc2affb-a3df-44ea-9364-64609630a220,2.572809771985876,0.4166666666666667,0.5,0.6,0
3d68a0f4-fc62-4562-b95b-543cfdfe1fd4,47483333-a583-4f87-b3d1-15146e7d7d0a,2.457443184810239,0.16666666666666666,0.5,0.0,0
3d68a0f4-fc62-4562-b95b-543cfdfe1fd4,4e0c2e3c-af16-4811-b170-afef976cae70,3.1196096723090867,0.08333333333333333,0.5,0.0,0
3d68a0f4-fc62-4562-b95b-543cfdfe1fd4,c9af2c36-3fd4-4271-ab1b-c9f3f1eb97c1,1.2464120264630216,0.16666666666666666,0.0,0.2,0
3d68a0f4-fc62-4562-b95b-543cfdfe1fd4,c9b068a0-3a7d-43f5-90e8-b5261844e5f7,1.688937467821715,0.3333333333333333,0.5,0.0,0
3d68a0f4-fc62-4562-b95b-543cfdfe1fd4,7502a3c1-82c2-4bd0-9d03-17c5fe226927,1.318509819073696,0.08333333333333333,0.5,0.0,0
3d68a0f4-fc62-4562-b95b-543cfdfe1fd4,d42f5b33-fcb2-44e5-ba56-2fddd6732409,2.1445135958578927,0.25,0.5,0.0,0
3d68a0f4-fc62-4562-b95b-543cfdfe1fd4,5a5e72af-ae37-400d-8ef7-4057a9d5871d,2.6380379438139254,0.08333333333333333,0.0,0.0,0
3d68a0f4-fc62-4562-b95b-543cfdfe1fd4,5e1b9bfe-5eaa-476e-ae36-80a4e07f89f9,1.6019211766306334,0.16666666666666666,0.0,0.0,0
3d68a0f4-fc62-4562-b95b-543cfdfe1fd4,541de4c0-404f-4b39-a3f4-2e65661ab858,1.5367070719732783,0.4166666666666667,0.0,0.0,0
3d68a0f4-fc62-4562-b95b-543cfdfe1fd4,9dd75329-3456-4b19-9e54-b47373d7f982,1.9064733875571616,0.4166666666666667,0.0,0.0,0
3d68a0f4-fc62-4562-b95b-543cfdfe1fd4,8f9e81ed-722a-4a1d-a56f-269c776fd19a,2.315623082608169,0.16666666666666666,1.0,0.0,0
09e7b3fe-4dfd-49b3-a105-bf1eafd6315f,aa468201-c44c-4a01-9695-c81c159115d9,1.536300792945972,0.4166666666666667,0.5,0.0,0
09e7b3fe-4dfd-49b3-a105-bf1eafd6315f,5742b1b7-ea1e-4631-9872-d5132899b3b8,1.2260090149406724,0.16666666666666666,0.0,0.0,0
09e7b3fe-4dfd-49b3-a105-bf1eafd6315f,f4abca66-0e68-47db-a479-40a876ca0bab,3.024416930822552,0.0,0.0,0.0,0
09e7b3fe-4dfd-49b3-a105-bf1eafd6315f,9b1ce951-dce7-4a3d-ab76-c39a3b5bd069,0.8771916308823873,0.08333333333333333,0.0,0.2,0
09e7b3fe-4dfd-49b3-a105-bf1eafd6315f,c5e41ab3-d288-4570-b39f-74dd8bfb7271,1.9963876221820798,0.25,1.0,0.0,0
09e7b3fe-4dfd-49b3-a105-bf1eafd6315f,bf37f9e5-afea-4d0c-91f2-fbc38814a897,0.6742471430745804,0.16666666666666666,0.0,0.0,0
09e7b3fe-4dfd-49b3-a105-bf1eafd6315f,e44fdacd-84a0-4277-94ae-d0405e8e2f5a,2.689247861828439,0.0,0.5,0.0,0
09e7b3fe-4dfd-49b3-a105-bf1eafd6315f,e34febac-b4a3-4f03-a564-78fbeeb30f72,1.6448903230294787,0.16666666666666666,0.0,0.0,0
09e7b3fe-4dfd-49b3-a105-bf1eafd6315f,2872e01f-eae5-4a54-828a-97c7b52788e5,0.9006447092291953,0.08333333333333333,0.5,0.0,0
09e7b3fe-4dfd-49b3-a105-bf1eafd6315f,33a8c42e-8acb-4f81-94c1-8c2367c84f11,2.068101777588287,0.08333333333333333,0.0,0.0,0
09e7b3fe-4dfd-49b3-a105-bf1eafd6315f,1d539d31-c347-496f-9236-a16ddaa39a1a,1.3192390630360213,0.0,0.5,0.0,0
09e7b3fe-4dfd-49b3-a105-bf1eafd6315f,bfda586a-a4ed-49a2-b1ce-3473795a0cb4,2.1206041637084017,0.16666666666666666,0.5,0.0,0
09e7b3fe-4dfd-49b3-a105-bf1eafd6315f,663f7017-23c6-45eb-b02a-936a7469716b,1.9275680271617783,0.16666666666666666,0.5,0.0,0
09e7b3fe-4dfd-49b3-a105-bf1eafd6315f,4d8712a0-b5bb-49b8-83b2-71c60fdef53c,1.4027496389968264,0.16666666666666666,0.0,0.0,0
09e7b3fe-4dfd-49b3-a105-bf1eafd6315f,0c3963dd-bd76-4c4b-bd4f-854f86921838,1.1680813574866422,0.3333333333333333,0.0,0.2,0
09e7b3fe-4dfd-49b3-a105-bf1eafd6315f,890defff-effe-4c45-b8ad-ffcba78c8353,0.9176418250128475,0.0,0.0,0.0,0
09e7b3fe-4dfd-49b3-a105-bf1eafd6315f,04cd271a-bf64-4748-af32-fd3871731d7f,1.6837961475341774,0.4166666666666667,0.5,0.6,0
09e7b3fe-4dfd-49b3-a105-bf1eafd6315f,be30b4f7-a250-4590-8cb2-0843fdd3ea3c,-0.3650007214364102,0.08333333333333333,0.0,0.0,0
09e7b3fe-4dfd-49b3-a105-bf1eafd6315f,86fd2f12-2122-48da-aae2-be140a340679,1.1413308163680698,0.3333333333333333,0.0,0.0,0
09e7b3fe-4dfd-49b3-a105-bf1eafd6315f,b9bc2fc9-7bbb-40c6-99d1-3542f94e7e21,1.2640450893584436,0.5833333333333334,1.0,0.0,0
09e7b3fe-4dfd-49b3-a105-bf1eafd6315f,73baebeb-1427-4256-8625-4d7a8ebb6c7a,2.4459317303946944,0.16666666666666666,0.0,0.0,0
09e7b3fe-4dfd-49b3-a105-bf1eafd6315f,02ed2965-8a07-4f4d-a927-d92cbddcaf6b,1.2223231582616634,0.16666666666666666,0.0,0.0,0
09e7b3fe-4dfd-49b3-a105-bf1eafd6315f,91c8ecea-bfcf-487b-9d92-6106edfe3a8e,0.5814927487630585,0.16666666666666666,0.5,0.2,0
09e7b3fe-4dfd-49b3-a105-bf1eafd6315f,7f6fcfbd-e579-4cf9-994f-4ac9731a6cf1,1.8747785390860798,0.08333333333333333,0.0,0.0,0
09e7b3fe-4dfd-49b3-a105-bf1eafd6315f,d10f776d-a02d-4310-9789-09a39d9f96b6,2.4499976321584547,0.25,0.5,0.0,0
4b686f6a-dcc8-43e2-8ee8-54dd97087291,dbd899c9-82be-42dd-af71-d57fd78b7e4a,2.087931829357508,0.4166666666666667,0.0,0.0,0
4b686f6a-dcc8-43e2-8ee8-54dd97087291,54904907-3397-4517-a1cd-3c0fa0d033f3,1.4412756946085585,0.6666666666666666,0.0,0.95,0
4b686f6a-dcc8-43e2-8ee8-54dd97087291,bce9fc80-f285-4c30-9f8f-34c8c3ca58fa,1.5996913927427665,0.5833333333333334,0.5,0.0,0
4b686f6a-dcc8-43e2-8ee8-54dd97087291,c8c2518b-d00e-40b5-9ad6-4100ca40c0f4,2.0116381437816626,0.5833333333333334,0.0,0.0,0
4b686f6a-dcc8-43e2-8ee8-54dd97087291,c84d2165-8ccd-4b11-9440-f34bc0e564da,1.7921260271432577,0.6666666666666666,0.5,0.0,0
4b686f6a-dcc8-43e2-8ee8-54dd97087291,47db880a-cf7f-4b73-89a7-0dfded75cfb9,1.4783372001876796,0.75,0.0,0.0,0
4b686f6a-dcc8-43e2-8ee8-54dd97087291,bc5de762-1b51-40c8-97c6-9ff9d33262ff,1.3868951847708355,0.5833333333333334,0.0,0.0,0
4b686f6a-dcc8-43e2-8ee8-54dd97087291,fc057414-5019-4c4f-b0cc-2e0dbb333d53,2.0300621525803306,0.75,0.0,0.0,0
4b686f6a-dcc8-43e2-8ee8-54dd97087291,e62b3b75-3885-4184-b43a-bb683bbaddbe,1.4248144341973836,0.6666666666666666,1.0,0.0,0
4b686f6a-dcc8-43e2-8ee8-54dd97087291,0b737d93-b536-403a-bb27-992d62551bcf,1.8912460904906878,0.4166666666666667,0.5,0.0,0
4b686f6a-dcc8-43e2-8ee8-54dd97087291,6e2b620e-b1f0-4efe-b17c-8a6e05465e6a,1.2861556065297302,0.25,0.5,0.0,0
4b686f6a-dcc8-43e2-8ee8-54dd97087291,02aff9e4-5198-4d8b-b68c-d1941c3faca1,1.8832012858367237,0.5,0.5,0.0,0
4b686f6a-dcc8-43e2-8ee8-54dd97087291,3cf90a4a-1012-47a4-931e-797106512e3b,1.3598694826624218,0.5833333333333334,0.5,0.0,0
4b686f6a-dcc8-43e2-8ee8-54dd97087291,fa4eb619-462f-4f7b-953e-7db26f19b530,1.641701456054051,0.5,0.0,0.0,0
4b686f6a-dcc8-43e2-8ee8-54dd97087291,40cae1f4-2012-4904-8218-e0eb5d33cc50,1.457135888722199,0.75,0.0,0.0,0
4b686f6a-dcc8-43e2-8ee8-54dd97087291,a9a9cb74-2822-4d40-8b10-111d3bdc3d03,2.361416839622436,0.9166666666666666,0.5,0.0,0
4b686f6a-dcc8-43e2-8ee8-54dd97087291,0878a925-724f-4a46-8980-ca39adf58a0d,0.8368785468242855,0.8333333333333334,0.5,0.0,0
4b686f6a-dcc8-43e2-8ee8-54dd97087291,a16cd1d1-4ae7-49e1-adac-1bfc7f00087f,1.8829947295910903,0.5833333333333334,0.0,0.0,0
4b686f6a-dcc8-43e2-8ee8-54dd97087291,d3420c03-6638-4e30-952c-21915c41ac3c,1.6660900761021282,0.5833333333333334,0.5,0.0,0
4b686f6a-dcc8-43e2-8ee8-54dd97087291,2f7f1df4-958d-4ca3-bd47-2620118482b7,1.184352671835354,0.6666666666666666,0.0,0.0,0
4b686f6a-dcc8-43e2-8ee8-54dd97087291,97145fc1-7761-46d8-a6b8-f9bffed053cf,1.1800471541664852,0.5833333333333334,0.5,0.0,0
4b686f6a-dcc8-43e2-8ee8-54dd97087291,474cd40b-e8e5-4387-b8c4-e3fb823eb070,1.4295632014366508,0.3333333333333333,0.0,0.0,0
4b686f6a-dcc8-43e2-8ee8-54dd97087291,67e99abc-894a-4316-9aa8-4dda5fa4c765,2.077967221037786,0.4166666666666667,0.0,0.0,0
4b686f6a-dcc8-43e2-8ee8-54dd97087291,6f2d71df-5a5b-48c1-a035-8d961f4d2414,1.186069514596357,0.6666666666666666,1.0,0.2,0
4b686f6a-dcc8-43e2-8ee8-54dd97087291,565dba6e-720e-4c6f-834a-998b56967d51,1.3858970286302927,0.75,0.0,0.0,0
4bc89bfb-7c6a-4aca-98d1-b673bdbfae26,8d659a71-f11f-48e9-a2e7-5e82d913ab22,2.633579598874308,0.25,0.0,0.0,0
4bc89bfb-7c6a-4aca-98d1-b673bdbfae26,b664b03a-3d75-4ad1-bda5-a17a36c3db97,2.9824803714573447,0.6666666666666666,0.5,0.0,0
4bc89bfb-7c6a-4aca-98d1-b673bdbfae26,897c8d82-dfed-4c5b-b48f-35d60f807295,1.7722044929764,0.25,0.0,0.6,0
4bc89bfb-7c6a-4aca-98d1-b673bdbfae26,3521f92e-646e-41d9-912c-3739a00f7593,2.583347839297236,0.6666666666666666,0.5,0.0,0
4bc89bfb-7c6a-4aca-98d1-b673bdbfae26,b5348255-2d17-4c93-865c-0889c53db5fc,2.882566317185481,0.25,0.0,0.0,0
4bc89bfb-7c6a-4aca-98d1-b673bdbfae26,301fb034-4006-4303-8442-8daa545ed210,2.3267745874092913,0.5833333333333334,0.0,0.0,0
4bc89bfb-7c6a-4aca-98d1-b673bdbfae26,1b9b1cf6-dda1-4aae-a4b5-f7464ceabd8f,2.608344390553227,0.3333333333333333,0.0,0.0,0
4bc89bfb-7c6a-4aca-98d1-b673bdbfae26,963216c6-3d01-4b39-b882-1fdd3c724aa7,1.9104915028478606,0.5833333333333334,0.5,0.0,0
4bc89bfb-7c6a-4aca-98d1-b673bdbfae26,e7ace402-86ef-4514-b0c8-a5cf9613fe51,2.589385416552012,0.16666666666666666,0.0,0.0,0
4bc89bfb-7c6a-4aca-98d1-b673bdbfae26,c4b57022-0051-44d4-83b0-7bebce3dbee8,2.122796142522768,0.5,0.5,0.0,0
4bc89bfb-7c6a-4aca-98d1-b673bdbfae26,e4f95827-fb19-4997-aa35-c6f2b87cae38,2.451691482221817,0.3333333333333333,0.5,0.0,0
4bc89bfb-7c6a-4aca-98d1-b673bdbfae26,644a7f37-7a1e-482f-8c93-440cdd72077d,2.7602913580893533,0.5,1.0,0.6,0
4bc89bfb-7c6a-4aca-98d1-b673bdbfae26,29357986-34c7-4d64-b2a7-eed40ad21fd2,1.9625741043623006,0.4166666666666667,0.0,0.0,0
4bc89bfb-7c6a-4aca-98d1-b673bdbfae26,3319cf35-0ec6-47df-b34b-c50442d02621,1.8442449317739318,0.5,0.0,0.0,0
4bc89bfb-7c6a-4aca-98d1-b673bdbfae26,6418caa9-8024-4e50-8332-bbfcc636b816,2.8022018869988488,0.6666666666666666,0.5,0.0,0
4bc89bfb-7c6a-4aca-98d1-b673bdbfae26,993d7dd6-0bfb-4c9b-bb17-497b09918df7,1.9092894185470608,0.5,0.0,0.0,0
4bc89bfb-7c6a-4aca-98d1-b673bdbfae26,297738c4-e9a5-4cdb-97b8-fb67dafa48a7,1.279407022800703,0.25,0.5,0.6,0
4bc89bfb-7c6a-4aca-98d1-b673bdbfae26,997523bc-f6a6-4d35-8936-364add1867b4,3.072154981586745,0.5833333333333334,0.0,0.0,0
4bc89bfb-7c6a-4aca-98d1-b673bdbfae26,6be488f8-759d-4fc7-80ef-73af45301964,1.274452111865566,0.5,0.5,0.0,0
4bc89bfb-7c6a-4aca-98d1-b673bdbfae26,a5b2546d-b119-4806-8db5-9fe794ec47fd,1.6212977078801802,0.5,0.0,0.0,0
4bc89bfb-7c6a-4aca-98d1-b673bdbfae26,07a4210d-1a33-4fc0-b8ab-8dc00c412d5d,1.9695127766958083,0.25,0.0,0.0,0
4bc89bfb-7c6a-4aca-98d1-b673bdbfae26,000c4fba-c31d-4f66-969a-8a106cb544ac,2.687282902678426,0.5,0.5,0.0,0
4bc89bfb-7c6a-4aca-98d1-b673bdbfae26,6ac813f0-1eb8-4a7f-8e2c-4f500995f7a9,3.3030969591230845,0.25,0.0,0.0,0
4bc89bfb-7c6a-4aca-98d1-b673bdbfae26,1449b2a3-a530-4782-b918-2c5aa785dae0,2.487395499128543,0.5833333333333334,0.0,0.0,0
4bc89bfb-7c6a-4aca-98d1-b673bdbfae26,8fff91b8-3e88-464e-959c-8dd1be6dd8b0,2.98322288582814,0.5833333333333334,0.5,0.0,0
f5e42b64-0ec3-43f5-9590-ff00a99f0c43,ffe12be6-ac5f-4556-aaea-75e3bb7f9d57,-0.056432111633681156,0.5,0.5,0.0,0
f5e42b64-0ec3-43f5-9590-ff00a99f0c43,18712117-144e-4b8c-89ca-c64cabc010ad,-0.4283885304119542,0.08333333333333333,0.0,0.0,0
f5e42b64-0ec3-43f5-9590-ff00a99f0c43,6890fe54-7860-4357-b29e-1e880bd4be2a,-0.4013980296424331,0.3333333333333333,0.0,0.0,0
f5e42b64-0ec3-43f5-9590-ff00a99f0c43,68706592-fe86-4394-aaac-91dbcb262220,-0.3631092311256313,0.4166666666666667,0.5,0.0,0
f5e42b64-0ec3-43f5-9590-ff00a99f0c43,01e36af7-cf24-45af-ba45-5da097ef15c2,-0.0659371543587055,0.4166666666666667,0.5,0.6,0
f5e42b64-0ec3-43f5-9590-ff00a99f0c43,6b179e25-b5ae-455b-8b09-408bf619bbb5,-0.18905388179132734,0.16666666666666666,0.0,0.0,0
f5e42b64-0ec3-43f5-9590-ff00a99f0c43,5a27d896-368b-4b82-bdf0-65e6e50e96a7,-0.23634561488224337,0.3333333333333333,0.5,0.0,0
f5e42b64-0ec3-43f5-9590-ff00a99f0c43,38d0f4e3-e0b8-4998-ad2b-cb2ca3c1d65c,-0.07509236487343751,0.25,0.0,0.0,0
f5e42b64-0ec3-43f5-9590-ff00a99f0c43,cf341c14-d91b-42dc-9bd5-63f9ed10a05a,-0.19794341787713743,0.4166666666666667,0.0,0.0,0
f5e42b64-0ec3-43f5-9590-ff00a99f0c43,3d5d4d76-b56b-4d86-a1ba-91fef094f249,-0.2053351236823035,0.25,0.0,0.0,0
f5e42b64-0ec3-43f5-9590-ff00a99f0c43,bdcdae32-a36f-4031-a333-1eb1fead5501,-0.3699250275213219,0.25,0.0,0.0,0
f5e42b64-0ec3-43f5-9590-ff00a99f0c43,5c3e3d92-54b1-42dd-b2fa-0b1dd5c6d24c,-0.007971032552686504,0.08333333333333333,0.5,0.0,0
f5e42b64-0ec3-43f5-9590-ff00a99f0c43,72782563-5aa9-4617-8917-fbb8133373b9,0.057924583874577995,0.16666666666666666,0.0,0.0,0
f5e42b64-0ec3-43f5-9590-ff00a99f0c43,8bf367bd-65c6-417b-9f2b-4922860fc765,-0.2893416547994333,0.3333333333333333,1.0,0.0,0
f5e42b64-0ec3-43f5-9590-ff00a99f0c43,43415e9f-c4e3-4239-abbd-eee64d1e6a8d,-0.40129755596171474,0.3333333333333333,0.5,0.0,0
f5e42b64-0ec3-43f5-9590-ff00a99f0c43,a2b967a4-c6fb-454f-b858-68042b7f0643,0.032493474753678406,0.4166666666666667,0.5,0.0,0
f5e42b64-0ec3-43f5-9590-ff00a99f0c43,21c0d7b5-f30c-480a-97c3-f6f8727559a2,-0.09135214183696932,0.16666666666666666,0.5,0.0,0
f5e42b64-0ec3-43f5-9590-ff00a99f0c43,e2a562e0-4e62-4889-a415-2ef42a42cb7a,-0.33655534055657244,0.16666666666666666,0.0,0.0,0
f5e42b64-0ec3-43f5-9590-ff00a99f0c43,821dec7c-4cd8-4d25-9e80-33b899897f50,-0.18127780143020025,0.25,0.0,0.0,0
f5e42b64-0ec3-43f5-9590-ff00a99f0c43,05423941-7c07-4ced-9616-34f9f18d259b,-0.3706032393583105,0.08333333333333333,0.5,0.0,0
f5e42b64-0ec3-43f5-9590-ff00a99f0c43,a6ddfaed-137c-47a5-a2ca-092872bf7e62,-0.16484360024446862,0.3333333333333333,0.5,0.0,0
f5e42b64-0ec3-43f5-9590-ff00a99f0c43,9c05a6c2-1af1-4f5a-8e54-69132867c6bf,-0.09867834422342864,0.16666666666666666,0.0,0.6,0
f5e42b64-0ec3-43f5-9590-ff00a99f0c43,110db745-e1c4-438e-84e3-dcfc53f9094d,-0.10521337869165853,0.5833333333333334,0.5,0.0,0
f5e42b64-0ec3-43f5-9590-ff00a99f0c43,39f3e1a7-ad37-4904-a903-aab746445e54,-0.1662787422648892,0.4166666666666667,0.5,0.6,0
f5e42b64-0ec3-43f5-9590-ff00a99f0c43,4ae360a5-dec6-4d69-a7ec-4a123b10ca78,-0.32595377159059935,0.25,0.5,0.0,0
11cb8e2b-26f8-441d-b3c3-bffdfec7761a,b0f79d00-6c78-40ca-bafc-340fff1128d5,6.538266797850514,0.08333333333333333,0.5,0.0,0
11cb8e2b-26f8-441d-b3c3-bffdfec7761a,b9887569-e796-4ad6-a050-0df8f05bfcf6,9.332031170149515,0.16666666666666666,0.0,0.0,0
11cb8e2b-26f8-441d-b3c3-bffdfec7761a,d2489e92-cfb2-4e03-813c-ee82c6e63c0a,3.429465490968441,0.08333333333333333,0.0,0.2,0
11cb8e2b-26f8-441d-b3c3-bffdfec7761a,b1d215e6-5339-4c93-b2a6-b4a8a5cf9406,7.881775146562325,0.16666666666666666,0.0,0.0,0
11cb8e2b-26f8-441d-b3c3-bffdfec7761a,24ad2f4f-97c1-4669-82c0-9be1f82faf28,10.3049677783499,0.16666666666666666,0.0,0.0,0
11cb8e2b-26f8-441d-b3c3-bffdfec7761a,fcb83f06-92cd-44ab-af4f-c9286b469a32,4.364500816851213,0.25,0.5,0.0,0
11cb8e2b-26f8-441d-b3c3-bffdfec7761a,1d982b0f-8cf8-422b-b7e1-2e3a57f444fa,5.642021974404522,0.08333333333333333,0.0,0.0,0
11cb8e2b-26f8-441d-b3c3-bffdfec7761a,abe376ba-6173-4360-8d32-e1dd7de04e49,8.013764468286,0.16666666666666666,0.0,0.0,0
11cb8e2b-26f8-441d-b3c3-bffdfec7761a,8f5cabeb-3264-42ac-8df6-bab1be572637,4.987604563128148,0.3333333333333333,0.0,0.0,0
11cb8e2b-26f8-441d-b3c3-bffdfec7761a,73a49b2a-c5d4-41b8-bd29-881819a26f60,7.296004270713073,0.25,0.0,0.0,0
11cb8e2b-26f8-441d-b3c3-bffdfec7761a,486a4325-f6ca-4fd9-b339-9ff40d2ddf4b,9.279424664284546,0.4166666666666667,0.5,0.0,0
11cb8e2b-26f8-441d-b3c3-bffdfec7761a,40fd74eb-e841-4d16-a2c4-29e404804a8f,9.493334223408342,0.08333333333333333,0.0,0.0,0
11cb8e2b-26f8-441d-b3c3-bffdfec7761a,2ce01432-e8c0-4684-94f9-471868b1a151,7.497619349878552,0.16666666666666666,0.5,0.0,0
11cb8e2b-26f8-441d-b3c3-bffdfec7761a,52da1709-a8bb-4c5a-b2f5-e9e08df60098,8.353200278154093,0.0,0.5,0.0,0
11cb8e2b-26f8-441d-b3c3-bffdfec7761a,91d52815-75dc-405b-b187-313430d2da89,7.166120838535935,0.16666666666666666,0.5,0.0,0
11cb8e2b-26f8-441d-b3c3-bffdfec7761a,43703c82-be06-4e80-ad7b-89e8c61ccd88,4.53524868071825,0.08333333333333333,0.5,0.0,0
11cb8e2b-26f8-441d-b3c3-bffdfec7761a,2cb6382e-4cda-41c1-b385-7fc5efaa4758,7.284821043498762,0.25,0.0,0.0,0
11cb8e2b-26f8-441d-b3c3-bffdfec7761a,719cb24d-6395-4a68-8f93-0509a911c547,3.341217858853045,0.25,0.5,0.6,0
11cb8e2b-26f8-441d-b3c3-bffdfec7761a,ea51b52e-e2fb-4694-8ca2-68f19932ae21,5.63326153642159,0.16666666666666666,0.0,0.0,0
11cb8e2b-26f8-441d-b3c3-bffdfec7761a,4492b4c5-d5b9-467d-94ae-7564d1da392a,4.009164263461247,0.25,0.5,0.0,0
11cb8e2b-26f8-441d-b3c3-bffdfec7761a,8ab6114c-380f-47df-be5f-0f0a7636f799,9.374178478580774,0.16666666666666666,0.5,0.0,0
11cb8e2b-26f8-441d-b3c3-bffdfec7761a,f2a34c49-1fb0-42cd-8a0c-74557b372ca0,4.5465138482648,0.3333333333333333,0.0,0.0,0
11cb8e2b-26f8-441d-b3c3-bffdfec7761a,6e6a21e9-673f-475d-a5cf-09897f2008e8,8.0834650235283,0.08333333333333333,0.0,0.2,0
11cb8e2b-26f8-441d-b3c3-bffdfec7761a,923b5f28-5f8b-4f1c-a040-238545e68dce,11.140066605865025,0.16666666666666666,0.0,0.0,0
11cb8e2b-26f8-441d-b3c3-bffdfec7761a,8a1cd6ae-45e2-4fc8-be9e-86c9c722f9fd,5.164812222243658,0.16666666666666666,0.0,0.0,0
a56836c5-72c3-43ba-afef-5add3d609e8e,dbf6e256-a6a4-4d7d-a550-4c3f2c460345,2.53762181771662,0.25,0.0,0.0,0
a56836c5-72c3-43ba-afef-5add3d609e8e,87d0e303-92df-4d1f-b4dd-ccc992a77c54,2.3024396815522836,0.4166666666666667,0.0,0.0,0
a56836c5-72c3-43ba-afef-5add3d609e8e,369a32ce-7e6d-44c1-a312-ecd231f5043f,2.203636985474213,0.3333333333333333,0.0,0.0,0
a56836c5-72c3-43ba-afef-5add3d609e8e,158e269a-b317-48f3-a0bd-685ce4ec5adc,2.5635479094317843,0.0,0.5,0.0,0
a56836c5-72c3-43ba-afef-5add3d609e8e,ebaaf2b3-1677-4a26-9810-f6f13ad9a265,2.7152656956828642,0.08333333333333333,0.5,0.0,0
a56836c5-72c3-43ba-afef-5add3d609e8e,fdb866b9-07c7-4d21-8534-47705a80e578,1.142117008328553,0.5,0.5,0.0,0
a56836c5-72c3-43ba-afef-5add3d609e8e,a85fba11-dd94-4efb-99f8-d4841eac3af2,2.616735902202322,0.08333333333333333,0.0,0.0,0
a56836c5-72c3-43ba-afef-5add3d609e8e,f8808ca3-a24a-472b-a121-234b01fe9775,3.0008865823794117,0.3333333333333333,0.0,0.2,0
a56836c5-72c3-43ba-afef-5add3d609e8e,e1afeb12-705d-42a9-a9bd-c8befe30c84d,2.5767937229773548,0.0,0.5,0.0,0
a56836c5-72c3-43ba-afef-5add3d609e8e,545441cb-0740-4e06-a6c4-475923a382c7,1.9438446048573,0.3333333333333333,0.5,0.0,0
a56836c5-72c3-43ba-afef-5add3d609e8e,250da082-657d-48c8-938b-95c423b61c52,2.591590125408567,0.25,0.5,0.0,0
a56836c5-72c3-43ba-afef-5add3d609e8e,76d294c3-8769-4b1b-aa85-bf3c86b399a8,2.5131615334554445,0.4166666666666667,0.5,0.0,0
a56836c5-72c3-43ba-afef-5add3d609e8e,9e9917fd-00c3-4019-901b-49f25ea4710c,2.1764942446811673,0.3333333333333333,0.5,0.0,0
a56836c5-72c3-43ba-afef-5add3d609e8e,8d71cd37-f776-4697-9d10-7ca39ccf93d7,2.8750767827259693,0.5,0.0,0.2,0
a56836c5-72c3-43ba-afef-5add3d609e8e,baf6e8f9-f0d6-4bd4-bd91-675b2474ec0f,2.890374397915025,0.25,0.5,0.0,0
a56836c5-72c3-43ba-afef-5add3d609e8e,e8ed11fa-0e35-4b9e-9e97-8c884a93198f,2.384664558875609,0.16666666666666666,0.5,0.0,0
a56836c5-72c3-43ba-afef-5add3d609e8e,d51eb171-c359-4b85-afdb-0b0534ddb284,2.343172990608635,0.08333333333333333,0.0,0.0,0
a56836c5-72c3-43ba-afef-5add3d609e8e,4d2f8240-d6c5-40d0-bae7-4fc60d2dcfa2,1.8682870165948957,0.25,0.0,0.0,0
a56836c5-72c3-43ba-afef-5add3d609e8e,15c94cc8-fa5b-4221-829e-5095d91e11ab,2.4463833213882444,0.25,0.5,0.0,0
a56836c5-72c3-43ba-afef-5add3d609e8e,e8aa8ae0-3e1e-4c08-85f9-36cc6c7621d0,2.018371531350236,0.16666666666666666,0.5,0.0,0
a56836c5-72c3-43ba-afef-5add3d609e8e,2bbf58f8-9c53-446b-8dc2-f384572d93ba,1.6911983699111535,0.5833333333333334,0.0,0.0,0
a56836c5-72c3-43ba-afef-5add3d609e8e,f018c06f-06b9-4f36-a56c-946b72f8df03,2.409441980498765,0.25,0.0,0.0,0
a56836c5-72c3-43ba-afef-5add3d609e8e,ba56620c-8a43-43a7-9cd3-7e4a76a0360c,2.28394461419345,0.3333333333333333,0.0,0.6,0
a56836c5-72c3-43ba-afef-5add3d609e8e,5e42bea6-ac90-44b8-bc26-e886aa7f5d34,1.7294808242545217,0.08333333333333333,0.5,0.0,0
a56836c5-72c3-43ba-afef-5add3d609e8e,f5ce7cb4-587b-4a01-aa51-0023153ead34,2.2908231965343417,0.3333333333333333,0.0,0.0,0
7b53e791-5399-4ea6-98bf-8a777ad32405,c3c65dc9-ea35-460f-a476-f711c2371f06,0.6904848241522927,0.08333333333333333,0.0,0.0,0
7b53e791-5399-4ea6-98bf-8a777ad32405,48c86efd-a08f-4102-a06d-3757fc53d665,1.3307291026957733,0.16666666666666666,0.0,0.0,0
7b53e791-5399-4ea6-98bf-8a777ad32405,52c1a71f-2505-4d58-be90-8ee59932c25e,0.9693341681470308,0.08333333333333333,0.5,0.6,0
7b53e791-5399-4ea6-98bf-8a777ad32405,08053fe4-9704-4130-96b9-ec0326327b45,0.019483592334122522,0.08333333333333333,0.5,0.0,0
7b53e791-5399-4ea6-98bf-8a777ad32405,39a1fe85-aa80-43fd-89e5-e945cb42d5d6,1.5352550240767011,0.25,0.5,0.0,0
7b53e791-5399-4ea6-98bf-8a777ad32405,eb49a414-8941-4773-a27c-955a50c2a009,0.9913383291267088,0.08333333333333333,0.5,0.0,0
7b53e791-5399-4ea6-98bf-8a777ad32405,4732f5f2-2edd-4fc8-b649-960fec3649d3,0.1831819263706922,0.16666666666666666,0.0,0.0,0
7b53e791-5399-4ea6-98bf-8a777ad32405,c350131c-3c0b-4fa5-88cf-f2536944dd16,0.24115640711095054,0.3333333333333333,0.0,0.0,0
7b53e791-5399-4ea6-98bf-8a777ad32405,8487bb16-cb92-4e32-9f79-1d97a04e427b,1.4642577584240566,0.0,0.0,0.2,0
7b53e791-5399-4ea6-98bf-8a777ad32405,75382daa-a8e2-4510-8ff2-075b15b3b347,0.9162514086983239,0.08333333333333333,0.5,0.0,0
7b53e791-5399-4ea6-98bf-8a777ad32405,7537ead8-3963-458d-a8af-5b19ccb04a0c,1.2300904268206314,0.0,0.0,0.0,0
7b53e791-5399-4ea6-98bf-8a777ad32405,f4b05e89-1faf-4ef6-bfd5-c6ab45713da4,1.4230570085044096,0.16666666666666666,0.5,0.0,0
7b53e791-5399-4ea6-98bf-8a777ad32405,cc7f467b-150b-4aeb-b7f7-b9fd8c30790f,0.4317286340981081,0.25,0.0,0.0,0
7b53e791-5399-4ea6-98bf-8a777ad32405,bb8ed923-3e65-4de5-9554-b1afebe21a53,-0.9693877551020408,0.16666666666666666,0.5,0.0,0
7b53e791-5399-4ea6-98bf-8a777ad32405,f667d707-57dc-4e82-a37c-6259132bc7a1,0.7760378697667802,0.25,0.0,0.0,0
7b53e791-5399-4ea6-98bf-8a777ad32405,5504c613-b992-421b-ac07-fec4ef8ee6f9,0.7764017104302372,0.08333333333333333,0.5,0.0,0
7b53e791-5399-4ea6-98bf-8a777ad32405,f9e9e404-8881-4dec-806c-b22b5a640a4f,0.809064102518957,0.25,0.5,0.0,0
7b53e791-5399-4ea6-98bf-8a777ad32405,9881c239-ca44-4854-8ad6-79f381b42999,0.168705853627663,0.08333333333333333,0.0,0.0,0
7b53e791-5399-4ea6-98bf-8a777ad32405,8acba07d-b7b5-44bc-a727-24418250c0d7,-0.547579463176336,0.16666666666666666,0.5,0.0,0
7b53e791-5399-4ea6-98bf-8a777ad32405,b5bafb03-19eb-46e2-b42b-9704ebc717a6,0.3916963547193875,0.08333333333333333,0.0,0.0,0
7b53e791-5399-4ea6-98bf-8a777ad32405,58537726-d16a-4868-9730-8e270585297c,0.6561008188849841,0.6666666666666666,1.0,0.6,0
7b53e791-5399-4ea6-98bf-8a777ad32405,7b28d060-bcae-4efa-b3af-23f9eb2d764e,0.8859167723355779,0.08333333333333333,0.5,0.0,0
7b53e791-5399-4ea6-98bf-8a777ad32405,b1f08f19-7945-4bab-b682-1b1c7c0fbe6c,1.756133924167229,0.25,0.0,0.0,0
7b53e791-5399-4ea6-98bf-8a777ad32405,bba702e9-aa61-443f-9c17-0dbb3c67b253,2.2727657078224275,0.16666666666666666,0.0,0.0,0
7b53e791-5399-4ea6-98bf-8a777ad32405,97df28ba-39cd-4d52-bd20-a015b5a564c5,0.3827142096155605,0.08333333333333333,0.5,0.0,0
e83ddd21-357f-4a97-907e-64b1c509a312,fdea3247-0699-4c6b-bbfe-25f35153762e,0.3872645506022738,0.8333333333333334,0.5,0.0,0
e83ddd21-357f-4a97-907e-64b1c509a312,978f02d5-bcaa-4d1c-a238-1637dde24135,1.2835962358833173,0.5,0.5,0.0,0
e83ddd21-357f-4a97-907e-64b1c509a312,f7de8d16-9da8-48b0-9619-75c16aaaed78,0.9786761667831982,0.75,0.0,0.0,0
e83ddd21-357f-4a97-907e-64b1c509a312,1a285c76-71ec-41c3-8417-24ca37e50aa9,0.7785898121101918,0.9166666666666666,0.5,0.0,0
e83ddd21-357f-4a97-907e-64b1c509a312,107d49c6-a5bc-449d-a7eb-df0e8dfe8263,1.7117580234398297,0.4166666666666667,0.0,0.0,0
e83ddd21-357f-4a97-907e-64b1c509a312,2d5019ab-1311-4eb0-b9e2-4e732e57a530,0.809224857738742,0.75,0.0,0.0,0
e83ddd21-357f-4a97-907e-64b1c509a312,99206842-239f-4bba-8298-f4f829ee0645,0.9540175457046569,0.6666666666666666,0.5,0.0,0
e83ddd21-357f-4a97-907e-64b1c509a312,e264c247-559f-4f38-a890-bf296e0ee17c,0.8384602371456624,0.5833333333333334,0.5,0.0,0
e83ddd21-357f-4a97-907e-64b1c509a312,e3818b43-ac7a-44dc-a0ff-2e025c4221a3,1.1050662700842608,0.75,0.0,0.0,0
e83ddd21-357f-4a97-907e-64b1c509a312,5de42971-3805-4aa8-a126-99795149ab06,0.371740246201784,0.75,0.5,0.2,0
e83ddd21-357f-4a97-907e-64b1c509a312,be86e303-5909-4dcd-a338-f2c358597068,0.7104062133434366,0.4166666666666667,0.5,0.0,0
e83ddd21-357f-4a97-907e-64b1c509a312,0f6c6886-c9c3-4fc0-bfe4-f8eca208812f,0.8293886622959351,0.5,0.5,0.2,0
e83ddd21-357f-4a97-907e-64b1c509a312,190ebff6-2243-4e26-9a17-693fb022296d,0.5539773355755401,0.6666666666666666,0.0,0.0,0
e83ddd21-357f-4a97-907e-64b1c509a312,6e51d4ac-91c2-40fc-b28d-9331261aa962,1.2575685150513631,0.6666666666666666,0.5,0.0,0
e83ddd21-357f-4a97-907e-64b1c509a312,4aa69503-1d4e-41b3-91d3-8505564d06bb,1.326793721476386,0.3333333333333333,0.5,0.6,0
e83ddd21-357f-4a97-907e-64b1c509a312,3081834e-f540-4df1-b3dd-6a5c83ed6b22,0.4398097791961952,0.5,0.5,0.0,0
e83ddd21-357f-4a97-907e-64b1c509a312,8d909e31-f54e-4b72-93c2-c27019d6bdf2,1.408840175461664,0.6666666666666666,0.5,0.0,0
e83ddd21-357f-4a97-907e-64b1c509a312,6a587a6d-b131-4119-aed8-55fc20b9bc5e,1.3794200567163648,0.9166666666666666,0.5,0.0,0
e83ddd21-357f-4a97-907e-64b1c509a312,5e47bfaf-4dd9-42ca-845b-45f08440865b,0.8524499763759738,0.4166666666666667,0.5,0.0,0
e83ddd21-357f-4a97-907e-64b1c509a312,3b32ea2e-b623-4dfe-bf0d-02aa692abe32,0.7208293308592406,1.0833333333333333,0.5,0.0,0
e83ddd21-357f-4a97-907e-64b1c509a312,f2642c6a-7b89-4da1-9274-4c24f0b2e53b,0.8971616570517879,0.6666666666666666,0.0,0.0,0
e83ddd21-357f-4a97-907e-64b1c509a312,4d3ba8f6-0a31-45cb-a177-623df502f0b7,0.45055969939075463,0.6666666666666666,0.0,0.0,0
e83ddd21-357f-4a97-907e-64b1c509a312,1f349d40-7aad-44a9-b071-508301618173,0.964568712228197,0.75,0.5,0.0,0
e83ddd21-357f-4a97-907e-64b1c509a312,46eaf792-9e45-4c73-a829-af4c556c5f72,0.30782498186758,0.5833333333333334,0.5,0.0,0
e83ddd21-357f-4a97-907e-64b1c509a312,55813971-10e0-4ac0-bb33-2c4e0b6c0618,1.6202782348216767,0.5833333333333334,0.0,0.0,0
fccf1405-8957-495b-9f33-10c57b78ca7e,7423e166-471b-48b1-afbe-24d7be50ebf8,2.895954707079585,0.5833333333333334,0.0,0.6,0
fccf1405-8957-495b-9f33-10c57b78ca7e,c51644f8-2f5a-4246-a78a-0660bb33d05c,2.2047784458730137,0.4166666666666667,0.5,0.2,0
fccf1405-8957-495b-9f33-10c57b78ca7e,7067eb11-0fa1-48c6-849b-871e42a65a84,2.167422499543341,0.5,0.0,0.0,0
fccf1405-8957-495b-9f33-10c57b78ca7e,f4285781-5172-4910-a41f-e423fd76e78b,0.6908695896701994,0.75,0.0,0.0,0
fccf1405-8957-495b-9f33-10c57b78ca7e,9ae352ec-1b51-492c-8513-fecd65415c13,1.2992875421860242,0.5833333333333334,0.0,0.6,0
fccf1405-8957-495b-9f33-10c57b78ca7e,4c459e55-0ded-46cb-81e0-22c12bc7cce7,2.9463369428171564,0.5833333333333334,0.5,0.2,0
fccf1405-8957-495b-9f33-10c57b78ca7e,c61c7948-e1d1-45f9-8439-9753c8bb6c72,2.908573780776044,0.5833333333333334,0.0,0.0,0
fccf1405-8957-495b-9f33-10c57b78ca7e,2d63700b-d957-45b0-8b53-e7164a043675,2.811240247518032,0.4166666666666667,0.0,0.0,0
fccf1405-8957-495b-9f33-10c57b78ca7e,4f0a4ba9-37f9-4a2e-a9ab-d384f3437d5f,2.4314740524425935,0.5833333333333334,0.0,0.2,0
fccf1405-8957-495b-9f33-10c57b78ca7e,01d31e67-a3e1-491b-b76d-0062499b79a0,2.0648498506259365,0.5833333333333334,0.0,0.0,0
fccf1405-8957-495b-9f33-10c57b78ca7e,792a6a94-7837-425b-aff1-13580831b5b8,3.2593712410695344,0.08333333333333333,0.0,0.0,0
fccf1405-8957-495b-9f33-10c57b78ca7e,fb0b65c0-1df3-4590-80db-503d20e9c9c4,2.1957288743698817,0.5,0.5,0.0,0
fccf1405-8957-495b-9f33-10c57b78ca7e,b3abe6a6-c348-4594-9dea-8ddcf8dfd32b,1.5789699604944027,0.5,0.0,0.2,0
fccf1405-8957-495b-9f33-10c57b78ca7e,67195c64-3b00-49ba-b7c5-18c4caffa9a2,2.8378658621566113,0.5,0.5,0.6,0
fccf1405-8957-495b-9f33-10c57b78ca7e,776e03ad-a19f-4690-abe0-c4bafc4ee34a,2.9727754564062163,0.5,0.5,0.2,0
fccf1405-8957-495b-9f33-10c57b78ca7e,2fc985a9-6bfd-4299-849a-a91d67be00fe,2.1167946682276875,0.75,0.5,0.0,0
fccf1405-8957-495b-9f33-10c57b78ca7e,128ee7b8-4096-400d-9895-5eac3140a395,2.873055404031064,0.25,0.5,0.0,0
fccf1405-8957-495b-9f33-10c57b78ca7e,5e653c92-f514-46bb-911a-d59c23f0a94e,2.5195979215936615,0.08333333333333333,0.5,0.6,0
fccf1405-8957-495b-9f33-10c57b78ca7e,26f13687-98ab-470d-994c-6abac1581b9b,1.9441324056415397,0.4166666666666667,0.0,0.0,0
fccf1405-8957-495b-9f33-10c57b78ca7e,e3a282e8-ebb6-40f7-9401-d3d5af3c2bd2,2.5070247362657723,0.5,0.0,0.0,0
fccf1405-8957-495b-9f33-10c57b78ca7e,af5f2739-4f9c-459c-bc3d-2e60d924253a,2.5681554056038434,0.5833333333333334,0.5,0.0,0
fccf1405-8957-495b-9f33-10c57b78ca7e,d6313ecd-2114-46f4-9f9a-82c474a4136e,1.3954592485143185,0.5,0.0,0.0,0
fccf1405-8957-495b-9f33-10c57b78ca7e,f96faacc-b08f-4fec-ad8e-a119a312ca99,1.7865424522190119,0.25,0.5,0.0,0
fccf1405-8957-495b-9f33-10c57b78ca7e,3e58b3f4-8ce4-4ca9-80e3-d631766244bc,2.7116669748302233,0.5,0.0,0.0,0
fccf1405-8957-495b-9f33-10c57b78ca7e,7703f95f-d80a-4ed7-bcda-2ae8bdd23ab0,1.4097843464975521,0.3333333333333333,0.0,0.0,0
a43b4713-8f53-4f04-a545-1a746c94f6e5,e33f1e3d-b0a2-496d-a61f-c5a2cb0f1a2d,0.25254833299526747,0.5,0.0,0.0,0
a43b4713-8f53-4f04-a545-1a746c94f6e5,09562818-80c0-4423-99f7-19f5a94d6194,0.28510393766887854,0.16666666666666666,0.0,0.0,0
a43b4713-8f53-4f04-a545-1a746c94f6e5,c6a3af4c-b8f0-4ba0-bf8d-f5ef980d53cd,-0.005404751004717392,0.16666666666666666,0.0,0.0,0
a43b4713-8f53-4f04-a545-1a746c94f6e5,dbc86b4e-29ef-4e44-9cdc-975decef77e2,0.07400161938741051,0.16666666666666666,0.0,0.0,0
a43b4713-8f53-4f04-a545-1a746c94f6e5,55b83d4f-9a27-48ad-a5d5-a9b9cdd11d6e,-0.01607235926828568,0.16666666666666666,1.0,0.0,0
a43b4713-8f53-4f04-a545-1a746c94f6e5,4ed22021-e1c8-4375-8ae9-0e674c9bf2a8,-0.1431060216671672,0.5,0.0,0.0,0
a43b4713-8f53-4f04-a545-1a746c94f6e5,8c49840a-2f31-4ee8-9bc4-b2932c23d9fd,0.1395565728392751,0.08333333333333333,0.0,0.0,0
a43b4713-8f53-4f04-a545-1a746c94f6e5,496c5335-b4d6-4c1a-9a32-7cddcd287ccc,-0.4941463802299233,0.16666666666666666,0.0,0.0,0
a43b4713-8f53-4f04-a545-1a746c94f6e5,5a8f95d1-d6d4-4d2b-b717-3a6bc9832f6b,0.2862158949070671,0.25,0.5,0.0,0
a43b4713-8f53-4f04-a545-1a746c94f6e5,459346cc-a560-459d-b01d-8d167d1fb21c,-0.03673489335775875,0.0,0.5,0.0,0
a43b4713-8f53-4f04-a545-1a746c94f6e5,84b4431f-6d60-4872-8bc9-5ddee1e70991,-0.3211428380437665,0.08333333333333333,0.5,0.0,0
a43b4713-8f53-4f04-a545-1a746c94f6e5,836fdeb1-15b6-4b01-82d3-a327e946a032,-0.27948510325161685,0.0,0.5,0.6,0
a43b4713-8f53-4f04-a545-1a746c94f6e5,b535ce3f-9958-41f1-958a-d58d7fd61e7f,0.09475618528637374,0.25,0.0,0.0,0
a43b4713-8f53-4f04-a545-1a746c94f6e5,18612f71-da40-4b25-bbde-4dcd42146923,-0.21466121428991974,0.25,0.5,0.0,0
a43b4713-8f53-4f04-a545-1a746c94f6e5,2285774c-b944-46b8-b3e1-d8ccc031ab9d,-0.04460196542974876,0.5,0.0,0.0,0
a43b4713-8f53-4f04-a545-1a746c94f6e5,019fbad5-3021-49b3-84ac-0e38617f2e29,0.5654861844128433,0.5833333333333334,0.5,0.0,0
a43b4713-8f53-4f04-a545-1a746c94f6e5,59ffced6-9ce9-4fef-a4c1-c6597f3b7916,-0.24010357119197848,0.16666666666666666,0.0,0.0,0
a43b4713-8f53-4f04-a545-1a746c94f6e5,7be6f759-da9f-45eb-a818-f751de74ee67,-0.023668361033668362,0.16666666666666666,0.0,0.0,0
a43b4713-8f53-4f04-a545-1a746c94f6e5,626b0041-704e-47d4-bb60-692fb0a57b00,0.023687584839770848,0.0,0.0,0.0,0
a43b4713-8f53-4f04-a545-1a746c94f6e5,1646c03e-4c75-4eb7-ba3c-0767fa14fb8e,-0.18242024814414703,0.5833333333333334,0.0,0.6,0
a43b4713-8f53-4f04-a545-1a746c94f6e5,82c85897-e1d1-43c6-868a-ea2716ba03f8,-0.17108379840620433,0.3333333333333333,0.0,0.2,0
a43b4713-8f53-4f04-a545-1a746c94f6e5,3303db12-444c-40b6-98bc-df80f436b205,0.32630793506113687,0.25,0.5,0.0,0
a43b4713-8f53-4f04-a545-1a746c94f6e5,13b99a64-b224-430e-8d46-b6b15f44a180,0.002075727086674895,0.3333333333333333,0.0,0.95,0
a43b4713-8f53-4f04-a545-1a746c94f6e5,3f52f8ce-36a4-4127-9354-0a3059bfd334,0.10382640470683355,0.0,0.5,0.0,0
a43b4713-8f53-4f04-a545-1a746c94f6e5,51ebdbda-201c-4d7e-b35d-12594d0b1a4d,-0.24612014822524061,0.25,0.5,0.0,0
93d3d7d6-652d-4641-a903-6278f92a19df,12bfb593-13ce-4139-8c5d-4afd2faa1dd4,9.222566971494864,0.25,0.5,0.0,0
93d3d7d6-652d-4641-a903-6278f92a19df,b82d7e7b-761e-47e3-bd76-d3fd537940fc,7.06461734271476,0.16666666666666666,0.0,0.0,0
93d3d7d6-652d-4641-a903-6278f92a19df,d3dc8cfd-2a9e-49f8-942b-38feb5380d92,7.634452483555833,0.08333333333333333,0.0,0.0,0
93d3d7d6-652d-4641-a903-6278f92a19df,73cb4ace-f5e9-4d55-a541-86debe0fd218,10.180236570310047,0.08333333333333333,0.0,0.0,0
93d3d7d6-652d-4641-a903-6278f92a19df,5eed72b2-2e9c-44fc-bd10-3da25ab1d1ea,8.694314397499774,0.0,0.5,0.6,0
93d3d7d6-652d-4641-a903-6278f92a19df,f3050666-974d-46a6-8c98-86588f3fff06,8.504908815304578,0.16666666666666666,0.5,0.0,0
93d3d7d6-652d-4641-a903-6278f92a19df,4bd63ac6-0749-4c03-8413-64bf0b2e8ac1,10.880311812091952,0.16666666666666666,0.5,0.6,0
93d3d7d6-652d-4641-a903-6278f92a19df,1c901cf9-f96e-482f-978b-91c460ca1ba1,8.09136049042804,0.0,0.0,0.0,0
93d3d7d6-652d-4641-a903-6278f92a19df,30bb0297-adad-47e4-a4da-416d12377047,9.931630882212561,0.25,0.0,0.0,0
93d3d7d6-652d-4641-a903-6278f92a19df,e3de7079-92ba-48cc-a214-ec66ceff3f93,10.363513005104094,0.08333333333333333,0.0,0.0,0
93d3d7d6-652d-4641-a903-6278f92a19df,b83bf88f-3ee9-4cba-ab52-e7aea94b4a13,8.396642774286153,0.3333333333333333,0.0,0.0,0
93d3d7d6-652d-4641-a903-6278f92a19df,e006b477-7a2f-499d-bb28-b52208dd3666,6.32051391935452,0.08333333333333333,0.5,0.6,0
93d3d7d6-652d-4641-a903-6278f92a19df,80f2d61e-aa95-40d6-af2a-42aa1a6558ed,4.693560659214464,0.5,0.5,0.6,0
93d3d7d6-652d-4641-a903-6278f92a19df,9f581722-3463-4078-8912-2d02a3361856,11.331752384664307,0.3333333333333333,0.5,0.0,0
93d3d7d6-652d-4641-a903-6278f92a19df,4d9fc074-29a0-4b57-851c-1359ee19383b,8.34052249784033,0.3333333333333333,0.0,0.0,0
93d3d7d6-652d-4641-a903-6278f92a19df,b0a95fdc-6b92-4fd1-8744-58f1047bb878,4.011562391075022,0.16666666666666666,0.5,0.0,0
93d3d7d6-652d-4641-a903-6278f92a19df,79b6ae53-d2bc-47dc-a1bc-b2b410923f1b,7.360910333333694,0.25,0.0,0.0,0
93d3d7d6-652d-4641-a903-6278f92a19df,c9d8fa31-ffbb-4564-aca5-320d889a7f2b,5.429643586046794,0.08333333333333333,0.0,0.0,0
93d3d7d6-652d-4641-a903-6278f92a19df,5f0a738e-e082-4fed-8d80-44cbab7c66f4,8.669485569417029,0.0,0.0,0.0,0
93d3d7d6-652d-4641-a903-6278f92a19df,d174322d-6a47-4d19-b1e2-4990d8b08e2a,7.123221065115005,0.25,0.0,0.0,0
93d3d7d6-652d-4641-a903-6278f92a19df,56d81883-5dee-4f32-8522-b109f086f92f,10.07351888312958,0.08333333333333333,0.0,0.6,0
93d3d7d6-652d-4641-a903-6278f92a19df,29e59127-d8cd-4760-b39e-c4fc9cf78059,11.718765801439258,0.25,0.0,0.0,0
93d3d7d6-652d-4641-a903-6278f92a19df,47750601-3dff-4423-808d-0ce951880e76,5.209261312150824,0.16666666666666666,0.0,0.0,0
93d3d7d6-652d-4641-a903-6278f92a19df,8ad763b1-3523-45e5-aac5-c57afe1ddd4b,8.725819849612193,0.16666666666666666,0.0,0.0,0
93d3d7d6-652d-4641-a903-6278f92a19df,5390c58a-c092-4e36-ad59-7e17bce8988b,9.543681250946655,0.3333333333333333,0.5,0.0,0
43779c8e-ff58-44ae-b168-7be2926e503f,584be996-2b54-4f47-8cae-3398655bb7ac,2.9964713231749474,0.25,0.0,0.2,0
43779c8e-ff58-44ae-b168-7be2926e503f,309ce4c8-ec1c-4b0b-a6dd-867b44dd01dc,2.02917035627326,0.3333333333333333,0.0,0.0,0
43779c8e-ff58-44ae-b168-7be2926e503f,721b96c9-ef1c-486b-a41a-4e14ac172ae9,2.3781485127109954,0.08333333333333333,0.0,0.0,0
43779c8e-ff58-44ae-b168-7be2926e503f,1e07c203-db29-470d-b2c1-dffcb52d71e4,3.37470858397092,0.0,0.0,0.0,0
43779c8e-ff58-44ae-b168-7be2926e503f,a6782db4-0641-414b-9f43-128914da2eb6,1.9119241930065327,0.3333333333333333,0.5,0.0,0
43779c8e-ff58-44ae-b168-7be2926e503f,e187c611-8069-4f0f-a8d4-809187b40dec,1.9547331914430264,0.16666666666666666,0.0,0.2,0
43779c8e-ff58-44ae-b168-7be2926e503f,d1b007d6-906c-4ed8-90d7-6ced385c2cb8,2.5416127789913676,0.25,0.5,0.0,0
43779c8e-ff58-44ae-b168-7be2926e503f,9a1f2a66-7c8f-443e-8fe4-885ebd2a0cb9,2.6120252341030525,0.3333333333333333,0.0,0.0,0
43779c8e-ff58-44ae-b168-7be2926e503f,63dae3a5-529e-496c-b0ce-4b3e0810e9be,2.278422966749948,0.0,0.5,0.0,0
43779c8e-ff58-44ae-b168-7be2926e503f,5c824451-9657-4760-8e69-344aa80677da,1.8819616089003388,0.25,0.0,0.95,0
43779c8e-ff58-44ae-b168-7be2926e503f,17254bc6-f20b-4680-a2ca-5698d99e8481,2.6752680111916947,0.16666666666666666,0.5,0.6,0
43779c8e-ff58-44ae-b168-7be2926e503f,591feef3-f178-4ee0-8193-c637a4fa2e01,2.3601965179868785,0.25,1.0,0.0,0
43779c8e-ff58-44ae-b168-7be2926e503f,06664581-21b5-4ea4-8bcb-c4f771233e79,2.484934911840202,0.25,0.0,0.2,0
43779c8e-ff58-44ae-b168-7be2926e503f,ca1aac32-9a19-4aa6-a7b0-db4d67bd617d,3.3989696109638383,0.25,0.5,0.0,0
43779c8e-ff58-44ae-b168-7be2926e503f,8fc64f37-2299-4d60-b98d-dec0bfdb3652,1.6949511780513389,0.25,1.0,0.0,0
43779c8e-ff58-44ae-b168-7be2926e503f,4d588453-28ad-4901-9f50-f866f4a3ec75,3.0655542271060434,0.4166666666666667,0.0,0.0,0
43779c8e-ff58-44ae-b168-7be2926e503f,dcbc20fc-d8fb-4f5d-9738-ba01608f8aa2,2.4939006866084434,0.4166666666666667,0.5,0.0,0
43779c8e-ff58-44ae-b168-7be2926e503f,d45fffd1-d611-421c-9ba0-62078e149a82,2.6512691313341827,0.08333333333333333,0.5,0.0,0
43779c8e-ff58-44ae-b168-7be2926e503f,d8f09449-c3e3-4e2a-a21d-7c223aedf0af,2.3217342061926733,0.25,0.0,0.0,0
43779c8e-ff58-44ae-b168-7be2926e503f,44c6f629-d163-4166-a6ba-46cd7c1c839c,1.0594967977495342,0.16666666666666666,0.0,0.0,0
43779c8e-ff58-44ae-b168-7be2926e503f,ca00767f-96ef-4349-a48c-bd33866f15ec,2.4031306196016713,0.3333333333333333,0.0,0.0,0
43779c8e-ff58-44ae-b168-7be2926e503f,3ba7b8ce-4cbf-4670-922d-dbaa15610681,2.184155129596815,0.08333333333333333,0.0,0.0,0
43779c8e-ff58-44ae-b168-7be2926e503f,bcbe7c92-c6ba-48c5-b538-f581e790fe17,2.253719195020321,0.5833333333333334,0.5,0.0,0
43779c8e-ff58-44ae-b168-7be2926e503f,46ca6cd9-194f-4716-9d52-00bf390ad802,2.3741131422187975,0.5,0.5,0.2,0
43779c8e-ff58-44ae-b168-7be2926e503f,508e0264-dfa9-4ddf-91c5-9152c5349028,2.456662098105111,0.25,0.0,0.0,0
cece36aa-d354-4985-a3ee-e34474324e6c,6d6d1c3a-5a46-4b8a-a539-90d4d5ca5f6a,2.412994954851715,0.08333333333333333,0.0,0.2,0
cece36aa-d354-4985-a3ee-e34474324e6c,30b89590-998d-4a14-b01e-8be909c99d4e,2.1105791749173903,0.08333333333333333,0.0,0.95,0
cece36aa-d354-4985-a3ee-e34474324e6c,5d88631e-cfb9-4011-a278-d11c1d4732ad,1.226250403457579,0.08333333333333333,0.5,0.0,0
cece36aa-d354-4985-a3ee-e34474324e6c,5a16aa1a-3513-4d8d-a765-41ca304a96f6,1.833965309712556,0.08333333333333333,0.5,0.0,0
cece36aa-d354-4985-a3ee-e34474324e6c,c249f345-9ba1-421d-a4f5-480fe197c3eb,2.352620898017028,0.08333333333333333,0.5,0.0,0
cece36aa-d354-4985-a3ee-e34474324e6c,754a8b04-952c-4688-9780-634f161354b8,1.2543817768585976,0.0,0.5,0.0,0
cece36aa-d354-4985-a3ee-e34474324e6c,2887cbe9-10e4-4cb4-bd15-46109bc35a9c,1.4699897386691436,0.08333333333333333,0.5,0.0,0
cece36aa-d354-4985-a3ee-e34474324e6c,c0e00e7d-7e99-4c89-9d5a-a064aae63678,1.5510825555972587,0.08333333333333333,0.0,0.0,0
cece36aa-d354-4985-a3ee-e34474324e6c,2a38578f-0511-46d0-a3a2-4d0775564e23,1.131848524076159,0.08333333333333333,0.5,0.0,0
cece36aa-d354-4985-a3ee-e34474324e6c,c528bf7b-ae7a-41de-a89f-e3eeb3bf380a,1.986457073660804,0.16666666666666666,0.5,0.0,0
cece36aa-d354-4985-a3ee-e34474324e6c,b373b949-3d69-438d-9595-b4dffe589e44,2.2932133316255445,0.08333333333333333,0.5,0.0,0
cece36aa-d354-4985-a3ee-e34474324e6c,f5215294-ace2-4040-80c8-8a7b900fef75,1.2380147710014333,0.08333333333333333,0.0,0.0,0
cece36aa-d354-4985-a3ee-e34474324e6c,a864bf15-c055-4f2b-9cd5-3fecabad2daa,2.6569345917003244,0.16666666666666666,0.0,0.0,0
cece36aa-d354-4985-a3ee-e34474324e6c,21d75fb7-6aba-4d39-bbb7-dd8017f13035,1.4868997675200777,0.08333333333333333,0.5,0.6,0
cece36aa-d354-4985-a3ee-e34474324e6c,ba74d460-7d1c-43d7-b514-3236f60be27a,2.8159288411340118,0.0,0.0,0.0,0
cece36aa-d354-4985-a3ee-e34474324e6c,82fbedcb-3252-4f4a-a764-6417146a5088,2.1310507072997793,0.08333333333333333,1.0,0.0,0
cece36aa-d354-4985-a3ee-e34474324e6c,fc6f2a6b-b4cf-46e1-bb00-c19dd358b746,2.6248628506936558,0.08333333333333333,0.5,0.0,0
cece36aa-d354-4985-a3ee-e34474324e6c,eb92b71b-de14-4703-b991-0823437d484b,0.7535435614789268,0.08333333333333333,0.0,0.0,0
cece36aa-d354-4985-a3ee-e34474324e6c,2c1d9bc8-128d-425b-a526-167375199093,2.437191376414805,0.16666666666666666,0.5,0.0,0
cece36aa-d354-4985-a3ee-e34474324e6c,224025a1-445b-45a0-9e32-ed31f67cc1bb,1.462806482854023,0.16666666666666666,0.0,0.2,0
cece36aa-d354-4985-a3ee-e34474324e6c,d76ac905-3203-460b-a031-eb5362c5f643,2.3565346541080543,0.4166666666666667,0.0,0.6,0
cece36aa-d354-4985-a3ee-e34474324e6c,514d85b4-d630-47ad-95e0-b9dbac8f9446,0.5778085769978113,0.08333333333333333,0.0,0.0,0
cece36aa-d354-4985-a3ee-e34474324e6c,6df859e1-de38-4f2e-807f-fd4f603f7b84,0.23898047298346298,0.08333333333333333,0.5,0.0,0
cece36aa-d354-4985-a3ee-e34474324e6c,31bbe58e-92ce-49ea-94fa-93f59c01b2a0,1.9096990036352917,0.0,0.5,0.0,0
cece36aa-d354-4985-a3ee-e34474324e6c,badb311d-f2d5-45b5-b393-06001ad18ddb,1.8985175538487553,0.4166666666666667,1.0,0.0,0
5a49bc0c-e2fc-47b5-b648-fe3eec3682d7,666672e0-98d9-423c-a24a-62269f29cd2b,0.11435626948647246,0.75,0.0,0.0,0
5a49bc0c-e2fc-47b5-b648-fe3eec3682d7,51680276-fda2-4d44-9d9d-af9eb987e2a9,0.4332521985499685,0.6666666666666666,0.0,0.0,0
5a49bc0c-e2fc-47b5-b648-fe3eec3682d7,46ffb064-d747-45ab-8fbe-3361ff912334,0.7261209161443266,0.5,0.5,0.0,0
5a49bc0c-e2fc-47b5-b648-fe3eec3682d7,b506891c-4e07-4638-8ad4-75a7aff9ea9c,0.592497615140971,0.5833333333333334,0.5,0.0,0
5a49bc0c-e2fc-47b5-b648-fe3eec3682d7,ffc7e327-b454-44e2-9d56-af1e80549e11,0.6812781152817866,0.3333333333333333,1.0,0.0,0
5a49bc0c-e2fc-47b5-b648-fe3eec3682d7,96948a5a-c118-41b5-bdac-d083a00d51f9,1.0599383200974717,0.6666666666666666,0.5,0.0,0
5a49bc0c-e2fc-47b5-b648-fe3eec3682d7,5ca43499-0214-4bd2-ba5b-064d2b51843c,0.352063528611263,0.6666666666666666,0.0,0.0,0
5a49bc0c-e2fc-47b5-b648-fe3eec3682d7,8772c3f3-a645-4cd3-846b-11e427a55741,0.28906973832755095,0.75,0.0,0.0,0
5a49bc0c-e2fc-47b5-b648-fe3eec3682d7,4a395cdb-b598-43eb-8e0f-138bac5d5335,1.1818474056770902,0.6666666666666666,0.0,0.0,0
5a49bc0c-e2fc-47b5-b648-fe3eec3682d7,e627ec7a-d65c-4f81-9634-d0761378c68d,1.0810515293425773,0.5,0.0,0.0,0
5a49bc0c-e2fc-47b5-b648-fe3eec3682d7,b0b259f2-73b9-41ef-a9d0-fd93065c65a3,0.18520366134358107,0.3333333333333333,0.5,0.6,0
5a49bc0c-e2fc-47b5-b648-fe3eec3682d7,e6dee816-9eef-48b2-b95f-717f0b034a63,0.4203523474522833,0.6666666666666666,0.0,0.0,0
5a49bc0c-e2fc-47b5-b648-fe3eec3682d7,c8ab3329-2610-461d-82f1-b8d3a04613dd,0.884233148957143,0.75,0.0,0.0,0
5a49bc0c-e2fc-47b5-b648-fe3eec3682d7,8836000a-3650-4527-9988-2c0ef05fdc69,1.2566133438806004,0.75,0.0,0.0,0
5a49bc0c-e2fc-47b5-b648-fe3eec3682d7,c69164a2-29c8-4699-9826-e540df62775e,0.8724221454755644,0.5,0.5,0.0,0
5a49bc0c-e2fc-47b5-b648-fe3eec3682d7,bfb58403-a5d3-41ca-824d-e51f83a19bf7,0.875889601938002,0.8333333333333334,0.0,0.0,0
5a49bc0c-e2fc-47b5-b648-fe3eec3682d7,815b2eff-cf97-4a88-946d-d2de780283af,0.3996341212761116,0.6666666666666666,0.5,0.0,0
5a49bc0c-e2fc-47b5-b648-fe3eec3682d7,5b5e6557-af11-46b0-9d7a-170c9d1e44d8,0.16118008955218124,0.5,0.5,0.0,0
5a49bc0c-e2fc-47b5-b648-fe3eec3682d7,ee6e0c13-1d8a-4704-b3bd-344ea9c15099,0.9045271653916279,0.5833333333333334,0.0,0.0,0
5a49bc0c-e2fc-47b5-b648-fe3eec3682d7,3b3dfe4b-3986-4034-9bdb-46b10d219dcb,1.3181604747671474,0.5833333333333334,0.5,0.0,0
5a49bc0c-e2fc-47b5-b648-fe3eec3682d7,38db5da2-015b-4f8c-9069-3bb2d7ff335c,0.388181114476947,0.5833333333333334,0.0,0.0,0
5a49bc0c-e2fc-47b5-b648-fe3eec3682d7,3005b57a-8190-4030-b10c-22f9f080a6e2,0.3278209038326576,0.5833333333333334,0.5,0.0,0
5a49bc0c-e2fc-47b5-b648-fe3eec3682d7,de1581f6-a3db-4a3c-8c34-1b5660f15fb6,0.14915696945070184,0.8333333333333334,0.5,0.0,0
5a49bc0c-e2fc-47b5-b648-fe3eec3682d7,c65b5ae3-44d8-4c0f-815f-734386d582ee,0.7869564668574345,0.6666666666666666,0.0,0.0,0
5a49bc0c-e2fc-47b5-b648-fe3eec3682d7,86a3a811-bf90-43af-a93f-1c8a77a7af3c,0.7353622628468519,0.9166666666666666,0.0,0.0,0
e8f3340c-127c-4882-8640-95c04f4bc469,a00cbdae-8cd7-46d4-b57e-3b5ffc858285,4.140484631286569,0.4166666666666667,0.0,0.0,0
e8f3340c-127c-4882-8640-95c04f4bc469,5d44f495-06a2-48e0-a0fa-3866884c026c,3.440994141230752,0.3333333333333333,0.5,0.0,0
e8f3340c-127c-4882-8640-95c04f4bc469,64c58a35-5c84-4b3a-b145-59117db98c42,3.6232871576860806,0.3333333333333333,0.0,0.0,0
e8f3340c-127c-4882-8640-95c04f4bc469,a611a88f-e943-4a93-8e30-3a9d4a1e6405,3.4901747018011324,0.5833333333333334,0.5,0.0,0
e8f3340c-127c-4882-8640-95c04f4bc469,2a9f9efd-d4c5-49e0-9996-95a5a70a1a20,2.7382424477220555,0.6666666666666666,0.0,0.0,0
e8f3340c-127c-4882-8640-95c04f4bc469,a81b911e-97f7-4b7c-af04-3bc16b8aae3b,3.7125526611893402,0.75,0.0,0.0,0
e8f3340c-127c-4882-8640-95c04f4bc469,5632bbc5-2487-42d6-a37e-e70dfafe8488,3.341013786408323,0.75,0.0,0.0,0
e8f3340c-127c-4882-8640-95c04f4bc469,c46d9068-c7e8-4e6a-a8dd-98c877df997c,3.660237086806536,0.3333333333333333,0.0,0.0,0
e8f3340c-127c-4882-8640-95c04f4bc469,36679132-0317-42f5-9de2-e9fe0c600cd1,3.180546273518457,0.6666666666666666,0.5,0.0,0
e8f3340c-127c-4882-8640-95c04f4bc469,396dd2f0-213a-470f-83a1-b30e84581bf9,2.8480924119942093,0.5,0.5,0.0,0
e8f3340c-127c-4882-8640-95c04f4bc469,22ba4164-0cd3-4339-9b9e-e122d21b72de,3.12506542630103,0.4166666666666667,1.0,0.0,0
e8f3340c-127c-4882-8640-95c04f4bc469,9881c13d-6f1d-4cfb-a998-1d4776422a6b,2.9766498078473904,0.3333333333333333,1.0,0.0,0
e8f3340c-127c-4882-8640-95c04f4bc469,738306a5-f414-44bb-a7f6-3a4a75e785cf,3.552002967934307,0.5,0.0,0.0,0
e8f3340c-127c-4882-8640-95c04f4bc469,a67e544d-dc35-43b8-904d-8846213a70e8,2.958303859940537,0.25,0.5,0.0,0
e8f3340c-127c-4882-8640-95c04f4bc469,45acd309-43cf-4d02-a329-aeffaa316772,2.9131650382590175,0.5,0.0,0.0,0
e8f3340c-127c-4882-8640-95c04f4bc469,610b42d9-f5ba-466c-80c9-e60c9732ef2d,3.7485384345292356,0.4166666666666667,0.5,0.0,0
e8f3340c-127c-4882-8640-95c04f4bc469,c057c306-68d2-4750-9451-0255ca3143b5,3.1826734240396557,0.5833333333333334,0.0,0.0,0
e8f3340c-127c-4882-8640-95c04f4bc469,a9c01382-efe6-46ca-a00c-6c7ceae9e550,3.8397304645428014,0.5,0.0,0.0,0
e8f3340c-127c-4882-8640-95c04f4bc469,12b1765d-cf4b-4ca0-bb4b-301edc3b5270,2.8721825992428567,0.3333333333333333,1.0,0.0,0
e8f3340c-127c-4882-8640-95c04f4bc469,863ae75d-d7d6-4ede-9fe8-6269871c7d6a,3.162917187772367,0.5833333333333334,0.0,0.0,0
e8f3340c-127c-4882-8640-95c04f4bc469,b9ca73bc-fe94-4676-a0c3-2e18fcef4964,2.9267301721768315,0.75,0.5,0.0,0
e8f3340c-127c-4882-8640-95c04f4bc469,1f11bbcf-68d7-4d0f-af90-2527cdfd7d02,3.3156638573815664,0.4166666666666667,0.5,0.6,0
e8f3340c-127c-4882-8640-95c04f4bc469,3a45103f-d40a-494b-b1c9-af323c8270a9,3.7302626672849217,0.3333333333333333,0.0,0.0,0
e8f3340c-127c-4882-8640-95c04f4bc469,037df390-32b7-4901-b4b7-826416ed1d11,2.6645304672171752,0.16666666666666666,0.5,0.0,0
e8f3340c-127c-4882-8640-95c04f4bc469,54acb17c-0a4e-4f39-8c4b-931ab38aa335,3.21503980610389,0.75,0.0,0.0,0
3ea648bd-cb82-4f24-8d62-baa9d304cf8a,e8a2407b-50da-443e-bc65-41f2348694f0,-0.01572626251560455,0.16666666666666666,0.0,0.0,0
3ea648bd-cb82-4f24-8d62-baa9d304cf8a,86dd87fa-a3e2-4c55-8125-063f536b1eba,0.0390076860229681,0.3333333333333333,0.0,0.0,0
3ea648bd-cb82-4f24-8d62-baa9d304cf8a,fb9b1da6-62d8-4831-a0c0-d074c948f823,-0.5512343520393109,0.3333333333333333,0.5,0.0,0
3ea648bd-cb82-4f24-8d62-baa9d304cf8a,1c7aa246-21c5-4480-83d8-a371df133945,0.05997694660131601,0.25,0.5,0.0,0
3ea648bd-cb82-4f24-8d62-baa9d304cf8a,28c77711-f21d-4a33-9de0-fc3283ad956e,-0.18495498813337935,0.25,0.0,0.0,0
3ea648bd-cb82-4f24-8d62-baa9d304cf8a,4a0419f5-c64f-480e-9ac0-451068e3ee81,-0.0706940651388683,0.3333333333333333,0.0,0.2,0
3ea648bd-cb82-4f24-8d62-baa9d304cf8a,0cc8baa6-9de7-4a4e-aed5-a56eaf5387fc,-0.2639467064172006,0.25,0.5,0.0,0
3ea648bd-cb82-4f24-8d62-baa9d304cf8a,c0fb18f4-3de8-4951-9b7e-f31afe7ec4d1,-0.0807310600224856,0.3333333333333333,0.5,0.6,0
3ea648bd-cb82-4f24-8d62-baa9d304cf8a,a4ae8eba-e481-4094-b665-132a8af4999c,-0.18376971723640004,0.0,0.5,0.0,0
3ea648bd-cb82-4f24-8d62-baa9d304cf8a,c9870521-a25a-4fac-aa56-54efdd85c0d4,0.026608053469181887,0.16666666666666666,0.0,0.2,0
3ea648bd-cb82-4f24-8d62-baa9d304cf8a,b39f36f3-3c28-42a9-bc51-39b6929e594c,0.5241444655782154,0.6666666666666666,0.0,0.0,0
3ea648bd-cb82-4f24-8d62-baa9d304cf8a,74bc8b7f-e24d-4f5d-83fa-16a263f4e218,-0.41612533902417925,0.25,0.5,0.2,0
3ea648bd-cb82-4f24-8d62-baa9d304cf8a,1dcce42d-25fa-4192-afb5-ff5dcdc583a4,-0.14114716750520323,0.25,0.0,0.0,0
3ea648bd-cb82-4f24-8d62-baa9d304cf8a,bbe72fcf-f640-4745-83dd-d4de1869314e,0.0695289900208768,0.08333333333333333,0.5,0.0,0
3ea648bd-cb82-4f24-8d62-baa9d304cf8a,4581f19d-01ab-436a-865d-1ecabd8b7484,0.12029458727658392,0.3333333333333333,1.0,0.0,0
3ea648bd-cb82-4f24-8d62-baa9d304cf8a,da8ccc53-5d72-4858-b1cc-f66376fcdd34,-0.39785078282664993,0.25,0.5,0.0,0
3ea648bd-cb82-4f24-8d62-baa9d304cf8a,384156fa-1528-4929-bf66-1e6efbf863e1,-0.060065203239697225,0.0,1.0,0.0,0
3ea648bd-cb82-4f24-8d62-baa9d304cf8a,2e8b0b94-5ec9-44c7-90b2-f3cdb53eeca5,-0.03393774895110206,0.25,0.0,0.0,0
3ea648bd-cb82-4f24-8d62-baa9d304cf8a,3d3137b7-4623-4bb2-8b4c-3c389d905b61,-0.14189769958074314,0.25,0.0,0.6,0
3ea648bd-cb82-4f24-8d62-baa9d304cf8a,f4778e60-9656-46a6-82fd-971f95913675,-0.020974285682137512,0.5,0.5,0.0,0
3ea648bd-cb82-4f24-8d62-baa9d304cf8a,563b9ab1-e269-415a-a595-30c1724b7e00,-0.4452841542435721,0.5,0.0,0.0,0
3ea648bd-cb82-4f24-8d62-baa9d304cf8a,7b763a3b-ed1a-4680-a063-ccfe19cba24b,0.14422390626773657,0.3333333333333333,0.5,0.0,0
3ea648bd-cb82-4f24-8d62-baa9d304cf8a,87a88162-a7a7-4a73-b8a6-956d0011c5f4,0.30979584690305195,0.5,0.0,0.0,0
3ea648bd-cb82-4f24-8d62-baa9d304cf8a,84c87f40-f4b9-4f45-a015-2e031d2162bd,-0.32827947403024543,0.3333333333333333,0.0,0.6,0
3ea648bd-cb82-4f24-8d62-baa9d304cf8a,e1466b88-b142-4368-99a2-8dbe8b074dfe,-0.16803980676261082,0.3333333333333333,0.0,0.2,0
024de2f0-cda6-4bde-ac3d-c75a15a63291,53f4a8a7-81c3-42ac-9fdd-e3f871187b2a,8.69039909918982,0.16666666666666666,0.5,0.0,0
024de2f0-cda6-4bde-ac3d-c75a15a63291,e3445b89-28f8-4830-969e-2fe0453844cf,7.975766395808498,0.3333333333333333,0.0,0.0,0
024de2f0-cda6-4bde-ac3d-c75a15a63291,4300b226-8638-440a-9aa9-fff42a62f444,5.402529814619824,0.25,0.0,0.0,0
024de2f0-cda6-4bde-ac3d-c75a15a63291,24c7c54d-d67b-446c-af86-48adebee2cbd,6.7036684394101345,0.25,0.0,0.0,0
024de2f0-cda6-4bde-ac3d-c75a15a63291,785291c1-be81-4c81-887a-5bbeafd2f8df,6.548085582739925,0.25,0.5,0.0,0
024de2f0-cda6-4bde-ac3d-c75a15a63291,0afdf9b9-3e3c-4726-b748-93aa1249e2a8,7.945921948289078,0.08333333333333333,0.0,0.0,0
024de2f0-cda6-4bde-ac3d-c75a15a63291,459eb22f-0b92-4bba-a0a6-45f680c5fbd0,6.660199650641271,0.08333333333333333,0.5,0.0,0
024de2f0-cda6-4bde-ac3d-c75a15a63291,94c4e823-bcf8-43d0-9eba-3da9e8a89fae,10.315971590110983,0.0,0.5,0.0,0
024de2f0-cda6-4bde-ac3d-c75a15a63291,ae7d5d56-e073-4522-9464-29e790ac44b2,3.2747320268229902,0.08333333333333333,0.5,0.0,0
024de2f0-cda6-4bde-ac3d-c75a15a63291,2a8b64ac-c988-48d6-8836-91e695bc96c5,6.931416232964964,0.08333333333333333,0.0,0.0,0
024de2f0-cda6-4bde-ac3d-c75a15a63291,b5aee064-2883-49e8-b0b4-b6aa7e786a1a,10.218036482362987,0.08333333333333333,1.0,0.0,0
024de2f0-cda6-4bde-ac3d-c75a15a63291,7420f066-582e-48c2-9e33-a4131f53321c,7.649023141918661,0.08333333333333333,0.0,0.95,0
024de2f0-cda6-4bde-ac3d-c75a15a63291,a4251f01-1925-46aa-b97c-cec776efed7d,9.029299414134744,0.5,0.0,0.0,0
024de2f0-cda6-4bde-ac3d-c75a15a63291,b5bb8839-448f-4926-b202-69e39309f79f,7.611612523988443,0.08333333333333333,0.0,0.0,0
024de2f0-cda6-4bde-ac3d-c75a15a63291,6434ec19-76f6-4574-85cc-07720ec44a5d,8.509124633562202,0.08333333333333333,0.0,0.0,0
024de2f0-cda6-4bde-ac3d-c75a15a63291,a39eb0c8-bf33-4ea5-a21b-8cc0900fb23c,7.2196534152586835,0.08333333333333333,0.5,0.0,0
024de2f0-cda6-4bde-ac3d-c75a15a63291,4ff8ff09-3d91-425f-832c-b6613c8c99ee,6.973278907549952,0.08333333333333333,0.5,0.0,0
024de2f0-cda6-4bde-ac3d-c75a15a63291,95d7470d-5f54-41b9-89f7-4fca88725b21,8.741558749948352,0.0,0.0,0.0,0
024de2f0-cda6-4bde-ac3d-c75a15a63291,fe6198fa-10d7-4406-bf0b-4cb0548c6654,5.844453310191904,0.16666666666666666,0.0,0.0,0
024de2f0-cda6-4bde-ac3d-c75a15a63291,ccc4abe4-c41d-4e07-b1d7-3f974fdb62e3,8.118693223074018,0.08333333333333333,0.0,0.0,0
024de2f0-cda6-4bde-ac3d-c75a15a63291,621de3ee-ac2a-43e1-930b-39121d6f4aec,6.299710306709828,0.08333333333333333,0.0,0.0,0
024de2f0-cda6-4bde-ac3d-c75a15a63291,f8404e8a-a065-4a93-8d0f-6c1407c22a1a,10.686247575530441,0.08333333333333333,0.0,0.0,0
024de2f0-cda6-4bde-ac3d-c75a15a63291,677be697-3dfe-4fd9-8ea3-78ce26f79a72,4.851736519528336,0.5,0.0,0.2,0
024de2f0-cda6-4bde-ac3d-c75a15a63291,a4e8ea2a-b3e7-49c8-bc77-1e4bdc16ecf8,7.942124256234941,0.16666666666666666,0.0,0.0,0
024de2f0-cda6-4bde-ac3d-c75a15a63291,cdd84a9c-f9dc-446d-8060-287e5aeba4e7,2.974284571875182,0.08333333333333333,0.5,0.0,0
0ab0104f-253f-4041-a7f8-e994d9ae0f05,2165aded-1ce5-4b58-81d4-824c46ef3dde,2.3723661683764172,0.25,0.0,0.2,0
0ab0104f-253f-4041-a7f8-e994d9ae0f05,26ceca22-4747-41ee-9047-14b15a97f61a,1.6170645057855046,0.16666666666666666,0.5,0.0,0
0ab0104f-253f-4041-a7f8-e994d9ae0f05,bcc24468-281c-471a-a38a-c56617d7b531,1.8382361528839937,0.25,0.5,0.0,0
0ab0104f-253f-4041-a7f8-e994d9ae0f05,c9bb7d7d-7d6a-4411-9e45-f10f742224c5,2.302025987668031,0.16666666666666666,0.0,0.0,0
0ab0104f-253f-4041-a7f8-e994d9ae0f05,9b5869b6-f7f8-4a4a-a261-a25c37c9ed52,1.960573346178044,0.4166666666666667,0.5,0.0,0
0ab0104f-253f-4041-a7f8-e994d9ae0f05,ef0145e8-e1ba-4a20-b0f7-f492d2257a9e,1.7126908359598743,0.0,0.5,0.6,0
0ab0104f-253f-4041-a7f8-e994d9ae0f05,536ac317-bc95-4aa5-b060-842d2558e458,1.48516263114862,0.08333333333333333,0.5,0.0,0
0ab0104f-253f-4041-a7f8-e994d9ae0f05,d60884cd-6804-4173-a860-9e2178131f51,1.9655174600745573,0.25,0.0,0.0,0
0ab0104f-253f-4041-a7f8-e994d9ae0f05,2b229f2e-2379-4f23-a3d7-786133dd809b,1.8034063495969066,0.4166666666666667,0.5,0.0,0
0ab0104f-253f-4041-a7f8-e994d9ae0f05,08825c4b-a3fc-4dbf-80e1-68fde59765d2,2.2858539220980427,0.3333333333333333,0.0,0.0,0
0ab0104f-253f-4041-a7f8-e994d9ae0f05,10ea8cae-f6a1-4a5b-b0e3-84300d022e93,1.64419416267924,0.3333333333333333,0.5,0.0,0
0ab0104f-253f-4041-a7f8-e994d9ae0f05,30545d90-639b-43b5-af7b-de7489b3ae8d,2.236799042673239,0.25,0.0,0.0,0
0ab0104f-253f-4041-a7f8-e994d9ae0f05,56ee5304-398d-43c2-b62e-9b4b225f7406,1.2499186733671122,0.25,0.0,0.0,0
0ab0104f-253f-4041-a7f8-e994d9ae0f05,b37c8372-39f8-476a-941c-7dcfac5b60de,1.3546111799148668,0.25,0.0,0.0,0
0ab0104f-253f-4041-a7f8-e994d9ae0f05,505e3759-1345-4867-9e3f-7d41ac3b4841,3.2155862981683865,0.08333333333333333,0.0,0.0,0
0ab0104f-253f-4041-a7f8-e994d9ae0f05,9fc93197-245b-4e6d-9c86-ac0fa622f217,2.153540211937914,0.4166666666666667,0.0,0.6,0
0ab0104f-253f-4041-a7f8-e994d9ae0f05,fbf72cf9-8362-465c-8d70-55196e011b4f,1.7553189648383922,0.3333333333333333,0.0,0.2,0
0ab0104f-253f-4041-a7f8-e994d9ae0f05,444a73ab-1b61-4e05-a32c-adec410f1a44,2.3109435905696065,0.25,0.5,0.0,0
0ab0104f-253f-4041-a7f8-e994d9ae0f05,2a53785d-db2f-4157-93cb-468e63d9b481,0.7076700740079125,0.4166666666666667,0.5,0.0,0
0ab0104f-253f-4041-a7f8-e994d9ae0f05,a36672bd-8c88-48ce-aaf2-62808defca3f,2.9370636679443183,0.08333333333333333,0.0,0.0,0
0ab0104f-253f-4041-a7f8-e994d9ae0f05,ab45930f-265c-46cf-8c4e-24bff93d52d0,1.9354445444450983,0.08333333333333333,0.0,0.0,0
0ab0104f-253f-4041-a7f8-e994d9ae0f05,ee129123-8491-4f63-aac4-0e8106210ceb,2.614892359933781,0.3333333333333333,0.5,0.0,0
0ab0104f-253f-4041-a7f8-e994d9ae0f05,76779155-02f0-463a-b5b4-423fd637d816,2.065553065032101,0.25,0.5,0.0,0
0ab0104f-253f-4041-a7f8-e994d9ae0f05,fc040993-e192-47a3-81df-1bfe2435cc50,2.0173933895086016,0.5833333333333334,0.0,0.6,0
0ab0104f-253f-4041-a7f8-e994d9ae0f05,54cf5d7e-333e-46c2-a083-cd227cce3a96,1.3896425041730445,0.16666666666666666,0.0,0.0,0
e1c97cd2-1201-412f-8b83-99bafe8abeab,fb79a330-fecf-4116-a41b-7a35dc4b161d,0.9772810939581091,0.0,0.0,0.0,0
e1c97cd2-1201-412f-8b83-99bafe8abeab,8ccae578-9c17-416a-a1db-a077bffbc60a,1.2353161500482623,0.08333333333333333,0.5,0.6,0
e1c97cd2-1201-412f-8b83-99bafe8abeab,d0fd8448-d8a8-4e69-9eb2-7ab821b949e9,0.22254968966536692,0.08333333333333333,0.0,0.0,0
e1c97cd2-1201-412f-8b83-99bafe8abeab,6d63572a-472f-4c0c-9693-40e8e6ab94e7,-0.09134399842812492,0.08333333333333333,0.0,0.2,0
e1c97cd2-1201-412f-8b83-99bafe8abeab,14efa567-c583-40f0-a4e4-f2b1a2fb031b,2.534619849664291,0.16666666666666666,0.0,0.0,0
e1c97cd2-1201-412f-8b83-99bafe8abeab,81937867-ba3c-4fd3-8f9d-9a00b7b9d5b2,1.3507669504223974,0.08333333333333333,0.0,0.0,0
e1c97cd2-1201-412f-8b83-99bafe8abeab,0c229247-845d-4d11-901c-f41208c7b91f,0.6780731654026322,0.08333333333333333,0.5,0.0,0
e1c97cd2-1201-412f-8b83-99bafe8abeab,9f1ab717-122d-4447-813c-a48703bce085,0.953617014634899,0.25,0.0,0.0,0
e1c97cd2-1201-412f-8b83-99bafe8abeab,c581bf2b-a98b-41e9-ba49-c6e69edb58b9,-0.4552817915527675,0.3333333333333333,0.0,0.0,0
e1c97cd2-1201-412f-8b83-99bafe8abeab,f1afcd6d-2473-4897-ad87-686aa1617f90,1.664381264948095,0.16666666666666666,0.0,0.0,0
e1c97cd2-1201-412f-8b83-99bafe8abeab,6a0f5656-c678-4c2f-b94e-f9124a43c954,0.4144695631717821,0.25,0.5,0.6,0
e1c97cd2-1201-412f-8b83-99bafe8abeab,853b4b91-f54f-4e65-97ad-0cfb7d506572,1.0343690228840683,0.08333333333333333,0.5,0.0,0
e1c97cd2-1201-412f-8b83-99bafe8abeab,0bfb5e4b-f83e-4e69-abd6-6da32e4d2a52,1.3531876253746087,0.0,0.5,0.0,0
e1c97cd2-1201-412f-8b83-99bafe8abeab,36399e8a-ec30-4fd2-aff4-61142cdb41a3,1.3529044237174377,0.08333333333333333,0.0,0.0,0
e1c97cd2-1201-412f-8b83-99bafe8abeab,bb178772-ce0f-49ff-84dc-ec61bc6b84a3,1.3962581328376853,0.0,0.5,0.0,0
e1c97cd2-1201-412f-8b83-99bafe8abeab,9866fbc1-25e8-4f4d-b706-02fdc9d57800,0.7966226526156085,0.08333333333333333,0.0,0.0,0
e1c97cd2-1201-412f-8b83-99bafe8abeab,2c3a794f-4960-4967-a443-00bab019c941,2.404926526168374,0.3333333333333333,0.0,0.0,0
e1c97cd2-1201-412f-8b83-99bafe8abeab,5cb15b77-26f0-463a-a6c1-3b4eee589c9a,1.397851926934497,0.0,0.0,0.0,0
e1c97cd2-1201-412f-8b83-99bafe8abeab,df511906-c43f-49d9-8440-32872fcf2bc3,0.6435335422226982,0.08333333333333333,0.5,0.0,0
e1c97cd2-1201-412f-8b83-99bafe8abeab,12616a18-a876-4f52-96bb-f02e5721065b,1.1887301693344523,0.16666666666666666,0.5,0.0,0
e1c97cd2-1201-412f-8b83-99bafe8abeab,6fb4cca4-9101-4990-81f3-1015b965c032,1.5875678024205488,0.0,0.5,0.0,0
e1c97cd2-1201-412f-8b83-99bafe8abeab,9effe2f8-c03a-495a-8e5b-1227898e73df,0.9801482752042784,0.16666666666666666,0.5,0.0,0
e1c97cd2-1201-412f-8b83-99bafe8abeab,fae61e41-2dcf-44d6-8ece-aef7fa8dd595,0.31472684744547696,0.25,0.0,0.0,0
e1c97cd2-1201-412f-8b83-99bafe8abeab,47f4d8d1-e2e4-485f-99a2-053979d9a504,1.1529079862642002,0.0,0.0,0.0,0
e1c97cd2-1201-412f-8b83-99bafe8abeab,40615976-9e4c-4562-98aa-d7955f384760,0.6172391595589616,0.0,0.5,0.0,0
fd02bf8c-8a1e-440c-acfb-92f2e63ce2c9,cd856f3c-cd21-4fba-8b26-d755f74aa7d4,1.1564479730809163,1.0,0.0,0.0,0
fd02bf8c-8a1e-440c-acfb-92f2e63ce2c9,0991ed53-9e67-4dfa-9034-b39949f40141,1.537297023698939,0.08333333333333333,0.0,0.6,0
fd02bf8c-8a1e-440c-acfb-92f2e63ce2c9,3ea62ab3-28cf-48cf-8e0e-88791998ff49,1.547758853583111,0.75,0.0,0.0,0
fd02bf8c-8a1e-440c-acfb-92f2e63ce2c9,a4146264-dce4-4659-8485-c172bd284dec,1.7793523921120753,0.5,0.0,0.0,0
fd02bf8c-8a1e-440c-acfb-92f2e63ce2c9,458d717e-0e77-4dfb-a68f-cc3e84c32d3d,1.4238729469502405,0.75,0.0,0.0,0
fd02bf8c-8a1e-440c-acfb-92f2e63ce2c9,a39361f3-2c95-41dd-93f0-12613982d6dd,1.5149771127466887,0.4166666666666667,0.5,0.0,0
fd02bf8c-8a1e-440c-acfb-92f2e63ce2c9,df2b9bc9-a65f-480a-9ef2-a124d73bc484,1.2104458097298294,0.6666666666666666,0.0,0.0,0
fd02bf8c-8a1e-440c-acfb-92f2e63ce2c9,5033a117-d036-4adb-9d21-a2d394203d4c,1.9458608629016825,0.8333333333333334,0.0,0.0,0
fd02bf8c-8a1e-440c-acfb-92f2e63ce2c9,5cbca664-5646-43a7-a859-f756634dc475,1.2345647506941764,0.6666666666666666,0.5,0.0,0
fd02bf8c-8a1e-440c-acfb-92f2e63ce2c9,a34ddaf0-1ea5-489d-a9ee-44ed04807cf9,1.5878618258139832,0.9166666666666666,0.5,0.6,0
fd02bf8c-8a1e-440c-acfb-92f2e63ce2c9,a5bd39b5-70fd-49be-a016-aa0631c92e3c,1.3965679371388113,0.5,0.0,0.0,0
fd02bf8c-8a1e-440c-acfb-92f2e63ce2c9,bcb61b90-1a32-4d9c-a345-64e9b96abe57,1.1019721148815473,0.5,0.0,0.0,0
fd02bf8c-8a1e-440c-acfb-92f2e63ce2c9,dd91c678-7d5b-424c-8107-5d7554d56807,1.1413064568621334,0.6666666666666666,1.0,0.0,0
fd02bf8c-8a1e-440c-acfb-92f2e63ce2c9,375d3a6c-9510-4e8f-a83f-a4d9748cb2dc,1.4412707348382476,0.25,0.0,0.0,0
fd02bf8c-8a1e-440c-acfb-92f2e63ce2c9,6ae81839-9b1d-476b-ac95-f95a636f96e3,1.7128382287413164,0.6666666666666666,0.0,0.0,0
fd02bf8c-8a1e-440c-acfb-92f2e63ce2c9,1e6a4421-cfa9-48bd-b1dd-4fb7ed776f15,0.8163457324295937,0.3333333333333333,0.0,0.0,0
fd02bf8c-8a1e-440c-acfb-92f2e63ce2c9,238d14b2-941e-4eaf-b87e-deaaf1acbfb3,0.35875628092621437,1.0,0.0,0.0,0
fd02bf8c-8a1e-440c-acfb-92f2e63ce2c9,23cb198e-aa63-4b24-bc5a-36bd16d0e0ae,2.1797679255719316,0.8333333333333334,0.0,0.0,0
fd02bf8c-8a1e-440c-acfb-92f2e63ce2c9,760ebb84-8280-405e-85fc-edbdea4c198b,2.0206112012586215,0.5833333333333334,0.5,0.0,0
fd02bf8c-8a1e-440c-acfb-92f2e63ce2c9,e42762a6-ae56-4130-8402-0daaf53d9252,1.7335027185419964,0.6666666666666666,0.5,0.0,0
fd02bf8c-8a1e-440c-acfb-92f2e63ce2c9,8835cebe-df73-43ed-96d4-42e13aa97c3b,1.4214332933969909,0.75,0.5,0.0,0
fd02bf8c-8a1e-440c-acfb-92f2e63ce2c9,dc7da706-4dbd-4332-872f-9d92067476d0,1.9824365953111691,0.8333333333333334,0.5,0.0,0
fd02bf8c-8a1e-440c-acfb-92f2e63ce2c9,0860330d-0119-494f-a00b-a0552e8e59f2,1.3680987765887012,0.5833333333333334,0.0,0.0,0
fd02bf8c-8a1e-440c-acfb-92f2e63ce2c9,6c22e5c2-8767-40a2-b4c0-5760bfdde7b2,0.852067136510085,0.3333333333333333,0.5,0.0,0
fd02bf8c-8a1e-440c-acfb-92f2e63ce2c9,93d2c31c-0b55-4b3b-ac42-d288a08a603b,1.9275265474612222,0.5,0.0,0.6,0
1d414bf6-9c5e-46c3-9d65-9154d51ec1e6,6c37ac4d-7efa-4236-96a7-54f2b806334b,3.6857841194915646,0.5833333333333334,0.5,0.0,0
1d414bf6-9c5e-46c3-9d65-9154d51ec1e6,cebb28b1-d9e3-4314-bee5-cc6e48f7b781,2.136791229205132,0.5833333333333334,0.0,0.0,0
1d414bf6-9c5e-46c3-9d65-9154d51ec1e6,1885339c-c014-4909-afde-f83211e7f664,2.9518357086210263,0.75,0.0,0.0,0
1d414bf6-9c5e-46c3-9d65-9154d51ec1e6,5ca94483-0fb3-4778-b69e-fafe2b3ba30e,2.5655585807727346,0.4166666666666667,0.0,0.0,0
1d414bf6-9c5e-46c3-9d65-9154d51ec1e6,e232ba21-088c-43bd-9c16-0f3f9276df35,3.111436408106379,0.4166666666666667,0.0,0.0,0
1d414bf6-9c5e-46c3-9d65-9154d51ec1e6,28563a55-43f2-4d12-934e-b75ed0c59e2b,2.387711662505785,0.6666666666666666,0.0,0.0,0
1d414bf6-9c5e-46c3-9d65-9154d51ec1e6,dbb6b874-ac7d-452c-b497-7257a3ba9ef2,3.5912175707512324,0.75,0.0,0.0,0
1d414bf6-9c5e-46c3-9d65-9154d51ec1e6,ed0b2fbb-ac08-49ac-b0f3-305cb59c1058,3.7578475600796777,0.16666666666666666,0.5,0.0,0
1d414bf6-9c5e-46c3-9d65-9154d51ec1e6,88165ac1-2c01-43d3-bbba-7205a0b274ea,2.836545512256477,0.75,0.5,0.6,0
1d414bf6-9c5e-46c3-9d65-9154d51ec1e6,c57b9b2d-c93c-4a00-9327-ffa12161f292,3.0278693860603068,0.3333333333333333,0.0,0.0,0
1d414bf6-9c5e-46c3-9d65-9154d51ec1e6,b4d778df-2b46-441f-8d86-00777fbae1fd,2.9408441242490277,0.75,0.0,0.2,0
1d414bf6-9c5e-46c3-9d65-9154d51ec1e6,53e0ef00-3f7e-4ad7-8974-ee9f04b80791,2.630282642418786,0.6666666666666666,0.5,0.0,0
1d414bf6-9c5e-46c3-9d65-9154d51ec1e6,f9f50473-8032-4c55-b987-912185c49840,3.2531920113941757,0.3333333333333333,0.5,0.0,0
1d414bf6-9c5e-46c3-9d65-9154d51ec1e6,0a9be671-3871-4c34-8615-99fed40c8773,1.782246757440295,0.5833333333333334,0.0,0.0,0
1d414bf6-9c5e-46c3-9d65-9154d51ec1e6,6f147f2c-41ee-4b57-a730-f69d1e2644f3,3.0988197008181144,0.75,0.0,0.0,0
1d414bf6-9c5e-46c3-9d65-9154d51ec1e6,2bb6d449-f766-4017-b560-c146cf7acb1f,3.2585729251351125,0.4166666666666667,0.5,0.0,0
1d414bf6-9c5e-46c3-9d65-9154d51ec1e6,4d145a39-5d3b-4de2-9e80-1b60de7351de,2.7063287577280994,0.4166666666666667,0.5,0.0,0
1d414bf6-9c5e-46c3-9d65-9154d51ec1e6,dcbe64a5-0ae4-40ca-beba-a1fa74de45e3,3.0005352691346494,0.3333333333333333,0.0,0.0,0
1d414bf6-9c5e-46c3-9d65-9154d51ec1e6,ba59a7f8-e2c5-407d-8801-64c2021e65be,1.6841665802887644,0.5833333333333334,0.0,0.0,0
1d414bf6-9c5e-46c3-9d65-9154d51ec1e6,e0d7f971-4791-4c9d-bcc8-2b370ccff740,3.1917185601666787,0.4166666666666667,0.0,0.0,0
1d414bf6-9c5e-46c3-9d65-9154d51ec1e6,21efadcc-445a-47ce-8f44-bbb17b08550c,2.980240491856931,0.3333333333333333,0.5,0.0,0
1d414bf6-9c5e-46c3-9d65-9154d51ec1e6,b4966944-9f9b-47b0-9f55-eb8af37f6b0f,3.5118351448303695,0.5,0.0,0.0,0
1d414bf6-9c5e-46c3-9d65-9154d51ec1e6,32af2329-8beb-4d08-8811-416a515dc75e,1.9143590817336027,0.5833333333333334,0.5,0.0,0
1d414bf6-9c5e-46c3-9d65-9154d51ec1e6,127f6833-1baf-4f45-8cfe-8739fb5ffcef,3.0174717716485917,0.25,0.5,0.0,0
1d414bf6-9c5e-46c3-9d65-9154d51ec1e6,b520c26c-9e82-40a0-86ea-165f05a3f3a8,2.716699415519971,0.3333333333333333,0.5,0.0,0
aa89a90a-7c36-4a57-88c6-4b9bc579676b,c7da246f-f7a3-4dc5-8d3f-48b5c1aa962f,0.3991030001417868,0.16666666666666666,0.0,0.0,0
aa89a90a-7c36-4a57-88c6-4b9bc579676b,2de6c353-4398-4dd3-904b-3670304f9d7d,0.09349388220258051,0.5,0.5,0.0,0
aa89a90a-7c36-4a57-88c6-4b9bc579676b,f14f21e9-3939-4cbf-9560-19a331a8938c,0.3391321038514803,0.08333333333333333,0.0,0.0,0
aa89a90a-7c36-4a57-88c6-4b9bc579676b,6063d66b-e9c0-43f3-a772-e215d25d5083,0.3730277979598042,0.25,0.0,0.0,0
aa89a90a-7c36-4a57-88c6-4b9bc579676b,fd843a47-c05b-4cdb-9a8f-2f31be1678c7,-0.06048990871184795,0.4166666666666667,0.5,0.0,0
aa89a90a-7c36-4a57-88c6-4b9bc579676b,18e7b688-5b2d-4c2e-bc27-320104a5092e,0.6080246690025851,0.3333333333333333,0.0,0.0,0
aa89a90a-7c36-4a57-88c6-4b9bc579676b,b571e0a1-7b0f-4d0b-ac16-6b58556bd1ef,0.1416403787539011,0.3333333333333333,0.5,0.0,0
aa89a90a-7c36-4a57-88c6-4b9bc579676b,49830210-dec9-4d08-9844-fbc6136d5a44,0.36758003656335375,0.16666666666666666,0.5,0.0,0
aa89a90a-7c36-4a57-88c6-4b9bc579676b,d1e5833a-97d0-4db5-8976-0cc2f754ee74,-0.12892182227799692,0.4166666666666667,0.0,0.6,0
aa89a90a-7c36-4a57-88c6-4b9bc579676b,667551b4-9c5d-4854-a4cb-0aca5fac5a40,0.5273017334148908,0.0,0.5,0.0,0
aa89a90a-7c36-4a57-88c6-4b9bc579676b,62dada32-351e-4fda-a824-d7759e981778,-0.09243594668820622,0.16666666666666666,0.5,0.0,0
aa89a90a-7c36-4a57-88c6-4b9bc579676b,64db0b42-e4cd-439a-94f4-a3da3f333fe1,0.33509349160697255,0.3333333333333333,0.5,0.0,0
aa89a90a-7c36-4a57-88c6-4b9bc579676b,a55f1bcb-2edb-45c4-8e1c-94889949458a,0.2852402535288113,0.0,0.5,0.6,0
aa89a90a-7c36-4a57-88c6-4b9bc579676b,aea6fb51-16ac-4003-9b4e-0bd749496361,0.3828374065433497,0.6666666666666666,0.5,0.6,0
aa89a90a-7c36-4a57-88c6-4b9bc579676b,f6efd78a-12a8-44ae-b49f-da140064dda4,-0.26737002234279317,0.25,0.0,0.0,0
aa89a90a-7c36-4a57-88c6-4b9bc579676b,cb80e1c3-8e23-42a4-92f8-d27341a84265,0.14884537394618422,0.16666666666666666,0.5,0.0,0
aa89a90a-7c36-4a57-88c6-4b9bc579676b,98e4016b-8ac6-4506-a1f6-9b4946192984,0.3675013353845917,0.3333333333333333,0.5,0.6,0
aa89a90a-7c36-4a57-88c6-4b9bc579676b,edd8e651-0961-4a73-8a49-5bfcf156fdac,0.3818699973861227,0.6666666666666666,0.0,0.0,0
aa89a90a-7c36-4a57-88c6-4b9bc579676b,8cf29e75-26d2-4680-b745-cd193df0e5f0,0.13757656239128052,0.16666666666666666,0.5,0.0,0
aa89a90a-7c36-4a57-88c6-4b9bc579676b,a29e3585-2fd9-4c7f-936b-a84413460913,0.5823332325045812,0.3333333333333333,0.0,0.0,0
aa89a90a-7c36-4a57-88c6-4b9bc579676b,6429da26-a062-4fcc-964c-53f914f125f0,0.013590126037079198,0.4166666666666667,0.5,0.95,0
aa89a90a-7c36-4a57-88c6-4b9bc579676b,850bea68-b682-486b-b13a-8c3acace38d5,0.6317266227001967,0.5,0.0,0.6,0
aa89a90a-7c36-4a57-88c6-4b9bc579676b,2b95e2b3-e4fc-4d8e-a4a6-ea450f8615e2,0.41993072812095106,0.3333333333333333,0.0,0.0,0
aa89a90a-7c36-4a57-88c6-4b9bc579676b,5ba34f67-d25c-43ab-abe6-9b27388991c5,0.28978794069814556,0.5,0.5,0.6,0
aa89a90a-7c36-4a57-88c6-4b9bc579676b,c60b7dbc-1fdf-4c1e-ace5-e719afd6f6ce,-0.2669401125621902,0.25,0.0,0.0,0
7a85ded0-d313-478a-ae6d-e6ff8b907b9a,11b7d887-3e08-42f8-bce7-565f8727928c,6.82282076609605,0.08333333333333333,0.0,0.0,0
7a85ded0-d313-478a-ae6d-e6ff8b907b9a,5e834fdd-2407-4981-828c-dd9768fc6a18,2.6272920608417625,0.08333333333333333,0.0,0.0,0
7a85ded0-d313-478a-ae6d-e6ff8b907b9a,a321816f-0e60-4df6-ab3a-8ba5b823532a,0.16606710594041293,0.3333333333333333,0.0,0.0,0
7a85ded0-d313-478a-ae6d-e6ff8b907b9a,82f93daf-5091-4c2d-9e94-a3d3b18b7f5e,7.550129100097926,0.16666666666666666,0.0,0.0,0
7a85ded0-d313-478a-ae6d-e6ff8b907b9a,afb4b052-dbef-44ad-b30f-71c7ad04f26f,10.064527507988867,0.08333333333333333,0.0,0.0,0
7a85ded0-d313-478a-ae6d-e6ff8b907b9a,29da385d-d85a-4a43-8941-e73f6eaf7ade,4.771333969958349,0.0,0.5,0.0,0
7a85ded0-d313-478a-ae6d-e6ff8b907b9a,a7ed4600-ffc0-4493-a6e0-1e9c5fec4aa4,8.542073808871924,0.08333333333333333,0.0,0.0,0
7a85ded0-d313-478a-ae6d-e6ff8b907b9a,f9d9dbb9-23fb-4301-ac30-f212488bf28f,8.782204758625605,0.3333333333333333,0.5,0.0,0
7a85ded0-d313-478a-ae6d-e6ff8b907b9a,ed495711-1ad4-4e46-a8d6-fef296e83da5,5.784672314633308,0.0,0.0,0.0,0
7a85ded0-d313-478a-ae6d-e6ff8b907b9a,e58d0a5d-493a-404e-8237-ff2291b31864,5.8124987172983875,0.0,0.5,0.0,0
7a85ded0-d313-478a-ae6d-e6ff8b907b9a,cf27a45b-8985-47c7-9199-11419197618a,5.492230869564466,0.08333333333333333,0.0,0.0,0
7a85ded0-d313-478a-ae6d-e6ff8b907b9a,cc87aed0-6400-495a-a628-d31bedec78b7,7.249514607745931,0.0,0.5,0.6,0
7a85ded0-d313-478a-ae6d-e6ff8b907b9a,ca59c5a9-5391-4b6a-a764-96f2c7bb6a11,6.905241577896056,0.0,0.5,0.0,0
7a85ded0-d313-478a-ae6d-e6ff8b907b9a,aa8e757e-1127-41eb-a799-a3ed39f9bff3,8.294018722470744,0.3333333333333333,0.0,0.0,0
7a85ded0-d313-478a-ae6d-e6ff8b907b9a,c71fbff2-a3a9-450a-9b43-d6514812ef0a,8.413032663891206,0.0,0.0,0.0,0
7a85ded0-d313-478a-ae6d-e6ff8b907b9a,ec10c084-ab5c-49e4-b9d0-e4700567c633,5.7520480428878065,0.08333333333333333,0.5,0.0,0
7a85ded0-d313-478a-ae6d-e6ff8b907b9a,272da6b4-479e-4547-81df-e5c0393defec,5.027226817620809,0.0,0.0,0.0,0
7a85ded0-d313-478a-ae6d-e6ff8b907b9a,9557b36d-76a2-4756-955f-1954f6e93b5a,7.132260754536546,0.0,0.0,0.0,0
7a85ded0-d313-478a-ae6d-e6ff8b907b9a,b5235f7e-5a20-4c36-bb06-9ef63719680e,5.850640529375498,0.08333333333333333,0.5,0.0,0
7a85ded0-d313-478a-ae6d-e6ff8b907b9a,d324dcbe-de39-4eff-bea9-91222df6fddc,3.3213665635826835,0.75,0.5,0.6,0
7a85ded0-d313-478a-ae6d-e6ff8b907b9a,740b8a66-8b9e-4c7a-875e-404794ff7160,8.101972470757348,0.0,0.0,0.2,0
7a85ded0-d313-478a-ae6d-e6ff8b907b9a,2b6a23cb-5496-407d-bae0-7a8b9f65cfcd,5.9947812407518555,0.08333333333333333,0.5,0.0,0
7a85ded0-d313-478a-ae6d-e6ff8b907b9a,3bcbc5be-7ac5-4a39-aa56-c52112ade8cd,4.124476419763204,0.16666666666666666,0.5,0.0,0
7a85ded0-d313-478a-ae6d-e6ff8b907b9a,bc940e15-cade-4240-a54e-297f1ea79d20,7.218287908231398,0.25,0.0,0.0,0
7a85ded0-d313-478a-ae6d-e6ff8b907b9a,40777a21-d9a6-4fee-bb24-099e5c27ef57,6.898030212862833,0.16666666666666666,0.5,0.6,0
ad550666-a184-48ab-bc20-b1d3c6e955e7,e1715331-fae7-461f-a5d2-ede4318af81e,2.0603552378034307,0.25,0.5,0.2,0
ad550666-a184-48ab-bc20-b1d3c6e955e7,f5bbbd67-c755-4209-9411-156ffa6d82d9,2.8720983098961677,0.16666666666666666,0.0,0.0,0
ad550666-a184-48ab-bc20-b1d3c6e955e7,7cfefa2b-6247-4111-b257-9648590560e9,3.1583364344523814,0.0,0.0,0.0,0
ad550666-a184-48ab-bc20-b1d3c6e955e7,2a23fca1-8fe9-43da-81eb-a64da75eb8fc,2.993492367087372,0.4166666666666667,0.0,0.0,0
ad550666-a184-48ab-bc20-b1d3c6e955e7,4a1aeec7-769b-4523-88e2-35ee310942f7,2.376188006373,0.0,0.5,0.0,0
ad550666-a184-48ab-bc20-b1d3c6e955e7,99181bc1-cd2a-4f7f-850a-b41eaf99e140,3.64234256796138,0.08333333333333333,0.0,0.0,0
ad550666-a184-48ab-bc20-b1d3c6e955e7,3c0d8d70-05f9-4a1b-997e-fdb0b935a760,2.5325614979832864,0.3333333333333333,0.5,0.0,0
ad550666-a184-48ab-bc20-b1d3c6e955e7,505eb2ca-b522-4d10-a3cd-77286032b00c,3.0829540278245737,0.3333333333333333,0.0,0.2,0
ad550666-a184-48ab-bc20-b1d3c6e955e7,72f42b33-4c3d-455d-9b35-59c0fb131fb5,2.2443191519012826,0.16666666666666666,0.0,0.0,0
ad550666-a184-48ab-bc20-b1d3c6e955e7,a422c6f6-5b1d-423e-9da3-f18eb3c9320a,1.9807849919520675,0.16666666666666666,0.5,0.0,0
ad550666-a184-48ab-bc20-b1d3c6e955e7,1acf7553-6d8d-40e3-84ca-7a1d6737b101,2.2344143359356328,0.5,0.5,0.6,0
ad550666-a184-48ab-bc20-b1d3c6e955e7,493b7bd4-0ede-40e0-b2f4-f842cce01398,3.265620451882581,0.25,0.5,0.6,0
ad550666-a184-48ab-bc20-b1d3c6e955e7,75ab4e1a-7264-4fef-b1c3-8ea3601276bd,2.155025576218631,0.3333333333333333,0.5,0.0,0
ad550666-a184-48ab-bc20-b1d3c6e955e7,8049a265-003a-4f5f-b802-873db0cf151d,2.4794630803891464,0.3333333333333333,0.5,0.6,0
ad550666-a184-48ab-bc20-b1d3c6e955e7,a8786221-28a5-4e80-ae1c-96c0bc12a93b,2.122360316122112,0.0,0.0,0.0,0
ad550666-a184-48ab-bc20-b1d3c6e955e7,c250904c-99ee-46db-8b05-4d8cb97dcfdf,2.946659475832413,0.5,0.0,0.0,0
ad550666-a184-48ab-bc20-b1d3c6e955e7,99052f9a-c2ec-4b42-b630-caecaf27fc68,3.4784221428066546,0.0,0.5,0.0,0
ad550666-a184-48ab-bc20-b1d3c6e955e7,4b250547-8083-4948-8cee-85fea382f5af,2.7853858398576876,0.16666666666666666,0.5,0.0,0
ad550666-a184-48ab-bc20-b1d3c6e955e7,a1c6b0ee-beca-4628-97c0-0c921e51a124,2.517303008762938,0.25,0.5,0.0,0
ad550666-a184-48ab-bc20-b1d3c6e955e7,350416dc-80c0-42b6-97f8-77f7515285ee,2.674000405398401,0.08333333333333333,0.5,0.0,0
ad550666-a184-48ab-bc20-b1d3c6e955e7,b7f00b40-8020-46c5-8bb7-248d024bda49,2.890580396064928,0.0,0.5,0.0,0
ad550666-a184-48ab-bc20-b1d3c6e955e7,f8ee83cd-cbf9-4440-a3fc-222939dfac0b,1.9655834504481,0.16666666666666666,0.5,0.0,0
ad550666-a184-48ab-bc20-b1d3c6e955e7,6cd250ea-fb0d-4f2d-b39b-83645bb60990,2.7998275189205395,0.3333333333333333,0.0,0.0,0
ad550666-a184-48ab-bc20-b1d3c6e955e7,858246a2-fd6b-4a70-a9ee-055f4776dab6,2.537156545999727,0.25,0.0,0.0,0
ad550666-a184-48ab-bc20-b1d3c6e955e7,3dee4083-66ac-4d2c-bcc2-7f78c16b433f,3.0068992226266396,0.3333333333333333,0.0,0.2,0
52090f0d-87be-4b11-b1fc-1158f0c881e6,0fb58c31-ce44-48ef-a12d-bee87ae7b25b,2.338443937134227,0.3333333333333333,0.5,0.0,0
52090f0d-87be-4b11-b1fc-1158f0c881e6,cc8ab555-75a8-4d63-a299-dc39f7ba9f1e,2.820720679203149,0.75,0.5,0.6,0
52090f0d-87be-4b11-b1fc-1158f0c881e6,8b2a6d5e-2151-4979-96b0-9e3b4d3f8500,3.0328505350819257,0.08333333333333333,0.0,0.0,0
52090f0d-87be-4b11-b1fc-1158f0c881e6,e5e8eb85-77d1-4365-94fe-2074348cbc9f,2.8922678322488764,0.75,0.5,0.6,0
52090f0d-87be-4b11-b1fc-1158f0c881e6,5e18f673-6347-4ebd-a0d3-95352d65f637,2.9226890964801604,0.25,0.0,0.0,0
52090f0d-87be-4b11-b1fc-1158f0c881e6,30e91e9b-e609-47dd-8b25-a8e7347d8157,2.3126258325616487,0.16666666666666666,0.5,0.0,0
52090f0d-87be-4b11-b1fc-1158f0c881e6,c34ef105-7b1f-459e-bd13-c58796546a64,2.3170512544214645,0.0,0.5,0.0,0
52090f0d-87be-4b11-b1fc-1158f0c881e6,32d77a99-e08f-4bdf-9758-6e98bd4ab60c,2.7334766544299645,0.08333333333333333,0.0,0.2,0
52090f0d-87be-4b11-b1fc-1158f0c881e6,022715ea-7ec4-4f08-9c3c-14c28fdf1951,3.0278713160490596,0.08333333333333333,0.0,0.0,0
52090f0d-87be-4b11-b1fc-1158f0c881e6,3ddd3b5a-cca4-42ca-b2e3-24d597fad59b,1.702944399043592,0.08333333333333333,0.5,0.0,0
52090f0d-87be-4b11-b1fc-1158f0c881e6,0c0fad08-48ce-4820-b256-81f71c1f48b0,2.4200436770181453,0.25,0.5,0.0,0
52090f0d-87be-4b11-b1fc-1158f0c881e6,7d4d0beb-9a52-43d7-8881-0ea587382938,4.578265030203632,0.08333333333333333,0.0,0.0,0
52090f0d-87be-4b11-b1fc-1158f0c881e6,1dac37c5-0003-45ca-8d24-2372c491a77f,2.89213961667034,0.08333333333333333,0.5,0.0,0
52090f0d-87be-4b11-b1fc-1158f0c881e6,56e3f50b-f0b0-465a-b220-f6a746eadfdd,3.576129455195033,0.08333333333333333,0.0,0.0,0
52090f0d-87be-4b11-b1fc-1158f0c881e6,f8e8ca3f-00b5-48e1-a5f1-91f6f1e82022,2.940716081329223,0.08333333333333333,0.5,0.0,0
52090f0d-87be-4b11-b1fc-1158f0c881e6,94e3b708-19fc-4648-aad6-27d35e6b3c86,2.131577204974532,0.16666666666666666,0.5,0.0,0
52090f0d-87be-4b11-b1fc-1158f0c881e6,8b5be06b-1008-42af-b960-f8e76edefb99,3.2340406631593543,0.16666666666666666,0.0,0.0,0
52090f0d-87be-4b11-b1fc-1158f0c881e6,e7d78959-d7fa-482e-a474-b8520a87ea72,2.6680341993257812,0.3333333333333333,0.0,0.0,0
52090f0d-87be-4b11-b1fc-1158f0c881e6,42fb3b51-6efd-47e2-9ab7-80f7663fc5cd,1.8488623277014011,0.25,0.0,0.0,0
52090f0d-87be-4b11-b1fc-1158f0c881e6,bbe3cbb6-8b41-4225-ae72-2905b02eeeb0,3.388205535048186,0.6666666666666666,0.0,0.0,0
52090f0d-87be-4b11-b1fc-1158f0c881e6,396fc17a-26af-4bd9-befa-5cbba1cc282e,1.498237001265064,0.25,0.0,0.0,0
52090f0d-87be-4b11-b1fc-1158f0c881e6,366b7f6e-8954-4ddb-b6a3-f3e7c6a6c892,2.9547674507118944,0.16666666666666666,0.5,0.0,0
52090f0d-87be-4b11-b1fc-1158f0c881e6,342152ea-2333-473c-b4b1-d7dbae917617,2.8380024875952254,0.16666666666666666,0.0,0.0,0
52090f0d-87be-4b11-b1fc-1158f0c881e6,ababd269-b924-401e-8295-746f9af43b0d,3.0712640375166016,0.25,0.5,0.6,0
52090f0d-87be-4b11-b1fc-1158f0c881e6,4cb88346-cd56-4b6c-9e9a-77c37243b150,3.0377439605069134,0.25,0.0,0.0,0
89670dcd-7efa-4507-bf19-d442c4d0e42e,1b0a2651-31e2-41a1-87fd-1dde1aeaef4c,0.46638958629199184,0.6666666666666666,0.0,0.0,0
89670dcd-7efa-4507-bf19-d442c4d0e42e,1c3eb299-29b9-4f46-9cc5-34fdd037b595,0.8348486505429069,0.75,0.5,0.0,0
89670dcd-7efa-4507-bf19-d442c4d0e42e,f57ffc9c-adf8-439d-94c1-754ca0af83d7,0.7278422860479971,0.3333333333333333,0.5,0.0,0
89670dcd-7efa-4507-bf19-d442c4d0e42e,b3c1ff67-7004-4613-8fd0-5059168f4e57,1.021305396250667,0.6666666666666666,0.5,0.0,0
89670dcd-7efa-4507-bf19-d442c4d0e42e,dc701676-f43f-4359-9f34-cf08e4634a8e,1.267860798163467,0.5,0.5,0.0,0
89670dcd-7efa-4507-bf19-d442c4d0e42e,34ac18eb-6915-406d-9ed4-5eb4b9eb3fde,1.102002454202967,0.5,0.5,0.0,0
89670dcd-7efa-4507-bf19-d442c4d0e42e,d4074435-03e6-4b5d-be44-0acb6593216a,0.5112516929586927,0.5833333333333334,0.0,0.0,0
89670dcd-7efa-4507-bf19-d442c4d0e42e,76fbef00-4207-4d40-a583-0f0ead30fbc1,0.40638722854768117,0.6666666666666666,0.5,0.0,0
89670dcd-7efa-4507-bf19-d442c4d0e42e,9ac8bf2c-605e-4648-84a2-9b8143cf7848,0.504764662255729,0.9166666666666666,0.0,0.0,0
89670dcd-7efa-4507-bf19-d442c4d0e42e,281233e2-c552-4b44-a57a-fa101ee6703d,1.155213121556063,0.6666666666666666,0.0,0.0,0
89670dcd-7efa-4507-bf19-d442c4d0e42e,715ec4d8-16f8-4d4f-b241-174456dcd4e0,1.1643388613943007,0.5,0.5,0.2,0
89670dcd-7efa-4507-bf19-d442c4d0e42e,508817fa-7b6e-4b62-aae2-615829fd6e69,0.7839677344639407,0.5833333333333334,0.5,0.0,0
89670dcd-7efa-4507-bf19-d442c4d0e42e,29ae2a33-4675-4148-a66a-b5b8e6061669,1.2028480085788362,0.75,0.0,0.0,0
89670dcd-7efa-4507-bf19-d442c4d0e42e,e84fbd15-bb96-40bf-9a62-e222ca97439f,0.6485036269067921,0.4166666666666667,0.0,0.0,0
89670dcd-7efa-4507-bf19-d442c4d0e42e,619a5b26-ceac-4754-962c-163b8f0271ee,0.9603286911892968,0.25,0.0,0.2,0
89670dcd-7efa-4507-bf19-d442c4d0e42e,b8e348f1-b156-409e-8e19-ae9eeef0403b,-0.2063451830406653,0.5,0.0,0.0,0
89670dcd-7efa-4507-bf19-d442c4d0e42e,8bc89d40-e6b1-4c0d-9ac2-a2e6a4b5a41f,0.8066542079460022,0.5833333333333334,0.5,0.0,0
89670dcd-7efa-4507-bf19-d442c4d0e42e,12da597d-5555-4243-9beb-765c171189ef,0.9302470787333983,0.25,0.0,0.0,0
89670dcd-7efa-4507-bf19-d442c4d0e42e,19aafb2d-6e4b-4815-b7fe-16945322b56a,0.5344635432348787,0.8333333333333334,0.0,0.0,0
89670dcd-7efa-4507-bf19-d442c4d0e42e,a8be693f-2f10-45f5-a266-12ec6c8fe0c2,0.25096826184779236,0.6666666666666666,0.0,0.6,0
89670dcd-7efa-4507-bf19-d442c4d0e42e,bdf43a18-03db-4df3-af32-2c487f1e7b70,1.363825536554991,0.5833333333333334,0.5,0.2,0
89670dcd-7efa-4507-bf19-d442c4d0e42e,2a5ae628-dd2d-4098-ba01-995b0adcee2b,0.16696239920605346,0.6666666666666666,0.0,0.0,0
89670dcd-7efa-4507-bf19-d442c4d0e42e,5016a3b2-e0fc-4749-b118-916847e4f7fa,0.642973876251351,0.6666666666666666,0.0,0.2,0
89670dcd-7efa-4507-bf19-d442c4d0e42e,6c71c2fb-a341-4a8f-bf4f-b8c60fbebf74,0.3831830194135132,0.3333333333333333,0.0,0.0,0
89670dcd-7efa-4507-bf19-d442c4d0e42e,eb77d347-0dda-49f9-8201-fd1d7405d5b1,0.8423563696127563,0.5833333333333334,0.0,0.0,0
16977027-64b0-40a2-b61d-c0c771ab6c3a,b8aff4c7-ac15-4c15-bddd-249d16bee20c,3.0172822281985465,0.5,0.5,0.0,0
16977027-64b0-40a2-b61d-c0c771ab6c3a,9a6d27a7-253f-4bf5-9f33-176b8c88e6fa,3.452284666974333,0.3333333333333333,0.5,0.0,0
16977027-64b0-40a2-b61d-c0c771ab6c3a,bf9f661d-fc94-491e-b0d3-e3d0e8bf7664,3.125369703497547,0.5,0.5,0.0,0
16977027-64b0-40a2-b61d-c0c771ab6c3a,18d98c39-6da9-4421-aafe-67f34d5b7122,2.1533508218797466,0.5,0.0,0.0,0
16977027-64b0-40a2-b61d-c0c771ab6c3a,1627c8d4-2465-4970-8716-ba4e3886c0ae,2.61170455250058,0.5,0.0,0.0,0
16977027-64b0-40a2-b61d-c0c771ab6c3a,31979f92-211e-405a-8242-5fdb98ba4c01,2.9390347610621954,0.5833333333333334,0.0,0.0,0
16977027-64b0-40a2-b61d-c0c771ab6c3a,6a9ea69b-2dd1-49ff-962f-04b6c576bacb,2.990524016864797,0.6666666666666666,0.5,0.0,0
16977027-64b0-40a2-b61d-c0c771ab6c3a,8be9945e-7853-4b72-9abf-af941ef056f7,2.5447473346354745,0.16666666666666666,0.0,0.0,0
16977027-64b0-40a2-b61d-c0c771ab6c3a,b9207b61-0f40-4ef8-93e0-61065665759d,4.090085681647283,0.25,0.0,0.0,0
16977027-64b0-40a2-b61d-c0c771ab6c3a,91ddb896-7599-49f1-bb82-3f3dd4e3ebf5,1.9172108431624992,0.6666666666666666,0.0,0.0,0
16977027-64b0-40a2-b61d-c0c771ab6c3a,800345cf-79d6-4e6f-8e61-1989fd96d730,3.0021664292444052,0.5,0.5,0.2,0
16977027-64b0-40a2-b61d-c0c771ab6c3a,c7929a56-e328-4fbb-aee6-1c112afe84aa,2.1019786961969547,0.5833333333333334,0.5,0.0,0
16977027-64b0-40a2-b61d-c0c771ab6c3a,ae4d9232-c7b3-49a5-8435-b7458ccfd86e,4.004954001245192,0.5,0.5,0.0,0
16977027-64b0-40a2-b61d-c0c771ab6c3a,d26b1e27-6f67-4f6b-87b5-83052bd6ce7e,2.20265535252132,0.5,0.5,0.0,0
16977027-64b0-40a2-b61d-c0c771ab6c3a,fc47fdcb-607b-45b0-91c6-c6cde2e6b35a,3.080661758531703,0.4166666666666667,0.5,0.0,0
16977027-64b0-40a2-b61d-c0c771ab6c3a,83cd788e-b82c-4cca-ae76-f24aeb605779,3.7685997968417935,0.5,0.0,0.0,0
16977027-64b0-40a2-b61d-c0c771ab6c3a,fc00e884-61d4-4fab-9ec6-ed6bff89c66b,2.360184860266184,0.6666666666666666,0.5,0.0,0
16977027-64b0-40a2-b61d-c0c771ab6c3a,8ea78589-679a-4feb-81c6-83d3c853a137,1.7566267148758572,0.4166666666666667,0.0,0.0,0
16977027-64b0-40a2-b61d-c0c771ab6c3a,18986e3a-e02e-4d45-a9d6-ea6aa7fb4a65,2.732464457840721,0.75,0.5,0.2,0
16977027-64b0-40a2-b61d-c0c771ab6c3a,e71cdbc4-d9ac-45e8-a798-7ddaddd397c4,4.142115186948226,0.5,0.0,0.0,0
16977027-64b0-40a2-b61d-c0c771ab6c3a,6b5a5740-6202-4c55-9f4b-5c9e656a2d39,2.8062970455501732,0.5,0.5,0.6,0
16977027-64b0-40a2-b61d-c0c771ab6c3a,4db4c0ae-b9a3-41da-8b9a-8dfcae9a4779,3.706672651418576,0.4166666666666667,0.5,0.0,0
16977027-64b0-40a2-b61d-c0c771ab6c3a,e842a1c5-ab3c-4bbf-a669-0f8ae9e856a8,3.4721348673607597,0.75,0.0,0.0,0
16977027-64b0-40a2-b61d-c0c771ab6c3a,c8216464-e119-4a53-9538-8b628110bb42,3.8097687683373063,0.75,0.0,0.0,0
16977027-64b0-40a2-b61d-c0c771ab6c3a,0a03dbb3-3155-4ec4-829b-b19c91c51f7c,2.604314323825542,0.6666666666666666,0.0,0.0,0
95fe5564-b658-477b-8fc6-23828d7d55e7,17e956b0-f565-4a24-88ae-5a130d49cf1c,0.052189487928976354,0.25,0.0,0.0,0
95fe5564-b658-477b-8fc6-23828d7d55e7,c7dee625-0056-4dd8-b790-c2be18ec128a,-0.6165169818407793,0.3333333333333333,0.0,0.2,0
95fe5564-b658-477b-8fc6-23828d7d55e7,9b25e93f-f81a-4ae3-b03d-986b5da2cd87,-0.45003452406254707,0.08333333333333333,0.0,0.0,0
95fe5564-b658-477b-8fc6-23828d7d55e7,9a3e0766-8e90-45ca-9589-b8137feb38ab,-0.5824804315930547,0.0,0.0,0.0,0
95fe5564-b658-477b-8fc6-23828d7d55e7,1ba61c38-bfbf-4474-99b8-a00f354b251d,-0.6686250396883748,0.5833333333333334,0.0,0.0,0
95fe5564-b658-477b-8fc6-23828d7d55e7,c14d95f7-3951-40d0-bb30-1fd12a035a15,-0.3985589658978243,0.08333333333333333,0.5,0.0,0
95fe5564-b658-477b-8fc6-23828d7d55e7,502289a8-8e79-4378-ac1f-a624096aeb24,0.1539220861748395,0.16666666666666666,0.5,0.0,0
95fe5564-b658-477b-8fc6-23828d7d55e7,b845afa6-27a9-41bf-9d4e-403f3577fb75,-0.008365767106415567,0.25,0.5,0.0,0
95fe5564-b658-477b-8fc6-23828d7d55e7,249a5260-cc56-4f7e-9197-86232acd143b,-0.3048527721595076,0.3333333333333333,0.0,0.0,0
95fe5564-b658-477b-8fc6-23828d7d55e7,68e18aef-78e5-4b94-9cd0-3129c90fee6c,-0.3776920939406279,0.25,0.5,0.0,0
95fe5564-b658-477b-8fc6-23828d7d55e7,248846c7-a1e4-4657-850b-e4acf84383c5,-0.37451088432633717,0.5833333333333334,0.5,0.95,0
95fe5564-b658-477b-8fc6-23828d7d55e7,261866a6-bd1a-4f38-8710-9e3fdf9c6e3e,-0.04331276736322208,0.3333333333333333,0.0,0.0,0
95fe5564-b658-477b-8fc6-23828d7d55e7,a9395bcd-e14b-495d-9321-8672051e397b,-0.009992149650981112,0.16666666666666666,0.0,0.6,0
95fe5564-b658-477b-8fc6-23828d7d55e7,0e67f150-1031-49a5-8394-73e1976f3f8e,-0.5577102363226931,0.3333333333333333,0.0,0.0,0
95fe5564-b658-477b-8fc6-23828d7d55e7,002efbd7-669a-4747-8c8a-faeafa9821d6,-0.7661399985930302,0.25,0.0,0.0,0
95fe5564-b658-477b-8fc6-23828d7d55e7,a30607ba-4cde-494a-a705-ee1db12695db,-0.20345526177630577,0.25,0.5,0.0,0
95fe5564-b658-477b-8fc6-23828d7d55e7,f59328c0-6bfc-47c9-8503-bf0937bec058,-0.35882213346422837,0.08333333333333333,0.0,0.0,0
95fe5564-b658-477b-8fc6-23828d7d55e7,2a6349ab-e1b5-4738-ba64-409883f00f35,0.036806677286401225,0.5,0.0,0.0,0
95fe5564-b658-477b-8fc6-23828d7d55e7,9b67f42f-9508-4f5b-aaaf-e6dcf284f61a,0.004357355812246345,0.16666666666666666,0.5,0.0,0
95fe5564-b658-477b-8fc6-23828d7d55e7,c6d0c36a-65d0-46c3-a91f-fa83be67a6d0,-0.18704554660742242,0.0,0.0,0.0,0
95fe5564-b658-477b-8fc6-23828d7d55e7,7c6d7c8d-6495-4d05-90ba-84b16841fb37,-0.3095896792212653,0.5,0.5,0.0,0
95fe5564-b658-477b-8fc6-23828d7d55e7,6d24b13e-b88b-404b-8014-9ecbeb601cfb,-0.09622436604480829,0.3333333333333333,0.5,0.0,0
95fe5564-b658-477b-8fc6-23828d7d55e7,65b09679-0b6d-43b5-b036-6d4aeff35b0e,-0.27387879023517403,0.3333333333333333,0.5,0.0,0
95fe5564-b658-477b-8fc6-23828d7d55e7,f748037d-61c8-4fb7-979f-4642456f80b1,-0.3208312496771489,0.08333333333333333,0.5,0.0,0
95fe5564-b658-477b-8fc6-23828d7d55e7,52caec91-4b54-4cef-9b81-0187c3d051c3,-0.8013917435765473,0.08333333333333333,0.0,0.0,0
4494465e-15e6-429b-b835-002a2bf47d35,0df03890-525d-4686-ae52-63cd6c33dde1,9.060245608933736,0.25,0.0,0.0,0
4494465e-15e6-429b-b835-002a2bf47d35,60e4087b-7d91-4a02-ba4a-27d5fd3dee80,10.6610747739578,0.5833333333333334,0.5,0.6,0
4494465e-15e6-429b-b835-002a2bf47d35,da4e621d-96c2-400e-8556-e0fd259576f5,10.894589687419554,0.25,0.5,0.0,0
4494465e-15e6-429b-b835-002a2bf47d35,ae1feaf4-0a61-4d90-bf18-82978c174d14,10.671645152811717,0.0,0.5,0.0,0
4494465e-15e6-429b-b835-002a2bf47d35,7e0e442a-fa86-4ad5-9634-d593b01cc6f7,8.705401397962081,0.0,0.0,0.0,0
4494465e-15e6-429b-b835-002a2bf47d35,7fd6c687-aab7-4eac-a337-93d6c65986b2,10.448939311741265,0.0,0.5,0.0,0
4494465e-15e6-429b-b835-002a2bf47d35,dfcdfb3a-021a-4733-8402-98186f34f769,8.975493889385387,0.08333333333333333,0.0,0.0,0
4494465e-15e6-429b-b835-002a2bf47d35,29104ab1-afea-4a1e-93a1-4c792bf38eb4,6.90632365512073,0.25,0.5,0.0,0
4494465e-15e6-429b-b835-002a2bf47d35,af52f149-cb2f-450e-b7c0-5ea24d9bf825,15.05380952305939,0.25,0.0,0.0,0
4494465e-15e6-429b-b835-002a2bf47d35,d2a064dd-7df6-43ef-aa2e-275053941904,10.705325998605161,0.08333333333333333,0.0,0.0,0
4494465e-15e6-429b-b835-002a2bf47d35,607e39c7-154c-476e-b36c-f682456dd5bb,10.530345724007146,0.25,0.5,0.0,0
4494465e-15e6-429b-b835-002a2bf47d35,62300eb0-2e24-4a00-900d-673da1b6b909,4.942242751593143,0.0,0.0,0.0,0
4494465e-15e6-429b-b835-002a2bf47d35,c5946a16-2002-4f0d-bec3-a4b11342f867,7.577734398062243,0.16666666666666666,0.0,0.0,0
4494465e-15e6-429b-b835-002a2bf47d35,f2e7ec92-7cc2-4317-bfc5-86fe625ca96e,6.953019527071837,0.08333333333333333,0.0,0.0,0
4494465e-15e6-429b-b835-002a2bf47d35,2fda4200-123f-44fe-8d44-2e8c2342ce58,10.502780774145863,0.16666666666666666,0.0,0.0,0
4494465e-15e6-429b-b835-002a2bf47d35,90e53e3e-5567-42f3-8f30-6619053dc680,7.934933132507968,0.0,0.5,0.0,0
4494465e-15e6-429b-b835-002a2bf47d35,d7b5a84f-c7f8-4d4a-8752-1c5160fc78b0,10.764972995842015,0.08333333333333333,0.5,0.0,0
4494465e-15e6-429b-b835-002a2bf47d35,a8922d50-2d76-4ad7-8445-259e823c747b,7.310914944295729,0.16666666666666666,0.0,0.0,0
4494465e-15e6-429b-b835-002a2bf47d35,028ad8db-18be-4f9d-8643-7a68fddf9527,9.562009313289773,0.3333333333333333,0.0,0.0,0
4494465e-15e6-429b-b835-002a2bf47d35,169a5e7c-fb7a-4214-a0dd-41ea2c756205,8.479331148646011,0.08333333333333333,0.0,0.0,0
4494465e-15e6-429b-b835-002a2bf47d35,31a46ec5-c410-4bbb-8a4d-f7285ce832d3,12.322890002975322,0.4166666666666667,0.5,0.0,0
4494465e-15e6-429b-b835-002a2bf47d35,c7c96d52-b48a-43f1-8f75-1092c2562336,5.3666997933567995,0.16666666666666666,0.0,0.0,0
4494465e-15e6-429b-b835-002a2bf47d35,1595d69e-a3f7-4958-97d8-234e5862e93d,13.271942622661289,0.16666666666666666,0.5,0.0,0
4494465e-15e6-429b-b835-002a2bf47d35,82bf33d0-fdf8-4e68-8e18-0bd24aae6c3e,10.558990498499254,0.25,0.5,0.0,0
4494465e-15e6-429b-b835-002a2bf47d35,6ee4aa29-37f8-478f-8c98-f6b597a7792e,11.036456887438268,0.16666666666666666,0.0,0.0,0
39fdcbbb-376c-4afd-b486-d57f5b5ec937,ab267f6f-5cb4-4d2f-b582-dc6967cf3bc1,2.2067559499008387,0.5,0.0,0.0,0
39fdcbbb-376c-4afd-b486-d57f5b5ec937,247a4b63-b498-4741-a078-921321b4414c,2.352198975963706,0.08333333333333333,0.0,0.0,0
39fdcbbb-376c-4afd-b486-d57f5b5ec937,69a1b73a-923d-42cb-80af-dafabce36282,2.6041126252694893,0.3333333333333333,0.0,0.0,0
39fdcbbb-376c-4afd-b486-d57f5b5ec937,ffae2cd5-07ee-4d7d-8c6d-4d43d2e809df,2.4703844062316245,0.0,0.5,0.0,0
39fdcbbb-376c-4afd-b486-d57f5b5ec937,13b44a7e-d505-4de2-89cc-f8ef0ec1938c,2.2879850736212632,0.16666666666666666,0.5,0.0,0
39fdcbbb-376c-4afd-b486-d57f5b5ec937,175381c5-0ece-422e-9d76-ae7834b20891,2.4183407787668467,0.0,0.0,0.0,0
39fdcbbb-376c-4afd-b486-d57f5b5ec937,2a765100-6267-49e7-bd4a-b45f0ae85b41,2.8157292340229714,0.08333333333333333,0.5,0.0,0
39fdcbbb-376c-4afd-b486-d57f5b5ec937,d2cbcc1b-d5d8-42ae-9d82-19bef4461030,1.9100919278098896,0.25,0.5,0.6,0
39fdcbbb-376c-4afd-b486-d57f5b5ec937,69cefc34-d44b-495a-ae67-882eb8aa59a7,2.5909334499409553,0.0,0.5,0.0,0
39fdcbbb-376c-4afd-b486-d57f5b5ec937,1d967b43-785b-4455-b29d-af69c1a3105b,1.9468615005926397,0.4166666666666667,0.5,0.0,0
39fdcbbb-376c-4afd-b486-d57f5b5ec937,a7b57f7c-bd75-43ab-8997-b502e565f69d,2.361831296191061,0.25,0.0,0.2,0
39fdcbbb-376c-4afd-b486-d57f5b5ec937,e0c3d76e-5bf6-40e8-929d-9e78796bc437,1.2096410826400013,0.5,0.0,0.0,0
39fdcbbb-376c-4afd-b486-d57f5b5ec937,3b5f6180-b3d0-4cd0-b13b-a78c63bcf5b9,3.5399117254472365,0.5,0.0,0.0,0
39fdcbbb-376c-4afd-b486-d57f5b5ec937,0e52699c-dfe2-464c-bcb8-2c7a6e2d72e8,2.673501690932522,0.25,0.5,0.0,0
39fdcbbb-376c-4afd-b486-d57f5b5ec937,868ce6ed-6d43-477e-8695-ae4d8866cce0,2.584946768205791,0.6666666666666666,0.0,0.0,0
39fdcbbb-376c-4afd-b486-d57f5b5ec937,592fbadf-59c9-45eb-a3cd-3a6d8d706b53,1.7575513328203587,0.0,0.0,0.0,0
39fdcbbb-376c-4afd-b486-d57f5b5ec937,96fdc843-78f5-4dc9-87f4-23f843550627,1.7141103045326367,0.25,0.0,0.0,0
39fdcbbb-376c-4afd-b486-d57f5b5ec937,6e296b77-57a2-4010-ae07-6357c915579b,2.235892968697751,0.08333333333333333,0.5,0.2,0
39fdcbbb-376c-4afd-b486-d57f5b5ec937,df4197f5-f3c3-4475-9449-251e1ea50398,2.196209517893272,0.25,0.0,0.0,0
39fdcbbb-376c-4afd-b486-d57f5b5ec937,32c421ba-a156-459a-95d7-a3fcbbb2a10f,1.2052504597084026,0.08333333333333333,0.5,0.2,0
39fdcbbb-376c-4afd-b486-d57f5b5ec937,6c5e0d1c-0db9-4f5f-a269-444af347d33a,2.384857409854971,0.4166666666666667,0.0,0.0,0
39fdcbbb-376c-4afd-b486-d57f5b5ec937,dcf1be2e-95d1-473d-a534-f26bae715e7a,1.1767528890062369,0.4166666666666667,0.5,0.0,0
39fdcbbb-376c-4afd-b486-d57f5b5ec937,c8c719fd-2e40-4cb4-929d-442345dbd284,1.6177501189873555,0.4166666666666667,0.0,0.0,0
39fdcbbb-376c-4afd-b486-d57f5b5ec937,09bdb411-492c-4648-8d51-e655c87e31b2,1.7294108976674956,0.4166666666666667,0.0,0.0,0
39fdcbbb-376c-4afd-b486-d57f5b5ec937,ebebb24a-cc9e-41c1-b9a8-fea065b31534,1.4996568966250234,0.4166666666666667,0.0,0.0,0
87164301-c048-425d-9c7a-bd6dc431868b,958709e7-61f7-48eb-b55a-16befd26103c,1.026500869617673,0.16666666666666666,0.5,0.0,0
87164301-c048-425d-9c7a-bd6dc431868b,6577fa71-7136-4d8b-bc9a-b1dda13b5b4e,0.9783080299105723,0.08333333333333333,0.5,0.0,0
87164301-c048-425d-9c7a-bd6dc431868b,cde83eb7-646b-4651-982d-b0e57bfd792a,1.6981572346147806,0.16666666666666666,0.0,0.0,0
87164301-c048-425d-9c7a-bd6dc431868b,80fd1d6f-2ccc-4897-acc5-c91823c8230d,2.2106875231360843,0.3333333333333333,0.5,0.0,0
87164301-c048-425d-9c7a-bd6dc431868b,5e6204cd-f8ff-43e2-a7cb-03750c7440e1,1.5451408473869754,0.25,0.0,0.0,0
87164301-c048-425d-9c7a-bd6dc431868b,fe214a96-3dc8-46f1-9a7d-2acdd2d3169e,1.3248214770455178,0.25,0.5,0.0,0
87164301-c048-425d-9c7a-bd6dc431868b,1ba51e10-79dc-4e3d-bc56-fc32e1859ae1,1.4602691373182533,0.25,0.0,0.0,0
87164301-c048-425d-9c7a-bd6dc431868b,b8102b6c-425d-49a4-90a8-717f249dd39a,0.3651836839705,0.3333333333333333,0.5,0.6,0
87164301-c048-425d-9c7a-bd6dc431868b,73a996ca-61c9-4b06-b235-d67201dbe87e,1.8699516725212997,0.25,0.0,0.0,0
87164301-c048-425d-9c7a-bd6dc431868b,cba9eaf5-18f1-42ae-88f7-8340d92a15d9,1.498559013128069,0.08333333333333333,0.5,0.0,0
87164301-c048-425d-9c7a-bd6dc431868b,58b9afd1-80f4-4501-af36-772ecb334ff8,1.1703338416841722,0.08333333333333333,0.5,0.0,0
87164301-c048-425d-9c7a-bd6dc431868b,466001c6-28e1-417c-b619-24a270dd24ff,1.6788930301784937,0.0,0.5,0.0,0
87164301-c048-425d-9c7a-bd6dc431868b,9e02633e-e21c-4536-810c-22464e1f8220,1.3962768318126522,0.08333333333333333,0.0,0.0,0
87164301-c048-425d-9c7a-bd6dc431868b,332dff25-856a-4159-9ceb-cc7a040af91f,2.125856354098085,0.0,0.0,0.0,0
87164301-c048-425d-9c7a-bd6dc431868b,6f294e27-b7d3-4ba4-9325-6b1e8d2815fa,2.119919476671072,0.3333333333333333,0.5,0.6,0
87164301-c048-425d-9c7a-bd6dc431868b,7b941080-80c8-478f-9c7e-de9213941672,1.909529326976049,0.25,0.0,0.0,0
87164301-c048-425d-9c7a-bd6dc431868b,146cf2dd-ddf6-4e71-999c-0c845c8cf3c1,1.6468654094426716,0.08333333333333333,0.0,0.0,0
87164301-c048-425d-9c7a-bd6dc431868b,f224b473-c6a0-41e6-8e38-abfdd88d4243,1.1843630885968637,0.16666666666666666,0.5,0.0,0
87164301-c048-425d-9c7a-bd6dc431868b,dd90ea24-f98e-4076-b970-e3e39decfc88,1.0019998720304977,0.25,1.0,0.6,0
87164301-c048-425d-9c7a-bd6dc431868b,37e5e3cc-cd01-49fd-9da3-d9af7b8e8b13,-0.5701470960292208,0.08333333333333333,0.5,0.0,0
87164301-c048-425d-9c7a-bd6dc431868b,84c071ab-437a-46cd-8ed8-0af3eb0cc691,3.6390153710516495,0.08333333333333333,0.0,0.2,0
87164301-c048-425d-9c7a-bd6dc431868b,b5064430-aeb1-44bd-b0a2-577b2ee1fb37,1.9931409220943992,0.0,0.5,0.0,0
87164301-c048-425d-9c7a-bd6dc431868b,15f66b3f-d800-45ae-af31-de9cd0aad082,1.9659699199031673,0.08333333333333333,0.5,0.0,0
87164301-c048-425d-9c7a-bd6dc431868b,45fd94f3-3a0c-4e29-bb65-8194d1d8b70b,1.3929465566241084,0.08333333333333333,0.0,0.0,0
87164301-c048-425d-9c7a-bd6dc431868b,18ef5240-8261-439d-847b-8ba0dbe1ba66,1.8015534719923496,0.0,0.5,0.0,0
a752aa0a-7434-44ff-b018-8a6b7b6fc6b0,2e761a38-7509-4261-9fa2-0d3a29aaf674,0.036031443102258344,0.6666666666666666,0.5,0.0,0
a752aa0a-7434-44ff-b018-8a6b7b6fc6b0,f33b9097-efea-4fe3-99a2-3db314ab44b1,0.791493084805396,0.75,0.0,0.2,0
a752aa0a-7434-44ff-b018-8a6b7b6fc6b0,584f04dc-f1c3-49c7-8a7e-0f4e184351a5,1.1302269923346038,0.6666666666666666,0.0,0.0,0
a752aa0a-7434-44ff-b018-8a6b7b6fc6b0,1b61ab2b-4a64-439e-b7d9-e94afc8bff42,0.6881483090079841,0.5,0.5,0.0,0
a752aa0a-7434-44ff-b018-8a6b7b6fc6b0,bc4c0977-77a0-4fcc-a398-f462aad75931,0.8394168741198323,0.5833333333333334,0.5,0.0,0
a752aa0a-7434-44ff-b018-8a6b7b6fc6b0,72d31413-ca8d-432b-98f9-7c6b6599ebe2,0.22381623454344401,0.5,0.0,0.0,0
a752aa0a-7434-44ff-b018-8a6b7b6fc6b0,ad15d5a6-66a9-4b44-ad43-d0f5e30ad3c5,0.7180002062834094,0.8333333333333334,0.5,0.0,0
a752aa0a-7434-44ff-b018-8a6b7b6fc6b0,2a71933c-d8c3-4d62-bbdb-3f66b4af0787,0.4603166045461208,0.9166666666666666,0.0,0.0,0
a752aa0a-7434-44ff-b018-8a6b7b6fc6b0,ac7244ca-9ce7-4ef0-89e6-d8bf2620b59e,0.5138509948594994,0.5,0.5,0.0,0
a752aa0a-7434-44ff-b018-8a6b7b6fc6b0,294cdacd-4293-4a21-ba96-accedd198bef,0.8134334013285263,0.5833333333333334,0.5,0.0,0
a752aa0a-7434-44ff-b018-8a6b7b6fc6b0,27d169d0-538e-4322-8fcd-d7e0f661eda0,0.5149992128579141,0.75,0.0,0.2,0
a752aa0a-7434-44ff-b018-8a6b7b6fc6b0,da65a50b-bd63-48a2-8685-a87edde24555,0.04217623432607153,0.75,0.0,0.0,0
a752aa0a-7434-44ff-b018-8a6b7b6fc6b0,48620590-d136-450c-806d-90dc10d1ee6f,1.6529241593964297,0.4166666666666667,0.5,0.0,0
a752aa0a-7434-44ff-b018-8a6b7b6fc6b0,e3240c8d-4769-4b2f-a439-624e48e2a4f3,0.7628296561290897,0.5,0.0,0.0,0
a752aa0a-7434-44ff-b018-8a6b7b6fc6b0,25e716bb-b342-49d5-8490-3563a79d447f,1.1222840714183728,0.5833333333333334,0.0,0.0,0
a752aa0a-7434-44ff-b018-8a6b7b6fc6b0,6e1d3dc0-a217-4031-8f23-62b33a3b109a,0.9986459999408439,0.4166666666666667,0.0,0.0,0
a752aa0a-7434-44ff-b018-8a6b7b6fc6b0,fa81c87b-ff72-480d-81f1-230a687ad77d,0.48823717733641725,0.6666666666666666,0.0,0.0,0
a752aa0a-7434-44ff-b018-8a6b7b6fc6b0,6b119c13-5f10-41ad-bc2f-0330d1c014f6,-0.02200226629231345,0.5833333333333334,0.0,0.0,0
a752aa0a-7434-44ff-b018-8a6b7b6fc6b0,b64fa4ac-7311-47ef-9a51-f52dae95d552,1.91962334636942,0.6666666666666666,0.5,0.0,0
a752aa0a-7434-44ff-b018-8a6b7b6fc6b0,fe78eb3a-a401-4f02-8017-10db463312f3,0.009536594818925727,0.75,0.0,0.0,0
a752aa0a-7434-44ff-b018-8a6b7b6fc6b0,cbe11e3a-8b36-4866-9c81-983ea6341764,1.0796912019801372,0.3333333333333333,0.0,0.0,0
a752aa0a-7434-44ff-b018-8a6b7b6fc6b0,10f39daf-75e1-493f-9bb2-a053c9702d36,0.7041195724068694,0.75,0.5,0.0,0
a752aa0a-7434-44ff-b018-8a6b7b6fc6b0,87726941-84c9-41df-acf3-dcc97c8f739f,0.7279697165314618,0.9166666666666666,0.0,0.0,0
a752aa0a-7434-44ff-b018-8a6b7b6fc6b0,995f4643-4730-46ef-b4c1-935cf2e1a52b,1.2758344394822183,0.8333333333333334,0.0,0.0,0
a752aa0a-7434-44ff-b018-8a6b7b6fc6b0,f8df3284-7905-4503-83ef-aa744e99f61b,-0.10774737824497604,0.8333333333333334,0.5,0.0,0
acea098d-a8b2-4224-bef3-433e9150421f,1f1aac54-a176-4382-b735-fa1b547647ec,2.2754900084926595,0.5,0.0,0.0,0
acea098d-a8b2-4224-bef3-433e9150421f,b8398c9d-0881-473f-a647-a455a0cb2a9b,1.5523751939201582,0.5833333333333334,1.0,0.0,0
acea098d-a8b2-4224-bef3-433e9150421f,1801acc1-44bd-482d-800f-c5f304b9be6e,2.342202885491902,0.4166666666666667,0.0,0.0,0
acea098d-a8b2-4224-bef3-433e9150421f,1b620532-59db-4055-b6c7-a84e85645dd0,2.750360982437335,0.5,0.5,0.0,0
acea098d-a8b2-4224-bef3-433e9150421f,f083f7b7-711b-48bf-9886-9068996e1001,2.6687720420627987,0.5833333333333334,0.5,0.0,0
acea098d-a8b2-4224-bef3-433e9150421f,2c8abc43-90a3-4e87-8f30-f60ad48c9472,3.033093751824533,0.5,0.0,0.0,0
acea098d-a8b2-4224-bef3-433e9150421f,505cab58-8675-4ab5-a676-97d61a0bcd23,3.4680196500104836,0.5833333333333334,0.5,0.0,0
acea098d-a8b2-4224-bef3-433e9150421f,80a1e712-426d-4b06-a152-682b81f42c6e,1.9168457124990408,0.5833333333333334,0.0,0.0,0
acea098d-a8b2-4224-bef3-433e9150421f,a62ab113-46a9-469c-a33e-0f29eb53ddbe,2.939222885011507,0.5,0.0,0.0,0
acea098d-a8b2-4224-bef3-433e9150421f,f5a2e4b7-f354-4ac5-a089-f8692cab03bf,2.6339415368342873,0.3333333333333333,0.0,0.0,0
acea098d-a8b2-4224-bef3-433e9150421f,663a2382-5be8-48ca-a9e0-0dbb28f1110f,2.7061315183451202,0.3333333333333333,0.0,0.6,0
acea098d-a8b2-4224-bef3-433e9150421f,022c66df-14d9-4ecd-9d04-8210346b3f05,2.1073879125324035,0.6666666666666666,0.0,0.0,0
acea098d-a8b2-4224-bef3-433e9150421f,a3f7dab7-1a91-4e15-8519-766b34d4a545,2.0561274556623985,0.3333333333333333,0.0,0.0,0
acea098d-a8b2-4224-bef3-433e9150421f,a7d4fe87-1883-4dd9-b996-603353d81414,2.042248696330274,0.25,0.0,0.0,0
acea098d-a8b2-4224-bef3-433e9150421f,4ca461ab-908b-4a61-bf9c-0c59129a4427,2.7608110012206732,0.6666666666666666,0.0,0.0,0
acea098d-a8b2-4224-bef3-433e9150421f,007c6240-54a3-4c9e-86cc-6f738fab0fee,2.9891621813498497,0.75,0.5,0.0,0
acea098d-a8b2-4224-bef3-433e9150421f,ddc465ae-aa5a-4a55-ac3f-20a2c6623feb,2.243792800474443,0.75,0.5,0.0,0
acea098d-a8b2-4224-bef3-433e9150421f,2ff2a9f1-0f81-408c-a672-81d2ccb5b0b8,2.472734495109469,0.75,0.0,0.95,0
acea098d-a8b2-4224-bef3-433e9150421f,cbb7ff83-9491-410f-91f9-cb48ec94f7bc,2.300550629195257,0.5833333333333334,0.0,0.0,0
acea098d-a8b2-4224-bef3-433e9150421f,742c35df-a5ae-440a-89a5-167f9a6a36d9,2.5272046999841566,0.75,0.0,0.0,0
acea098d-a8b2-4224-bef3-433e9150421f,f6076027-0011-45cd-b64c-0ad0b9a292e9,2.1989883190944814,0.16666666666666666,0.0,0.0,0
acea098d-a8b2-4224-bef3-433e9150421f,7a9e3b4f-ded7-46bd-bebe-66f5c9216557,3.0916217614352477,0.4166666666666667,0.0,0.0,0
acea098d-a8b2-4224-bef3-433e9150421f,7b25a5fd-2ddc-4f88-b6da-9fcafbc3a690,3.4488605490002193,0.75,0.0,0.0,0
acea098d-a8b2-4224-bef3-433e9150421f,2c20c754-bcff-46b5-ad6d-4f4c3fa440eb,2.4183121518004564,0.5833333333333334,0.5,0.0,0
acea098d-a8b2-4224-bef3-433e9150421f,cb1cb543-306a-417e-999c-7f0dd8b81db9,1.8562660276409466,0.6666666666666666,0.0,0.0,0
87ccd72e-583c-4303-8a16-d21920b6e8be,e59c58b9-29b4-4abe-88a1-aefe6b86cc95,0.07006869561434927,0.16666666666666666,0.0,0.0,0
87ccd72e-583c-4303-8a16-d21920b6e8be,b7f38717-7e78-44b1-a11d-2d8699364b1f,0.06946224428459397,0.25,0.0,0.0,0
87ccd72e-583c-4303-8a16-d21920b6e8be,23840ab0-c76d-4d42-8538-c4d73bec5d1b,0.2029714263883158,0.5,0.0,0.0,0
87ccd72e-583c-4303-8a16-d21920b6e8be,79c7c06d-e415-4b70-9aab-c5c351b41c88,-0.044351774966240064,0.25,0.0,0.0,0
87ccd72e-583c-4303-8a16-d21920b6e8be,a7ecb714-7fe5-4fce-821a-d5c131203d87,0.10056660258760554,0.25,0.0,0.0,0
87ccd72e-583c-4303-8a16-d21920b6e8be,0588d96d-09de-420e-a694-5411c6bd28f9,-0.1540383159192701,0.4166666666666667,0.0,0.0,0
87ccd72e-583c-4303-8a16-d21920b6e8be,ca993f70-41d5-41e1-bd6c-b01266cedf7e,-0.057104503471622804,0.3333333333333333,0.0,0.0,0
87ccd72e-583c-4303-8a16-d21920b6e8be,89f9a5c5-5a69-4be1-b760-49d1de85fdf7,0.14613843142545294,0.3333333333333333,0.5,0.0,0
87ccd72e-583c-4303-8a16-d21920b6e8be,a4ca8b99-70c6-42b9-b038-3ef61b3f5871,-0.5404285195078774,0.25,0.5,0.0,0
87ccd72e-583c-4303-8a16-d21920b6e8be,1919100a-72d1-4040-a8de-5fe38ad59900,-0.16132027784316452,0.6666666666666666,0.0,0.0,0
87ccd72e-583c-4303-8a16-d21920b6e8be,f71527cf-a647-4fc5-af54-15d9f09606d4,-0.42244348378129576,0.0,0.5,0.0,0
87ccd72e-583c-4303-8a16-d21920b6e8be,e2f24a0c-dc95-4fa5-b73b-68c60d4d13da,-0.22569979860016556,0.25,0.0,0.0,0
87ccd72e-583c-4303-8a16-d21920b6e8be,93f3fbe7-fd0d-4387-9ceb-5ab3218ac2f8,-0.21816485664602187,0.25,0.5,0.0,0
87ccd72e-583c-4303-8a16-d21920b6e8be,02f415ab-6c61-4395-93e5-723f9519ddfe,0.24673476520610518,0.0,0.5,0.0,0
87ccd72e-583c-4303-8a16-d21920b6e8be,3f994955-9a00-4aa4-a45e-59491319f412,0.10019515757645858,0.5,0.5,0.0,0
87ccd72e-583c-4303-8a16-d21920b6e8be,2c3c935f-ef88-48f8-9d6f-09aeac1231a6,0.03285934685584751,0.3333333333333333,0.5,0.0,0
87ccd72e-583c-4303-8a16-d21920b6e8be,8e92255b-c70c-424a-8a39-f4cb7d1a93af,-0.04827098828147859,0.25,0.0,0.0,0
87ccd72e-583c-4303-8a16-d21920b6e8be,6c9308c5-0257-4f43-9037-fb27256a4788,-0.472645582955118,0.3333333333333333,0.5,0.95,0
87ccd72e-583c-4303-8a16-d21920b6e8be,a4e4a7eb-53a6-4d55-9f01-6bed8dd937a9,0.06203200216418667,0.3333333333333333,0.0,0.0,0
87ccd72e-583c-4303-8a16-d21920b6e8be,d6331fb5-42f3-4834-bd19-c31b654b9f36,-0.6935469686104604,0.5,0.5,0.0,0
87ccd72e-583c-4303-8a16-d21920b6e8be,c0eec787-eee3-4e47-8e7d-e7bd1a325d56,0.48108111889963934,0.16666666666666666,0.0,0.0,0
87ccd72e-583c-4303-8a16-d21920b6e8be,f1833440-23a0-4ab7-adf2-5e3aeeb16013,0.30556525272195056,0.4166666666666667,0.0,0.0,0
87ccd72e-583c-4303-8a16-d21920b6e8be,cab4c0fa-4a5e-462d-8f15-d353af9ad60a,-0.07257864881859769,0.25,0.5,0.0,0
87ccd72e-583c-4303-8a16-d21920b6e8be,6583ff27-6572-4cb0-900b-da6d060cb1a0,0.22623378929643873,0.6666666666666666,1.0,0.6,0
87ccd72e-583c-4303-8a16-d21920b6e8be,fe763d19-0cb7-43ae-a10e-305e1e07a69a,-0.010163817665660905,0.16666666666666666,0.0,0.0,0
304a692b-38c4-4f61-8914-358fd31e58be,6a0756fd-24ca-4e36-9094-f6fbce557825,4.738634929182939,0.4166666666666667,0.0,0.2,0
304a692b-38c4-4f61-8914-358fd31e58be,34816008-4485-4963-a17f-172b2e64d579,3.9056219989927574,0.25,0.0,0.0,0
304a692b-38c4-4f61-8914-358fd31e58be,32d8d501-64c2-4f8b-8308-a55c89481c8c,6.8909137278436905,0.0,0.0,0.0,0
304a692b-38c4-4f61-8914-358fd31e58be,b09e53d2-96df-400d-87f8-2c696fd568bc,8.050851062712441,0.08333333333333333,0.5,0.0,0
304a692b-38c4-4f61-8914-358fd31e58be,04aada9b-181d-4932-ac1a-6bac4ac5ff65,7.0832186903911865,0.08333333333333333,0.0,0.0,0
304a692b-38c4-4f61-8914-358fd31e58be,d507ad44-d8c3-49a1-bbe0-dd378808cfd0,8.80039787953723,0.0,0.5,0.0,0
304a692b-38c4-4f61-8914-358fd31e58be,00aceb8b-d25d-4444-ba1e-69813e4a503a,3.589439599334184,0.16666666666666666,0.0,0.0,0
304a692b-38c4-4f61-8914-358fd31e58be,4427d265-2ee8-470b-a53c-67af87ecbc0e,4.751631541913792,0.16666666666666666,0.0,0.0,0
304a692b-38c4-4f61-8914-358fd31e58be,e16d7e7b-9999-4d51-b6bb-48d3d74f1383,8.385772857474464,0.5,0.0,0.0,0
304a692b-38c4-4f61-8914-358fd31e58be,e317a3e3-1065-46e5-a5d2-ef4b33763dd5,2.067289688360066,0.08333333333333333,0.0,0.0,0
304a692b-38c4-4f61-8914-358fd31e58be,28a14931-4d58-441e-9519-b5a5522fc41d,6.60381642645303,0.16666666666666666,0.5,0.0,0
304a692b-38c4-4f61-8914-358fd31e58be,4d66dc2e-f23a-47ec-9b0f-5b2988cbb4ed,9.453046244862305,0.3333333333333333,0.5,0.6,0
304a692b-38c4-4f61-8914-358fd31e58be,7b9eed2d-2481-47aa-9ebb-96a5423c0586,8.481218728489491,0.08333333333333333,0.5,0.2,0
304a692b-38c4-4f61-8914-358fd31e58be,4de56c29-ca3c-4513-b330-a1f3aa18c45d,6.115081539085801,0.16666666666666666,0.0,0.0,0
304a692b-38c4-4f61-8914-358fd31e58be,b14b9ce0-b263-461e-9805-66decbc43f43,4.634109737823082,0.16666666666666666,0.0,0.0,0
304a692b-38c4-4f61-8914-358fd31e58be,fe14c4d9-40bb-45ff-8d2e-e81ac708bcde,6.429084260296625,0.08333333333333333,0.0,0.0,0
304a692b-38c4-4f61-8914-358fd31e58be,8703e7b2-fb74-4f4f-9ea5-4ab50ed5db92,5.055892399923091,0.08333333333333333,0.5,0.95,0
304a692b-38c4-4f61-8914-358fd31e58be,da57f1ac-7f3c-4b50-97d1-48de0ac632f0,8.013031305170108,0.4166666666666667,0.0,0.2,0
304a692b-38c4-4f61-8914-358fd31e58be,46009d93-d86a-4857-9423-a1207f0f38d2,1.4726859031985329,0.25,0.5,0.0,0
304a692b-38c4-4f61-8914-358fd31e58be,fd13b458-54bb-4145-9892-184cd455690a,8.04745414544109,0.0,0.0,0.0,0
304a692b-38c4-4f61-8914-358fd31e58be,f4e8577f-f830-4c09-9b57-2c4feb3bc28e,4.5183229983477515,0.08333333333333333,0.5,0.0,0
304a692b-38c4-4f61-8914-358fd31e58be,720c19f1-c721-42c0-9677-e63f38bd56e3,3.569270116998196,0.08333333333333333,0.0,0.0,0
304a692b-38c4-4f61-8914-358fd31e58be,a167dce7-c029-4643-8aee-5d874e919735,5.918459771206196,0.08333333333333333,0.5,0.0,0
304a692b-38c4-4f61-8914-358fd31e58be,4297fcd4-3736-4e11-abe3-85bcfe092dc7,3.5466861147279602,0.16666666666666666,0.5,0.0,0
304a692b-38c4-4f61-8914-358fd31e58be,47f8775b-4ced-4f43-bfe6-b04b17617617,2.551348214571985,0.08333333333333333,0.5,0.0,0
3e9009f6-ecb1-4672-aa87-2dac34365b01,4a68f89f-76b2-495d-b8b7-2fe3020fb3b4,2.3078849881912373,0.4166666666666667,0.0,0.0,0
3e9009f6-ecb1-4672-aa87-2dac34365b01,7be9d706-c224-48f8-916d-4f0a2b40e00d,1.3630952993289012,0.16666666666666666,0.0,0.0,0
3e9009f6-ecb1-4672-aa87-2dac34365b01,8f0ddadf-387f-45c4-966d-c65e7f063d8d,1.866147306807843,0.25,0.0,0.0,0
3e9009f6-ecb1-4672-aa87-2dac34365b01,afbdf5f2-0342-450f-8972-4335ce46176a,2.6673355420746474,0.9166666666666666,0.0,0.6,0
3e9009f6-ecb1-4672-aa87-2dac34365b01,601c74d9-ac4b-4ab6-b082-7d317be568e7,2.4727244415282166,0.16666666666666666,0.5,0.0,0
3e9009f6-ecb1-4672-aa87-2dac34365b01,1e4a5d51-5e45-4d45-835e-eabca34595a1,2.4406213823708933,0.5,0.5,0.0,0
3e9009f6-ecb1-4672-aa87-2dac34365b01,d6713970-be7b-46d6-8916-bc385f0f2672,2.619807594521752,0.16666666666666666,0.5,0.0,0
3e9009f6-ecb1-4672-aa87-2dac34365b01,fdf1202d-a804-45c6-b8cc-e0d535042a1d,1.7841260287295486,0.25,0.5,0.0,0
3e9009f6-ecb1-4672-aa87-2dac34365b01,ba4016ff-f67a-451e-9c64-da088e61fa15,1.511908059799117,0.4166666666666667,0.0,0.0,0
3e9009f6-ecb1-4672-aa87-2dac34365b01,74fc337c-747f-44cf-8be5-0f7849193894,1.4913902194279904,0.3333333333333333,0.0,0.2,0
3e9009f6-ecb1-4672-aa87-2dac34365b01,4a516c23-3d43-4bca-8c08-39f6fb51e3bd,1.8136150237871602,0.25,0.5,0.0,0
3e9009f6-ecb1-4672-aa87-2dac34365b01,01819b89-8ab9-474c-bda1-c8cd5d8040bf,2.4012923326291578,0.08333333333333333,0.0,0.0,0
3e9009f6-ecb1-4672-aa87-2dac34365b01,1df1083c-a2aa-4237-bc7b-cf56fbaa5192,1.9633218481581485,0.16666666666666666,0.0,0.0,0
3e9009f6-ecb1-4672-aa87-2dac34365b01,442bf9be-b742-46dc-8cca-8e42998d3507,2.1776772056742852,0.08333333333333333,0.0,0.0,0
3e9009f6-ecb1-4672-aa87-2dac34365b01,5e1af7c6-1ada-4ab4-979d-531add6f6424,2.2201892584515583,0.16666666666666666,0.5,0.0,0
3e9009f6-ecb1-4672-aa87-2dac34365b01,d999a63b-a328-4a4a-add6-1cf0e2b75fd0,2.2497565576348766,0.4166666666666667,0.5,0.0,0
3e9009f6-ecb1-4672-aa87-2dac34365b01,292dafe3-9ad2-403e-b92b-78c5ca91744d,1.9771752409693812,0.0,0.0,0.2,0
3e9009f6-ecb1-4672-aa87-2dac34365b01,79909a53-3a4d-4f63-a6b6-0c7895a17f17,2.0106391836443707,0.16666666666666666,1.0,0.0,0
3e9009f6-ecb1-4672-aa87-2dac34365b01,15d38005-9fd5-4a79-a314-df09ed1bb940,2.7607914136346823,0.25,0.0,0.95,0
3e9009f6-ecb1-4672-aa87-2dac34365b01,9acd3d1d-d2ec-49d4-8560-9f3029dad5e6,1.7809969556603527,0.16666666666666666,0.0,0.0,0
3e9009f6-ecb1-4672-aa87-2dac34365b01,042b4fc2-89b4-4269-8cbb-147000911429,3.447420982987262,0.4166666666666667,0.0,0.0,0
3e9009f6-ecb1-4672-aa87-2dac34365b01,d26fa840-870c-44c3-ac2c-a5d78c8c256c,2.923848812036998,0.16666666666666666,0.5,0.2,0
3e9009f6-ecb1-4672-aa87-2dac34365b01,7ba8e04f-2544-49ca-879a-b795792f57aa,1.5704853876929872,0.25,0.5,0.0,0
3e9009f6-ecb1-4672-aa87-2dac34365b01,83f33988-0571-4d32-a38a-5b2d7e4aadb8,1.8975958696159165,0.3333333333333333,0.5,0.0,0
3e9009f6-ecb1-4672-aa87-2dac34365b01,981a908a-6982-4fed-9719-b6cc7745b393,1.083072228431347,0.08333333333333333,0.5,0.0,0
0c0f89d9-ac3f-4f84-bcd6-8c8f4d03b3bd,fef273e3-a67d-4d8e-b675-5d3266be3481,2.9802875170660674,0.25,0.0,0.0,0
0c0f89d9-ac3f-4f84-bcd6-8c8f4d03b3bd,778fea09-5d14-475c-9a2d-7b3cba5d8ffa,1.7744469528806,0.0,0.5,0.0,0
0c0f89d9-ac3f-4f84-bcd6-8c8f4d03b3bd,643c1574-000a-44d0-b4cc-e6de877733da,2.7909335782300424,0.25,0.5,0.0,0
0c0f89d9-ac3f-4f84-bcd6-8c8f4d03b3bd,685ac643-0c9c-4688-8b88-ddce73ee5f01,3.242804342697305,0.08333333333333333,0.5,0.0,0
0c0f89d9-ac3f-4f84-bcd6-8c8f4d03b3bd,2cf7ccc9-7d43-4f0c-aaf2-939c1e9ddf89,2.3062710282868197,0.08333333333333333,0.0,0.0,0
0c0f89d9-ac3f-4f84-bcd6-8c8f4d03b3bd,e0b5a102-0f11-43b0-a67c-41ac37ef09d4,2.5195402119120858,0.16666666666666666,0.0,0.0,0
0c0f89d9-ac3f-4f84-bcd6-8c8f4d03b3bd,7998de07-3d29-4aca-be2d-30d6807aec41,2.376034494045906,0.0,0.0,0.0,0
0c0f89d9-ac3f-4f84-bcd6-8c8f4d03b3bd,c83f854b-0354-4a98-8960-c98a4d915071,2.353009817118701,0.0,0.0,0.0,0
0c0f89d9-ac3f-4f84-bcd6-8c8f4d03b3bd,8ae15b93-83ac-4381-be2d-5b99016a5954,2.152870932305531,0.25,0.0,0.0,0
0c0f89d9-ac3f-4f84-bcd6-8c8f4d03b3bd,78730b7c-26b3-4659-b297-ac9385c41db5,3.4087261912591944,0.0,0.0,0.0,0
0c0f89d9-ac3f-4f84-bcd6-8c8f4d03b3bd,db1bb1de-64c6-4dcc-b5eb-f24b0106d6a3,1.658199706241917,0.3333333333333333,0.0,0.6,0
0c0f89d9-ac3f-4f84-bcd6-8c8f4d03b3bd,f2a1a501-d771-45fb-b28f-aaa4d43d1d72,2.162203795943611,0.16666666666666666,0.5,0.0,0
0c0f89d9-ac3f-4f84-bcd6-8c8f4d03b3bd,22ecde88-5adb-404b-8b71-54296c7b8d50,2.878259480895611,0.3333333333333333,0.0,0.0,0
0c0f89d9-ac3f-4f84-bcd6-8c8f4d03b3bd,ba432430-79ab-4e36-9114-35009644c67d,2.460344118387868,0.3333333333333333,0.0,0.0,0
0c0f89d9-ac3f-4f84-bcd6-8c8f4d03b3bd,f66b23e7-424a-442c-b407-156c000e3470,3.3721586286453435,0.16666666666666666,0.5,0.0,0
0c0f89d9-ac3f-4f84-bcd6-8c8f4d03b3bd,9b9d82aa-e31b-4a9d-96e9-152f73ab1fd3,2.7421219086805486,0.16666666666666666,0.5,0.2,0
0c0f89d9-ac3f-4f84-bcd6-8c8f4d03b3bd,73b087ad-6ddb-4759-91bc-1da661db67a2,2.62175194789068,0.25,0.5,0.0,0
0c0f89d9-ac3f-4f84-bcd6-8c8f4d03b3bd,f428d6d7-f60f-4ce9-abc2-21d49df202c7,2.570325215684506,0.0,0.0,0.0,0
0c0f89d9-ac3f-4f84-bcd6-8c8f4d03b3bd,8a0da992-ae7f-4ae0-868b-8934c8ecc7b9,2.7433416644840998,0.16666666666666666,0.0,0.0,0
0c0f89d9-ac3f-4f84-bcd6-8c8f4d03b3bd,790535d0-2ed9-4af1-873c-5f828bf5251a,2.8229740657782303,0.16666666666666666,0.0,0.0,0
0c0f89d9-ac3f-4f84-bcd6-8c8f4d03b3bd,5c4f7b8d-e140-44a7-b906-c8d7289e4a4a,2.0722912296358826,0.25,0.0,0.0,0
0c0f89d9-ac3f-4f84-bcd6-8c8f4d03b3bd,221ea036-7e8e-4d93-8865-90e02299ac96,4.6091491104910745,0.16666666666666666,0.0,0.0,0
0c0f89d9-ac3f-4f84-bcd6-8c8f4d03b3bd,d31eec7d-caae-46ef-bd37-8f73ade3dba2,2.334378235972516,0.16666666666666666,0.0,0.0,0
0c0f89d9-ac3f-4f84-bcd6-8c8f4d03b3bd,a1c9d15d-9752-450c-9235-8aff06458180,2.966600120823924,0.08333333333333333,0.5,0.0,0
0c0f89d9-ac3f-4f84-bcd6-8c8f4d03b3bd,7cd052b6-e45a-4c2b-a638-7f00b42133df,3.131108566708467,0.25,0.5,0.6,0
da94106b-55bd-44b8-ab74-f4715d6625b3,8e58c3b5-bb9b-44ff-97ad-96715c874d55,1.0654521103426997,0.6666666666666666,0.5,0.0,0
da94106b-55bd-44b8-ab74-f4715d6625b3,8e621240-9c1d-4395-9ce9-3439acf3c558,0.8178059995255228,0.8333333333333334,0.0,0.0,0
da94106b-55bd-44b8-ab74-f4715d6625b3,d59b67fd-1a8f-47d2-813f-501843dfbc38,0.8942080327727142,0.5833333333333334,0.0,0.0,0
da94106b-55bd-44b8-ab74-f4715d6625b3,f7f9ca0b-ccac-4972-b702-c09f00ace701,1.2690672189634546,0.9166666666666666,0.0,0.2,0
da94106b-55bd-44b8-ab74-f4715d6625b3,1e6b419c-40e0-469f-a504-90799063ee32,0.6504086723268285,0.5833333333333334,0.5,0.0,0
da94106b-55bd-44b8-ab74-f4715d6625b3,fa6b13e0-5255-4d41-889e-1121ec94b0b5,1.0630683169002337,0.5833333333333334,0.0,0.2,0
da94106b-55bd-44b8-ab74-f4715d6625b3,2fa81cc9-5695-45b6-91d0-ef27b8b89ddf,0.49724414842326736,0.8333333333333334,0.5,0.0,0
da94106b-55bd-44b8-ab74-f4715d6625b3,07935312-e2fd-4382-9675-3cc31c5ece23,1.7045663240148394,0.5,0.0,0.6,0
da94106b-55bd-44b8-ab74-f4715d6625b3,21611939-7630-4fcb-9a81-36434e6bb938,0.8907152543622715,0.5833333333333334,0.0,0.0,0
da94106b-55bd-44b8-ab74-f4715d6625b3,18ee85a5-11eb-45aa-88fc-419cfe4813b4,0.3230746087583245,0.75,0.5,0.0,0
da94106b-55bd-44b8-ab74-f4715d6625b3,e392f57b-e882-408a-beb6-5aae0b26bfee,0.897204176443574,0.25,0.0,0.0,0
da94106b-55bd-44b8-ab74-f4715d6625b3,52ca0e4e-be3e-4486-b2e0-88e72053d524,0.15391511056037574,0.5,0.5,0.0,0
da94106b-55bd-44b8-ab74-f4715d6625b3,b0061ac4-8d59-4f16-b3b1-6d3b8c113e23,0.0408182858241352,0.8333333333333334,0.0,0.0,0
da94106b-55bd-44b8-ab74-f4715d6625b3,7b30031c-0d5f-4c63-b0a5-c9b0451c7b75,-0.08366634121254478,0.6666666666666666,0.5,0.0,0
da94106b-55bd-44b8-ab74-f4715d6625b3,a7a036d8-d8a1-43bf-9090-dc5837ecc1a5,0.9281373879302578,0.8333333333333334,0.5,0.0,0
da94106b-55bd-44b8-ab74-f4715d6625b3,ad2995a5-824c-4f31-88b7-d7e05636fa94,0.018691067468814035,0.75,0.5,0.0,0
da94106b-55bd-44b8-ab74-f4715d6625b3,975b77bf-378f-4313-a4b7-b1b893699a70,0.5608743256654678,0.5,0.5,0.0,0
da94106b-55bd-44b8-ab74-f4715d6625b3,ec7a50df-7c6e-4404-9d00-4ac58777892f,0.8937916683184205,0.6666666666666666,0.5,0.0,0
da94106b-55bd-44b8-ab74-f4715d6625b3,02bf7706-17d5-407a-8c62-9d569aa32ffb,0.7939653003592729,0.75,0.0,0.0,0
da94106b-55bd-44b8-ab74-f4715d6625b3,f360fd00-b6d9-40e1-a40a-5083eaf1cd59,0.8530684946428783,0.5833333333333334,0.0,0.0,0
da94106b-55bd-44b8-ab74-f4715d6625b3,76d3fd27-d845-40d5-b2ba-b8f6ee2f7296,1.2962809265215296,0.6666666666666666,0.0,0.0,0
da94106b-55bd-44b8-ab74-f4715d6625b3,fe64ac5c-4806-446f-96ce-1d8f16843ba2,1.1062627277205337,0.3333333333333333,0.0,0.95,0
da94106b-55bd-44b8-ab74-f4715d6625b3,19365eff-6843-4d93-9f28-32a2fc90e373,0.4767198440425093,0.5833333333333334,0.5,0.0,0
da94106b-55bd-44b8-ab74-f4715d6625b3,b8571ed5-a76e-4d92-ae7f-48ffdc86b637,1.2462141404045701,0.75,0.0,0.0,0
da94106b-55bd-44b8-ab74-f4715d6625b3,a360849d-2d0b-4aa0-bdaa-18c74379af51,0.9451207698905398,0.4166666666666667,0.5,0.6,0
2fd15eef-166c-4ac7-abbe-92a72c8d8e9d,62e3ca68-530c-49ad-b21e-12d86afed65b,2.870238549268727,0.3333333333333333,0.0,0.0,0
2fd15eef-166c-4ac7-abbe-92a72c8d8e9d,f1ef3376-5ab3-4873-b89e-6c214f6779d2,2.6442348796684496,0.5833333333333334,0.5,0.0,0
2fd15eef-166c-4ac7-abbe-92a72c8d8e9d,c9a66cb9-1e54-4cc5-be9e-a660e61d2f52,2.145598185142323,0.08333333333333333,1.0,0.6,0
2fd15eef-166c-4ac7-abbe-92a72c8d8e9d,3b5f16c7-c8ac-4089-b72d-2353d8df2349,2.602565912759074,0.75,0.5,0.0,0
2fd15eef-166c-4ac7-abbe-92a72c8d8e9d,2e1240a4-becf-40db-99be-0669df3ad96f,2.9217714987579932,0.5,0.5,0.0,0
2fd15eef-166c-4ac7-abbe-92a72c8d8e9d,47724a59-83ba-4f7f-9943-11b6647861ae,2.049453429461241,0.6666666666666666,0.0,0.0,0
2fd15eef-166c-4ac7-abbe-92a72c8d8e9d,6a4791c3-23ed-4f84-a605-5885b56dc72d,2.3426385074899065,0.5,0.0,0.0,0
2fd15eef-166c-4ac7-abbe-92a72c8d8e9d,f747945a-7e6b-4a8d-a351-ddfca47f30a8,1.9401481717239917,0.4166666666666667,0.0,0.0,0
2fd15eef-166c-4ac7-abbe-92a72c8d8e9d,b227bdd3-50c2-4f13-a28c-ba56c9b3c408,2.189576784871776,0.6666666666666666,0.0,0.0,0
2fd15eef-166c-4ac7-abbe-92a72c8d8e9d,25b88407-6f42-4af5-a227-92843eb43b71,3.079120801042805,0.6666666666666666,0.0,0.95,0
2fd15eef-166c-4ac7-abbe-92a72c8d8e9d,d1b64c59-ae26-432a-99e6-75140937835f,0.6701068946637297,0.4166666666666667,0.0,0.0,0
2fd15eef-166c-4ac7-abbe-92a72c8d8e9d,5c056152-a00c-4eb3-9c39-54e8d66d1cb0,3.528183212247483,0.4166666666666667,0.0,0.0,0
2fd15eef-166c-4ac7-abbe-92a72c8d8e9d,d3cacfa7-d6ef-436f-97f6-c900bec17779,3.878221148907005,0.3333333333333333,0.0,0.0,0
2fd15eef-166c-4ac7-abbe-92a72c8d8e9d,6f78ba96-6413-4737-b588-147ee791465a,2.5938948593691893,0.4166666666666667,0.0,0.6,0
2fd15eef-166c-4ac7-abbe-92a72c8d8e9d,636a27d9-8e6b-48c6-a219-0a20a7d61896,3.696875669097011,0.4166666666666667,0.0,0.0,0
2fd15eef-166c-4ac7-abbe-92a72c8d8e9d,7cb4735b-afa5-4abd-9d8c-a515f917c482,2.932063648996146,0.6666666666666666,0.0,0.0,0
2fd15eef-166c-4ac7-abbe-92a72c8d8e9d,f35cbf1a-ac46-49cb-a141-67606148b5db,3.128368487416087,0.25,0.0,0.0,0
2fd15eef-166c-4ac7-abbe-92a72c8d8e9d,cf3efeb9-6163-461a-b789-7825670b34b3,2.7980106476637543,0.4166666666666667,0.0,0.0,0
2fd15eef-166c-4ac7-abbe-92a72c8d8e9d,c070557d-56d9-4ac9-a7cf-59c54630f0ee,2.9556830042776587,0.4166666666666667,0.0,0.0,0
2fd15eef-166c-4ac7-abbe-92a72c8d8e9d,8f8b5863-d20e-4e9b-a3a4-47a64cf8d08f,2.6160339612271546,0.6666666666666666,0.5,0.0,0
2fd15eef-166c-4ac7-abbe-92a72c8d8e9d,5cba3664-cefe-4d2d-a861-0632c5fc931e,2.1860232584682313,0.25,0.5,0.0,0
2fd15eef-166c-4ac7-abbe-92a72c8d8e9d,716f39ec-a9a6-4851-bc84-5ca47f79f94f,2.4384239043120712,0.75,0.5,0.0,0
2fd15eef-166c-4ac7-abbe-92a72c8d8e9d,6fffde6e-1347-4397-a61d-c1f5c7463526,3.578247562819616,0.75,0.0,0.0,0
2fd15eef-166c-4ac7-abbe-92a72c8d8e9d,d2af65e2-a5b8-49a4-a49e-b3d8034cc6b7,2.6008875207874405,0.5833333333333334,0.0,0.0,0
2fd15eef-166c-4ac7-abbe-92a72c8d8e9d,831ba25a-0c34-4b24-99c4-d8740bf8a721,2.8378406914100447,0.16666666666666666,0.5,0.6,0
d7a7483d-636b-4eb7-ba37-5f99fc71f1c8,38430bb7-fe96-44d5-8e99-b25955f1cd40,-0.4834075333957691,0.16666666666666666,0.5,0.0,0
d7a7483d-636b-4eb7-ba37-5f99fc71f1c8,13c856b6-2a01-419a-a901-e98f514695d1,-0.37797458264768474,0.3333333333333333,0.0,0.0,0
d7a7483d-636b-4eb7-ba37-5f99fc71f1c8,b9f67141-5cf9-418c-80cd-37d57cf53c2c,-0.56579365788894,0.16666666666666666,0.0,0.0,0
d7a7483d-636b-4eb7-ba37-5f99fc71f1c8,ba882c84-589e-40cd-ac7a-9cf40097e8da,-0.09449031164496752,0.4166666666666667,0.0,0.0,0
d7a7483d-636b-4eb7-ba37-5f99fc71f1c8,d0863e31-e7af-404b-82a7-dcb8df32a979,-0.3239744101569955,0.4166666666666667,0.5,0.0,0
d7a7483d-636b-4eb7-ba37-5f99fc71f1c8,6b606917-3e18-4452-90ae-0cb59932a139,-0.6216538096147975,0.3333333333333333,0.5,0.0,0
d7a7483d-636b-4eb7-ba37-5f99fc71f1c8,2b8c9232-8117-49ff-8ad0-82ee34d6d372,-0.4596257810386819,0.3333333333333333,0.0,0.0,0
d7a7483d-636b-4eb7-ba37-5f99fc71f1c8,a2419762-7b67-45d6-a0dc-5f861107e867,-0.17830857586758037,0.08333333333333333,0.0,0.0,0
d7a7483d-636b-4eb7-ba37-5f99fc71f1c8,d32ef823-6913-4711-bc5c-397a6c3b1ebf,-0.12234513613974664,0.25,0.0,0.0,0
d7a7483d-636b-4eb7-ba37-5f99fc71f1c8,03941a1d-7263-460d-a9fc-127d03ff41db,-0.07787133649659381,0.25,0.0,0.0,0
d7a7483d-636b-4eb7-ba37-5f99fc71f1c8,87a4479b-669c-46cf-b08b-da31c3125f18,-0.8093262730429672,0.16666666666666666,0.0,0.0,0
d7a7483d-636b-4eb7-ba37-5f99fc71f1c8,7880cd3b-3ca9-4508-929b-541b4ce319f1,-0.015611803600174138,0.5,0.0,0.0,0
d7a7483d-636b-4eb7-ba37-5f99fc71f1c8,648f6915-f34e-476e-b333-f327d72bb105,-0.06169820755127724,0.5833333333333334,0.5,0.0,0
d7a7483d-636b-4eb7-ba37-5f99fc71f1c8,90fb295d-dfbd-430f-9515-5a86c7193bd6,-0.7909103134573519,0.5,0.0,0.6,0
d7a7483d-636b-4eb7-ba37-5f99fc71f1c8,4fbe8587-d50e-483a-be50-7a7fa61a6d3c,-0.6165112064134124,0.16666666666666666,0.0,0.0,0
d7a7483d-636b-4eb7-ba37-5f99fc71f1c8,ff95a7c6-f4ef-4fe3-b684-f7b6705b9ee9,-0.36731750901051907,0.08333333333333333,0.5,0.6,0
d7a7483d-636b-4eb7-ba37-5f99fc71f1c8,95ac1ee6-6df2-4e0e-bfe1-6b76ee911956,-0.34828451535936356,0.3333333333333333,0.5,0.2,0
d7a7483d-636b-4eb7-ba37-5f99fc71f1c8,8f14db30-906a-452b-8ecb-5a321f57f476,-0.466053479779605,0.3333333333333333,0.0,0.0,0
d7a7483d-636b-4eb7-ba37-5f99fc71f1c8,36878c84-789f-4857-8d11-92b168a29efd,-0.9064193669090952,0.75,0.0,0.0,0
d7a7483d-636b-4eb7-ba37-5f99fc71f1c8,bb11ce67-9a11-4ce2-815b-2c0651f816f6,0.2998470658423731,0.25,0.0,0.0,0
d7a7483d-636b-4eb7-ba37-5f99fc71f1c8,b8b77539-5c65-4668-8ebe-b08a176b9329,-0.7148539717442318,0.16666666666666666,0.0,0.0,0
d7a7483d-636b-4eb7-ba37-5f99fc71f1c8,beb105a9-1a30-43fa-b493-a89a042dde06,-0.07892810775209566,0.25,0.0,0.0,0
d7a7483d-636b-4eb7-ba37-5f99fc71f1c8,cacddc55-55e9-4389-bcff-5a69b95c7b67,0.06754447749259893,0.4166666666666667,0.0,0.0,0
d7a7483d-636b-4eb7-ba37-5f99fc71f1c8,5b922344-3593-4e27-ba8a-0ceb0c17d8b0,-0.5536657099373772,0.3333333333333333,0.0,0.0,0
d7a7483d-636b-4eb7-ba37-5f99fc71f1c8,79cd178a-fe29-4832-8d11-f186658fb62e,-0.4426785887064748,0.3333333333333333,0.0,0.0,0
5a9fe995-eb7a-40de-9f13-9d5281957b6f,bc2e7785-e05b-445d-b8c1-2735f29f8f5f,8.458339920749152,0.0,0.5,0.0,0
5a9fe995-eb7a-40de-9f13-9d5281957b6f,89241c86-a598-48af-bb54-16225f8aaa8a,6.610602769943262,0.08333333333333333,0.5,0.0,0
5a9fe995-eb7a-40de-9f13-9d5281957b6f,1dd78754-e22c-4fae-9385-741cf7161c7f,9.627714525400277,0.08333333333333333,1.0,0.0,0
5a9fe995-eb7a-40de-9f13-9d5281957b6f,7733fc7f-051c-42a9-8f28-fdb85600cbc1,6.216968646842863,0.08333333333333333,0.0,0.0,0
5a9fe995-eb7a-40de-9f13-9d5281957b6f,8fa674ed-78b1-4b28-bab5-90ef85ecefbf,8.642280685021886,0.0,0.0,0.0,0
5a9fe995-eb7a-40de-9f13-9d5281957b6f,20b8bffa-974e-4d3d-9ae3-9ac02d1ed34b,11.886422246630032,0.16666666666666666,0.0,0.0,0
5a9fe995-eb7a-40de-9f13-9d5281957b6f,8372e05e-153b-4f34-a186-7f36cf347106,7.70069450207668,0.16666666666666666,0.5,0.0,0
5a9fe995-eb7a-40de-9f13-9d5281957b6f,9fa6575d-c1a9-48a2-bade-10cca231d23a,2.859872330910911,0.08333333333333333,0.0,0.0,0
5a9fe995-eb7a-40de-9f13-9d5281957b6f,4837f6b4-313c-4ee9-b230-08304ba2049d,10.78045141796244,0.3333333333333333,0.0,0.2,0
5a9fe995-eb7a-40de-9f13-9d5281957b6f,2f521df3-4a80-418b-bc41-88902586fd6a,4.602276197147155,0.3333333333333333,0.5,0.0,0
5a9fe995-eb7a-40de-9f13-9d5281957b6f,14448b0e-cc9e-4070-a213-1d8c4d12da6e,10.129077041109023,0.0,0.5,0.0,0
5a9fe995-eb7a-40de-9f13-9d5281957b6f,98331682-91cc-4b4c-be2f-dbfc3ba5a74a,6.706133808270552,0.08333333333333333,0.5,0.6,0
5a9fe995-eb7a-40de-9f13-9d5281957b6f,4271ac00-dc02-4b54-a3a5-900b012c6871,7.731767579909793,0.16666666666666666,0.5,0.0,0
5a9fe995-eb7a-40de-9f13-9d5281957b6f,b380363e-0f4c-45c6-9489-c9a0e7fb4001,10.868880233197176,0.08333333333333333,0.5,0.0,0
5a9fe995-eb7a-40de-9f13-9d5281957b6f,9b1fe561-4cc6-4e2d-82ec-e7efe9a3fa4f,9.802716522965659,0.08333333333333333,0.0,0.0,0
5a9fe995-eb7a-40de-9f13-9d5281957b6f,1bff8e4f-709e-434d-a39f-f5a7982ae4d4,12.736535448755799,0.16666666666666666,0.5,0.0,0
5a9fe995-eb7a-40de-9f13-9d5281957b6f,e740073d-8a14-42db-acdf-233e0fdbe4e8,12.155604077255441,0.08333333333333333,0.0,0.0,0
5a9fe995-eb7a-40de-9f13-9d5281957b6f,4d94f8d0-52d5-459e-a8e0-a566aa7f4723,11.31391393376292,0.08333333333333333,0.5,0.2,0
5a9fe995-eb7a-40de-9f13-9d5281957b6f,74c96729-ef1a-46cf-a138-b0b14ae18f84,7.236739548896011,0.5,0.0,0.6,0
5a9fe995-eb7a-40de-9f13-9d5281957b6f,fc9c871e-d03c-4bba-8436-bfaebf02ff48,9.790145160734825,0.0,0.5,0.0,0
5a9fe995-eb7a-40de-9f13-9d5281957b6f,bb8b9139-5a27-4a09-bdfd-eab5654873b1,4.43383254704842,0.0,0.5,0.0,0
5a9fe995-eb7a-40de-9f13-9d5281957b6f,efb0023e-137b-4cfe-8317-c3cdfd85737c,6.078353192113879,0.08333333333333333,0.0,0.0,0
5a9fe995-eb7a-40de-9f13-9d5281957b6f,c833c272-abfe-4566-8673-139aa1afb286,11.340536764906911,0.0,0.5,0.0,0
5a9fe995-eb7a-40de-9f13-9d5281957b6f,b2c061ba-9e0e-43a4-b8c4-efafc8e7934a,8.3417696722157,0.08333333333333333,0.5,0.0,0
5a9fe995-eb7a-40de-9f13-9d5281957b6f,98e5e297-441a-47bc-aab1-873d78fbdb2b,9.596900337389481,0.3333333333333333,0.0,0.0,0
08e2c6fb-959a-472e-ab3f-424386c20a38,eee0de5a-54c8-4d75-bb7d-f533de0a0417,1.4944143371590464,0.3333333333333333,0.0,0.0,0
08e2c6fb-959a-472e-ab3f-424386c20a38,507c2305-5516-4c55-956f-2cf9da4f62d8,2.1716350187026676,0.0,0.0,0.0,0
08e2c6fb-959a-472e-ab3f-424386c20a38,c1a19af1-f80d-411e-abbb-a68eed1c81e1,1.3474384597367068,0.4166666666666667,0.0,0.0,0
08e2c6fb-959a-472e-ab3f-424386c20a38,734c5f9f-0e35-4b6b-bd9d-bc7d9d795792,1.6035708488489802,0.3333333333333333,0.5,0.0,0
08e2c6fb-959a-472e-ab3f-424386c20a38,f6f24eba-7159-4eef-ab48-b3e5b725df8d,1.8086060455536426,0.16666666666666666,1.0,0.0,0
08e2c6fb-959a-472e-ab3f-424386c20a38,31871031-10de-4b2c-81b8-e80bd9cc3a81,2.4017078210510228,0.08333333333333333,0.0,0.0,0
08e2c6fb-959a-472e-ab3f-424386c20a38,94a157e0-7b4c-40af-afc0-9b32c8c2e8c8,2.4077829259431063,0.5,0.5,0.6,0
08e2c6fb-959a-472e-ab3f-424386c20a38,a2a2a59d-1deb-4c3d-9bc3-953c571b7314,1.5741105537473843,0.08333333333333333,0.5,0.0,0
08e2c6fb-959a-472e-ab3f-424386c20a38,21eef6bb-9c06-48ef-ac85-d540e59133be,0.5448791321783458,0.4166666666666667,0.5,0.0,0
08e2c6fb-959a-472e-ab3f-424386c20a38,9edddb32-7463-4d30-8662-9c39fe55865b,1.8700575213510064,0.08333333333333333,0.5,0.0,0
08e2c6fb-959a-472e-ab3f-424386c20a38,ef14ba73-89d5-437a-bdc8-17bccd44aace,0.9410141328084655,0.16666666666666666,1.0,0.0,0
08e2c6fb-959a-472e-ab3f-424386c20a38,862511e3-9ae2-423d-80ec-8287369c1acc,1.2338421413208496,0.25,0.5,0.0,0
08e2c6fb-959a-472e-ab3f-424386c20a38,1949cdfa-a6fd-432b-83d2-3858ad9fcaed,0.9718415957688425,0.0,0.0,0.0,0
08e2c6fb-959a-472e-ab3f-424386c20a38,6979619b-6bce-46b1-9f91-5d3801115564,2.458478633480889,0.16666666666666666,0.0,0.2,0
08e2c6fb-959a-472e-ab3f-424386c20a38,60084bcf-d487-457c-9be1-a851cddc9564,2.9205061173347966,0.16666666666666666,0.0,0.0,0
08e2c6fb-959a-472e-ab3f-424386c20a38,2b7abe49-398f-470b-9ba6-f160e4845766,1.5705646731829128,0.16666666666666666,0.0,0.6,0
08e2c6fb-959a-472e-ab3f-424386c20a38,fabd6e4b-7bbf-4403-abd5-31534ef3e012,1.8669111868370452,0.25,0.0,0.0,0
08e2c6fb-959a-472e-ab3f-424386c20a38,e4abfa5e-dfc2-4133-9f6a-fa2681eadef4,2.319029481296686,0.08333333333333333,0.5,0.0,0
08e2c6fb-959a-472e-ab3f-424386c20a38,2a97b012-9092-45ac-aeeb-288b775f7ec7,2.4776279325632276,0.0,0.0,0.0,0
08e2c6fb-959a-472e-ab3f-424386c20a38,a23bfea3-97f7-4168-bb86-41800d211411,1.6420458115659111,0.25,0.0,0.0,0
08e2c6fb-959a-472e-ab3f-424386c20a38,6f66cacc-cb8d-4546-b8ed-94e2c91c29ff,2.048422083769463,0.08333333333333333,0.0,0.0,0
08e2c6fb-959a-472e-ab3f-424386c20a38,9e3e3f0d-8f2c-46b7-8183-10a4a8ff5377,1.842612150449756,0.08333333333333333,0.5,0.0,0
08e2c6fb-959a-472e-ab3f-424386c20a38,22ad0715-15d1-4735-bce9-9fbaeaf53fbe,1.9191385543766932,0.25,0.5,0.0,0
08e2c6fb-959a-472e-ab3f-424386c20a38,ad42f35c-883b-480d-9f41-3ebbdbfe375d,1.7806745957755055,0.16666666666666666,0.0,0.0,0
08e2c6fb-959a-472e-ab3f-424386c20a38,843ccf16-7f6c-407e-9e32-1a41556fa3e4,1.3893163241939661,0.08333333333333333,0.0,0.0,0
cf67c15e-f9f4-449a-b0cf-f04a18d68c74,afefe339-f000-4b90-b30f-54e70ef57926,1.512146173778839,0.08333333333333333,0.5,0.0,0
cf67c15e-f9f4-449a-b0cf-f04a18d68c74,fd657a70-037f-49d0-9953-b720a5274ccc,2.4128649661359334,0.16666666666666666,0.0,0.0,0
cf67c15e-f9f4-449a-b0cf-f04a18d68c74,0c15eac1-2106-44de-9355-82dbb62e8453,2.413183607899769,0.16666666666666666,0.5,0.0,0
cf67c15e-f9f4-449a-b0cf-f04a18d68c74,3acc1f04-d42b-4d47-83dc-f28d63e3caad,2.8202621912940042,0.08333333333333333,0.0,0.0,0
cf67c15e-f9f4-449a-b0cf-f04a18d68c74,7da8c6fb-4d35-42a8-8427-fed4c190b132,2.0307737186708605,0.25,0.5,0.2,0
cf67c15e-f9f4-449a-b0cf-f04a18d68c74,d462abd9-3b4b-4a49-848e-69bbff062fe9,2.6529095054174383,0.25,0.0,0.0,0
cf67c15e-f9f4-449a-b0cf-f04a18d68c74,25f569b3-a44f-4730-aaeb-0fcae6615eb9,2.431762360941087,0.16666666666666666,0.5,0.0,0
cf67c15e-f9f4-449a-b0cf-f04a18d68c74,23daa6bc-7e65-49aa-97b2-071192ac8777,2.529398273479993,0.08333333333333333,0.5,0.0,0
cf67c15e-f9f4-449a-b0cf-f04a18d68c74,85687429-e624-4bf8-a04a-63e2c1e71893,1.2619095166169394,0.4166666666666667,0.5,0.6,0
cf67c15e-f9f4-449a-b0cf-f04a18d68c74,9837d201-8287-4e71-916a-88c71c67a8b0,1.9186615300610745,0.0,0.5,0.0,0
cf67c15e-f9f4-449a-b0cf-f04a18d68c74,26bba8f5-53a0-41c4-bd74-8a3ec307e827,1.490799735408044,0.16666666666666666,0.0,0.0,0
cf67c15e-f9f4-449a-b0cf-f04a18d68c74,1dbd4272-6045-4d3f-b269-7bc18ae5ce82,1.6961060302686732,0.3333333333333333,0.0,0.0,0
cf67c15e-f9f4-449a-b0cf-f04a18d68c74,e62c79e5-8617-4621-8e6d-4dab8d9db905,2.4873033222537106,0.3333333333333333,0.5,0.0,0
cf67c15e-f9f4-449a-b0cf-f04a18d68c74,e55596d5-5dde-4098-aa19-f28512dd49e3,2.669620734797468,0.5,0.0,0.0,0
cf67c15e-f9f4-449a-b0cf-f04a18d68c74,03c6f9cb-71f5-4eea-b924-7d6284613e8f,3.8759111703476736,0.25,0.5,0.0,0
cf67c15e-f9f4-449a-b0cf-f04a18d68c74,8646248e-5dee-4305-b92c-7fd9967147de,3.0132727313609697,0.16666666666666666,0.0,0.0,0
cf67c15e-f9f4-449a-b0cf-f04a18d68c74,9438693c-0bde-45d7-80fc-d787f5f7b167,1.9060820928528588,0.16666666666666666,0.0,0.0,0
cf67c15e-f9f4-449a-b0cf-f04a18d68c74,967a6f08-c277-4739-867d-2552d27a0b70,2.653857789467941,0.0,0.0,0.2,0
cf67c15e-f9f4-449a-b0cf-f04a18d68c74,524ecb84-2c0d-4267-8faa-184f27c6b772,3.49502963901621,0.16666666666666666,0.0,0.6,0
cf67c15e-f9f4-449a-b0cf-f04a18d68c74,a18e2add-9be3-4bf2-ab24-fc41c68ae92d,2.535616986756917,0.08333333333333333,0.5,0.0,0
cf67c15e-f9f4-449a-b0cf-f04a18d68c74,d6d207df-41a2-4a7e-8c59-221a848fb876,2.880598371742722,0.3333333333333333,1.0,0.6,0
cf67c15e-f9f4-449a-b0cf-f04a18d68c74,7b788fe2-7350-4eb7-8db1-30ab50c22894,3.025857514311265,0.16666666666666666,0.5,0.0,0
cf67c15e-f9f4-449a-b0cf-f04a18d68c74,a74855ae-47e3-4cfa-9e66-1bef5eff8cb5,3.0356163405502583,0.25,0.0,0.6,0
cf67c15e-f9f4-449a-b0cf-f04a18d68c74,e7cec031-01f8-4d23-98d7-691b220f49a3,2.058876662523177,0.16666666666666666,0.5,0.0,0
cf67c15e-f9f4-449a-b0cf-f04a18d68c74,2c0f6537-e4e5-44b8-ac0e-571984ced331,2.64435820351323,0.16666666666666666,1.0,0.0,0
9d182b4e-f3a4-43fe-a38a-bd4f37b94614,93650be3-da50-4249-b8ab-85e9f0a28d0f,1.311593515337153,0.25,0.0,0.6,0
9d182b4e-f3a4-43fe-a38a-bd4f37b94614,9c10a63c-35e7-40c9-b6c2-01c516a701f1,0.724291550070306,0.9166666666666666,0.5,0.0,0
9d182b4e-f3a4-43fe-a38a-bd4f37b94614,676a679e-e2d8-4b1c-b490-6ffcef29e8fc,0.79888031099175,0.8333333333333334,0.5,0.0,0
9d182b4e-f3a4-43fe-a38a-bd4f37b94614,3fcc9df0-266d-45e2-822e-a76239648d59,1.1889831825623505,0.75,0.0,0.0,0
9d182b4e-f3a4-43fe-a38a-bd4f37b94614,0765a9d6-277e-4b01-bbf3-4a41b61d8e61,0.16688843725569777,0.75,0.5,0.0,0
9d182b4e-f3a4-43fe-a38a-bd4f37b94614,d2891307-27c4-44e1-adf1-05ab7e9329b2,0.8106674021396926,0.6666666666666666,0.5,0.0,0
9d182b4e-f3a4-43fe-a38a-bd4f37b94614,b7f767ed-087f-4012-af2b-47fb919a127b,1.2597369988052898,0.75,0.0,0.2,0
9d182b4e-f3a4-43fe-a38a-bd4f37b94614,96a4fa64-28ee-4faf-9d00-942988ebc22a,1.2311656484745785,0.5,0.5,0.0,0
9d182b4e-f3a4-43fe-a38a-bd4f37b94614,27b82afb-4a82-4647-a3a4-1674c4d4e8cd,1.2519578281467867,0.6666666666666666,1.0,0.0,0
9d182b4e-f3a4-43fe-a38a-bd4f37b94614,117e7ad7-7427-4075-92cf-d616505b01ad,0.3677016687623515,0.75,0.5,0.0,0
9d182b4e-f3a4-43fe-a38a-bd4f37b94614,94e46ae1-84c2-4988-8613-4f9b59fb85bd,0.7701797120778895,0.6666666666666666,0.0,0.0,0
9d182b4e-f3a4-43fe-a38a-bd4f37b94614,e402a198-90d4-457a-a2b9-841764afdea5,0.12950983674395222,0.5833333333333334,0.5,0.0,0
9d182b4e-f3a4-43fe-a38a-bd4f37b94614,bd1b9878-e2dd-4e12-8b33-7995f94ffb1e,1.0984065371797656,0.8333333333333334,0.5,0.2,0
9d182b4e-f3a4-43fe-a38a-bd4f37b94614,67d5acc5-caf4-47bf-89ef-3aab650c10a2,0.699614160547782,0.5,0.5,0.0,0
9d182b4e-f3a4-43fe-a38a-bd4f37b94614,12d656a3-9abf-4c65-81e8-b1bcda452c37,0.6058749967748774,0.6666666666666666,0.0,0.0,0
9d182b4e-f3a4-43fe-a38a-bd4f37b94614,c512c99e-c318-4094-9210-8849e0625f04,1.6739479307103455,0.8333333333333334,0.0,0.0,0
9d182b4e-f3a4-43fe-a38a-bd4f37b94614,429854f4-1824-4e19-93b5-ff6ca31fd4b4,1.2307109463050316,0.8333333333333334,0.5,0.0,0
9d182b4e-f3a4-43fe-a38a-bd4f37b94614,38a3d887-0f5e-4125-a805-19a1092ba402,1.0335728461192568,0.4166666666666667,0.5,0.0,0
9d182b4e-f3a4-43fe-a38a-bd4f37b94614,8322fe2a-0614-43a5-a8e5-9b45f279fe64,0.8974873489388371,0.5,0.5,0.0,0
9d182b4e-f3a4-43fe-a38a-bd4f37b94614,2292be52-3698-4555-b44f-35a936cb571d,1.5204977652763974,0.5833333333333334,0.5,0.0,0
9d182b4e-f3a4-43fe-a38a-bd4f37b94614,42e264f3-39f6-41aa-b510-c083fafb5783,1.1976356968392803,0.8333333333333334,0.5,0.0,0
9d182b4e-f3a4-43fe-a38a-bd4f37b94614,c3494f9d-cfee-4aa9-a335-13ab874d5f31,1.0811338689724732,0.75,0.5,0.0,0
9d182b4e-f3a4-43fe-a38a-bd4f37b94614,d9221f9f-e199-44b9-bf2e-3f47564849f7,1.2567294552422366,0.4166666666666667,0.0,0.2,0
9d182b4e-f3a4-43fe-a38a-bd4f37b94614,93f292ce-f80e-465e-91c6-76ba29fcaf68,0.6784980884723275,0.75,0.5,0.0,0
9d182b4e-f3a4-43fe-a38a-bd4f37b94614,6fe1a213-c793-459c-87ab-a6fc6bb11d1f,0.36639747524043426,0.3333333333333333,0.0,0.0,0
aeaad91d-0d7f-4d5e-9a3f-dc292e7abe40,cb2c9fbf-a347-4fd9-a64a-01b1a0f1ccd9,4.3018662505148155,0.08333333333333333,0.0,0.0,0
aeaad91d-0d7f-4d5e-9a3f-dc292e7abe40,1587c09b-9a7d-45f0-b492-b1f4dd4374dc,2.7932274985397503,0.5,0.0,0.0,0
aeaad91d-0d7f-4d5e-9a3f-dc292e7abe40,47a6c943-c74b-4ff5-9154-ebb362a484eb,3.850600517175247,0.5,0.5,0.0,0
aeaad91d-0d7f-4d5e-9a3f-dc292e7abe40,52e16b73-fd49-4ac6-a73d-1c9d1a64863d,3.435929056479215,0.4166666666666667,0.5,0.0,0
aeaad91d-0d7f-4d5e-9a3f-dc292e7abe40,43570918-05d7-4b27-8188-3413cb93077e,3.2850783453042554,0.5833333333333334,0.5,0.0,0
aeaad91d-0d7f-4d5e-9a3f-dc292e7abe40,64ce444a-a7b2-473c-83fe-93cf5415b89a,3.8444010886671736,0.25,0.0,0.0,0
aeaad91d-0d7f-4d5e-9a3f-dc292e7abe40,4f255607-2976-4ff1-9682-b8ff4ec3318a,2.6939718121683724,0.6666666666666666,0.5,0.0,0
aeaad91d-0d7f-4d5e-9a3f-dc292e7abe40,16513256-3964-4b09-a372-132339a04376,3.5223087338658288,0.5833333333333334,0.0,0.6,0
aeaad91d-0d7f-4d5e-9a3f-dc292e7abe40,d1db8261-7130-475a-828d-b21a0976c2db,3.5555895979681775,0.3333333333333333,0.0,0.2,0
aeaad91d-0d7f-4d5e-9a3f-dc292e7abe40,0fe9a295-db3f-4d50-954c-8a454431ba09,3.387130879147973,0.4166666666666667,0.5,0.0,0
aeaad91d-0d7f-4d5e-9a3f-dc292e7abe40,fc64b496-fb7e-4185-9e51-42359c1f9152,3.5854012732885807,0.5833333333333334,0.5,0.0,0
aeaad91d-0d7f-4d5e-9a3f-dc292e7abe40,712c7a8c-0178-4dcd-84d3-6d4c9554ac02,4.015806338524932,0.25,0.0,0.6,0
aeaad91d-0d7f-4d5e-9a3f-dc292e7abe40,c7064101-2661-460f-8864-466a7e575e45,3.0900391841872716,0.5,0.0,0.0,0
aeaad91d-0d7f-4d5e-9a3f-dc292e7abe40,a751dca2-b729-42a7-9095-4f232738fa56,3.3032881876679525,0.5,0.0,0.0,0
aeaad91d-0d7f-4d5e-9a3f-dc292e7abe40,bae52535-1a0e-4594-a761-0463786acbb9,3.110115344652282,0.6666666666666666,0.5,0.0,0
aeaad91d-0d7f-4d5e-9a3f-dc292e7abe40,de0efeb9-42e1-4c72-8c43-6d2d8aa77c6f,2.6487678472202023,0.5833333333333334,0.5,0.0,0
aeaad91d-0d7f-4d5e-9a3f-dc292e7abe40,ee900809-0684-4b86-b18e-0618145eca0d,2.781983846881857,0.5,0.5,0.0,0
aeaad91d-0d7f-4d5e-9a3f-dc292e7abe40,ae53bc67-326f-4576-8e97-0085201c6965,3.595823614613936,0.25,0.5,0.0,0
aeaad91d-0d7f-4d5e-9a3f-dc292e7abe40,90452ccf-a00d-4933-951e-60463a792f1e,3.345608852554034,0.75,0.5,0.0,0
aeaad91d-0d7f-4d5e-9a3f-dc292e7abe40,98725347-af4a-46d4-ac6e-2e7d6a5c7158,3.145489169758415,0.25,0.5,0.0,0
aeaad91d-0d7f-4d5e-9a3f-dc292e7abe40,11215581-ae01-4408-a8c4-778da1b772d8,3.7892246161484846,0.08333333333333333,0.5,0.0,0
aeaad91d-0d7f-4d5e-9a3f-dc292e7abe40,98345803-23b4-45c7-99af-720fa71d6c39,3.805421906558189,0.6666666666666666,0.0,0.0,0
aeaad91d-0d7f-4d5e-9a3f-dc292e7abe40,f9954763-3b77-4a0a-8675-c1064ddb032e,4.166194964309075,0.3333333333333333,0.5,0.0,0
aeaad91d-0d7f-4d5e-9a3f-dc292e7abe40,a69c7646-8eeb-44ec-8135-cb9c01a7c577,2.250005965124254,0.5,0.0,0.0,0
aeaad91d-0d7f-4d5e-9a3f-dc292e7abe40,f2360e6e-eeea-4cc6-9728-a9fb249f2cda,2.5595036883817888,0.25,0.5,0.0,0
f0952536-42a1-463f-8428-88d90f528b54,69c08aa6-82df-46d9-b892-1679bb9346ef,0.01126663142638962,0.0,0.0,0.0,1
827e5fbf-cc6c-42fd-9961-4f599c2985a7,b2d2c1b5-3bca-4700-a330-9a65e0cbfc4e,-0.04715750428957686,0.16666666666666666,0.0,0.0,1
fd5d5462-3268-474e-b419-d95486331f31,0cd2fcb5-de87-4fbb-a25c-7cef5367666b,3.384764366743685,0.9166666666666666,1.5,0.2,1
461cf66f-d0da-49a9-bab0-4623a0d8c235,e7d66d6f-0083-4e4b-869f-2ffa72224bef,0.8664436909293773,0.6666666666666666,2.5,0.0,1
140faa22-107c-4cbf-817e-0231569c105d,20ce1e7e-1e7c-4617-bb57-b2acf8f3a44e,3.4175327401217834,0.16666666666666666,1.5,0.2,1
da279a22-9fcd-428c-825b-b3044f594b53,38b39ed1-1623-42af-8b76-8f96a2aee729,1.5459887709040556,0.16666666666666666,3.5,0.0,1
35877523-243f-403f-824d-83ada593896d,c3c3e823-df97-4845-b9b9-2c67691b57fe,5.478797339492045,0.25,0.5,0.6,1
c22ccd37-7ea4-4cab-b5b3-8dccbfe27f45,82e95b21-27e0-4058-a83a-d6fd1f92a1db,1.0745252316766367,0.25,1.0,0.2,1
a704a61e-15b5-4cc5-8d57-dbbbd14a83f4,7aafcf81-da63-45b8-8db5-05dd08d6fa5d,-0.04303636759836898,0.25,0.0,0.0,1
1fe7db7a-b597-4d9a-b628-f5918373beb2,131765df-d8d2-4889-8872-30389adb1a41,3.313536081363739,0.9166666666666666,1.0,0.6,1
38d36fb9-ad43-43e0-99c9-e5eeb80d2ccd,7e1d529d-db9a-40b2-b428-29a32ce82d15,3.729051092806237,0.6666666666666666,1.0,0.2,1
133ae375-92a8-48d1-92a1-ac6ed366a24d,82ad50eb-4584-4a15-a6b9-8715ad05529a,-0.04464253336426184,0.08333333333333333,0.0,0.0,1
c822baf7-b2af-4bd3-9712-223a6b8e5af1,942fac47-6839-4ae3-8bcd-df98f855e65a,0.0031703802600722324,0.16666666666666666,0.0,0.0,1
2bf784fd-1bfc-47c4-9994-efe4c169860d,0362d02b-3f4b-4382-b07e-a0d7275309dd,5.899449917570194,0.6666666666666666,1.0,0.6,1
cf105f27-8b29-48ba-9944-87808f1ef932,7cc03bca-bf5c-44e9-af0d-a8059e996731,3.5049101572155887,1.0,1.5,0.6,1
4eb6fbb9-fca3-49f2-8a37-ff758a616029,8fa997d9-b3fe-4b55-98d6-c8159f86725a,4.325180444689912,0.75,1.5,0.6,1
155f2048-9f77-4715-acfb-1f9f57ee35e6,d6270209-af86-4d0f-aa4b-4729e1672d15,0.7905615990417462,0.4166666666666667,2.5,0.0,1
b59087eb-75d7-478c-ba64-f1d2b3393d3a,749d8fc4-514e-4760-8d11-ad1b124e4e37,6.007779032815995,0.8333333333333334,1.5,0.6,1
39c2f53b-372e-4227-82dd-0193d445e734,1fadc5e2-bd56-472d-9b90-768cbba049bc,1.3159393644815849,0.08333333333333333,1.0,0.6,1
f7f91299-c8ae-4580-8349-413d62007631,f402ae5b-b04e-49b6-b6f8-847ce1eb6771,0.02233616911353551,0.08333333333333333,0.0,0.0,1
48b26b52-85d0-4f8f-afdd-3b30ebe26caa,6d637a3a-9661-4c4b-b37e-a58948e3f6a1,0.5412386055242081,0.6666666666666666,2.0,0.0,1
3ed5f104-a190-445b-ae04-c44c901a86d4,20676c57-b1b3-4471-a908-0e1cc1a9c785,-0.021954714817204558,0.25,0.0,0.0,1
5c698ca5-5e9b-452f-8337-1f29ece96dbc,eec3d3a5-3638-46aa-ae03-25835c891da3,2.3792355023157934,0.25,2.5,0.0,1
31773b9d-2f26-444e-9f80-525e1ef24b40,5029676c-0da2-44b1-ab68-46cf1334688f,1.554691995843747,0.6666666666666666,1.0,0.2,1
84c82c30-042a-444e-ac6c-201674a8623e,bd84cfdf-feb9-4133-813f-234352714e86,1.29999681211649,0.25,4.0,0.0,1
6d1cd05c-7828-4390-8760-9bd36b56b90b,51760d27-3c12-4012-85e9-ca15976e3b17,-0.01396564034573843,0.16666666666666666,0.0,0.0,1
44da225d-e5c1-4ee1-b1aa-44b9bab04010,c9654903-68ea-4a56-a702-38dde789f734,5.438346076766571,1.0833333333333333,1.0,0.95,1
fcc6d887-fd34-44eb-a25b-251cc89d455a,4e0fed77-0365-47c8-baa9-3a7a4ad872fe,9.738970549975955,0.9166666666666666,1.0,0.95,1
8b8254f3-c7bf-473b-86d9-6b03e9f0dd9a,85a55b59-0253-4fbd-a5d9-9df758c7a3f7,8.297838153482738,0.9166666666666666,1.0,0.95,1
44af6e1e-1d38-45dc-9a87-dd63f4d7cbbb,5bd22254-b798-4075-9983-3e9e675d946b,1.9783990654236805,0.3333333333333333,1.0,0.6,1
1ee0147a-a66b-4317-86ba-21a67218cd47,189b3ce4-44e1-4097-b165-45679eb859b8,8.476742491675838,1.0,0.5,0.95,1
a023f26f-2ced-451a-91f7-887df3c7d90a,c0f9e0bf-688c-48f6-93f8-eabb7e885b91,0.06957243093870347,0.25,0.0,0.0,1
968b9b7b-8292-45af-b164-20a858f80365,454c5bb4-42cc-4b78-9c1d-5cbda8281cd9,2.025842471154868,0.9166666666666666,1.5,0.2,1
3022255b-5a14-44e0-bceb-02cdaa63c991,14c8cad0-a7a0-47eb-9262-7d5190ecb433,1.4356142200972064,0.0,4.0,0.0,1
b80e2233-680d-4fd0-b7ad-d1775ce9a45f,d993d2a1-1d41-4cb7-adb2-3e70db15a2ea,0.026684019163719676,0.16666666666666666,0.0,0.0,1
66bae4a3-711f-4d67-9864-9bd138688df1,459c7c75-a5b9-4020-b938-102f0eab2483,2.699814804571088,0.5,0.5,0.2,1
dbef12fd-62bf-4c9f-bbe7-88f69fc8d8dd,7e343e29-d4f4-452d-8d02-35ab342f5367,0.0586580477995658,0.08333333333333333,0.0,0.0,1
980cc86a-324e-4eb8-90be-a0ba370a84f9,505530b9-84c9-45f5-bbdb-3781b027250f,2.6179343410324036,0.0,2.0,0.0,1
fec946de-921e-462a-8bd4-a75e67227714,44f74648-45b2-4ce5-a8c7-9b806fd0f0d1,0.016469502801844067,0.25,0.0,0.0,1
1605fe9e-3ea9-484b-a32e-8048296308fe,a0f022e5-a577-4f0d-a468-a6f336259811,9.858868535884897,1.0,0.0,0.95,1
f555a619-8028-4b3d-849c-e68fb5103486,5fa530ea-b455-4aa2-adea-0775e437a3c8,3.9560179395032944,0.08333333333333333,1.0,0.2,1
6b7b005e-aa9c-4a61-bd5e-84b29860c16e,f0f76b84-dd08-4f94-82b1-2a70c7d11562,2.0431006706920884,0.16666666666666666,0.5,0.2,1
03061f3e-786d-4905-9999-414bf4416092,ad4b7b3d-5181-41bd-8775-7b2620673a4a,3.9845889188294215,0.5,0.5,0.2,1
638ce084-1147-495c-ab79-8116147ef2e0,a953e105-e1f2-4b74-bf17-b63ae3ebe347,3.8246665608700905,1.0,1.0,0.95,1
0d17a238-a97a-4f3c-abb1-ee799bc5d8e6,a7dd8634-c820-4ece-95cf-323c0f8bf643,1.8105984871878513,0.3333333333333333,2.5,0.0,1
57fdcbb6-7f48-421a-a661-119dd725ad32,6d40b73c-0132-4ced-b036-b8a8de2175cb,6.325438790026336,0.25,0.5,0.6,1
babdb9c8-312a-4395-a12c-f8dcc06470bf,7fef541b-e79f-4da2-a0f4-ed71220bd039,10.730300719673606,0.9166666666666666,0.0,0.95,1
855ad01a-865a-4db5-8a0a-46188c8f6b35,91c2de2c-9f9f-4543-9471-74da131a6690,1.930334618902782,0.75,4.0,0.0,1
62a9f1f0-d91e-4612-bfb9-eff918517158,efea0a1a-e2e8-4f69-b745-128d08cbda71,5.697622268628054,0.3333333333333333,1.5,0.2,1
4b2167e5-13ea-4b96-92d5-d5ce70569ef7,1801f6a1-9980-48ff-a139-5fcf030bc83b,3.099220297287358,0.0,1.5,0.2,1
a6ba89bf-d2e9-4272-9a78-4c6db541bb6d,fe76f0f8-10c4-4a4c-a6cd-a6d5d02f0fa1,4.304700140613167,0.25,1.0,0.6,1
197d21b3-fa2f-44bd-8dd7-8371b6bbc900,be5e8747-fb0e-457d-ad6f-bfa500bf3fc7,5.198800383441751,0.25,0.5,0.6,1
c59d01f7-61fb-452c-8787-046d28fe9e4d,457471eb-c72f-4951-8b9f-903e32970744,0.00824992978411747,0.0,0.0,0.0,1
cb1b2cc7-ae6f-434e-99e8-b146102f5342,b2848279-322a-458a-972d-bfff610c33c5,2.1156875355507556,1.1666666666666667,1.5,0.6,1
03416cbb-22c3-417c-a054-81519edac0fd,bcdfb844-c8cb-4f42-a2a6-e57497070455,1.7043193472754818,0.16666666666666666,0.5,0.2,1
8fa63db9-2d33-472e-9574-2988bcfe7841,8d34d543-643c-4071-b01f-2b028e0cc437,2.415723294870378,0.3333333333333333,0.5,0.2,1
cb4bc68d-2d55-438e-97bf-df75cb05f523,17c3e171-9301-41cf-ad02-e1d16fb4dd31,-0.03499359362584662,0.5,0.0,0.0,1
0d27a833-c5f2-43df-b9c2-e4b9a5c1cf5c,3a31db34-a24a-4dd6-90bb-ed30a6f7393f,0.03141815153210942,0.16666666666666666,0.0,0.0,1
c107b9e7-7323-4156-abd0-2c6e5587426e,1b75d149-2924-47cd-9033-e8ddf0a31696,4.978884160371807,1.0,0.0,0.95,1
e1cb1a46-9617-4b34-acaf-8b34f08f37dd,3a1797b8-e8f0-4d9c-8d8e-a8dec1c96559,4.893331077034629,1.0833333333333333,1.5,0.2,1
010953a0-dfab-4f52-ac19-9a8c2b8a34df,8c777ce6-075b-41f2-89e5-ef369ef6345d,10.445276542471868,0.9166666666666666,0.0,0.95,1
24980a85-cb48-4986-8b63-475450e7aa21,706e1e3a-5fc3-4238-82af-89653d50b42a,2.85976684850303,0.9166666666666666,0.5,0.6,1
c4b42299-d7bc-4784-b574-5ba5a070e9e3,c1189e61-f55f-4b9c-ad2b-5f2a60012b1f,2.179808593089293,0.4166666666666667,0.5,0.6,1
af3784a2-2f0c-4507-aa22-be1d8d4073d0,fb1381d1-f6bd-4d5f-9959-b4a281390c7b,1.5208911988055818,0.3333333333333333,4.0,0.0,1
d7e9ff60-714a-4421-9852-080276cd92a4,af7a5b65-60ef-452f-b4df-a9b9aceaef29,1.4630228789917157,0.16666666666666666,0.5,0.6,1
ab71b86a-0624-4317-9e1c-6995755b4fb0,9e0846d7-6482-4499-8a07-05f776f3d013,4.2101271971254555,0.25,1.5,0.6,1
c97cb6a8-2e20-478a-8a8a-befc76a03a70,713acd4a-a353-4661-8632-76639c9777e3,4.973193665085468,0.25,0.5,0.2,1
a3a81fa8-a263-4001-ad11-0062a714178b,f7537f94-b3a5-4520-b8ff-2c53fa4e627b,6.494747511327747,0.3333333333333333,1.5,0.6,1
e3024e01-2d93-40dc-a8a8-49acf6a17906,0928d04e-fa45-47e3-8930-91fe8125c1d4,3.5479542754524007,1.0,1.0,0.6,1
01cf6494-05e4-48e5-a2ea-2abb2205fffb,f7fdfa1d-47db-4535-be0f-03f006aa042d,5.851283647592023,1.0,1.5,0.6,1
552eb198-3bc0-4090-951f-c8157c9be395,e95a0c44-3869-4870-aa09-5c9a77be135d,4.208723482448955,0.5833333333333334,1.5,0.6,1
b94127cf-fed8-44fa-89bc-92caac90034c,f7184c7e-59fe-4811-9783-5317a60d7560,3.710247369623914,1.0,0.0,0.95,1
33c2260a-dc92-4d46-bbb1-0ba9745b3443,2858ef1b-783b-4138-823f-07d5bbf72c81,11.346468847852226,1.0833333333333333,0.5,0.95,1
d739db2e-2b9b-47ea-8e50-c73ec30280c4,b066878c-ce59-465b-8253-80312ebea9f3,-0.045588349828435126,0.08333333333333333,0.0,0.0,1
7b2d5037-0a9b-47e7-8a7a-00e318ea20d2,ac99919b-7132-4c73-97e1-059be8fca796,3.7488518130673527,0.16666666666666666,0.5,0.6,1
a7a74885-7617-4a87-b16b-28d6762388a1,950f5d59-938a-45f5-a858-bbb217750b5d,6.614516897555831,1.1666666666666667,0.5,0.6,1
c15183ce-fd0e-4d00-b2a4-9a1912406bbb,530fa05c-a3b1-4ff1-8ca0-f5c330c8bd6f,2.9460559620207913,0.16666666666666666,1.0,0.2,1
f7ab80ad-c340-4519-96ea-77b3457ce3c2,b682626f-8a28-4f54-ac12-8af94ef87191,3.1402147351464493,0.4166666666666667,0.5,0.2,1
9cc8d5bc-4f5c-42e5-89a2-098faab204c6,3664a40b-5eb8-4b0e-89b9-935355c19e51,10.10076723055389,1.0,0.0,0.95,1
20ea5103-cf67-4eb6-a958-8fa827a840d9,3ef3ec52-4fab-48a1-ba3e-fd577fee92ab,6.0338340857551795,0.08333333333333333,0.5,0.2,1
2741ec60-0e1e-4d4c-ad23-537a5785e11c,2d0925a8-5c60-4b1f-a32c-d7193ae17e60,0.06999868474152798,0.25,0.0,0.0,1
56a19b9e-0013-416c-b382-0ee4bd5ec49b,8300060c-b8e4-46a6-996d-7ece35278559,3.3191541708191985,0.6666666666666666,1.0,0.6,1
1edb8fc2-10f3-4093-bb8f-a09d308f7dd7,bc38e7a4-e417-499e-8e9d-e0e0c8072ec6,11.407323889349549,1.0833333333333333,0.5,0.95,1
7f9e8f7f-2d12-425f-9fcf-5636137d6be3,613bc094-c444-4eb1-be88-84d1128c5a82,1.6501605548957174,0.6666666666666666,4.0,0.0,1
dab1e1f0-b46f-43e7-97af-2641b734af8b,bfcf0e58-8e2d-4fef-bd07-213fcc61cf1c,2.5023706050924543,0.08333333333333333,0.5,0.2,1
2b2cb5be-3dc7-419c-afe2-06d1d1c61f08,300b78a1-ddc8-4f20-85ce-b46f0f5785e8,1.7742499871441604,0.08333333333333333,0.5,0.6,1
36687518-348a-4c52-b186-ec19b6ae13cd,564b5d41-9017-4cfc-9923-42f6add1af7f,0.06025031636872812,0.08333333333333333,0.0,0.0,1
c6a0217e-7ad8-4ff8-af57-677b69c414e0,4293595c-f3f7-4797-9c80-c019e3b00195,8.845695745790236,0.9166666666666666,0.5,0.95,1
78088ebc-7dbe-494a-ad83-2d206c22bf88,d95bae96-3ccb-48db-9336-112c81b0d0db,4.342731839110024,0.9166666666666666,1.5,0.2,1
bbbc3f2f-b30d-4ed2-ae77-548cc720a119,2cc77000-c290-4416-89fd-f81302c042ad,4.248193745597002,1.1666666666666667,1.5,0.6,1
7c40d2c6-ab7f-4d87-ba8a-9a8fb225c661,1bfe20b0-771a-400a-a46f-c2c9ddc4c0ad,1.2809488249548793,0.08333333333333333,3.5,0.0,1
c331fb63-da24-4f07-aa03-798ab09ca150,6ab096c3-8c9c-4ec6-8cdd-3d2dfd42a131,4.217523381686881,0.5833333333333334,1.5,0.2,1
aff92587-03e4-499f-9f6f-f0b697a19e47,e44197fa-7a86-4877-9991-b2c80c170c76,6.287412895651219,0.16666666666666666,1.5,0.6,1
3cf0da24-cd44-4434-9d00-481249eb422d,da62a524-181c-4f29-9849-b6820f8cdf48,-0.01021670219925707,0.25,0.0,0.0,1
98fe169b-8ecd-4ef1-9596-22c6de721cb8,60098025-7950-4c46-9cde-7fc62561ee63,4.923350001116141,1.0833333333333333,1.0,0.95,1
05eff649-f789-4e13-b97b-74a00aa5c2ed,d6d4f11a-370e-4c42-9e6d-e1cd99224510,10.77716398238871,0.9166666666666666,1.0,0.95,1
aa9a7019-f9f3-4038-94d4-0f294383b266,c9aab396-867f-475b-895e-e4bcd8fbf6c4,2.5126033510895933,0.08333333333333333,0.5,0.6,1
c46d2544-2783-4592-a152-7e76aee35c73,600bef7b-200e-425d-8f5f-4aca3910b406,5.544125041946288,1.1666666666666667,1.5,0.6,1
3e1b2400-b0c1-4ffd-83d8-d2a0517532bd,ce7cc4e7-12d2-4792-ac51-d9d0cbe9bee7,0.07463256459741921,0.0,0.0,0.0,1
20d333f6-d972-4725-a44b-8bc95f354615,31c6af9e-ecba-44de-9b3d-3c2fd5aedecb,2.2338256719017227,0.16666666666666666,3.0,0.0,1
96a649f9-8b8a-42b0-9332-7ffa7e8d96d8,bf013f5d-27f1-448e-bcdd-0333bf9c7799,2.67120159950078,0.6666666666666666,3.0,0.0,1
0406661b-8cfd-4a4c-9d41-0bd8b1183e0c,74478857-592c-4007-9562-c6078d98f8dc,-0.04272885610401072,0.3333333333333333,0.0,0.0,1
773a00df-2a2d-4f95-9667-fc990cb7f38d,4abc9646-1b3f-478d-a28f-1f6dc3514f8d,3.507684753450869,0.6666666666666666,1.5,0.6,1
d96f463e-1d52-4937-8ea2-b5a23bccd082,01e59a32-53bf-4d28-b6c0-1130542f2ed3,5.13024439835427,0.25,1.5,0.2,1
69b18193-25e8-41c2-a2ba-10bd6ef87c58,a26a46e1-1dcb-4a61-a281-acd7659a9f72,3.5431522311649224,0.16666666666666666,1.0,0.6,1
8507df90-68cb-4b67-ae7f-7d71544a7862,aa46d548-c928-4d2d-8cf0-fb0ccf2b6a72,9.212016428868317,1.0833333333333333,0.0,0.95,1
24df44dd-99e6-4b57-b2b0-8a14c46b678d,8ef2576c-5e5f-43ed-babe-160ae3928b5c,-0.04943158456382038,0.08333333333333333,0.0,0.0,1
