user_id,session_id,typing_speed_deviation,pasted_char_ratio,first_action_deviation,amount_deviation,label
app_0421,app_s000000,-1.2473,0.0384,0.0,0.8654,0
app_0323,app_s000001,2.3258,0.2573,0.0,-0.0768,0
app_0323,app_s000002,1.4672,0.1061,0.0,-0.1496,0
app_0350,app_s000003,-0.8538,0.0615,0.0,-0.4486,0
app_0239,app_s000004,1.125,0.1216,0.0,2.6629,0
app_0044,app_s000005,1.7059,0.042,1.0,0.0914,0
app_0376,app_s000006,-1.373,0.0042,0.0,-0.3903,0
app_0373,app_s000007,-1.104,0.5063,0.0,-0.3906,0
app_0152,app_s000008,-0.2117,0.0409,0.0,-0.2341,0
app_0164,app_s000009,0.8956,0.023,0.0,0.6622,0
app_0282,app_s000010,-1.268,0.1378,1.0,0.3646,0
app_0342,app_s000011,-10.7835,0.8449,1.0,1.9784,1
app_0088,app_s000012,-0.9303,0.4241,0.0,0.7414,0
app_0283,app_s000013,0.5512,0.0148,0.0,-0.353,0
app_0026,app_s000014,0.7715,0.4563,0.0,-0.437,0
app_0189,app_s000015,-1.1635,0.0497,0.0,-0.3257,0
app_0273,app_s000016,-1.4536,0.0004,0.0,-0.1546,0
app_0093,app_s000017,0.5502,0.0841,0.0,0.228,0
app_0077,app_s000018,-1.41,0.058,0.0,-0.165,0
app_0109,app_s000019,-1.0676,0.8392,0.0,0.7323,0
app_0107,app_s000020,-0.2177,0.5493,0.0,-0.3969,0
app_0231,app_s000021,0.324,0.0052,0.0,0.4772,0
app_0176,app_s000022,1.5905,0.1921,0.0,-0.2296,0
app_0271,app_s000023,-1.7652,0.0571,0.0,-0.0804,0
app_0072,app_s000024,0.6484,0.042,0.0,-0.317,0
app_0374,app_s000025,1.2729,0.7131,0.0,-0.4634,0
app_0003,app_s000026,2.387,0.0184,0.0,-0.3989,0
app_0268,app_s000027,-0.6987,0.0516,0.0,-0.3272,0
app_0093,app_s000028,0.3645,0.6289,0.0,0.5451,0
app_0213,app_s000029,-0.5383,0.0758,0.0,-0.4574,0
app_0236,app_s000030,0.1784,0.0162,0.0,-0.4628,0
app_0183,app_s000031,-0.4934,0.1106,0.0,-0.3672,0
app_0027,app_s000032,-0.581,0.0663,0.0,-0.2359,0
app_0305,app_s000033,0.6063,0.0165,0.0,2.0342,0
app_0039,app_s000034,-0.5293,0.5105,0.0,-0.4523,0
app_0186,app_s000035,-0.1896,0.3267,0.0,-0.4463,0
app_0428,app_s000036,-0.577,0.5496,0.0,-0.3944,0
app_0443,app_s000037,0.6288,0.0651,0.0,-0.4388,0
app_0277,app_s000038,-1.0572,0.0231,0.0,-0.4204,0
app_0374,app_s000039,-0.311,0.0686,0.0,0.4103,0
app_0324,app_s000040,0.2107,0.0162,0.0,-0.4762,0
app_0231,app_s000041,1.1092,0.0092,0.0,-0.2756,0
app_0290,app_s000042,-1.8522,0.0239,0.0,-0.3656,0
app_0180,app_s000043,-0.3044,0.2061,0.0,-0.2736,0
app_0070,app_s000044,-1.9528,0.052,0.0,-0.3685,0
app_0337,app_s000045,0.484,0.0726,0.0,0.0006,0
app_0300,app_s000046,0.8605,0.2656,0.0,-0.4351,0
app_0286,app_s000047,0.088,0.0127,0.0,-0.3859,0
app_0237,app_s000048,-1.4974,0.0244,0.0,-0.3562,0
app_0439,app_s000049,0.2313,0.0114,0.0,-0.3148,0
app_0010,app_s000050,-1.397,0.0507,0.0,-0.1776,0
app_0056,app_s000051,0.6785,0.0145,0.0,-0.3895,0
app_0088,app_s000052,-1.8284,0.0443,0.0,0.0535,0
app_0047,app_s000053,0.1014,0.0635,0.0,-0.457,0
app_0099,app_s000054,-0.7832,0.0924,0.0,-0.4566,0
app_0073,app_s000055,-1.0757,0.6624,1.0,-0.4379,0
app_0229,app_s000056,-0.4698,0.3014,0.0,0.4958,0
app_0422,app_s000057,1.0253,0.2369,0.0,-0.4676,0
app_0235,app_s000058,-1.1924,0.2467,0.0,-0.3593,0
app_0266,app_s000059,-1.3501,0.6049,0.0,-0.4443,0
app_0055,app_s000060,-2.1804,0.0067,0.0,-0.4164,0
app_0186,app_s000061,-1.7764,0.4059,0.0,-0.3388,0
app_0085,app_s000062,-0.6405,0.0085,0.0,-0.1973,0
app_0204,app_s000063,-0.2358,0.0124,0.0,0.0857,0
app_0341,app_s000064,-11.2162,0.6608,1.0,2.9581,1
app_0284,app_s000065,-0.8063,0.017,0.0,0.2489,0
app_0111,app_s000066,0.3038,0.0258,1.0,-0.3955,0
app_0431,app_s000067,-1.4048,0.3296,0.0,-0.4438,0
app_0068,app_s000068,-0.0102,0.6296,0.0,-0.0939,0
app_0328,app_s000069,0.1299,0.1147,1.0,-0.478,0
app_0388,app_s000070,1.3082,0.0662,0.0,0.0619,0
app_0321,app_s000071,-0.9937,0.0052,0.0,-0.4061,0
app_0293,app_s000072,0.4979,0.5205,0.0,7.9044,0
app_0305,app_s000073,0.5831,0.3483,0.0,1.4608,0
app_0237,app_s000074,-0.309,0.1072,0.0,-0.3207,0
app_0116,app_s000075,-1.9777,0.0025,0.0,-0.2826,0
app_0188,app_s000076,-0.9151,0.0011,0.0,0.305,0
app_0158,app_s000077,-0.468,0.1478,0.0,-0.2342,0
app_0076,app_s000078,0.7847,0.1277,0.0,-0.4009,0
app_0060,app_s000079,-0.5121,0.2285,0.0,-0.135,0
app_0383,app_s000080,0.1986,0.0362,0.0,-0.2058,0
app_0412,app_s000081,0.0442,0.018,0.0,3.1442,0
app_0273,app_s000082,1.0685,0.0409,0.0,-0.4096,0
app_0074,app_s000083,0.8463,0.7103,1.0,-0.1333,0
app_0172,app_s000084,-0.9427,0.452,0.0,-0.4142,0
app_0179,app_s000085,0.601,0.0707,0.0,-0.3771,0
app_0320,app_s000086,0.5792,0.4217,0.0,-0.462,0
app_0294,app_s000087,-0.8508,0.1318,0.0,-0.2589,0
app_0214,app_s000088,0.603,0.0272,0.0,-0.4271,0
app_0399,app_s000089,-0.1218,0.011,0.0,-0.4215,0
app_0210,app_s000090,0.173,0.0268,0.0,-0.411,0
app_0311,app_s000091,0.0908,0.1785,0.0,-0.1131,0
app_0158,app_s000092,0.7904,0.7835,0.0,-0.2703,0
app_0013,app_s000093,-1.4856,0.0256,0.0,-0.434,0
app_0020,app_s000094,0.5793,0.7131,0.0,1.1408,0
app_0139,app_s000095,-0.0902,0.0312,0.0,-0.4502,0
app_0096,app_s000096,-0.6205,0.2432,0.0,-0.2953,0
app_0094,app_s000097,1.0338,0.0155,0.0,-0.0546,0
app_0278,app_s000098,0.1382,0.0185,0.0,-0.3245,0
app_0371,app_s000099,0.4164,0.0717,0.0,-0.4813,0
app_0149,app_s000100,-0.5465,0.0182,1.0,-0.1826,0
app_0331,app_s000101,0.6975,0.0261,0.0,0.436,0
app_0232,app_s000102,1.1649,0.2027,0.0,-0.3425,0
app_0399,app_s000103,-2.7627,0.0063,0.0,-0.2698,0
app_0400,app_s000104,0.8264,0.0132,0.0,-0.1457,0
app_0343,app_s000105,2.2344,0.0217,1.0,-0.2702,0
app_0389,app_s000106,-2.2195,0.0039,0.0,-0.4567,0
app_0196,app_s000107,-7.4118,0.0114,0.0,7.8554,1
app_0154,app_s000108,-0.1886,0.0522,0.0,0.0708,0
app_0275,app_s000109,-0.0372,0.2847,0.0,0.52,0
app_0240,app_s000110,-0.3523,0.0286,0.0,-0.3568,0
app_0061,app_s000111,-1.1007,0.0456,0.0,-0.4763,0
app_0047,app_s000112,0.0426,0.7218,0.0,0.0259,0
app_0085,app_s000113,0.6686,0.1088,0.0,-0.4604,0
app_0310,app_s000114,-1.1598,0.0202,0.0,-0.3661,0
app_0279,app_s000115,-0.8659,0.0224,0.0,-0.3791,0
app_0148,app_s000116,-1.7028,0.7517,0.0,-0.0168,0
app_0376,app_s000117,-0.2807,0.0074,0.0,2.7073,0
app_0413,app_s000118,1.8221,0.0534,0.0,-0.3303,0
app_0360,app_s000119,-1.676,0.561,0.0,-0.0432,0
app_0446,app_s000120,2.6036,0.1293,0.0,-0.379,0
app_0380,app_s000121,-0.4105,0.1001,0.0,-0.4675,0
app_0315,app_s000122,-0.1546,0.0365,0.0,0.6778,0
app_0363,app_s000123,-0.461,0.0183,0.0,-0.4699,0
app_0277,app_s000124,-0.2801,0.3606,0.0,-0.3025,0
app_0142,app_s000125,1.3777,0.0356,0.0,-0.3995,0
app_0277,app_s000126,1.0907,0.0992,0.0,0.5497,0
app_0446,app_s000127,0.4845,0.0965,0.0,0.1944,0
app_0145,app_s000128,-10.44,0.0035,1.0,7.676,1
app_0166,app_s000129,-0.2152,0.2471,0.0,-0.2917,0
app_0270,app_s000130,-0.542,0.0312,0.0,-0.3162,0
app_0388,app_s000131,-0.8653,0.0287,0.0,-0.1271,0
app_0376,app_s000132,-0.0456,0.0312,0.0,-0.082,0
app_0023,app_s000133,-0.4336,0.1635,0.0,0.1393,0
app_0169,app_s000134,0.359,0.5238,0.0,-0.2107,0
app_0321,app_s000135,0.4694,0.0008,0.0,-0.2925,0
app_0314,app_s000136,1.2663,0.3488,0.0,-0.1021,0
app_0119,app_s000137,1.4102,0.324,1.0,0.0453,0
app_0177,app_s000138,1.2379,0.047,0.0,0.8187,0
app_0310,app_s000139,1.179,0.0487,0.0,-0.4472,0
app_0175,app_s000140,-0.603,0.0914,0.0,0.2167,0
app_0352,app_s000141,-0.6846,0.7645,0.0,0.7245,0
app_0162,app_s000142,-0.0424,0.1367,0.0,0.4345,0
app_0223,app_s000143,1.2074,0.0894,0.0,-0.0332,0
app_0011,app_s000144,-0.9568,0.0837,1.0,-0.177,0
app_0360,app_s000145,-1.8978,0.457,0.0,-0.4231,0
app_0232,app_s000146,-1.0083,0.0227,0.0,-0.2384,0
app_0071,app_s000147,-0.0199,0.0102,0.0,-0.0896,0
app_0359,app_s000148,0.5087,0.0666,0.0,0.2783,0
app_0213,app_s000149,0.1412,0.0062,0.0,-0.4446,0
app_0048,app_s000150,-0.3657,0.6097,0.0,-0.4155,0
app_0275,app_s000151,0.8354,0.4727,0.0,-0.1726,0
app_0134,app_s000152,-0.0748,0.0267,0.0,-0.2243,0
app_0214,app_s000153,0.1757,0.0222,0.0,-0.3539,0
app_0260,app_s000154,1.8413,0.2306,0.0,-0.3685,0
app_0237,app_s000155,-0.9444,0.8574,0.0,-0.4127,0
app_0124,app_s000156,1.0461,0.0091,0.0,-0.3577,0
app_0214,app_s000157,1.079,0.1534,0.0,0.1659,0
app_0395,app_s000158,-0.5335,0.0626,0.0,1.5382,0
app_0387,app_s000159,0.9677,0.5301,0.0,-0.0518,0
app_0085,app_s000160,-1.0109,0.0083,0.0,-0.1376,0
app_0033,app_s000161,-0.5767,0.7886,0.0,0.3885,0
app_0089,app_s000162,0.5603,0.006,0.0,0.2533,0
app_0379,app_s000163,-0.8555,0.0786,0.0,-0.4494,0
app_0396,app_s000164,-0.4205,0.0,0.0,0.0931,0
app_0139,app_s000165,0.2989,0.3459,0.0,2.0392,0
app_0290,app_s000166,-0.9152,0.5633,0.0,-0.0527,0
app_0138,app_s000167,0.0754,0.1469,0.0,-0.3953,0
app_0275,app_s000168,-0.6208,0.4443,0.0,-0.1954,0
app_0125,app_s000169,0.1262,0.2757,0.0,10.3972,0
app_0154,app_s000170,0.5101,0.0516,0.0,-0.3968,0
app_0320,app_s000171,0.117,0.4047,0.0,-0.1713,0
app_0056,app_s000172,1.1408,0.5237,1.0,-0.3472,0
app_0088,app_s000173,-0.094,0.0605,1.0,-0.4408,0
app_0334,app_s000174,-0.8628,0.1321,0.0,-0.3793,0
app_0089,app_s000175,1.1426,0.0715,0.0,1.9231,0
app_0275,app_s000176,0.3574,0.0302,0.0,0.2004,0
app_0433,app_s000177,-1.273,0.2891,0.0,-0.4482,0
app_0371,app_s000178,0.8697,0.1785,0.0,-0.4636,0
app_0031,app_s000179,-0.7507,0.0026,1.0,-0.3066,0
app_0219,app_s000180,0.4225,0.5529,0.0,-0.3465,0
app_0157,app_s000181,-1.0181,0.0156,0.0,-0.4441,0
app_0288,app_s000182,-0.7363,0.0531,0.0,2.4117,0
app_0410,app_s000183,-0.0533,0.0822,0.0,-0.4082,0
app_0141,app_s000184,2.2997,0.661,0.0,-0.3662,0
app_0089,app_s000185,0.222,0.0349,0.0,4.1125,0
app_0031,app_s000186,-1.2101,0.4459,0.0,2.1782,0
app_0043,app_s000187,-0.4625,0.0128,0.0,3.9357,0
app_0112,app_s000188,0.9872,0.0156,0.0,-0.4702,0
app_0175,app_s000189,0.4019,0.058,0.0,-0.4485,0
app_0024,app_s000190,-0.0998,0.1869,0.0,-0.2319,0
app_0306,app_s000191,-0.072,0.0448,0.0,-0.2109,0
app_0448,app_s000192,0.889,0.0517,0.0,-0.2931,0
app_0280,app_s000193,-0.4417,0.2518,0.0,4.6216,0
app_0253,app_s000194,0.0041,0.0202,0.0,0.1551,0
app_0182,app_s000195,0.7707,0.6738,1.0,0.3315,0
app_0178,app_s000196,0.2295,0.0376,0.0,-0.4193,0
app_0424,app_s000197,1.2382,0.3953,0.0,0.6868,0
app_0296,app_s000198,0.5913,0.2845,0.0,-0.2609,0
app_0281,app_s000199,-1.2935,0.0002,0.0,-0.1786,0
app_0258,app_s000200,-0.1532,0.0996,0.0,0.0283,0
app_0260,app_s000201,0.5566,0.5061,0.0,-0.3959,0
app_0038,app_s000202,-1.1249,0.0459,0.0,-0.3193,0
app_0383,app_s000203,-0.2275,0.0123,0.0,-0.3024,0
app_0129,app_s000204,0.2705,0.6556,0.0,6.1208,0
app_0059,app_s000205,-0.0516,0.6781,0.0,-0.4168,0
app_0320,app_s000206,-1.1884,0.0491,0.0,0.0908,0
app_0054,app_s000207,0.1771,0.0097,0.0,-0.4007,0
app_0123,app_s000208,-6.2437,0.6615,0.0,1.7205,1
app_0146,app_s000209,-1.3018,0.0917,1.0,0.4625,0
app_0187,app_s000210,0.429,0.4286,0.0,-0.2619,0
app_0013,app_s000211,-1.0252,0.0435,0.0,0.8452,0
app_0166,app_s000212,-1.8441,0.2468,0.0,-0.0172,0
app_0414,app_s000213,-3.794,0.043,0.0,5.786,1
app_0086,app_s000214,-0.8527,0.0009,1.0,-0.4139,0
app_0247,app_s000215,0.1858,0.3618,0.0,-0.1562,0
app_0035,app_s000216,-0.8766,0.1342,0.0,1.2029,0
app_0333,app_s000217,-0.0389,0.4154,0.0,-0.355,0
app_0236,app_s000218,-12.0149,0.5359,1.0,7.1568,1
app_0080,app_s000219,1.0733,0.1984,0.0,-0.3733,0
app_0001,app_s000220,12.5532,0.5605,1.0,5.8816,1
app_0014,app_s000221,0.516,0.0313,0.0,-0.3749,0
app_0235,app_s000222,0.1382,0.7167,1.0,0.0886,0
app_0328,app_s000223,0.1655,0.0169,0.0,-0.2552,0
app_0367,app_s000224,0.019,0.043,0.0,-0.3379,0
app_0242,app_s000225,-1.628,0.4976,0.0,-0.3283,0
app_0049,app_s000226,0.5393,0.0625,0.0,-0.4103,0
app_0080,app_s000227,1.2598,0.0489,0.0,-0.4739,0
app_0142,app_s000228,0.4857,0.1532,0.0,-0.2365,0
app_0118,app_s000229,-1.4772,0.0001,0.0,-0.3375,0
app_0133,app_s000230,0.2259,0.7348,0.0,-0.2797,0
app_0041,app_s000231,-1.0737,0.2954,0.0,-0.4192,0
app_0310,app_s000232,-0.4943,0.4709,1.0,-0.4429,0
app_0246,app_s000233,-0.3667,0.8061,0.0,-0.4729,0
app_0238,app_s000234,-0.3581,0.3801,0.0,0.5451,0
app_0173,app_s000235,1.0643,0.0377,1.0,-0.0687,0
app_0233,app_s000236,1.4035,0.44,0.0,-0.2443,0
app_0237,app_s000237,1.9823,0.0122,0.0,-0.3466,0
app_0170,app_s000238,-0.0378,0.0036,0.0,0.9062,0
app_0320,app_s000239,-0.9432,0.8115,0.0,-0.4496,0
app_0189,app_s000240,1.3625,0.87,0.0,0.3831,0
app_0017,app_s000241,0.6107,0.1178,0.0,-0.3739,0
app_0399,app_s000242,1.31,0.6083,0.0,-0.3292,0
app_0104,app_s000243,-0.282,0.1649,0.0,0.3651,0
app_0020,app_s000244,-0.2435,0.5668,0.0,-0.3176,0
app_0174,app_s000245,-1.0366,0.168,0.0,-0.3057,0
app_0139,app_s000246,-0.0601,0.0483,0.0,-0.3436,0
app_0111,app_s000247,1.5682,0.0292,0.0,1.0961,0
app_0258,app_s000248,0.3519,0.0414,0.0,0.1585,0
app_0066,app_s000249,0.352,0.6603,0.0,0.3325,0
app_0232,app_s000250,-0.7427,0.1494,1.0,-0.3323,0
app_0290,app_s000251,15.3031,0.7124,0.0,8.7194,1
app_0343,app_s000252,0.4906,0.0057,0.0,-0.2923,0
app_0241,app_s000253,0.3396,0.4881,0.0,-0.2509,0
app_0436,app_s000254,2.0323,0.0015,0.0,0.7155,0
app_0416,app_s000255,2.4927,0.1004,0.0,0.2518,0
app_0267,app_s000256,0.0701,0.0241,0.0,-0.2838,0
app_0445,app_s000257,-0.5794,0.0708,0.0,0.1574,0
app_0444,app_s000258,0.3482,0.0515,0.0,0.3358,0
app_0082,app_s000259,0.0463,0.5635,1.0,-0.3939,0
app_0074,app_s000260,-1.2907,0.0973,0.0,-0.4568,0
app_0253,app_s000261,-0.6474,0.3045,0.0,-0.2589,0
app_0213,app_s000262,0.8532,0.0333,0.0,2.0099,0
app_0050,app_s000263,0.0149,0.0263,0.0,-0.4578,0
app_0071,app_s000264,-1.7344,0.0084,0.0,-0.4678,0
app_0214,app_s000265,-1.0472,0.0441,0.0,-0.0487,0
app_0131,app_s000266,-1.0502,0.1052,0.0,0.049,0
app_0364,app_s000267,-1.3223,0.3955,0.0,-0.4417,0
app_0237,app_s000268,-0.741,0.0228,0.0,-0.0283,0
app_0053,app_s000269,0.6682,0.0036,0.0,0.0851,0
app_0122,app_s000270,0.2809,0.0855,0.0,-0.2992,0
app_0395,app_s000271,0.6324,0.033,0.0,7.7743,0
app_0284,app_s000272,-0.4462,0.066,0.0,-0.458,0
app_0361,app_s000273,0.6318,0.0593,0.0,-0.4023,0
app_0320,app_s000274,13.9826,0.158,1.0,3.2171,1
app_0168,app_s000275,-1.7867,0.0124,0.0,-0.2905,0
app_0199,app_s000276,0.9275,0.3708,1.0,0.3774,0
app_0099,app_s000277,0.4599,0.0878,0.0,-0.4226,0
app_0073,app_s000278,-1.2157,0.0001,0.0,-0.3707,0
app_0160,app_s000279,0.7222,0.0685,0.0,-0.431,0
app_0373,app_s000280,-0.3191,0.3347,0.0,-0.4128,0
app_0017,app_s000281,0.4034,0.0773,1.0,0.4446,0
app_0043,app_s000282,0.1833,0.2968,0.0,-0.3238,0
app_0080,app_s000283,0.231,0.0146,1.0,-0.3168,0
app_0029,app_s000284,0.2818,0.505,0.0,-0.2961,0
app_0316,app_s000285,-2.3342,0.0153,0.0,-0.0317,0
app_0368,app_s000286,-0.3484,0.1899,0.0,-0.133,0
app_0150,app_s000287,-1.1838,0.1237,0.0,1.3205,0
app_0026,app_s000288,-1.0264,0.1325,0.0,-0.3594,0
app_0084,app_s000289,0.2964,0.041,0.0,-0.4053,0
app_0293,app_s000290,-0.2621,0.0466,0.0,-0.431,0
app_0195,app_s000291,-1.3681,0.3128,0.0,-0.4556,0
app_0109,app_s000292,2.4463,0.0405,0.0,0.7237,0
app_0185,app_s000293,-1.3204,0.0077,0.0,-0.2035,0
app_0448,app_s000294,-1.1016,0.0456,0.0,-0.4514,0
app_0402,app_s000295,-1.0563,0.4936,0.0,0.5077,0
app_0291,app_s000296,0.1152,0.0051,0.0,0.5566,0
app_0239,app_s000297,-0.0555,0.0289,0.0,-0.36,0
app_0153,app_s000298,-2.0028,0.7512,0.0,0.7047,0
app_0083,app_s000299,-0.2395,0.4314,0.0,-0.4571,0
app_0061,app_s000300,1.7008,0.5831,0.0,0.0896,0
app_0043,app_s000301,-0.3575,0.0204,0.0,-0.112,0
app_0132,app_s000302,-1.0341,0.1188,0.0,0.2942,0
app_0335,app_s000303,0.2532,0.0219,0.0,-0.3427,0
app_0197,app_s000304,-0.838,0.0593,0.0,1.462,0
app_0265,app_s000305,1.5087,0.4205,0.0,-0.4485,0
app_0159,app_s000306,-0.9647,0.5616,0.0,-0.3684,0
app_0018,app_s000307,0.1617,0.5244,0.0,-0.3109,0
app_0056,app_s000308,-0.9626,0.5019,0.0,0.1807,0
app_0191,app_s000309,-9.6257,0.6806,1.0,4.0138,1
app_0016,app_s000310,0.1814,0.1158,0.0,-0.4732,0
app_0320,app_s000311,-0.1603,0.2797,0.0,-0.3713,0
app_0321,app_s000312,1.1077,0.3721,0.0,-0.4115,0
app_0156,app_s000313,0.7546,0.0302,0.0,-0.054,0
app_0185,app_s000314,0.8177,0.0226,0.0,-0.4076,0
app_0402,app_s000315,0.7758,0.0805,0.0,-0.0502,0
app_0306,app_s000316,0.5471,0.2804,0.0,-0.403,0
app_0037,app_s000317,-1.0,0.4659,0.0,-0.3245,0
app_0254,app_s000318,-0.7665,0.0944,0.0,0.7718,0
app_0178,app_s000319,0.3053,0.0352,0.0,-0.3556,0
app_0441,app_s000320,0.0943,0.5451,0.0,-0.1414,0
app_0123,app_s000321,0.3612,0.8228,0.0,-0.0643,0
app_0260,app_s000322,0.3042,0.2695,1.0,-0.0223,0
app_0012,app_s000323,-0.8827,0.2727,0.0,-0.4712,0
app_0403,app_s000324,0.0792,0.0507,0.0,-0.1309,0
app_0406,app_s000325,2.1217,0.0014,0.0,0.6123,0
app_0233,app_s000326,-2.0409,0.2745,0.0,2.762,0
app_0143,app_s000327,-9.4576,0.6052,1.0,3.2389,1
app_0352,app_s000328,-10.2878,0.0474,1.0,4.7355,1
app_0018,app_s000329,0.4188,0.0292,1.0,0.4612,0
app_0291,app_s000330,1.2293,0.0022,0.0,-0.0018,0
app_0402,app_s000331,-1.1212,0.1217,0.0,-0.2807,0
app_0327,app_s000332,-0.6273,0.0645,0.0,-0.4655,0
app_0386,app_s000333,-1.7374,0.6532,0.0,-0.3692,0
app_0173,app_s000334,-0.4776,0.0255,0.0,-0.4442,0
app_0423,app_s000335,0.3937,0.6631,1.0,0.8138,0
app_0047,app_s000336,-0.4637,0.0682,1.0,-0.3062,0
app_0118,app_s000337,-1.5739,0.0151,0.0,-0.334,0
app_0306,app_s000338,-0.1882,0.0136,0.0,-0.2706,0
app_0167,app_s000339,2.0917,0.041,0.0,-0.2613,0
app_0422,app_s000340,-12.7494,0.6901,0.0,1.3989,1
app_0256,app_s000341,1.0451,0.3484,0.0,1.0311,0
app_0172,app_s000342,-0.855,0.0137,0.0,-0.4701,0
app_0407,app_s000343,-0.5603,0.3112,0.0,-0.0719,0
app_0148,app_s000344,0.0889,0.0061,0.0,-0.3525,0
app_0161,app_s000345,0.339,0.1783,0.0,-0.1079,0
app_0415,app_s000346,-1.5547,0.014,0.0,-0.473,0
app_0201,app_s000347,-0.4724,0.0984,0.0,-0.3985,0
app_0344,app_s000348,-0.2833,0.2104,0.0,-0.4323,0
app_0010,app_s000349,0.2503,0.1313,0.0,-0.2863,0
app_0206,app_s000350,1.5471,0.633,1.0,-0.4616,0
app_0266,app_s000351,0.7464,0.0487,0.0,-0.1689,0
app_0431,app_s000352,1.1563,0.0832,0.0,0.0554,0
app_0303,app_s000353,-0.1887,0.0457,0.0,-0.1406,0
app_0045,app_s000354,9.9325,0.7137,1.0,3.702,1
app_0098,app_s000355,0.0193,0.5397,0.0,-0.1279,0
app_0165,app_s000356,-0.2678,0.5399,0.0,-0.3896,0
app_0414,app_s000357,-0.3149,0.1064,0.0,1.6259,0
app_0375,app_s000358,0.5126,0.3627,0.0,-0.2846,0
app_0191,app_s000359,0.0591,0.125,0.0,-0.3451,0
app_0059,app_s000360,-0.9698,0.1708,1.0,-0.1966,0
app_0164,app_s000361,1.0856,0.0239,0.0,0.0709,0
app_0033,app_s000362,-0.2624,0.0877,0.0,0.239,0
app_0291,app_s000363,-1.7388,0.0727,0.0,-0.3079,0
app_0164,app_s000364,-1.1873,0.0854,0.0,0.1973,0
app_0077,app_s000365,-0.0077,0.004,0.0,0.0302,0
app_0086,app_s000366,-1.8528,0.5609,0.0,0.2776,0
app_0202,app_s000367,0.3584,0.0105,0.0,0.1018,0
app_0422,app_s000368,-0.3067,0.0279,0.0,-0.0813,0
app_0305,app_s000369,0.1789,0.0458,0.0,-0.2997,0
app_0152,app_s000370,-1.3445,0.0388,0.0,-0.4187,0
app_0328,app_s000371,0.7609,0.0229,0.0,-0.3405,0
app_0399,app_s000372,1.5016,0.0334,0.0,1.0653,0
app_0225,app_s000373,0.7571,0.2109,0.0,1.931,0
app_0189,app_s000374,-0.0541,0.0206,0.0,0.6403,0
app_0345,app_s000375,0.0976,0.0731,0.0,1.3081,0
app_0287,app_s000376,2.7313,0.3082,0.0,1.7776,0
app_0204,app_s000377,-0.6983,0.2438,0.0,-0.4389,0
app_0111,app_s000378,-3.1437,0.2471,0.0,0.1734,0
app_0145,app_s000379,-0.8354,0.0402,0.0,-0.4226,0
app_0331,app_s000380,-0.4481,0.001,0.0,-0.3901,0
app_0220,app_s000381,0.567,0.0961,1.0,-0.4085,0
app_0320,app_s000382,-0.4461,0.0031,0.0,-0.1388,0
app_0104,app_s000383,-1.0954,0.6149,0.0,-0.4003,0
app_0212,app_s000384,-0.195,0.0854,0.0,-0.404,0
app_0389,app_s000385,0.7162,0.0047,0.0,-0.3726,0
app_0161,app_s000386,0.5753,0.0483,0.0,-0.1184,0
app_0352,app_s000387,-0.8829,0.7488,0.0,-0.2267,0
app_0368,app_s000388,-0.0508,0.0397,1.0,-0.4311,0
app_0266,app_s000389,-0.1561,0.7987,0.0,-0.4079,0
app_0058,app_s000390,-0.0478,0.0117,0.0,-0.319,0
app_0421,app_s000391,-1.2303,0.0314,1.0,-0.0792,0
app_0238,app_s000392,-0.6089,0.0234,0.0,-0.2185,0
app_0399,app_s000393,1.6064,0.029,0.0,-0.2112,0
app_0288,app_s000394,-0.3405,0.0351,0.0,-0.446,0
app_0444,app_s000395,-0.3484,0.0458,0.0,-0.4569,0
app_0445,app_s000396,1.9812,0.1517,0.0,0.4357,0
app_0392,app_s000397,0.8462,0.3744,0.0,-0.2773,0
app_0297,app_s000398,1.977,0.3987,0.0,-0.2782,0
app_0217,app_s000399,1.8809,0.0193,1.0,-0.3962,0
app_0283,app_s000400,-0.6504,0.7872,0.0,-0.4682,0
app_0395,app_s000401,-1.6145,0.0956,0.0,-0.2156,0
app_0028,app_s000402,-1.1392,0.0198,0.0,-0.4034,0
app_0258,app_s000403,-0.2012,0.1192,0.0,-0.3929,0
app_0135,app_s000404,0.5953,0.0708,0.0,-0.4188,0
app_0091,app_s000405,0.0957,0.7212,0.0,-0.3658,0
app_0431,app_s000406,0.523,0.1692,0.0,-0.3373,0
app_0294,app_s000407,0.2261,0.3938,0.0,-0.4341,0
app_0339,app_s000408,-0.0903,0.1043,0.0,-0.4709,0
app_0240,app_s000409,2.1062,0.0092,0.0,-0.2978,0
app_0382,app_s000410,-11.056,0.6959,0.0,5.9888,1
app_0098,app_s000411,0.1871,0.0233,0.0,0.3406,0
app_0401,app_s000412,1.7314,0.4015,0.0,0.0363,0
app_0251,app_s000413,-0.5216,0.1411,0.0,0.7753,0
app_0174,app_s000414,0.8442,0.0226,0.0,0.4144,0
app_0179,app_s000415,-2.125,0.2743,1.0,-0.3723,0
app_0036,app_s000416,-0.4095,0.4751,0.0,0.2718,0
app_0052,app_s000417,-0.6202,0.008,0.0,-0.0344,0
app_0303,app_s000418,1.9005,0.0033,0.0,-0.3733,0
app_0157,app_s000419,-0.0658,0.2606,0.0,0.0937,0
app_0183,app_s000420,-0.258,0.026,0.0,-0.4581,0
app_0055,app_s000421,-0.8153,0.0524,0.0,1.3443,0
app_0236,app_s000422,-10.2302,0.6223,1.0,1.8771,1
app_0034,app_s000423,-0.1208,0.2153,0.0,0.1242,0
app_0045,app_s000424,-5.09,0.4904,1.0,4.3186,1
app_0138,app_s000425,1.3724,0.0426,0.0,0.3021,0
app_0424,app_s000426,1.0952,0.0008,0.0,-0.3571,0
app_0248,app_s000427,-12.7441,0.0036,1.0,0.8943,1
app_0335,app_s000428,-0.4782,0.5776,0.0,-0.1236,0
app_0446,app_s000429,-0.984,0.0039,0.0,0.6515,0
app_0334,app_s000430,-1.4362,0.7576,1.0,-0.0771,0
app_0151,app_s000431,2.3118,0.012,0.0,0.3256,0
app_0420,app_s000432,-12.5529,0.1446,1.0,3.0539,1
app_0267,app_s000433,0.5855,0.0535,0.0,-0.2212,0
app_0444,app_s000434,-0.0829,0.0027,0.0,-0.1879,0
app_0175,app_s000435,0.0119,0.315,0.0,-0.1015,0
app_0148,app_s000436,-0.1821,0.0059,0.0,-0.2404,0
app_0063,app_s000437,-1.304,0.3135,0.0,-0.4168,0
app_0255,app_s000438,-0.6241,0.2915,0.0,-0.4193,0
app_0385,app_s000439,-1.0995,0.0577,0.0,-0.3639,0
app_0126,app_s000440,2.1156,0.0404,0.0,-0.2942,0
app_0161,app_s000441,-1.0772,0.0514,0.0,-0.4302,0
app_0060,app_s000442,21.1389,0.8748,1.0,3.0812,1
app_0239,app_s000443,-1.1882,0.28,0.0,-0.3578,0
app_0182,app_s000444,0.7402,0.5479,0.0,0.5036,0
app_0318,app_s000445,-1.9773,0.5007,0.0,-0.3367,0
app_0281,app_s000446,0.8679,0.0734,1.0,-0.3295,0
app_0014,app_s000447,-0.7363,0.5079,0.0,0.3389,0
app_0268,app_s000448,1.0545,0.1942,0.0,1.4289,0
app_0263,app_s000449,-1.2557,0.2651,1.0,0.1927,0
app_0181,app_s000450,-0.9847,0.3692,0.0,-0.405,0
app_0139,app_s000451,0.5903,0.2469,0.0,2.21,0
app_0227,app_s000452,-0.9948,0.6943,1.0,0.2139,0
app_0134,app_s000453,-5.1651,0.7922,0.0,4.37,1
app_0415,app_s000454,1.1916,0.0576,1.0,0.7212,0
app_0119,app_s000455,-1.0336,0.3308,0.0,0.6889,0
app_0127,app_s000456,0.6947,0.2068,0.0,1.2379,0
app_0231,app_s000457,0.5588,0.0213,0.0,0.3908,0
app_0284,app_s000458,0.8924,0.1525,1.0,-0.2376,0
app_0302,app_s000459,-0.6683,0.6875,0.0,-0.1751,0
app_0236,app_s000460,-0.1995,0.0096,1.0,-0.3634,0
app_0348,app_s000461,0.1376,0.2262,0.0,1.7064,0
app_0159,app_s000462,0.7502,0.0162,0.0,0.1875,0
app_0209,app_s000463,1.3881,0.0149,0.0,-0.3956,0
app_0299,app_s000464,1.5275,0.1438,1.0,-0.3352,0
app_0278,app_s000465,-1.6189,0.4786,0.0,-0.0353,0
app_0397,app_s000466,1.1883,0.0331,0.0,-0.1981,0
app_0098,app_s000467,0.0308,0.4001,0.0,0.2139,0
app_0024,app_s000468,0.6123,0.0563,0.0,-0.4402,0
app_0103,app_s000469,0.7155,0.0645,0.0,3.5427,0
app_0282,app_s000470,-1.0865,0.2942,0.0,-0.2933,0
app_0027,app_s000471,8.3839,0.9164,1.0,7.1241,1
app_0244,app_s000472,1.7578,0.7207,1.0,-0.012,0
app_0275,app_s000473,-0.1611,0.0464,0.0,0.1134,0
app_0225,app_s000474,0.9246,0.4846,0.0,-0.4314,0
app_0247,app_s000475,0.8867,0.5926,0.0,0.114,0
app_0037,app_s000476,-0.7039,0.032,0.0,-0.3231,0
app_0395,app_s000477,0.3524,0.0491,0.0,-0.3731,0
app_0067,app_s000478,-0.7425,0.1137,1.0,-0.2212,0
app_0056,app_s000479,0.0124,0.0095,0.0,-0.3599,0
app_0126,app_s000480,0.8121,0.0536,0.0,0.1468,0
app_0071,app_s000481,0.4552,0.0472,0.0,-0.0205,0
app_0426,app_s000482,0.3571,0.2825,1.0,-0.234,0
app_0280,app_s000483,-1.204,0.5816,0.0,-0.4273,0
app_0384,app_s000484,-12.8968,0.082,0.0,2.4943,1
app_0244,app_s000485,2.4893,0.2241,1.0,-0.4409,0
app_0431,app_s000486,0.8646,0.1451,0.0,-0.1283,0
app_0144,app_s000487,1.0264,0.0969,0.0,-0.3813,0
app_0330,app_s000488,0.7831,0.3139,0.0,-0.1338,0
app_0139,app_s000489,-0.7162,0.2814,0.0,-0.1404,0
app_0075,app_s000490,-0.2162,0.4062,0.0,-0.3974,0
app_0184,app_s000491,-0.3908,0.1059,0.0,5.0543,0
app_0101,app_s000492,-0.4849,0.2227,0.0,2.0187,0
app_0376,app_s000493,-2.772,0.4337,0.0,-0.1468,0
app_0310,app_s000494,-1.8614,0.0431,1.0,-0.4582,0
app_0365,app_s000495,-1.4303,0.0149,0.0,-0.4682,0
app_0403,app_s000496,0.1687,0.4939,0.0,-0.298,0
app_0331,app_s000497,-0.6468,0.4066,1.0,-0.3465,0
app_0289,app_s000498,0.3829,0.3772,0.0,-0.4167,0
app_0136,app_s000499,1.5326,0.0167,0.0,-0.3506,0
app_0233,app_s000500,2.2011,0.146,1.0,-0.3373,0
app_0398,app_s000501,0.0203,0.0152,0.0,-0.2227,0
app_0316,app_s000502,0.3828,0.2499,0.0,0.3194,0
app_0378,app_s000503,0.0168,0.0019,0.0,-0.3801,0
app_0260,app_s000504,-2.1576,0.0263,0.0,-0.4661,0
app_0212,app_s000505,-1.7817,0.0041,0.0,0.0063,0
app_0096,app_s000506,-1.8188,0.0026,0.0,-0.1635,0
app_0432,app_s000507,-0.8724,0.0395,1.0,-0.4828,0
app_0063,app_s000508,1.9274,0.019,0.0,-0.3002,0
app_0251,app_s000509,0.5851,0.0638,1.0,-0.2391,0
app_0281,app_s000510,-0.5992,0.3111,0.0,1.5814,0
app_0369,app_s000511,-0.728,0.712,0.0,-0.4264,0
app_0384,app_s000512,-0.2492,0.031,0.0,-0.4502,0
app_0102,app_s000513,-0.3109,0.4281,0.0,1.9363,0
app_0347,app_s000514,0.8834,0.0064,0.0,-0.1127,0
app_0038,app_s000515,0.1462,0.0441,0.0,5.0072,0
app_0033,app_s000516,0.2086,0.0029,0.0,0.2131,0
app_0306,app_s000517,-1.4267,0.0284,0.0,0.8661,0
app_0275,app_s000518,1.4461,0.0151,0.0,0.0031,0
app_0217,app_s000519,0.7796,0.0524,0.0,0.5152,0
app_0228,app_s000520,-0.4673,0.0148,0.0,0.6811,0
app_0170,app_s000521,2.4478,0.1117,0.0,-0.3744,0
app_0200,app_s000522,1.1582,0.4518,0.0,1.0807,0
app_0355,app_s000523,0.8972,0.0162,0.0,-0.332,0
app_0411,app_s000524,-0.2167,0.0435,0.0,-0.2589,0
app_0337,app_s000525,-0.5534,0.047,1.0,-0.2586,0
app_0322,app_s000526,1.3667,0.0045,0.0,-0.0671,0
app_0106,app_s000527,0.1378,0.0079,1.0,6.459,0
app_0138,app_s000528,-0.9572,0.1584,0.0,-0.0666,0
app_0046,app_s000529,-0.0201,0.0338,0.0,-0.1947,0
app_0052,app_s000530,-1.4836,0.2468,1.0,-0.4179,0
app_0022,app_s000531,-2.2732,0.2223,0.0,-0.4199,0
app_0335,app_s000532,-0.4093,0.4648,0.0,-0.4096,0
app_0232,app_s000533,1.5263,0.0595,0.0,0.6513,0
app_0208,app_s000534,-0.5645,0.1404,1.0,-0.2931,0
app_0426,app_s000535,0.5683,0.1469,0.0,-0.4717,0
app_0122,app_s000536,-0.3139,0.0112,0.0,-0.2101,0
app_0119,app_s000537,-0.0533,0.2288,0.0,-0.4272,0
app_0089,app_s000538,0.411,0.0069,0.0,-0.416,0
app_0068,app_s000539,-1.5112,0.2029,0.0,-0.3099,0
app_0004,app_s000540,0.4986,0.0526,1.0,-0.1542,0
app_0266,app_s000541,0.3898,0.0935,0.0,-0.4104,0
app_0039,app_s000542,-1.3444,0.0134,0.0,-0.3788,0
app_0346,app_s000543,-0.7325,0.0157,0.0,0.0006,0
app_0129,app_s000544,-0.2339,0.0023,0.0,-0.0824,0
app_0406,app_s000545,0.644,0.4863,0.0,0.1048,0
app_0021,app_s000546,2.0555,0.056,0.0,-0.473,0
app_0433,app_s000547,-1.073,0.0284,0.0,-0.3977,0
app_0434,app_s000548,-0.335,0.4302,0.0,0.2811,0
app_0107,app_s000549,-0.7085,0.0695,0.0,-0.3342,0
app_0371,app_s000550,-0.7211,0.5816,1.0,0.8889,0
app_0083,app_s000551,-0.4832,0.0138,0.0,-0.3346,0
app_0031,app_s000552,0.7817,0.1194,0.0,-0.3088,0
app_0340,app_s000553,0.7361,0.148,0.0,0.8812,0
app_0405,app_s000554,1.962,0.0717,0.0,-0.3968,0
app_0195,app_s000555,-0.6416,0.1482,0.0,-0.4604,0
app_0386,app_s000556,0.9883,0.1572,1.0,1.2079,0
app_0396,app_s000557,-2.6669,0.0791,0.0,-0.3438,0
app_0382,app_s000558,0.2443,0.0344,0.0,-0.478,0
app_0380,app_s000559,-1.9413,0.1795,0.0,-0.2547,0
app_0150,app_s000560,-0.1716,0.2216,0.0,-0.3675,0
app_0046,app_s000561,0.5542,0.0208,0.0,0.9585,0
app_0254,app_s000562,-0.1932,0.0924,0.0,0.3088,0
app_0172,app_s000563,-0.1221,0.0886,0.0,0.0793,0
app_0162,app_s000564,-0.6616,0.0691,0.0,-0.2678,0
app_0275,app_s000565,-0.2979,0.0761,0.0,-0.2706,0
app_0443,app_s000566,1.8083,0.6878,0.0,-0.3784,0
app_0141,app_s000567,-12.6292,0.2977,1.0,9.3727,1
app_0189,app_s000568,0.7183,0.2907,0.0,-0.27,0
app_0276,app_s000569,-0.5631,0.4414,0.0,-0.1173,0
app_0058,app_s000570,-0.2026,0.0367,0.0,-0.3044,0
app_0054,app_s000571,1.6453,0.0252,0.0,-0.0131,0
app_0383,app_s000572,-1.2807,0.1035,0.0,-0.3805,0
app_0415,app_s000573,-1.1452,0.0661,0.0,-0.3824,0
app_0071,app_s000574,-0.238,0.0927,0.0,-0.3497,0
app_0028,app_s000575,0.5667,0.0244,0.0,1.5598,0
app_0190,app_s000576,-0.92,0.2596,0.0,-0.1815,0
app_0121,app_s000577,-0.4354,0.511,0.0,-0.4641,0
app_0082,app_s000578,0.3793,0.0719,0.0,-0.4139,0
app_0404,app_s000579,-10.645,0.0489,1.0,4.3353,1
app_0006,app_s000580,-0.5796,0.0345,0.0,0.4424,0
app_0406,app_s000581,1.8464,0.063,0.0,1.4336,0
app_0138,app_s000582,1.6109,0.0048,0.0,-0.3949,0
app_0122,app_s000583,0.685,0.0405,1.0,0.0555,0
app_0019,app_s000584,2.0745,0.143,0.0,-0.2918,0
app_0196,app_s000585,-0.01,0.0769,0.0,-0.429,0
app_0269,app_s000586,-0.9574,0.1626,0.0,-0.3643,0
app_0404,app_s000587,-0.6484,0.0851,0.0,-0.3441,0
app_0158,app_s000588,1.3603,0.1018,0.0,-0.0017,0
app_0382,app_s000589,-0.049,0.4654,0.0,-0.4193,0
app_0036,app_s000590,-11.91,0.6604,1.0,4.9112,1
app_0137,app_s000591,0.0332,0.116,0.0,0.9087,0
app_0423,app_s000592,0.3317,0.0215,0.0,-0.3547,0
app_0234,app_s000593,0.9699,0.7863,0.0,-0.2296,0
app_0220,app_s000594,0.2492,0.0706,0.0,-0.2861,0
app_0042,app_s000595,-0.2154,0.1066,0.0,-0.3824,0
app_0130,app_s000596,-0.7691,0.4397,1.0,-0.4687,0
app_0420,app_s000597,0.4512,0.0304,0.0,0.0771,0
app_0287,app_s000598,-0.5592,0.037,0.0,-0.3979,0
app_0264,app_s000599,-1.9275,0.2604,0.0,0.3499,0
app_0206,app_s000600,0.6084,0.5952,0.0,-0.4751,0
app_0223,app_s000601,1.1527,0.0368,0.0,-0.4366,0
app_0196,app_s000602,-1.5584,0.0278,0.0,-0.284,0
app_0017,app_s000603,-2.8342,0.5414,0.0,-0.3945,0
app_0031,app_s000604,-0.2363,0.0119,0.0,-0.1014,0
app_0245,app_s000605,0.5911,0.0496,0.0,-0.3999,0
app_0177,app_s000606,-1.1481,0.0003,0.0,-0.4585,0
app_0039,app_s000607,0.1621,0.1774,0.0,-0.1794,0
app_0162,app_s000608,0.3832,0.0045,1.0,-0.3775,0
app_0296,app_s000609,-1.008,0.1023,0.0,-0.203,0
app_0401,app_s000610,-0.1457,0.0506,0.0,-0.4328,0
app_0125,app_s000611,0.5827,0.0336,0.0,-0.3085,0
app_0108,app_s000612,0.3925,0.0565,0.0,-0.3789,0
app_0051,app_s000613,-0.3581,0.3011,0.0,-0.2116,0
app_0039,app_s000614,-0.2407,0.0599,0.0,-0.4084,0
app_0346,app_s000615,-1.661,0.6112,0.0,0.7589,0
app_0167,app_s000616,18.46,0.1528,0.0,2.2932,1
app_0121,app_s000617,0.8118,0.0879,0.0,-0.4392,0
app_0042,app_s000618,-0.1374,0.035,0.0,-0.3586,0
app_0148,app_s000619,0.8193,0.0303,0.0,-0.1124,0
app_0166,app_s000620,-0.4982,0.0591,0.0,0.2344,0
app_0236,app_s000621,-1.3251,0.0213,0.0,-0.3492,0
app_0325,app_s000622,1.1905,0.0329,0.0,-0.437,0
app_0399,app_s000623,-1.9118,0.0347,0.0,-0.4503,0
app_0100,app_s000624,1.1102,0.076,0.0,-0.2992,0
app_0322,app_s000625,0.5957,0.7891,0.0,-0.449,0
app_0106,app_s000626,1.4802,0.4321,0.0,0.0108,0
app_0272,app_s000627,-0.144,0.0133,0.0,-0.3672,0
app_0022,app_s000628,1.5466,0.0635,0.0,-0.351,0
app_0396,app_s000629,-0.0477,0.1124,0.0,-0.3345,0
app_0382,app_s000630,-0.7701,0.1815,0.0,-0.4375,0
app_0014,app_s000631,-1.1052,0.3537,0.0,0.0672,0
app_0196,app_s000632,-0.7233,0.0167,0.0,-0.1377,0
app_0401,app_s000633,-0.4772,0.0021,0.0,-0.367,0
app_0001,app_s000634,0.7779,0.1711,0.0,-0.4323,0
app_0360,app_s000635,-12.8767,0.7635,1.0,6.2743,1
app_0237,app_s000636,-1.9793,0.4734,0.0,0.2078,0
app_0376,app_s000637,0.0144,0.0077,0.0,1.5951,0
app_0336,app_s000638,-0.3277,0.0168,0.0,1.9213,0
app_0035,app_s000639,-0.4196,0.0409,0.0,-0.0931,0
app_0225,app_s000640,1.5464,0.5497,0.0,0.0047,0
app_0044,app_s000641,-0.1044,0.0317,0.0,0.0783,0
app_0239,app_s000642,0.1212,0.5241,1.0,-0.2242,0
app_0031,app_s000643,-0.0363,0.5669,0.0,-0.2972,0
app_0352,app_s000644,-0.3778,0.5065,0.0,-0.4029,0
app_0341,app_s000645,0.7595,0.0397,0.0,-0.0082,0
app_0052,app_s000646,2.1382,0.0414,0.0,-0.3473,0
app_0277,app_s000647,-1.4226,0.0659,0.0,-0.4481,0
app_0358,app_s000648,-11.1971,0.5071,0.0,2.2837,1
app_0349,app_s000649,-0.091,0.1406,0.0,0.5075,0
app_0259,app_s000650,1.3825,0.0653,0.0,0.0408,0
app_0194,app_s000651,0.6213,0.2643,0.0,-0.1044,0
app_0151,app_s000652,1.4443,0.7445,0.0,-0.4383,0
app_0094,app_s000653,-1.8671,0.0897,0.0,1.1979,0
app_0202,app_s000654,-1.222,0.0488,0.0,-0.3951,0
app_0153,app_s000655,0.3367,0.0072,0.0,-0.3432,0
app_0376,app_s000656,-8.975,0.1266,1.0,5.1832,1
app_0168,app_s000657,-0.3339,0.1381,0.0,-0.3577,0
app_0214,app_s000658,1.4778,0.3509,0.0,-0.3876,0
app_0040,app_s000659,0.0419,0.7041,0.0,-0.3174,0
app_0159,app_s000660,-0.4056,0.1355,0.0,0.386,0
app_0403,app_s000661,1.1502,0.0307,0.0,-0.0431,0
app_0317,app_s000662,-12.3164,0.0183,1.0,1.1283,1
app_0345,app_s000663,1.4955,0.0114,0.0,-0.3324,0
app_0208,app_s000664,0.9359,0.4534,0.0,-0.3531,0
app_0230,app_s000665,0.5894,0.0213,0.0,0.3223,0
app_0339,app_s000666,0.8681,0.0956,0.0,-0.2846,0
app_0163,app_s000667,0.8318,0.7555,0.0,-0.3153,0
app_0160,app_s000668,-1.3295,0.6589,0.0,-0.155,0
app_0156,app_s000669,-0.982,0.0413,0.0,-0.3026,0
app_0241,app_s000670,-0.3601,0.0307,0.0,-0.1522,0
app_0051,app_s000671,-0.3915,0.0042,0.0,-0.229,0
app_0103,app_s000672,-0.3514,0.0995,0.0,-0.1209,0
app_0010,app_s000673,-0.91,0.1155,0.0,-0.0459,0
app_0074,app_s000674,-0.4444,0.0422,0.0,0.1481,0
app_0253,app_s000675,0.1372,0.0198,0.0,-0.158,0
app_0284,app_s000676,0.6631,0.0227,0.0,-0.2944,0
app_0036,app_s000677,1.5441,0.085,0.0,-0.2523,0
app_0007,app_s000678,-0.4412,0.629,0.0,-0.4194,0
app_0375,app_s000679,-1.0721,0.0901,0.0,-0.3837,0
app_0296,app_s000680,0.833,0.0349,0.0,-0.3775,0
app_0092,app_s000681,-0.6933,0.0022,0.0,-0.3613,0
app_0059,app_s000682,-0.3714,0.0265,1.0,-0.04,0
app_0335,app_s000683,-1.2627,0.1167,0.0,0.3469,0
app_0327,app_s000684,0.3809,0.4807,0.0,0.3867,0
app_0238,app_s000685,-2.3417,0.5056,1.0,-0.3742,0
app_0419,app_s000686,-0.9658,0.0021,1.0,-0.4015,0
app_0043,app_s000687,0.0728,0.5748,0.0,-0.3796,0
app_0165,app_s000688,1.8625,0.0265,0.0,-0.1021,0
app_0226,app_s000689,2.1619,0.0509,0.0,-0.3663,0
app_0258,app_s000690,-10.1377,0.1992,1.0,9.187,1
app_0367,app_s000691,0.3886,0.0562,0.0,-0.2597,0
app_0118,app_s000692,0.1639,0.119,0.0,-0.3649,0
app_0057,app_s000693,0.1443,0.0552,1.0,-0.2682,0
app_0244,app_s000694,8.4405,0.8053,0.0,5.5438,1
app_0013,app_s000695,0.673,0.0806,1.0,4.7698,0
app_0210,app_s000696,-0.1568,0.0155,1.0,-0.4294,0
app_0056,app_s000697,-0.1966,0.0356,0.0,-0.3502,0
app_0312,app_s000698,1.3708,0.2984,0.0,-0.4294,0
app_0292,app_s000699,0.6715,0.0576,1.0,-0.2843,0
app_0142,app_s000700,0.4629,0.0132,0.0,-0.4496,0
app_0278,app_s000701,-0.7259,0.0099,0.0,-0.2916,0
app_0421,app_s000702,-0.4338,0.4446,0.0,-0.2968,0
app_0416,app_s000703,0.382,0.0331,1.0,0.1964,0
app_0184,app_s000704,0.1841,0.5946,0.0,-0.4794,0
app_0425,app_s000705,-0.9117,0.0656,0.0,-0.3274,0
app_0187,app_s000706,-1.2638,0.4469,0.0,-0.4525,0
app_0044,app_s000707,-0.1666,0.2224,0.0,-0.4254,0
app_0145,app_s000708,0.1114,0.0163,0.0,-0.0688,0
app_0171,app_s000709,1.0891,0.6628,0.0,-0.4344,0
app_0248,app_s000710,-0.3267,0.7702,1.0,-0.1524,0
app_0154,app_s000711,-0.7991,0.2839,0.0,-0.2286,0
app_0090,app_s000712,0.3764,0.0899,0.0,-0.4286,0
app_0213,app_s000713,-0.5739,0.0349,0.0,-0.3575,0
app_0359,app_s000714,-0.2103,0.2551,0.0,-0.4658,0
app_0296,app_s000715,-0.2706,0.0563,0.0,-0.4725,0
app_0182,app_s000716,-10.108,0.5887,0.0,5.9799,1
app_0107,app_s000717,0.1583,0.0728,0.0,-0.1146,0
app_0298,app_s000718,0.3775,0.0688,0.0,-0.3682,0
app_0342,app_s000719,1.7187,0.2218,0.0,-0.1056,0
app_0358,app_s000720,-1.3023,0.0936,1.0,-0.3859,0
app_0067,app_s000721,0.2988,0.0073,0.0,0.0266,0
app_0244,app_s000722,0.1627,0.6422,0.0,-0.3887,0
app_0200,app_s000723,-0.4922,0.2464,0.0,-0.478,0
app_0204,app_s000724,-0.0141,0.0582,1.0,-0.2787,0
app_0117,app_s000725,0.667,0.0126,0.0,-0.4248,0
app_0201,app_s000726,-0.957,0.5248,0.0,-0.2772,0
app_0385,app_s000727,0.9253,0.0192,0.0,-0.3799,0
app_0361,app_s000728,-1.1657,0.0881,0.0,0.4828,0
app_0288,app_s000729,-0.6787,0.1367,0.0,0.0698,0
app_0437,app_s000730,0.3293,0.7806,0.0,-0.3419,0
app_0164,app_s000731,-0.3815,0.0407,0.0,0.0118,0
app_0414,app_s000732,0.8594,0.2276,0.0,0.7582,0
app_0114,app_s000733,-3.0017,0.0866,0.0,-0.3809,0
app_0304,app_s000734,0.0336,0.0444,0.0,-0.4162,0
app_0083,app_s000735,-0.1328,0.5972,0.0,0.3191,0
app_0392,app_s000736,-1.2825,0.0312,0.0,-0.3389,0
app_0446,app_s000737,-0.7461,0.0118,0.0,-0.4085,0
app_0056,app_s000738,-9.4748,0.618,1.0,5.0335,1
app_0035,app_s000739,-2.4212,0.0797,1.0,-0.438,0
app_0344,app_s000740,-0.5638,0.1385,0.0,-0.4376,0
app_0170,app_s000741,-1.3961,0.8514,0.0,1.2168,0
app_0323,app_s000742,0.649,0.0622,0.0,-0.4246,0
app_0034,app_s000743,1.0784,0.0002,0.0,-0.0451,0
app_0352,app_s000744,-2.4685,0.0349,0.0,-0.4384,0
app_0437,app_s000745,1.3028,0.0969,0.0,-0.3382,0
app_0396,app_s000746,-0.5417,0.026,0.0,-0.0926,0
app_0169,app_s000747,0.5541,0.3717,0.0,-0.3301,0
app_0064,app_s000748,2.5516,0.0497,0.0,-0.3194,0
app_0111,app_s000749,-1.1159,0.5186,0.0,-0.3675,0
app_0179,app_s000750,-0.407,0.4421,0.0,-0.4162,0
app_0235,app_s000751,-0.1461,0.055,0.0,-0.1343,0
app_0427,app_s000752,24.4938,0.8523,1.0,7.5018,1
app_0100,app_s000753,0.1538,0.2461,0.0,0.4488,0
app_0045,app_s000754,0.2821,0.8304,0.0,-0.1838,0
app_0360,app_s000755,20.8684,0.6863,1.0,1.3974,1
app_0397,app_s000756,1.2452,0.3146,0.0,-0.2698,0
app_0428,app_s000757,-1.1014,0.061,0.0,-0.2863,0
app_0044,app_s000758,0.8738,0.6465,0.0,-0.2754,0
app_0118,app_s000759,0.5184,0.0109,0.0,-0.2561,0
app_0362,app_s000760,-1.4762,0.0828,0.0,-0.2746,0
app_0242,app_s000761,1.6504,0.0155,0.0,2.4393,0
app_0198,app_s000762,1.0822,0.0176,0.0,-0.4509,0
app_0203,app_s000763,0.5954,0.043,0.0,-0.3709,0
app_0250,app_s000764,0.5835,0.6329,0.0,-0.3507,0
app_0150,app_s000765,-0.7805,0.8938,1.0,-0.4025,0
app_0095,app_s000766,-0.5409,0.5983,0.0,0.0681,0
app_0036,app_s000767,-1.4453,0.0008,0.0,1.2741,0
app_0415,app_s000768,-1.6671,0.0562,0.0,-0.4728,0
app_0142,app_s000769,-1.0925,0.0531,0.0,-0.4117,0
app_0138,app_s000770,0.4609,0.613,0.0,-0.389,0
app_0105,app_s000771,-1.0686,0.4484,1.0,-0.2924,0
app_0432,app_s000772,-0.3677,0.0253,0.0,-0.3856,0
app_0085,app_s000773,-1.3201,0.3713,0.0,-0.3668,0
app_0146,app_s000774,0.0991,0.0192,0.0,-0.4616,0
app_0379,app_s000775,-0.8496,0.3801,0.0,0.9744,0
app_0073,app_s000776,-0.4933,0.0497,0.0,-0.2059,0
app_0185,app_s000777,0.3038,0.7914,0.0,-0.4497,0
app_0412,app_s000778,-0.4741,0.0915,0.0,-0.1465,0
app_0079,app_s000779,1.1009,0.0253,0.0,-0.0521,0
app_0233,app_s000780,1.2635,0.8012,0.0,-0.0585,0
app_0337,app_s000781,0.4257,0.3782,0.0,-0.4497,0
app_0174,app_s000782,-0.8686,0.0386,0.0,-0.4029,0
app_0355,app_s000783,-1.1959,0.0221,0.0,-0.1036,0
app_0175,app_s000784,4.0258,0.0016,0.0,-0.3244,0
app_0020,app_s000785,-10.5416,0.5567,1.0,5.1985,1
app_0188,app_s000786,-0.8246,0.7266,0.0,-0.3694,0
app_0161,app_s000787,0.7553,0.0234,0.0,0.7364,0
app_0340,app_s000788,0.8601,0.0574,0.0,-0.424,0
app_0077,app_s000789,0.6761,0.0767,1.0,-0.0937,0
app_0415,app_s000790,-0.039,0.0046,0.0,-0.3166,0
app_0328,app_s000791,0.3497,0.4644,0.0,-0.3842,0
app_0224,app_s000792,0.7064,0.8,0.0,-0.3606,0
app_0187,app_s000793,-0.3263,0.0075,0.0,-0.3128,0
app_0174,app_s000794,0.2322,0.0031,0.0,-0.441,0
app_0140,app_s000795,0.2001,0.0522,0.0,0.3948,0
app_0299,app_s000796,-1.2931,0.7879,0.0,-0.4116,0
app_0439,app_s000797,-1.1236,0.3494,0.0,-0.0313,0
app_0134,app_s000798,-1.0997,0.0057,0.0,-0.3899,0
app_0294,app_s000799,0.906,0.685,0.0,-0.106,0
app_0203,app_s000800,0.0783,0.4193,0.0,-0.2118,0
app_0305,app_s000801,0.3989,0.4894,0.0,-0.4225,0
app_0443,app_s000802,0.1866,0.3067,0.0,-0.2265,0
app_0316,app_s000803,0.2744,0.5181,0.0,-0.1895,0
app_0340,app_s000804,0.6666,0.0191,0.0,0.4236,0
app_0026,app_s000805,0.712,0.6167,0.0,0.0532,0
app_0132,app_s000806,-0.6507,0.1725,0.0,-0.2186,0
app_0064,app_s000807,-0.2666,0.5272,0.0,-0.1676,0
app_0270,app_s000808,-1.4135,0.0845,0.0,-0.2373,0
app_0004,app_s000809,-0.6072,0.0384,0.0,-0.0668,0
app_0220,app_s000810,0.6747,0.5433,0.0,0.1595,0
app_0008,app_s000811,2.2379,0.5133,0.0,-0.4567,0
app_0436,app_s000812,-0.0313,0.2867,0.0,-0.1788,0
app_0114,app_s000813,0.2384,0.0728,1.0,-0.4756,0
app_0196,app_s000814,2.0836,0.0171,1.0,-0.3761,0
app_0088,app_s000815,-0.5688,0.4775,0.0,-0.2357,0
app_0126,app_s000816,-1.792,0.0003,0.0,-0.2981,0
app_0106,app_s000817,-0.2128,0.0002,0.0,-0.3521,0
app_0442,app_s000818,-1.1591,0.1555,1.0,-0.4368,0
app_0207,app_s000819,1.1591,0.4952,0.0,-0.2412,0
app_0387,app_s000820,-0.0877,0.0193,0.0,0.0074,0
app_0081,app_s000821,1.0234,0.0024,0.0,0.499,0
app_0105,app_s000822,0.0464,0.0065,0.0,-0.206,0
app_0004,app_s000823,-9.4684,0.575,0.0,7.2795,1
app_0187,app_s000824,0.7088,0.8456,0.0,0.3503,0
app_0296,app_s000825,0.5048,0.0056,0.0,-0.435,0
app_0220,app_s000826,-1.3433,0.7181,0.0,-0.2691,0
app_0212,app_s000827,-0.5122,0.8828,0.0,2.4589,0
app_0202,app_s000828,-0.2263,0.0016,0.0,0.612,0
app_0086,app_s000829,21.9956,0.7537,1.0,3.0374,1
app_0223,app_s000830,1.4879,0.0147,0.0,-0.4526,0
app_0276,app_s000831,-0.292,0.6896,0.0,-0.3452,0
app_0447,app_s000832,-1.9029,0.4413,0.0,-0.4204,0
app_0049,app_s000833,1.5511,0.0219,0.0,-0.0517,0
app_0339,app_s000834,0.2895,0.0007,0.0,2.4014,0
app_0385,app_s000835,0.8558,0.277,1.0,-0.3717,0
app_0093,app_s000836,1.8234,0.0017,0.0,0.7318,0
app_0006,app_s000837,0.9151,0.0161,0.0,-0.3666,0
app_0280,app_s000838,-0.8955,0.6209,0.0,-0.1046,0
app_0135,app_s000839,0.419,0.2969,0.0,-0.1742,0
app_0191,app_s000840,-0.1135,0.4858,0.0,-0.405,0
app_0263,app_s000841,-0.2028,0.0655,0.0,-0.2285,0
app_0090,app_s000842,33.3311,0.2898,1.0,1.5523,1
app_0266,app_s000843,2.1879,0.4058,0.0,-0.3068,0
app_0338,app_s000844,0.0178,0.5617,0.0,0.0838,0
app_0246,app_s000845,-0.1856,0.0795,0.0,0.3314,0
app_0008,app_s000846,0.2167,0.0623,0.0,1.4842,0
app_0345,app_s000847,0.4993,0.0346,0.0,-0.3355,0
app_0133,app_s000848,0.0301,0.0328,0.0,-0.4571,0
app_0010,app_s000849,-0.3681,0.0039,0.0,-0.478,0
app_0017,app_s000850,-8.6604,0.0445,1.0,6.5076,1
app_0360,app_s000851,-12.7576,0.5078,0.0,7.5171,1
app_0316,app_s000852,-1.3102,0.0232,0.0,-0.341,0
app_0188,app_s000853,0.8114,0.4956,0.0,-0.4499,0
app_0382,app_s000854,1.2024,0.0647,0.0,-0.3708,0
app_0088,app_s000855,-0.5717,0.3498,0.0,0.8332,0
app_0325,app_s000856,-1.4985,0.0378,0.0,0.0381,0
app_0211,app_s000857,0.3185,0.161,0.0,-0.3098,0
app_0393,app_s000858,0.7904,0.3508,0.0,-0.4557,0
app_0079,app_s000859,-2.139,0.8802,0.0,-0.2741,0
app_0122,app_s000860,0.8638,0.0262,0.0,-0.3982,0
app_0213,app_s000861,1.0912,0.0109,0.0,-0.2343,0
app_0324,app_s000862,-0.4426,0.0522,0.0,-0.4625,0
app_0226,app_s000863,0.3001,0.0693,0.0,-0.479,0
app_0018,app_s000864,1.6865,0.2625,0.0,-0.1525,0
app_0297,app_s000865,1.158,0.3354,0.0,-0.3506,0
app_0097,app_s000866,-0.7494,0.0672,0.0,1.9095,0
app_0273,app_s000867,1.7589,0.1393,0.0,-0.4543,0
app_0162,app_s000868,-0.2771,0.5771,0.0,-0.4641,0
app_0132,app_s000869,-1.1634,0.1702,0.0,-0.361,0
app_0203,app_s000870,-1.9915,0.0708,0.0,0.3912,0
app_0234,app_s000871,0.3909,0.8188,0.0,2.0697,0
app_0166,app_s000872,0.9426,0.2501,0.0,-0.4369,0
app_0087,app_s000873,0.8936,0.0209,0.0,-0.4665,0
app_0403,app_s000874,-11.8842,0.1545,1.0,3.3554,1
app_0427,app_s000875,0.4933,0.0236,0.0,-0.3847,0
app_0443,app_s000876,-1.2377,0.4593,0.0,-0.3015,0
app_0306,app_s000877,-1.5267,0.0204,0.0,0.2819,0
app_0448,app_s000878,0.7804,0.1831,0.0,-0.0438,0
app_0177,app_s000879,-1.0947,0.542,0.0,0.0301,0
app_0364,app_s000880,-0.2946,0.2289,0.0,-0.3466,0
app_0443,app_s000881,-1.6408,0.0195,1.0,-0.2923,0
app_0086,app_s000882,-0.8708,0.0498,0.0,0.4489,0
app_0391,app_s000883,-1.3506,0.0242,0.0,-0.3882,0
app_0324,app_s000884,-1.2852,0.0118,1.0,1.9158,0
app_0020,app_s000885,-0.2951,0.026,0.0,-0.2918,0
app_0057,app_s000886,0.0592,0.0576,0.0,-0.2133,0
app_0317,app_s000887,0.3666,0.0309,0.0,-0.4338,0
app_0335,app_s000888,1.4258,0.0251,0.0,0.8629,0
app_0348,app_s000889,-1.1182,0.0257,0.0,-0.0902,0
app_0325,app_s000890,-1.6845,0.0752,0.0,0.9434,0
app_0006,app_s000891,0.0716,0.068,0.0,2.8105,0
app_0110,app_s000892,-1.0713,0.2945,0.0,-0.2634,0
app_0433,app_s000893,1.1772,0.1687,1.0,-0.4263,0
app_0262,app_s000894,-1.1536,0.0583,0.0,17.1813,0
app_0196,app_s000895,-1.2965,0.1518,0.0,-0.3687,0
app_0136,app_s000896,-0.1194,0.5623,0.0,-0.3954,0
app_0181,app_s000897,1.5129,0.8485,0.0,0.344,0
app_0031,app_s000898,-1.0741,0.1312,1.0,-0.3359,0
app_0239,app_s000899,0.3442,0.1187,1.0,-0.4406,0
app_0193,app_s000900,-0.5491,0.0493,0.0,-0.286,0
app_0410,app_s000901,-0.7601,0.2984,0.0,-0.2198,0
app_0195,app_s000902,0.8313,0.0228,0.0,-0.4467,0
app_0021,app_s000903,-4.9638,0.0541,0.0,4.399,1
app_0081,app_s000904,-4.4017,0.7784,0.0,2.7967,1
app_0192,app_s000905,-1.8519,0.5796,0.0,-0.0289,0
app_0332,app_s000906,0.081,0.0103,0.0,-0.1202,0
app_0420,app_s000907,0.111,0.0229,0.0,0.3982,0
app_0250,app_s000908,1.661,0.125,0.0,0.2102,0
app_0016,app_s000909,-0.5076,0.003,0.0,-0.353,0
app_0056,app_s000910,-0.4537,0.1867,0.0,-0.0453,0
app_0286,app_s000911,0.8764,0.1759,0.0,-0.3408,0
app_0298,app_s000912,2.1651,0.289,0.0,-0.3431,0
app_0194,app_s000913,-0.9425,0.0269,0.0,-0.3949,0
app_0111,app_s000914,-1.412,0.0245,0.0,-0.3746,0
app_0406,app_s000915,0.2084,0.0274,0.0,-0.4114,0
app_0218,app_s000916,0.4325,0.0596,0.0,-0.2717,0
app_0272,app_s000917,0.1727,0.0222,0.0,-0.2797,0
app_0155,app_s000918,-0.1592,0.8686,0.0,0.0189,0
app_0258,app_s000919,-0.0633,0.0684,0.0,-0.2617,0
app_0286,app_s000920,2.3522,0.1701,0.0,-0.3207,0
app_0060,app_s000921,-0.3173,0.7603,0.0,-0.4441,0
app_0274,app_s000922,-1.7777,0.6917,0.0,-0.2742,0
app_0204,app_s000923,-1.6353,0.0281,0.0,-0.4206,0
app_0236,app_s000924,-0.943,0.0394,0.0,-0.306,0
app_0367,app_s000925,-1.3049,0.0104,0.0,0.0599,0
app_0000,app_s000926,-0.5713,0.2472,0.0,1.3514,0
app_0124,app_s000927,0.1568,0.4394,0.0,-0.4679,0
app_0074,app_s000928,-0.4096,0.0512,0.0,-0.3949,0
app_0280,app_s000929,-0.7678,0.1065,0.0,-0.1236,0
app_0144,app_s000930,-1.0268,0.0256,0.0,-0.3749,0
app_0271,app_s000931,-0.6626,0.129,0.0,0.6143,0
app_0005,app_s000932,-0.2604,0.0112,0.0,-0.316,0
app_0425,app_s000933,-1.1977,0.1121,0.0,0.1875,0
app_0104,app_s000934,-0.6938,0.2059,0.0,0.2426,0
app_0107,app_s000935,2.5686,0.0418,0.0,0.1761,0
app_0014,app_s000936,-1.3292,0.2782,0.0,-0.4297,0
app_0200,app_s000937,-1.5184,0.0986,0.0,0.0435,0
app_0356,app_s000938,-0.3258,0.3525,1.0,-0.2758,0
app_0106,app_s000939,-0.8744,0.6369,1.0,0.0336,0
app_0206,app_s000940,-0.393,0.158,1.0,-0.4367,0
app_0385,app_s000941,0.5306,0.5575,0.0,-0.339,0
app_0250,app_s000942,1.3095,0.0347,0.0,1.2432,0
app_0406,app_s000943,0.1271,0.2844,0.0,-0.4049,0
app_0188,app_s000944,-1.0383,0.0408,0.0,-0.4458,0
app_0157,app_s000945,0.7779,0.0817,1.0,-0.3618,0
app_0314,app_s000946,0.3702,0.8602,0.0,-0.4612,0
app_0272,app_s000947,8.7645,0.3701,1.0,5.8625,1
app_0332,app_s000948,-0.0326,0.3378,0.0,-0.3675,0
app_0151,app_s000949,0.101,0.0276,0.0,-0.1006,0
app_0109,app_s000950,0.9489,0.0761,0.0,-0.1994,0
app_0403,app_s000951,-2.0187,0.0512,1.0,3.8935,0
app_0418,app_s000952,-0.6276,0.0783,0.0,0.3089,0
app_0254,app_s000953,-0.464,0.7168,1.0,-0.0332,0
app_0182,app_s000954,-0.415,0.0938,0.0,-0.2719,0
app_0174,app_s000955,-2.0911,0.0086,0.0,-0.4686,0
app_0361,app_s000956,0.9558,0.0071,1.0,0.6968,0
app_0116,app_s000957,0.7527,0.0068,0.0,-0.2891,0
app_0303,app_s000958,-0.6626,0.0037,0.0,-0.2949,0
app_0333,app_s000959,-1.7074,0.003,0.0,1.0622,0
app_0309,app_s000960,0.7312,0.6581,0.0,0.0127,0
app_0033,app_s000961,1.9455,0.0301,0.0,-0.3813,0
app_0217,app_s000962,-0.0973,0.0434,0.0,0.0585,0
app_0110,app_s000963,0.0029,0.1347,0.0,-0.4348,0
app_0422,app_s000964,16.7984,0.0092,1.0,1.7764,1
app_0159,app_s000965,-1.3751,0.0506,0.0,-0.194,0
app_0193,app_s000966,-2.3344,0.4508,0.0,-0.2343,0
app_0301,app_s000967,0.2712,0.4815,0.0,-0.4617,0
app_0400,app_s000968,1.2662,0.0464,0.0,0.7505,0
app_0262,app_s000969,1.1445,0.2141,1.0,-0.3416,0
app_0221,app_s000970,1.0424,0.0265,0.0,-0.3648,0
app_0095,app_s000971,1.7188,0.6851,0.0,-0.1887,0
app_0004,app_s000972,-0.7016,0.4034,0.0,0.0028,0
app_0337,app_s000973,-0.0918,0.0002,0.0,-0.4703,0
app_0138,app_s000974,-1.7585,0.0215,0.0,-0.4133,0
app_0250,app_s000975,0.0416,0.01,1.0,-0.3733,0
app_0390,app_s000976,1.1264,0.0281,0.0,-0.4596,0
app_0029,app_s000977,0.445,0.1505,0.0,-0.4419,0
app_0277,app_s000978,1.7375,0.0452,1.0,-0.3205,0
app_0173,app_s000979,-1.2197,0.036,0.0,0.423,0
app_0254,app_s000980,-11.8238,0.8104,1.0,3.2597,1
app_0009,app_s000981,1.8857,0.0044,0.0,-0.111,0
app_0368,app_s000982,-1.7868,0.0664,0.0,-0.0371,0
app_0240,app_s000983,0.3869,0.828,0.0,0.1854,0
app_0433,app_s000984,-1.5014,0.0114,0.0,-0.025,0
app_0220,app_s000985,-4.1823,0.7044,1.0,2.7936,1
app_0204,app_s000986,-0.1913,0.3171,0.0,-0.0501,0
app_0168,app_s000987,-1.7208,0.0147,0.0,-0.319,0
app_0441,app_s000988,0.3487,0.0323,0.0,-0.3497,0
app_0076,app_s000989,-0.7673,0.0828,0.0,-0.0743,0
app_0389,app_s000990,-1.9772,0.683,0.0,0.0231,0
app_0345,app_s000991,-1.7928,0.0273,0.0,2.5118,0
app_0196,app_s000992,-0.2216,0.0552,0.0,-0.4303,0
app_0147,app_s000993,0.2831,0.0001,0.0,-0.3052,0
app_0407,app_s000994,-1.3244,0.024,0.0,6.9865,0
app_0429,app_s000995,15.7074,0.6079,1.0,4.4569,1
app_0325,app_s000996,0.2624,0.0182,0.0,-0.4222,0
app_0035,app_s000997,0.7584,0.1178,0.0,-0.4562,0
app_0355,app_s000998,0.4648,0.4163,0.0,-0.4529,0
app_0108,app_s000999,-1.0222,0.1498,0.0,0.4695,0
app_0126,app_s001000,-4.251,0.546,0.0,1.1628,1
app_0354,app_s001001,0.6537,0.4114,0.0,-0.3486,0
app_0228,app_s001002,1.084,0.0236,0.0,-0.306,0
app_0221,app_s001003,-10.4024,0.4457,1.0,5.4376,1
app_0115,app_s001004,1.3731,0.1408,0.0,1.2208,0
app_0208,app_s001005,1.1247,0.0073,0.0,-0.4536,0
app_0319,app_s001006,0.0656,0.0559,0.0,0.1607,0
app_0378,app_s001007,16.9173,0.0857,1.0,3.0376,1
app_0111,app_s001008,-0.5459,0.6961,1.0,-0.0735,0
app_0046,app_s001009,0.551,0.1464,0.0,-0.3997,0
app_0197,app_s001010,1.2527,0.002,0.0,-0.4595,0
app_0352,app_s001011,-0.755,0.0788,0.0,-0.2764,0
app_0082,app_s001012,-0.8302,0.009,0.0,-0.0754,0
app_0123,app_s001013,-1.3815,0.0503,0.0,-0.2272,0
app_0191,app_s001014,0.1362,0.0327,0.0,-0.1339,0
app_0060,app_s001015,-0.2193,0.8042,1.0,-0.2917,0
app_0321,app_s001016,-1.2775,0.4213,0.0,0.3467,0
app_0293,app_s001017,-0.9033,0.4238,0.0,-0.2244,0
app_0436,app_s001018,0.6045,0.2177,0.0,-0.4163,0
app_0387,app_s001019,-0.4881,0.1531,0.0,0.3113,0
app_0239,app_s001020,-1.6388,0.177,0.0,0.768,0
app_0288,app_s001021,-12.1473,0.0544,1.0,3.7405,1
app_0253,app_s001022,0.8321,0.1054,0.0,-0.3208,0
app_0385,app_s001023,0.4502,0.5327,0.0,0.3171,0
app_0088,app_s001024,-0.1146,0.3591,0.0,0.1297,0
app_0058,app_s001025,-0.9629,0.0259,0.0,-0.2911,0
app_0306,app_s001026,-0.7732,0.0099,0.0,-0.122,0
app_0297,app_s001027,1.0701,0.0196,0.0,-0.4402,0
app_0134,app_s001028,2.6958,0.1225,0.0,0.1649,0
app_0024,app_s001029,-0.8953,0.0823,0.0,1.5715,0
app_0102,app_s001030,1.6409,0.7533,0.0,-0.1473,0
app_0184,app_s001031,0.0203,0.3216,0.0,-0.4224,0
app_0043,app_s001032,0.4347,0.0186,0.0,0.7722,0
app_0123,app_s001033,0.2668,0.0122,0.0,0.07,0
app_0380,app_s001034,-0.0513,0.1008,1.0,0.0179,0
app_0295,app_s001035,1.8488,0.0418,0.0,2.2947,0
app_0318,app_s001036,0.5668,0.2963,0.0,-0.1111,0
app_0186,app_s001037,-0.4329,0.0091,0.0,1.6201,0
app_0129,app_s001038,-0.2384,0.2915,0.0,-0.3612,0
app_0049,app_s001039,1.2836,0.0327,0.0,0.1241,0
app_0076,app_s001040,0.1752,0.5731,0.0,0.0118,0
app_0368,app_s001041,-0.5973,0.0806,1.0,-0.451,0
app_0041,app_s001042,-0.2595,0.1512,0.0,-0.2517,0
app_0102,app_s001043,-0.0353,0.0107,0.0,-0.4393,0
app_0208,app_s001044,-0.755,0.0512,1.0,0.1377,0
app_0024,app_s001045,-0.708,0.1683,0.0,-0.3712,0
app_0064,app_s001046,-0.7,0.1233,0.0,-0.4089,0
app_0029,app_s001047,-0.5365,0.0777,0.0,0.3105,0
app_0300,app_s001048,-0.8014,0.3105,0.0,-0.3045,0
app_0229,app_s001049,0.4003,0.1099,0.0,-0.1836,0
app_0238,app_s001050,-1.3577,0.0019,0.0,-0.3668,0
app_0432,app_s001051,0.078,0.0071,0.0,-0.0518,0
app_0405,app_s001052,-0.5072,0.4433,0.0,-0.4316,0
app_0146,app_s001053,-0.4069,0.0629,0.0,-0.1729,0
app_0389,app_s001054,0.7294,0.0777,0.0,-0.3462,0
app_0191,app_s001055,0.5969,0.0579,0.0,-0.4283,0
app_0395,app_s001056,0.6208,0.0335,0.0,-0.3961,0
app_0303,app_s001057,-0.8063,0.2667,0.0,-0.4624,0
app_0132,app_s001058,-0.7914,0.1995,0.0,0.2406,0
app_0178,app_s001059,0.2703,0.0263,0.0,-0.193,0
app_0261,app_s001060,-0.5065,0.5221,0.0,-0.1773,0
app_0052,app_s001061,0.2942,0.0063,0.0,-0.3463,0
app_0198,app_s001062,-0.5412,0.0815,0.0,-0.4085,0
app_0139,app_s001063,1.1253,0.0219,0.0,-0.4376,0
app_0415,app_s001064,10.8963,0.5057,1.0,2.9788,1
app_0449,app_s001065,0.186,0.0515,0.0,-0.0848,0
app_0273,app_s001066,-1.5694,0.7049,0.0,-0.2276,0
app_0069,app_s001067,-13.8526,0.6115,1.0,6.4864,1
app_0092,app_s001068,0.1348,0.0786,0.0,-0.3127,0
app_0031,app_s001069,0.2446,0.5165,0.0,0.313,0
app_0087,app_s001070,-0.9519,0.0506,1.0,0.1007,0
app_0010,app_s001071,0.9188,0.6185,0.0,-0.4011,0
app_0281,app_s001072,-0.5594,0.0163,0.0,0.341,0
app_0263,app_s001073,0.1416,0.3551,0.0,-0.2402,0
app_0062,app_s001074,-0.5564,0.059,0.0,-0.4284,0
app_0113,app_s001075,-1.7685,0.7587,0.0,-0.1736,0
app_0199,app_s001076,1.0919,0.5483,1.0,0.2565,0
app_0060,app_s001077,-0.11,0.0619,0.0,-0.0789,0
app_0042,app_s001078,1.547,0.1136,0.0,0.2203,0
app_0022,app_s001079,0.9661,0.2783,0.0,-0.094,0
app_0398,app_s001080,3.1262,0.008,0.0,0.1459,0
app_0036,app_s001081,1.254,0.0853,0.0,-0.1659,0
app_0242,app_s001082,-2.321,0.1576,0.0,0.7949,0
app_0118,app_s001083,0.5027,0.1083,0.0,-0.2671,0
app_0110,app_s001084,1.8394,0.0186,0.0,0.0399,0
app_0130,app_s001085,0.439,0.2561,0.0,0.0498,0
app_0046,app_s001086,-1.4556,0.3159,0.0,-0.3891,0
app_0220,app_s001087,0.9938,0.1252,0.0,-0.3921,0
app_0276,app_s001088,0.9944,0.0315,0.0,-0.0563,0
app_0313,app_s001089,-0.5233,0.067,0.0,-0.0691,0
app_0448,app_s001090,0.7915,0.0825,0.0,-0.3644,0
app_0153,app_s001091,-1.1237,0.0181,0.0,3.7163,0
app_0351,app_s001092,-1.4646,0.3259,0.0,0.0124,0
app_0258,app_s001093,-1.0938,0.2929,1.0,-0.29,0
app_0276,app_s001094,-0.5788,0.136,0.0,-0.0532,0
app_0098,app_s001095,-1.3296,0.3037,0.0,-0.1533,0
app_0432,app_s001096,1.4955,0.026,0.0,-0.4474,0
app_0115,app_s001097,-1.2075,0.097,0.0,-0.4773,0
app_0033,app_s001098,0.0899,0.0363,0.0,1.845,0
app_0103,app_s001099,-0.9284,0.7276,1.0,-0.3828,0
app_0119,app_s001100,-0.2587,0.0299,0.0,-0.3819,0
app_0273,app_s001101,2.1204,0.2304,0.0,-0.1968,0
app_0009,app_s001102,0.5204,0.1026,0.0,-0.3859,0
app_0225,app_s001103,-0.9243,0.0436,0.0,0.0077,0
app_0415,app_s001104,-0.4586,0.1233,0.0,-0.4358,0
app_0408,app_s001105,0.2029,0.009,0.0,-0.3338,0
app_0303,app_s001106,0.1185,0.0409,0.0,-0.2094,0
app_0286,app_s001107,1.1893,0.1165,0.0,0.0159,0
app_0082,app_s001108,-1.313,0.0635,0.0,-0.376,0
app_0312,app_s001109,-1.1772,0.037,0.0,-0.3351,0
app_0325,app_s001110,-1.7102,0.0033,0.0,-0.2314,0
app_0154,app_s001111,1.0939,0.04,0.0,-0.3223,0
app_0343,app_s001112,0.0001,0.355,0.0,-0.4695,0
app_0189,app_s001113,1.7453,0.6681,0.0,-0.4178,0
app_0094,app_s001114,0.2747,0.0972,0.0,-0.1568,0
app_0100,app_s001115,0.1647,0.0096,0.0,-0.2492,0
app_0069,app_s001116,-15.3311,0.4866,1.0,1.4767,1
app_0190,app_s001117,-1.9374,0.0719,0.0,0.4259,0
app_0141,app_s001118,0.0453,0.0868,0.0,-0.3185,0
app_0375,app_s001119,1.5861,0.0886,0.0,2.0989,0
app_0111,app_s001120,1.0302,0.554,0.0,-0.4708,0
app_0291,app_s001121,-0.0132,0.1509,0.0,1.8814,0
app_0234,app_s001122,-0.9809,0.6568,0.0,-0.0673,0
app_0391,app_s001123,-0.2335,0.1295,0.0,0.0177,0
app_0161,app_s001124,-0.4559,0.0184,0.0,-0.4152,0
app_0156,app_s001125,-0.1645,0.0718,0.0,0.4031,0
app_0210,app_s001126,1.9252,0.1456,0.0,0.8176,0
app_0132,app_s001127,0.7822,0.1348,0.0,-0.4425,0
app_0131,app_s001128,-1.0589,0.7083,0.0,-0.2747,0
app_0258,app_s001129,0.2719,0.0487,0.0,0.6414,0
app_0062,app_s001130,-12.0996,0.235,0.0,2.099,1
app_0044,app_s001131,29.0334,0.7488,1.0,4.1546,1
app_0053,app_s001132,0.3434,0.0177,0.0,-0.4419,0
app_0372,app_s001133,-0.728,0.4859,0.0,-0.4575,0
app_0330,app_s001134,0.2232,0.01,0.0,-0.3104,0
app_0059,app_s001135,0.8219,0.3182,0.0,-0.282,0
app_0122,app_s001136,-0.6812,0.6521,0.0,-0.4189,0
app_0208,app_s001137,-0.7234,0.007,0.0,-0.0984,0
app_0343,app_s001138,-1.5366,0.2149,0.0,-0.4495,0
app_0200,app_s001139,0.4081,0.0355,0.0,-0.3784,0
app_0181,app_s001140,0.1031,0.0113,0.0,-0.3753,0
app_0044,app_s001141,0.0657,0.091,1.0,0.2184,0
app_0243,app_s001142,-0.9152,0.46,0.0,-0.2576,0
app_0078,app_s001143,-0.5671,0.0302,0.0,-0.2582,0
app_0397,app_s001144,-0.2159,0.005,0.0,-0.3365,0
app_0385,app_s001145,-0.5637,0.6565,0.0,-0.3305,0
app_0371,app_s001146,-0.5607,0.0742,0.0,-0.3623,0
app_0306,app_s001147,-0.4292,0.1231,0.0,-0.4517,0
app_0363,app_s001148,0.9747,0.0127,0.0,-0.4303,0
app_0249,app_s001149,1.7688,0.2402,0.0,-0.4686,0
app_0004,app_s001150,0.4544,0.0186,0.0,-0.2427,0
app_0212,app_s001151,-0.3642,0.0419,0.0,-0.23,0
app_0101,app_s001152,-0.295,0.0058,0.0,-0.3569,0
app_0266,app_s001153,1.13,0.0012,0.0,-0.3267,0
app_0010,app_s001154,0.2649,0.5929,0.0,-0.4618,0
app_0023,app_s001155,0.786,0.7049,0.0,0.8742,0
app_0288,app_s001156,0.331,0.0454,0.0,-0.4253,0
app_0195,app_s001157,1.025,0.0426,0.0,-0.4574,0
app_0133,app_s001158,1.3077,0.028,0.0,0.4255,0
app_0072,app_s001159,0.3968,0.3444,0.0,-0.4342,0
app_0408,app_s001160,0.5012,0.0294,1.0,-0.4773,0
app_0074,app_s001161,2.3751,0.0111,0.0,-0.2104,0
app_0346,app_s001162,-0.5106,0.0168,0.0,0.1812,0
app_0441,app_s001163,-1.643,0.008,0.0,-0.4171,0
app_0165,app_s001164,0.3706,0.2842,0.0,-0.339,0
app_0266,app_s001165,1.0804,0.0157,1.0,-0.4412,0
app_0424,app_s001166,0.5262,0.5512,0.0,-0.2937,0
app_0072,app_s001167,-0.6589,0.3301,0.0,-0.3904,0
app_0092,app_s001168,-0.8567,0.8269,0.0,0.4705,0
app_0090,app_s001169,-0.4303,0.0658,0.0,-0.1009,0
app_0341,app_s001170,0.1827,0.0267,0.0,-0.1011,0
app_0214,app_s001171,-1.0614,0.4608,0.0,-0.4167,0
app_0388,app_s001172,-1.9655,0.0332,0.0,-0.4141,0
app_0019,app_s001173,0.2653,0.0977,0.0,0.0333,0
app_0136,app_s001174,-0.4121,0.02,0.0,-0.3055,0
app_0269,app_s001175,0.4719,0.0023,0.0,0.1747,0
app_0383,app_s001176,-1.9952,0.0435,0.0,0.5272,0
app_0187,app_s001177,1.4135,0.221,0.0,-0.4566,0
app_0254,app_s001178,0.3212,0.4719,0.0,-0.3686,0
app_0371,app_s001179,-0.1676,0.4216,0.0,6.9773,0
app_0013,app_s001180,0.3702,0.737,0.0,0.2803,0
app_0327,app_s001181,0.3738,0.1693,0.0,-0.29,0
app_0300,app_s001182,-0.0204,0.0227,0.0,-0.1406,0
app_0398,app_s001183,0.7884,0.4269,0.0,-0.2152,0
app_0157,app_s001184,-0.8852,0.5626,0.0,0.1001,0
app_0025,app_s001185,1.0828,0.0358,0.0,-0.1397,0
app_0372,app_s001186,-0.8922,0.0749,0.0,0.9535,0
app_0386,app_s001187,1.3193,0.0045,1.0,-0.4038,0
app_0029,app_s001188,-0.2064,0.1356,1.0,0.4434,0
app_0419,app_s001189,0.0184,0.0949,0.0,-0.439,0
app_0397,app_s001190,0.1886,0.048,0.0,5.1905,0
app_0371,app_s001191,0.5665,0.0014,0.0,-0.1126,0
app_0084,app_s001192,0.6391,0.1655,0.0,0.0679,0
app_0404,app_s001193,1.0369,0.2429,0.0,-0.4408,0
app_0100,app_s001194,-0.0574,0.1194,0.0,-0.3901,0
app_0319,app_s001195,-1.0813,0.0174,0.0,-0.4255,0
app_0092,app_s001196,-4.8589,0.015,1.0,3.3168,1
app_0366,app_s001197,-1.0442,0.0545,0.0,-0.396,0
app_0012,app_s001198,0.177,0.8687,0.0,-0.2295,0
app_0282,app_s001199,-0.8248,0.3224,0.0,-0.4513,0
app_0358,app_s001200,0.5206,0.3617,0.0,-0.2105,0
app_0173,app_s001201,-1.0331,0.0645,0.0,-0.3618,0
app_0169,app_s001202,1.074,0.0807,0.0,0.8123,0
app_0199,app_s001203,-0.0495,0.105,0.0,-0.2089,0
app_0010,app_s001204,0.0623,0.0706,0.0,1.8982,0
app_0365,app_s001205,0.6452,0.0284,0.0,0.016,0
app_0356,app_s001206,-0.2487,0.0499,0.0,-0.0692,0
app_0131,app_s001207,-0.6627,0.6955,0.0,-0.2531,0
app_0169,app_s001208,-0.6526,0.346,0.0,-0.3922,0
app_0217,app_s001209,-0.3155,0.3574,1.0,-0.3865,0
app_0225,app_s001210,2.473,0.6114,0.0,0.1025,0
app_0356,app_s001211,-1.8214,0.2225,0.0,-0.2754,0
app_0192,app_s001212,-0.9041,0.6867,0.0,0.385,0
app_0309,app_s001213,-0.5456,0.217,0.0,-0.0065,0
app_0261,app_s001214,1.0551,0.104,0.0,-0.0665,0
app_0433,app_s001215,1.2746,0.2036,0.0,-0.1622,0
app_0300,app_s001216,0.5149,0.4544,0.0,-0.4469,0
app_0267,app_s001217,-0.3056,0.6027,1.0,-0.1937,0
app_0063,app_s001218,0.6652,0.0597,0.0,7.6051,0
app_0092,app_s001219,1.5283,0.0063,1.0,-0.4515,0
app_0085,app_s001220,-1.2151,0.041,0.0,-0.0952,0
app_0311,app_s001221,-0.1006,0.0338,0.0,-0.4488,0
app_0276,app_s001222,0.7962,0.2536,0.0,-0.4346,0
app_0288,app_s001223,-0.7373,0.0948,0.0,-0.3978,0
app_0187,app_s001224,0.1172,0.0727,0.0,-0.225,0
app_0261,app_s001225,1.0324,0.0004,0.0,-0.3549,0
app_0288,app_s001226,0.8739,0.4801,0.0,0.4481,0
app_0219,app_s001227,1.0855,0.0525,0.0,-0.3507,0
app_0114,app_s001228,1.1737,0.1519,0.0,0.3922,0
app_0048,app_s001229,0.1017,0.0533,0.0,-0.3481,0
app_0124,app_s001230,-1.5923,0.0158,0.0,-0.2453,0
app_0254,app_s001231,-0.7841,0.469,0.0,-0.3143,0
app_0004,app_s001232,-0.2751,0.3399,0.0,-0.3834,0
app_0344,app_s001233,-1.7511,0.4164,0.0,-0.0693,0
app_0227,app_s001234,-10.3403,0.6023,1.0,4.712,1
app_0360,app_s001235,0.5658,0.2172,0.0,-0.3871,0
app_0123,app_s001236,-0.7914,0.0731,0.0,-0.2252,0
app_0426,app_s001237,0.4249,0.531,0.0,-0.4642,0
app_0282,app_s001238,1.5201,0.0688,0.0,-0.1713,0
app_0328,app_s001239,-0.3013,0.086,0.0,-0.3623,0
app_0196,app_s001240,0.8375,0.2604,0.0,-0.4499,0
app_0066,app_s001241,-1.4525,0.3937,0.0,-0.324,0
app_0221,app_s001242,-13.1331,0.6612,1.0,3.4567,1
app_0446,app_s001243,0.8604,0.8465,0.0,0.0732,0
app_0343,app_s001244,-2.0836,0.0266,0.0,-0.1905,0
app_0448,app_s001245,0.366,0.039,0.0,0.2721,0
app_0045,app_s001246,0.1076,0.6692,0.0,-0.2554,0
app_0260,app_s001247,-0.4601,0.2068,0.0,-0.2882,0
app_0078,app_s001248,-1.5451,0.079,0.0,-0.4722,0
app_0095,app_s001249,0.7841,0.1652,0.0,1.2294,0
app_0094,app_s001250,-0.4171,0.0547,0.0,-0.3568,0
app_0082,app_s001251,0.2096,0.1325,0.0,0.7842,0
app_0141,app_s001252,0.9583,0.1179,0.0,-0.2221,0
app_0138,app_s001253,-1.1869,0.0175,0.0,-0.4388,0
app_0023,app_s001254,0.2839,0.1539,0.0,-0.1293,0
app_0365,app_s001255,0.5295,0.4912,0.0,-0.2434,0
app_0258,app_s001256,0.2087,0.0007,0.0,-0.0358,0
app_0101,app_s001257,0.1202,0.4649,0.0,-0.474,0
app_0357,app_s001258,-0.5568,0.7942,0.0,-0.3307,0
app_0153,app_s001259,0.7707,0.0568,0.0,-0.4342,0
app_0320,app_s001260,0.2353,0.7663,0.0,-0.4231,0
app_0286,app_s001261,-0.5453,0.0382,0.0,-0.4537,0
app_0317,app_s001262,-9.9985,0.0719,0.0,7.1596,1
app_0433,app_s001263,0.8047,0.0782,1.0,-0.2488,0
app_0379,app_s001264,-10.6921,0.1009,1.0,3.1683,1
app_0439,app_s001265,-1.8259,0.0107,0.0,-0.3711,0
app_0278,app_s001266,-0.5285,0.4936,0.0,-0.3045,0
app_0217,app_s001267,-0.9335,0.0994,0.0,-0.4212,0
app_0126,app_s001268,0.1455,0.0056,0.0,-0.2739,0
app_0023,app_s001269,1.2319,0.0527,1.0,0.0101,0
app_0077,app_s001270,-0.8736,0.2085,0.0,-0.064,0
app_0036,app_s001271,-0.1652,0.6923,0.0,-0.2446,0
app_0228,app_s001272,-1.8361,0.4476,0.0,0.6649,0
app_0444,app_s001273,0.3355,0.0901,0.0,-0.4023,0
app_0069,app_s001274,1.848,0.0173,0.0,-0.2379,0
app_0040,app_s001275,0.907,0.1467,0.0,-0.3636,0
app_0360,app_s001276,1.6942,0.5067,0.0,-0.1402,0
app_0066,app_s001277,-0.8228,0.6524,0.0,-0.3526,0
app_0413,app_s001278,0.6484,0.113,1.0,-0.1924,0
app_0232,app_s001279,0.307,0.7836,0.0,-0.3182,0
app_0372,app_s001280,-1.3948,0.1769,0.0,-0.0959,0
app_0324,app_s001281,-1.1858,0.1006,0.0,-0.2164,0
app_0284,app_s001282,0.4995,0.0108,0.0,0.0018,0
app_0051,app_s001283,-1.2868,0.5641,0.0,-0.0637,0
app_0051,app_s001284,0.9067,0.1008,0.0,-0.3225,0
app_0231,app_s001285,-0.4331,0.0064,0.0,-0.3999,0
app_0300,app_s001286,-0.7718,0.025,0.0,-0.3642,0
app_0059,app_s001287,0.6769,0.6014,0.0,-0.2096,0
app_0414,app_s001288,-0.7039,0.7794,0.0,0.8828,0
app_0109,app_s001289,-2.1301,0.0672,0.0,-0.2215,0
app_0394,app_s001290,-0.2279,0.0009,0.0,-0.039,0
app_0172,app_s001291,-0.5643,0.0271,0.0,1.4834,0
app_0297,app_s001292,-0.7516,0.6735,0.0,-0.3175,0
app_0313,app_s001293,-0.977,0.031,0.0,-0.3525,0
app_0224,app_s001294,2.6844,0.0708,0.0,0.0597,0
app_0362,app_s001295,1.2133,0.0013,0.0,-0.3123,0
app_0250,app_s001296,0.8421,0.0017,1.0,-0.4403,0
app_0281,app_s001297,-1.259,0.0945,0.0,-0.0844,0
app_0386,app_s001298,0.1611,0.0386,1.0,0.189,0
app_0120,app_s001299,0.9064,0.0992,1.0,-0.4535,0
app_0272,app_s001300,0.5283,0.1819,0.0,-0.0595,0
app_0390,app_s001301,-1.5973,0.3541,0.0,-0.3786,0
app_0293,app_s001302,1.0584,0.535,0.0,-0.1173,0
app_0062,app_s001303,0.5032,0.081,0.0,-0.4806,0
app_0421,app_s001304,-0.8233,0.0505,0.0,-0.3973,0
app_0227,app_s001305,0.8206,0.4604,0.0,-0.1184,0
app_0103,app_s001306,0.8546,0.0878,1.0,-0.4523,0
app_0296,app_s001307,-0.2707,0.0191,0.0,-0.3324,0
app_0442,app_s001308,-0.2719,0.4658,0.0,0.7677,0
app_0136,app_s001309,-0.6153,0.6547,0.0,0.8452,0
app_0216,app_s001310,-2.1413,0.0135,0.0,-0.3253,0
app_0183,app_s001311,-1.4394,0.5856,0.0,-0.448,0
app_0120,app_s001312,-12.3126,0.682,1.0,2.3255,1
app_0226,app_s001313,0.588,0.0129,0.0,-0.2474,0
app_0256,app_s001314,-0.73,0.1233,0.0,-0.1371,0
app_0156,app_s001315,-0.2233,0.0984,0.0,0.0697,0
app_0121,app_s001316,-0.3253,0.0208,0.0,-0.2868,0
app_0245,app_s001317,0.5793,0.0729,0.0,-0.4229,0
app_0056,app_s001318,0.1633,0.5231,0.0,-0.3757,0
app_0314,app_s001319,-0.8077,0.6192,0.0,-0.3213,0
app_0053,app_s001320,-1.1429,0.1528,0.0,-0.2657,0
app_0332,app_s001321,0.736,0.0492,0.0,-0.2997,0
app_0105,app_s001322,-0.5804,0.0353,0.0,-0.3539,0
app_0377,app_s001323,-0.0869,0.0289,0.0,-0.2233,0
app_0376,app_s001324,-1.2511,0.0233,0.0,-0.4153,0
app_0374,app_s001325,0.9973,0.0283,0.0,0.0291,0
app_0181,app_s001326,1.9583,0.0002,0.0,-0.4541,0
app_0377,app_s001327,1.0843,0.0047,0.0,-0.3529,0
app_0203,app_s001328,1.4019,0.0103,0.0,-0.2419,0
app_0271,app_s001329,0.7035,0.0605,0.0,0.8147,0
app_0243,app_s001330,0.0471,0.3817,0.0,-0.1606,0
app_0332,app_s001331,0.2782,0.7242,0.0,-0.3867,0
app_0338,app_s001332,1.113,0.0152,0.0,-0.4587,0
app_0203,app_s001333,-0.0767,0.06,0.0,-0.0966,0
app_0096,app_s001334,-11.7039,0.0712,0.0,7.2943,1
app_0151,app_s001335,-0.8154,0.0019,0.0,-0.4246,0
app_0265,app_s001336,-0.571,0.0112,0.0,-0.3941,0
app_0370,app_s001337,-1.5613,0.0963,0.0,0.0966,0
app_0057,app_s001338,0.5519,0.0037,0.0,-0.3982,0
app_0370,app_s001339,0.0032,0.0096,0.0,-0.2198,0
app_0204,app_s001340,0.1618,0.0463,0.0,0.3174,0
app_0215,app_s001341,-13.9224,0.0165,1.0,2.2366,1
app_0235,app_s001342,-1.5493,0.3387,0.0,-0.4547,0
app_0025,app_s001343,1.5576,0.4433,0.0,1.2465,0
app_0011,app_s001344,1.5487,0.0221,0.0,-0.3919,0
app_0013,app_s001345,0.002,0.7611,0.0,-0.273,0
app_0237,app_s001346,0.4132,0.0612,0.0,-0.3653,0
app_0027,app_s001347,0.1355,0.7377,0.0,-0.3312,0
app_0294,app_s001348,0.6079,0.0594,0.0,-0.4125,0
app_0019,app_s001349,-1.0118,0.0382,0.0,-0.4595,0
app_0300,app_s001350,-1.2974,0.0075,0.0,-0.3127,0
app_0329,app_s001351,0.8752,0.1053,0.0,-0.324,0
app_0225,app_s001352,1.1618,0.0237,0.0,-0.3618,0
app_0075,app_s001353,-0.7998,0.0066,0.0,0.0315,0
app_0063,app_s001354,-1.5414,0.3058,1.0,-0.4586,0
app_0012,app_s001355,-1.1773,0.0753,0.0,-0.351,0
app_0088,app_s001356,0.2002,0.0174,0.0,-0.4499,0
app_0152,app_s001357,-0.3728,0.0487,0.0,0.4392,0
app_0296,app_s001358,-0.6097,0.0111,0.0,-0.2364,0
app_0268,app_s001359,1.0158,0.0171,0.0,-0.2118,0
app_0032,app_s001360,0.4746,0.2184,0.0,-0.2497,0
app_0309,app_s001361,0.568,0.1065,0.0,2.9795,0
app_0010,app_s001362,-12.0817,0.6719,1.0,4.0807,1
app_0099,app_s001363,-0.818,0.6078,0.0,-0.3968,0
app_0126,app_s001364,-0.2438,0.0604,0.0,-0.4338,0
app_0403,app_s001365,-0.638,0.0004,0.0,-0.4161,0
app_0165,app_s001366,-0.7948,0.8543,0.0,-0.37,0
app_0148,app_s001367,1.2808,0.4289,0.0,-0.3355,0
app_0218,app_s001368,-1.5139,0.0225,0.0,0.1186,0
app_0019,app_s001369,0.5267,0.0377,0.0,-0.0612,0
app_0413,app_s001370,-0.5694,0.5604,0.0,-0.0565,0
app_0054,app_s001371,-0.9096,0.1263,0.0,0.7955,0
app_0215,app_s001372,1.2926,0.3172,1.0,-0.1245,0
app_0304,app_s001373,0.8007,0.3094,0.0,-0.4312,0
app_0421,app_s001374,0.6153,0.0358,0.0,-0.4524,0
app_0366,app_s001375,-1.2645,0.0123,0.0,0.3628,0
app_0384,app_s001376,-0.6132,0.1023,0.0,-0.2682,0
app_0114,app_s001377,1.1008,0.0422,1.0,-0.0424,0
app_0366,app_s001378,-0.7883,0.0014,0.0,0.2925,0
app_0077,app_s001379,1.9738,0.0044,0.0,-0.4271,0
app_0413,app_s001380,-0.7095,0.0207,0.0,0.0154,0
app_0191,app_s001381,-1.2711,0.0423,0.0,-0.4418,0
app_0133,app_s001382,0.5877,0.0751,0.0,-0.3496,0
app_0438,app_s001383,1.2493,0.1147,0.0,-0.3673,0
app_0165,app_s001384,1.0427,0.4824,0.0,0.9242,0
app_0219,app_s001385,1.3046,0.3767,0.0,-0.209,0
app_0142,app_s001386,0.5809,0.6396,0.0,-0.4506,0
app_0047,app_s001387,-0.7302,0.0478,0.0,-0.3686,0
app_0120,app_s001388,0.9089,0.0371,0.0,-0.4306,0
app_0372,app_s001389,0.5294,0.0343,0.0,-0.3224,0
app_0426,app_s001390,0.549,0.031,0.0,-0.2168,0
app_0403,app_s001391,2.5385,0.1908,0.0,0.3536,0
app_0083,app_s001392,-1.4317,0.1285,0.0,-0.2485,0
app_0270,app_s001393,0.8288,0.2227,0.0,1.9003,0
app_0201,app_s001394,-1.955,0.04,0.0,2.7007,0
app_0395,app_s001395,0.2321,0.0056,1.0,-0.0287,0
app_0205,app_s001396,0.1761,0.7358,0.0,-0.3435,0
app_0026,app_s001397,-0.1178,0.0611,0.0,-0.4308,0
app_0037,app_s001398,0.9327,0.8512,0.0,-0.0073,0
app_0435,app_s001399,0.3826,0.056,0.0,-0.2803,0
app_0149,app_s001400,0.9527,0.1425,0.0,-0.4407,0
app_0094,app_s001401,16.5757,0.6831,0.0,3.6919,1
app_0257,app_s001402,-0.8422,0.0067,0.0,-0.4675,0
app_0043,app_s001403,-0.6587,0.1616,0.0,-0.4015,0
app_0250,app_s001404,-0.5979,0.0138,0.0,-0.0731,0
app_0121,app_s001405,0.0367,0.0053,1.0,-0.4264,0
app_0299,app_s001406,-1.7716,0.1231,0.0,-0.4465,0
app_0140,app_s001407,0.8227,0.5853,0.0,-0.4074,0
app_0287,app_s001408,2.4303,0.2496,0.0,0.1682,0
app_0314,app_s001409,-0.3024,0.1112,0.0,-0.3852,0
app_0350,app_s001410,-1.7405,0.0463,0.0,0.9688,0
app_0008,app_s001411,1.148,0.0639,0.0,-0.1907,0
app_0332,app_s001412,-0.7491,0.5099,0.0,-0.0396,0
app_0234,app_s001413,1.471,0.0461,0.0,0.0389,0
app_0270,app_s001414,-0.1757,0.1276,0.0,-0.1468,0
app_0141,app_s001415,-0.3366,0.1801,1.0,-0.0348,0
app_0208,app_s001416,1.2942,0.0489,0.0,-0.3121,0
app_0357,app_s001417,0.5451,0.1752,0.0,-0.3544,0
app_0015,app_s001418,-0.3477,0.0406,0.0,1.366,0
app_0417,app_s001419,-1.2373,0.4888,0.0,-0.4431,0
app_0405,app_s001420,-2.1136,0.5307,0.0,1.1755,0
app_0374,app_s001421,-0.0799,0.0148,0.0,0.2545,0
app_0129,app_s001422,-0.5174,0.6694,0.0,-0.4393,0
app_0170,app_s001423,-1.636,0.1666,1.0,-0.3603,0
app_0262,app_s001424,2.1805,0.4053,0.0,0.1876,0
app_0255,app_s001425,-0.5733,0.154,0.0,0.3497,0
app_0096,app_s001426,0.1479,0.0098,0.0,-0.452,0
app_0252,app_s001427,-0.5556,0.3266,0.0,-0.4345,0
app_0179,app_s001428,-1.4745,0.3554,0.0,-0.4113,0
app_0276,app_s001429,-0.7851,0.5224,0.0,0.5538,0
app_0141,app_s001430,1.1008,0.088,0.0,0.2216,0
app_0219,app_s001431,0.1985,0.137,0.0,0.1191,0
app_0355,app_s001432,20.7689,0.1895,1.0,5.6039,1
app_0162,app_s001433,-0.2317,0.3875,0.0,-0.4206,0
app_0276,app_s001434,0.6644,0.4334,0.0,-0.316,0
app_0116,app_s001435,-0.794,0.246,0.0,0.7673,0
app_0069,app_s001436,0.9242,0.8067,1.0,-0.3548,0
app_0047,app_s001437,-11.7674,0.8019,0.0,8.4916,1
app_0121,app_s001438,0.5368,0.0028,0.0,-0.3759,0
app_0415,app_s001439,1.1997,0.2387,0.0,-0.1934,0
app_0217,app_s001440,-0.0586,0.1096,0.0,-0.462,0
app_0006,app_s001441,0.2877,0.1845,0.0,-0.4256,0
app_0353,app_s001442,0.3424,0.7383,1.0,2.0539,0
app_0329,app_s001443,0.4196,0.0678,0.0,-0.2057,0
app_0082,app_s001444,-0.0223,0.0229,0.0,-0.2651,0
app_0256,app_s001445,1.2519,0.6759,0.0,1.5059,0
app_0015,app_s001446,0.19,0.0141,0.0,-0.1391,0
app_0275,app_s001447,0.2901,0.0051,0.0,-0.484,0
app_0446,app_s001448,7.9564,0.0732,1.0,4.7356,1
app_0268,app_s001449,-0.1128,0.0325,0.0,-0.3907,0
app_0226,app_s001450,0.6374,0.0626,0.0,-0.335,0
app_0404,app_s001451,-0.3286,0.0459,0.0,-0.4604,0
app_0152,app_s001452,0.7302,0.3837,0.0,-0.4634,0
app_0212,app_s001453,0.5042,0.0054,0.0,-0.38,0
app_0385,app_s001454,-0.4867,0.0184,0.0,-0.4205,0
app_0412,app_s001455,0.4043,0.7574,0.0,-0.4756,0
app_0239,app_s001456,-0.9613,0.1833,0.0,2.7214,0
app_0243,app_s001457,-1.6257,0.0778,0.0,-0.471,0
app_0337,app_s001458,0.9341,0.3545,1.0,-0.4094,0
app_0140,app_s001459,-0.2746,0.7341,0.0,0.3093,0
app_0256,app_s001460,-1.0994,0.7862,0.0,-0.4596,0
app_0105,app_s001461,-0.4481,0.0134,0.0,-0.3897,0
app_0387,app_s001462,-12.3552,0.0985,1.0,3.9285,1
app_0336,app_s001463,0.8701,0.0265,0.0,-0.3977,0
app_0243,app_s001464,-0.0572,0.0173,0.0,0.571,0
app_0314,app_s001465,0.1662,0.0681,0.0,-0.0593,0
app_0359,app_s001466,-4.61,0.8456,1.0,7.4701,1
app_0440,app_s001467,0.5115,0.6038,0.0,0.0794,0
app_0382,app_s001468,-0.1282,0.0234,0.0,-0.3051,0
app_0436,app_s001469,-1.1491,0.0188,0.0,-0.452,0
app_0124,app_s001470,-0.0956,0.0072,0.0,0.0019,0
app_0151,app_s001471,-0.8616,0.0106,0.0,1.7373,0
app_0303,app_s001472,-0.3062,0.146,0.0,-0.4276,0
app_0446,app_s001473,0.3985,0.5605,0.0,-0.361,0
app_0350,app_s001474,-1.4183,0.0048,0.0,-0.4296,0
app_0185,app_s001475,1.2905,0.1288,0.0,-0.1966,0
app_0192,app_s001476,0.0982,0.6189,0.0,-0.1908,0
app_0396,app_s001477,0.4412,0.106,1.0,-0.1521,0
app_0420,app_s001478,0.8315,0.1195,0.0,-0.0903,0
app_0292,app_s001479,-0.6743,0.05,0.0,0.0877,0
app_0062,app_s001480,-1.0391,0.319,0.0,-0.3263,0
app_0346,app_s001481,-1.4708,0.2056,1.0,-0.3331,0
app_0302,app_s001482,0.3674,0.063,0.0,-0.092,0
app_0371,app_s001483,0.7048,0.5971,0.0,-0.4187,0
app_0063,app_s001484,-0.3691,0.1871,0.0,-0.3855,0
app_0083,app_s001485,-0.3312,0.5407,0.0,-0.3339,0
app_0118,app_s001486,0.5349,0.4824,0.0,0.5131,0
app_0406,app_s001487,-2.1516,0.0076,0.0,-0.463,0
app_0299,app_s001488,-1.4874,0.5214,0.0,-0.463,0
app_0244,app_s001489,-0.5214,0.0983,0.0,-0.2592,0
app_0020,app_s001490,-0.0955,0.0492,0.0,-0.1692,0
app_0232,app_s001491,-8.5335,0.7986,1.0,2.5351,1
app_0095,app_s001492,0.0146,0.7007,0.0,-0.1364,0
app_0018,app_s001493,-0.3396,0.0209,1.0,-0.4139,0
app_0001,app_s001494,1.9579,0.4801,0.0,0.2134,0
app_0004,app_s001495,-0.1388,0.0738,0.0,-0.4304,0
app_0396,app_s001496,-0.9685,0.4717,0.0,0.2268,0
app_0289,app_s001497,-1.0681,0.0402,0.0,0.1186,0
app_0269,app_s001498,-0.2278,0.66,0.0,0.1261,0
app_0324,app_s001499,-14.0407,0.7154,1.0,5.0958,1
app_0333,app_s001500,-0.1843,0.3621,1.0,-0.456,0
app_0038,app_s001501,0.2527,0.7254,0.0,-0.4702,0
app_0063,app_s001502,1.0842,0.1374,1.0,-0.3625,0
app_0208,app_s001503,-0.8972,0.0483,0.0,1.0437,0
app_0273,app_s001504,-0.1751,0.0099,0.0,-0.4642,0
app_0417,app_s001505,-0.8006,0.3542,0.0,1.2245,0
app_0331,app_s001506,-12.0447,0.8884,1.0,4.8435,1
app_0226,app_s001507,-0.274,0.5351,0.0,-0.4092,0
app_0286,app_s001508,31.2376,0.6761,1.0,3.3802,1
app_0387,app_s001509,0.4022,0.605,0.0,-0.307,0
app_0444,app_s001510,1.9397,0.1473,0.0,1.1208,0
app_0449,app_s001511,0.0102,0.0227,0.0,-0.3287,0
app_0290,app_s001512,1.331,0.0205,0.0,0.1611,0
app_0142,app_s001513,0.871,0.0616,0.0,0.7885,0
app_0210,app_s001514,0.6061,0.0749,0.0,-0.2113,0
app_0217,app_s001515,-0.14,0.6181,0.0,0.0609,0
app_0050,app_s001516,-0.0761,0.0039,0.0,-0.131,0
app_0290,app_s001517,2.1799,0.4707,0.0,-0.451,0
app_0409,app_s001518,-0.066,0.1306,1.0,-0.412,0
app_0403,app_s001519,0.6205,0.0468,0.0,-0.4362,0
app_0073,app_s001520,-2.071,0.0318,0.0,-0.3082,0
app_0382,app_s001521,-1.1883,0.7258,0.0,-0.4242,0
app_0064,app_s001522,-1.2136,0.4041,0.0,-0.2635,0
app_0397,app_s001523,2.0635,0.0591,0.0,0.4194,0
app_0318,app_s001524,-0.9662,0.603,0.0,-0.4718,0
app_0309,app_s001525,-0.893,0.1447,0.0,-0.4081,0
app_0019,app_s001526,-0.1774,0.786,1.0,0.3835,0
app_0445,app_s001527,0.4997,0.007,0.0,-0.3037,0
app_0118,app_s001528,0.1348,0.5027,0.0,-0.4489,0
app_0240,app_s001529,-1.6195,0.0297,0.0,1.4509,0
app_0163,app_s001530,0.5607,0.0398,0.0,0.1941,0
app_0041,app_s001531,1.1377,0.0674,0.0,0.1314,0
app_0395,app_s001532,0.5457,0.0114,1.0,-0.1658,0
app_0380,app_s001533,-0.4282,0.3701,0.0,-0.1861,0
app_0279,app_s001534,0.4642,0.0268,0.0,-0.4059,0
app_0108,app_s001535,1.0439,0.0355,0.0,2.9125,0
app_0083,app_s001536,0.0887,0.3634,0.0,-0.0327,0
app_0122,app_s001537,1.331,0.5467,0.0,2.0256,0
app_0032,app_s001538,-8.4646,0.6221,1.0,3.8099,1
app_0138,app_s001539,0.3423,0.0271,0.0,-0.3833,0
app_0421,app_s001540,-1.6052,0.343,0.0,0.4835,0
app_0010,app_s001541,-0.8932,0.6229,0.0,0.3383,0
app_0190,app_s001542,-0.162,0.0961,0.0,0.2865,0
app_0041,app_s001543,-0.5628,0.0242,0.0,-0.2384,0
app_0250,app_s001544,-0.79,0.3539,0.0,0.0142,0
app_0003,app_s001545,0.7612,0.4875,0.0,-0.3374,0
app_0181,app_s001546,-0.9443,0.0497,0.0,-0.4308,0
app_0333,app_s001547,-0.2977,0.4649,0.0,2.8165,0
app_0046,app_s001548,1.7531,0.4679,0.0,-0.4243,0
app_0417,app_s001549,1.4284,0.0471,0.0,-0.4283,0
app_0405,app_s001550,-0.4306,0.0093,0.0,-0.316,0
app_0408,app_s001551,-0.1188,0.286,0.0,-0.3063,0
app_0123,app_s001552,0.0518,0.0559,0.0,-0.419,0
app_0319,app_s001553,1.5217,0.0422,0.0,-0.3665,0
app_0359,app_s001554,0.2475,0.0988,0.0,-0.3228,0
app_0430,app_s001555,-1.2221,0.0705,1.0,-0.4093,0
app_0163,app_s001556,1.0444,0.043,0.0,-0.2789,0
app_0091,app_s001557,0.6836,0.0467,0.0,-0.3822,0
app_0379,app_s001558,0.0027,0.054,0.0,-0.4765,0
app_0246,app_s001559,0.2107,0.0171,0.0,-0.3615,0
app_0071,app_s001560,-0.1029,0.1219,0.0,1.2938,0
app_0406,app_s001561,2.1922,0.1971,0.0,-0.4329,0
app_0051,app_s001562,1.7977,0.213,0.0,-0.4646,0
app_0275,app_s001563,-13.9959,0.1202,1.0,6.6372,1
app_0098,app_s001564,-1.4782,0.0505,0.0,0.2201,0
app_0176,app_s001565,0.0062,0.1029,0.0,-0.2574,0
app_0175,app_s001566,0.2446,0.0059,0.0,-0.4211,0
app_0178,app_s001567,0.981,0.094,0.0,1.1586,0
app_0357,app_s001568,1.2407,0.0424,0.0,-0.2533,0
app_0213,app_s001569,0.4222,0.0475,0.0,-0.29,0
app_0217,app_s001570,0.2618,0.1184,0.0,0.029,0
app_0300,app_s001571,1.258,0.0033,0.0,-0.3435,0
app_0108,app_s001572,-0.6169,0.0456,0.0,-0.3095,0
app_0222,app_s001573,1.5899,0.1883,0.0,-0.358,0
app_0177,app_s001574,-0.0006,0.264,0.0,-0.3908,0
app_0401,app_s001575,-0.0029,0.0134,1.0,-0.2761,0
app_0193,app_s001576,0.3226,0.4661,0.0,-0.3822,0
app_0110,app_s001577,1.7839,0.4784,0.0,-0.4257,0
app_0214,app_s001578,-0.7584,0.0503,0.0,-0.3552,0
app_0400,app_s001579,0.8199,0.0575,0.0,-0.1981,0
app_0125,app_s001580,0.1272,0.0086,0.0,-0.1683,0
app_0065,app_s001581,0.932,0.7766,0.0,1.5275,0
app_0228,app_s001582,0.9526,0.2512,0.0,-0.3891,0
app_0424,app_s001583,-1.3119,0.0261,0.0,0.4901,0
app_0234,app_s001584,-1.7355,0.3454,0.0,-0.4113,0
app_0234,app_s001585,-0.1951,0.1316,0.0,-0.4586,0
app_0143,app_s001586,0.1872,0.0367,0.0,-0.3816,0
app_0140,app_s001587,-0.3576,0.0692,0.0,-0.4373,0
app_0188,app_s001588,-1.226,0.0231,0.0,-0.4463,0
app_0025,app_s001589,-0.45,0.1185,0.0,-0.081,0
app_0120,app_s001590,0.2928,0.103,0.0,-0.146,0
app_0448,app_s001591,-0.6179,0.7364,0.0,-0.2937,0
app_0328,app_s001592,-0.5623,0.1184,1.0,-0.3939,0
app_0386,app_s001593,0.7499,0.0144,0.0,-0.1824,0
app_0105,app_s001594,-1.4044,0.0258,0.0,-0.4724,0
app_0294,app_s001595,1.0127,0.0267,1.0,-0.3004,0
app_0364,app_s001596,0.6577,0.0124,0.0,-0.2096,0
app_0255,app_s001597,-1.9967,0.1522,0.0,7.8119,0
app_0220,app_s001598,-1.3697,0.0051,0.0,-0.3835,0
app_0100,app_s001599,-0.1314,0.3335,0.0,0.014,0
app_0443,app_s001600,-1.0424,0.0158,0.0,0.6118,0
app_0382,app_s001601,1.0517,0.0889,1.0,-0.4484,0
app_0178,app_s001602,1.5059,0.7537,0.0,-0.4178,0
app_0275,app_s001603,-0.5574,0.0812,0.0,-0.4062,0
app_0268,app_s001604,-4.4944,0.6596,1.0,4.125,1
app_0423,app_s001605,1.5937,0.191,0.0,0.0373,0
app_0139,app_s001606,0.3355,0.547,0.0,-0.1166,0
app_0033,app_s001607,0.6491,0.2832,0.0,-0.3673,0
app_0426,app_s001608,0.6525,0.0882,0.0,0.9139,0
app_0391,app_s001609,-0.1578,0.2024,0.0,0.146,0
app_0252,app_s001610,-0.0387,0.0842,0.0,-0.231,0
app_0202,app_s001611,0.6054,0.0228,0.0,-0.1988,0
app_0331,app_s001612,-1.0462,0.0363,0.0,-0.427,0
app_0339,app_s001613,1.9809,0.35,0.0,-0.2995,0
app_0444,app_s001614,-2.3821,0.0014,1.0,-0.1115,0
app_0023,app_s001615,1.3247,0.8412,0.0,-0.2694,0
app_0366,app_s001616,0.0735,0.1833,0.0,0.752,0
app_0427,app_s001617,-1.9107,0.0284,0.0,-0.1184,0
app_0231,app_s001618,-0.0346,0.0428,0.0,-0.3799,0
app_0292,app_s001619,-0.2393,0.0614,0.0,-0.1893,0
app_0421,app_s001620,-1.4535,0.0161,0.0,-0.1685,0
app_0414,app_s001621,1.1538,0.0209,0.0,-0.3239,0
app_0268,app_s001622,-4.8452,0.1133,1.0,3.6688,1
app_0192,app_s001623,0.2117,0.6845,0.0,-0.3831,0
app_0187,app_s001624,12.5122,0.7673,1.0,3.3192,1
app_0279,app_s001625,1.1579,0.0496,0.0,-0.3932,0
app_0056,app_s001626,-0.3021,0.0254,0.0,-0.4631,0
app_0406,app_s001627,-0.3882,0.1037,0.0,-0.424,0
app_0218,app_s001628,1.1722,0.0483,0.0,-0.2756,0
app_0266,app_s001629,-1.1712,0.0589,0.0,-0.4011,0
app_0007,app_s001630,-0.068,0.4297,0.0,0.556,0
app_0340,app_s001631,1.0513,0.0,0.0,-0.0527,0
app_0292,app_s001632,-1.9944,0.0343,0.0,-0.4517,0
app_0424,app_s001633,0.8645,0.0968,1.0,-0.0801,0
app_0113,app_s001634,-0.5536,0.4583,0.0,-0.4382,0
app_0285,app_s001635,-0.1341,0.018,0.0,-0.0405,0
app_0126,app_s001636,0.8201,0.0761,0.0,-0.3699,0
app_0229,app_s001637,-0.3911,0.1107,0.0,-0.158,0
app_0192,app_s001638,1.2593,0.5858,0.0,0.3016,0
app_0120,app_s001639,1.9571,0.0374,0.0,-0.469,0
app_0271,app_s001640,-1.4219,0.1621,0.0,-0.3994,0
app_0057,app_s001641,-0.8184,0.3166,0.0,-0.3447,0
app_0245,app_s001642,-0.9931,0.6748,0.0,1.0724,0
app_0329,app_s001643,-0.5748,0.7372,0.0,-0.3158,0
app_0234,app_s001644,0.8612,0.1981,0.0,-0.4558,0
app_0364,app_s001645,1.4797,0.1417,0.0,-0.2838,0
app_0344,app_s001646,0.4254,0.0419,0.0,0.8529,0
app_0301,app_s001647,-1.2082,0.0382,0.0,1.5767,0
app_0126,app_s001648,-1.639,0.1846,1.0,-0.229,0
app_0073,app_s001649,0.7704,0.0233,0.0,0.943,0
app_0309,app_s001650,-0.3549,0.254,0.0,-0.1393,0
app_0393,app_s001651,1.0564,0.1232,0.0,6.1613,0
app_0449,app_s001652,-0.9117,0.5628,0.0,-0.45,0
app_0128,app_s001653,-0.8426,0.3955,0.0,-0.3795,0
app_0092,app_s001654,0.1478,0.0815,0.0,0.6828,0
app_0168,app_s001655,0.3392,0.2191,0.0,-0.4054,0
app_0152,app_s001656,0.459,0.075,0.0,-0.4589,0
app_0390,app_s001657,-0.0266,0.5508,0.0,-0.1845,0
app_0004,app_s001658,-1.028,0.0018,0.0,-0.2527,0
app_0089,app_s001659,-0.6253,0.0536,0.0,-0.3657,0
app_0091,app_s001660,-0.0231,0.1255,0.0,0.0827,0
app_0189,app_s001661,-0.3218,0.0155,0.0,0.3994,0
app_0222,app_s001662,-1.4438,0.3231,1.0,-0.1117,0
app_0149,app_s001663,-0.3356,0.2609,1.0,-0.3987,0
app_0154,app_s001664,-0.4694,0.0654,1.0,-0.3991,0
app_0314,app_s001665,-0.144,0.3249,0.0,-0.4465,0
app_0192,app_s001666,-1.3373,0.0366,0.0,0.1672,0
app_0161,app_s001667,1.8823,0.3621,0.0,2.348,0
app_0343,app_s001668,-0.5053,0.2917,0.0,-0.0095,0
app_0133,app_s001669,-1.091,0.3235,0.0,-0.2329,0
app_0409,app_s001670,0.3016,0.5379,0.0,-0.1844,0
app_0419,app_s001671,1.8981,0.7144,0.0,0.5975,0
app_0315,app_s001672,0.416,0.3644,0.0,-0.442,0
app_0079,app_s001673,-0.9936,0.1213,0.0,-0.4199,0
app_0031,app_s001674,1.9919,0.3722,0.0,-0.1125,0
app_0291,app_s001675,0.6067,0.5324,0.0,0.5006,0
app_0402,app_s001676,1.2324,0.0494,0.0,0.1217,0
app_0263,app_s001677,0.9261,0.178,0.0,-0.3773,0
app_0015,app_s001678,-0.4236,0.4877,0.0,-0.4202,0
app_0359,app_s001679,-0.1865,0.0055,0.0,0.0076,0
app_0285,app_s001680,1.2117,0.0036,0.0,0.1285,0
app_0430,app_s001681,1.5263,0.0131,0.0,0.5919,0
app_0313,app_s001682,0.0073,0.0661,0.0,-0.3112,0
app_0149,app_s001683,0.3869,0.109,0.0,-0.4155,0
app_0168,app_s001684,-0.1736,0.4819,0.0,0.3984,0
app_0408,app_s001685,0.9952,0.0425,0.0,-0.4332,0
app_0392,app_s001686,-10.6789,0.1673,1.0,2.4583,1
app_0429,app_s001687,1.5413,0.019,0.0,-0.4184,0
app_0209,app_s001688,0.4195,0.394,0.0,-0.2457,0
app_0192,app_s001689,0.0182,0.0001,0.0,-0.219,0
app_0350,app_s001690,0.5633,0.0203,0.0,-0.4031,0
app_0395,app_s001691,0.0936,0.1741,0.0,0.8655,0
app_0263,app_s001692,2.1668,0.1935,0.0,-0.245,0
app_0251,app_s001693,-12.996,0.592,0.0,1.7135,1
app_0317,app_s001694,0.4655,0.1748,0.0,-0.3706,0
app_0128,app_s001695,-1.2429,0.0726,0.0,-0.391,0
app_0439,app_s001696,-2.1409,0.5992,0.0,-0.2138,0
app_0429,app_s001697,1.1846,0.7137,0.0,-0.4234,0
app_0364,app_s001698,-0.7686,0.0514,0.0,-0.3047,0
app_0250,app_s001699,-0.1117,0.5469,0.0,0.6268,0
app_0033,app_s001700,-0.2441,0.0592,0.0,-0.3031,0
app_0263,app_s001701,-1.1693,0.629,0.0,-0.3629,0
app_0101,app_s001702,-1.0832,0.0666,0.0,-0.294,0
app_0360,app_s001703,0.4264,0.6956,1.0,-0.4767,0
app_0106,app_s001704,0.8968,0.1293,0.0,-0.3694,0
app_0269,app_s001705,0.2885,0.0161,0.0,-0.1414,0
app_0190,app_s001706,-0.2578,0.0475,0.0,-0.3821,0
app_0280,app_s001707,-0.006,0.0236,0.0,-0.2985,0
app_0437,app_s001708,0.6442,0.0226,0.0,-0.4517,0
app_0118,app_s001709,-2.2128,0.0379,0.0,-0.3288,0
app_0276,app_s001710,-0.3373,0.0356,0.0,-0.2922,0
app_0384,app_s001711,0.4073,0.1507,0.0,-0.1334,0
app_0243,app_s001712,-0.2036,0.3816,0.0,-0.4543,0
app_0143,app_s001713,0.0721,0.6908,0.0,-0.266,0
app_0362,app_s001714,-0.0098,0.1505,0.0,-0.3824,0
app_0189,app_s001715,0.5486,0.6823,0.0,-0.4145,0
app_0170,app_s001716,0.3452,0.0204,0.0,-0.4707,0
app_0243,app_s001717,-0.713,0.5985,0.0,-0.2506,0
app_0214,app_s001718,0.4446,0.0651,0.0,0.6854,0
app_0449,app_s001719,-0.4488,0.098,1.0,0.8202,0
app_0358,app_s001720,0.8183,0.4288,0.0,0.2968,0
app_0160,app_s001721,-0.025,0.0317,1.0,-0.363,0
app_0194,app_s001722,0.1915,0.4364,0.0,3.3816,0
app_0238,app_s001723,0.3173,0.0329,0.0,-0.3131,0
app_0416,app_s001724,-1.8046,0.0269,0.0,0.1731,0
app_0207,app_s001725,1.0498,0.0549,0.0,-0.4528,0
app_0027,app_s001726,1.0442,0.5198,0.0,-0.3653,0
app_0156,app_s001727,-1.8733,0.6366,0.0,0.1832,0
app_0157,app_s001728,-1.589,0.2166,0.0,-0.2005,0
app_0083,app_s001729,0.5132,0.0772,0.0,-0.2013,0
app_0376,app_s001730,0.2202,0.4733,0.0,-0.3895,0
app_0425,app_s001731,-0.12,0.6049,1.0,-0.3506,0
app_0140,app_s001732,0.0733,0.1955,0.0,-0.4745,0
app_0269,app_s001733,0.5882,0.3438,1.0,-0.2725,0
app_0018,app_s001734,-0.3762,0.5054,1.0,-0.4212,0
app_0124,app_s001735,-1.2816,0.646,0.0,-0.2545,0
app_0261,app_s001736,2.7464,0.0009,0.0,-0.2511,0
app_0361,app_s001737,1.0771,0.3806,0.0,4.7982,0
app_0050,app_s001738,-1.2119,0.7137,1.0,-0.204,0
app_0131,app_s001739,1.521,0.5793,0.0,-0.4096,0
app_0335,app_s001740,0.2611,0.1229,0.0,-0.1738,0
app_0107,app_s001741,1.0214,0.0399,0.0,-0.2499,0
app_0019,app_s001742,-0.3483,0.0231,0.0,-0.1993,0
app_0206,app_s001743,-0.3739,0.9295,0.0,-0.3716,0
app_0266,app_s001744,0.8166,0.0032,0.0,-0.468,0
app_0403,app_s001745,1.2813,0.0504,1.0,-0.4307,0
app_0269,app_s001746,0.4124,0.0398,1.0,0.552,0
app_0058,app_s001747,0.2994,0.302,0.0,0.2335,0
app_0448,app_s001748,3.2002,0.0558,1.0,-0.4454,0
app_0392,app_s001749,-0.2716,0.8407,0.0,-0.0371,0
app_0311,app_s001750,-1.1588,0.0315,0.0,-0.4396,0
app_0076,app_s001751,2.1152,0.3937,0.0,3.6192,0
app_0039,app_s001752,0.3459,0.3813,0.0,-0.3247,0
app_0107,app_s001753,0.358,0.0956,0.0,-0.3694,0
app_0298,app_s001754,-1.5941,0.216,0.0,0.0329,0
app_0016,app_s001755,-1.0399,0.0128,0.0,-0.4021,0
app_0332,app_s001756,-0.8695,0.0778,0.0,-0.4159,0
app_0263,app_s001757,2.221,0.1228,0.0,0.036,0
app_0393,app_s001758,-0.6747,0.3588,0.0,-0.1791,0
app_0231,app_s001759,0.105,0.7139,0.0,-0.2923,0
app_0060,app_s001760,1.1422,0.0728,0.0,-0.1222,0
app_0128,app_s001761,-0.7114,0.0362,0.0,0.106,0
app_0025,app_s001762,-0.1685,0.0818,0.0,-0.3833,0
app_0287,app_s001763,-0.7108,0.4078,0.0,-0.3211,0
app_0300,app_s001764,1.3512,0.6731,0.0,0.1652,0
app_0007,app_s001765,0.8965,0.0339,0.0,-0.4202,0
app_0005,app_s001766,-0.5295,0.0063,1.0,2.583,0
app_0066,app_s001767,-1.6177,0.6265,0.0,-0.4524,0
app_0438,app_s001768,1.0867,0.8167,0.0,-0.0393,0
app_0027,app_s001769,0.2766,0.0004,0.0,-0.3782,0
app_0129,app_s001770,2.1697,0.6028,0.0,-0.362,0
app_0368,app_s001771,-0.2957,0.0566,0.0,1.0111,0
app_0289,app_s001772,-0.946,0.117,1.0,-0.3436,0
app_0147,app_s001773,0.6335,0.3068,0.0,-0.1306,0
app_0025,app_s001774,0.5202,0.0669,0.0,-0.2415,0
app_0328,app_s001775,0.2331,0.0014,0.0,-0.3322,0
app_0123,app_s001776,-0.252,0.0311,0.0,0.2192,0
app_0102,app_s001777,-1.0273,0.0737,1.0,-0.4226,0
app_0166,app_s001778,-0.9632,0.4008,0.0,-0.2809,0
app_0271,app_s001779,-0.0239,0.0366,1.0,-0.0386,0
app_0338,app_s001780,-0.599,0.019,0.0,0.213,0
app_0228,app_s001781,-2.3578,0.1446,0.0,-0.3668,0
app_0310,app_s001782,19.4566,0.6957,0.0,2.5377,1
app_0176,app_s001783,-0.3291,0.0592,1.0,-0.2873,0
app_0265,app_s001784,-0.7062,0.0365,0.0,-0.2406,0
app_0428,app_s001785,-0.6336,0.0243,0.0,-0.1823,0
app_0318,app_s001786,1.0597,0.0802,0.0,1.2013,0
app_0303,app_s001787,-1.2634,0.0016,0.0,-0.1862,0
app_0422,app_s001788,-1.1749,0.1817,0.0,-0.4188,0
app_0149,app_s001789,1.7679,0.0379,0.0,-0.105,0
app_0057,app_s001790,2.0891,0.1344,0.0,-0.3987,0
app_0108,app_s001791,-1.4422,0.05,0.0,0.4309,0
app_0410,app_s001792,-1.0241,0.4056,0.0,-0.1866,0
app_0270,app_s001793,0.3888,0.2188,0.0,0.0543,0
app_0214,app_s001794,-0.735,0.0676,0.0,-0.4202,0
app_0120,app_s001795,0.9928,0.1098,0.0,-0.4177,0
app_0365,app_s001796,1.1136,0.0307,0.0,0.9141,0
app_0268,app_s001797,0.063,0.1053,0.0,-0.3605,0
app_0004,app_s001798,1.072,0.3112,0.0,-0.3681,0
app_0247,app_s001799,0.7373,0.0733,0.0,-0.1511,0
app_0341,app_s001800,-1.5684,0.0392,1.0,-0.1513,0
app_0204,app_s001801,-0.2853,0.022,1.0,-0.4172,0
app_0229,app_s001802,0.3704,0.2224,1.0,-0.4483,0
app_0114,app_s001803,0.4167,0.7117,0.0,0.7037,0
app_0020,app_s001804,1.6192,0.4746,1.0,-0.2988,0
app_0180,app_s001805,-0.8806,0.8413,0.0,-0.3245,0
app_0270,app_s001806,-0.121,0.0013,0.0,1.0208,0
app_0037,app_s001807,0.9287,0.0077,1.0,-0.2495,0
app_0078,app_s001808,-1.6069,0.2188,0.0,0.1764,0
app_0278,app_s001809,1.4953,0.1186,0.0,-0.1109,0
app_0033,app_s001810,1.4257,0.0483,0.0,-0.4697,0
app_0256,app_s001811,0.9738,0.073,0.0,0.1636,0
app_0090,app_s001812,0.0438,0.1569,0.0,-0.0495,0
app_0148,app_s001813,-0.4722,0.0508,0.0,-0.2463,0
app_0386,app_s001814,0.9432,0.2465,0.0,-0.1049,0
app_0001,app_s001815,0.7791,0.0335,0.0,-0.4502,0
app_0417,app_s001816,-0.4138,0.0109,0.0,-0.2608,0
app_0127,app_s001817,1.4226,0.4341,0.0,-0.2711,0
app_0358,app_s001818,0.0024,0.0362,0.0,-0.0472,0
app_0216,app_s001819,0.0081,0.0055,0.0,1.112,0
app_0356,app_s001820,0.0499,0.4961,0.0,-0.3346,0
app_0249,app_s001821,-13.0212,0.5838,0.0,5.2871,1
app_0371,app_s001822,1.8532,0.0546,0.0,-0.4043,0
app_0375,app_s001823,22.5834,0.5656,0.0,2.9325,1
app_0099,app_s001824,-0.0303,0.2101,0.0,1.6593,0
app_0427,app_s001825,-1.2765,0.0807,0.0,0.6775,0
app_0030,app_s001826,-5.2425,0.5923,1.0,3.7212,1
app_0426,app_s001827,32.19,0.6016,0.0,4.6977,1
app_0387,app_s001828,0.7188,0.0839,1.0,0.0327,0
app_0329,app_s001829,0.9622,0.2956,0.0,0.4956,0
app_0319,app_s001830,14.2854,0.7754,0.0,1.0264,1
app_0448,app_s001831,-0.9328,0.1451,0.0,-0.2208,0
app_0155,app_s001832,-0.7844,0.1372,0.0,-0.4125,0
app_0016,app_s001833,0.5954,0.047,1.0,-0.132,0
app_0114,app_s001834,-0.5302,0.211,0.0,-0.2128,0
app_0211,app_s001835,-0.4273,0.0035,0.0,-0.4521,0
app_0414,app_s001836,-0.3705,0.0227,0.0,-0.406,0
app_0189,app_s001837,1.7791,0.0759,0.0,-0.1289,0
app_0393,app_s001838,-1.7205,0.0557,0.0,-0.2759,0
app_0119,app_s001839,1.0023,0.3293,0.0,1.0728,0
app_0306,app_s001840,-0.2308,0.6362,0.0,-0.3107,0
app_0238,app_s001841,-0.8389,0.0194,0.0,-0.3119,0
app_0212,app_s001842,-0.0629,0.5975,1.0,-0.2688,0
app_0239,app_s001843,0.1704,0.5194,0.0,3.5597,0
app_0008,app_s001844,-0.1784,0.0491,0.0,-0.1287,0
app_0001,app_s001845,-2.5861,0.3721,0.0,0.1097,0
app_0033,app_s001846,1.165,0.1647,0.0,-0.364,0
app_0294,app_s001847,-1.4642,0.0132,0.0,-0.3739,0
app_0278,app_s001848,-11.0311,0.6927,0.0,4.2042,1
app_0026,app_s001849,1.1031,0.6862,0.0,-0.4237,0
app_0108,app_s001850,-0.9183,0.7496,1.0,-0.1542,0
app_0114,app_s001851,-0.1999,0.0442,0.0,-0.1711,0
app_0026,app_s001852,1.251,0.1694,0.0,-0.2147,0
app_0096,app_s001853,1.0029,0.0646,0.0,0.7074,0
app_0434,app_s001854,-0.5573,0.0831,1.0,6.0008,0
app_0237,app_s001855,-1.049,0.0533,0.0,-0.3533,0
app_0087,app_s001856,0.2813,0.0708,0.0,-0.3201,0
app_0057,app_s001857,0.6415,0.009,0.0,-0.3217,0
app_0402,app_s001858,-0.2905,0.2626,0.0,-0.4063,0
app_0087,app_s001859,-0.1667,0.0414,0.0,-0.4509,0
app_0431,app_s001860,-0.1823,0.7616,0.0,-0.414,0
app_0283,app_s001861,-0.958,0.9193,0.0,-0.4487,0
app_0441,app_s001862,-0.7185,0.5052,0.0,-0.1298,0
app_0248,app_s001863,0.2909,0.0685,0.0,-0.4026,0
app_0153,app_s001864,-0.149,0.0017,0.0,-0.0518,0
app_0271,app_s001865,-0.4411,0.0117,0.0,0.1269,0
app_0240,app_s001866,0.1122,0.0292,0.0,0.0694,0
app_0128,app_s001867,-0.8478,0.0072,0.0,-0.3961,0
app_0088,app_s001868,-0.9672,0.0156,0.0,-0.4081,0
app_0119,app_s001869,20.384,0.0908,0.0,4.8061,1
app_0052,app_s001870,-1.3907,0.9069,0.0,1.7278,0
app_0113,app_s001871,-1.3644,0.5663,0.0,-0.1431,0
app_0097,app_s001872,-0.0061,0.0807,0.0,-0.2957,0
app_0030,app_s001873,1.3592,0.0449,0.0,-0.3394,0
app_0195,app_s001874,-0.7878,0.5862,0.0,-0.3167,0
app_0293,app_s001875,0.2208,0.8109,0.0,-0.439,0
app_0080,app_s001876,1.8148,0.0207,0.0,-0.3204,0
app_0323,app_s001877,-0.6504,0.0133,0.0,-0.3668,0
app_0230,app_s001878,-0.6641,0.178,1.0,-0.0208,0
app_0291,app_s001879,-0.361,0.4602,0.0,-0.3627,0
app_0079,app_s001880,1.2447,0.1873,0.0,-0.2913,0
app_0048,app_s001881,0.0572,0.4887,0.0,-0.0033,0
app_0000,app_s001882,-0.2596,0.0143,0.0,0.2493,0
app_0307,app_s001883,0.6786,0.1631,0.0,-0.3971,0
app_0039,app_s001884,-1.0387,0.0333,0.0,-0.0822,0
app_0102,app_s001885,-11.1867,0.0902,0.0,3.5574,1
app_0245,app_s001886,-1.063,0.1257,0.0,-0.4312,0
app_0336,app_s001887,0.4523,0.045,0.0,-0.1291,0
app_0149,app_s001888,0.5579,0.3525,0.0,-0.1963,0
app_0179,app_s001889,1.4123,0.297,0.0,-0.3814,0
app_0137,app_s001890,2.3434,0.0302,0.0,-0.2443,0
app_0104,app_s001891,1.5516,0.7739,0.0,1.8045,0
app_0345,app_s001892,0.7057,0.0023,0.0,3.4894,0
app_0022,app_s001893,-0.5523,0.2835,1.0,-0.1504,0
app_0126,app_s001894,-0.4044,0.4544,0.0,-0.0437,0
app_0335,app_s001895,-0.2698,0.0,0.0,-0.4723,0
app_0292,app_s001896,0.9209,0.0624,0.0,-0.1212,0
app_0096,app_s001897,1.0159,0.0847,0.0,0.1865,0
app_0375,app_s001898,0.9679,0.5402,0.0,0.3805,0
app_0115,app_s001899,-0.9936,0.119,0.0,-0.2429,0
app_0200,app_s001900,-0.693,0.0361,0.0,3.0756,0
app_0343,app_s001901,0.5192,0.0422,0.0,-0.4523,0
app_0398,app_s001902,-1.0242,0.0111,0.0,-0.3363,0
app_0072,app_s001903,0.0855,0.0157,1.0,-0.182,0
app_0140,app_s001904,1.3686,0.1867,0.0,-0.4068,0
app_0244,app_s001905,-1.3873,0.0742,1.0,-0.244,0
app_0244,app_s001906,0.3922,0.0003,0.0,0.6424,0
app_0295,app_s001907,0.7502,0.0829,0.0,-0.1275,0
app_0141,app_s001908,0.4351,0.4972,1.0,-0.206,0
app_0294,app_s001909,2.0012,0.0677,0.0,0.1083,0
app_0333,app_s001910,0.1895,0.0019,0.0,-0.4097,0
app_0006,app_s001911,-0.0157,0.5262,0.0,-0.4611,0
app_0338,app_s001912,-0.4435,0.1168,0.0,-0.3394,0
app_0231,app_s001913,0.6925,0.7376,0.0,-0.3458,0
app_0069,app_s001914,1.1883,0.0194,0.0,-0.0646,0
app_0317,app_s001915,-1.0904,0.6453,0.0,-0.346,0
app_0270,app_s001916,0.5225,0.0651,0.0,-0.2339,0
app_0264,app_s001917,0.6027,0.0395,0.0,-0.3672,0
app_0072,app_s001918,1.7618,0.0255,1.0,-0.4341,0
app_0395,app_s001919,-0.6685,0.0339,0.0,-0.3763,0
app_0058,app_s001920,0.4628,0.0064,0.0,-0.3772,0
app_0036,app_s001921,-0.5456,0.109,0.0,0.8833,0
app_0204,app_s001922,0.0276,0.0144,0.0,-0.4158,0
app_0067,app_s001923,1.5167,0.0093,0.0,-0.23,0
app_0390,app_s001924,-1.0541,0.174,0.0,-0.4379,0
app_0448,app_s001925,-1.7354,0.7307,0.0,-0.4132,0
app_0007,app_s001926,1.256,0.0195,0.0,-0.3588,0
app_0047,app_s001927,-0.279,0.0284,0.0,-0.4473,0
app_0315,app_s001928,0.5196,0.3122,0.0,0.6325,0
app_0273,app_s001929,-0.2241,0.0875,0.0,-0.435,0
app_0434,app_s001930,-1.9673,0.0092,1.0,0.0268,0
app_0168,app_s001931,-1.2001,0.0466,1.0,-0.1149,0
app_0207,app_s001932,-0.8318,0.0008,0.0,-0.4737,0
app_0123,app_s001933,0.7323,0.0144,0.0,-0.0356,0
app_0137,app_s001934,1.0683,0.6859,1.0,-0.4104,0
app_0418,app_s001935,-0.2283,0.0281,0.0,-0.3275,0
app_0276,app_s001936,1.6957,0.6539,0.0,0.1628,0
app_0431,app_s001937,-1.0824,0.4654,0.0,-0.3159,0
app_0376,app_s001938,2.9951,0.0209,0.0,-0.3466,0
app_0052,app_s001939,-11.8639,0.3578,1.0,2.3297,1
app_0141,app_s001940,-0.3721,0.0584,0.0,-0.2963,0
app_0401,app_s001941,0.3381,0.1313,0.0,-0.3792,0
app_0016,app_s001942,-1.4529,0.0227,0.0,-0.4306,0
app_0433,app_s001943,-1.1797,0.0474,0.0,1.1341,0
app_0221,app_s001944,-0.2089,0.0384,0.0,-0.1321,0
app_0050,app_s001945,1.708,0.4333,0.0,-0.2217,0
app_0112,app_s001946,0.8196,0.1773,0.0,1.9375,0
app_0004,app_s001947,0.7624,0.0202,1.0,-0.3421,0
app_0269,app_s001948,1.6144,0.143,0.0,0.0301,0
app_0316,app_s001949,0.2301,0.3886,0.0,-0.2512,0
app_0034,app_s001950,-0.0851,0.6252,0.0,-0.0936,0
app_0306,app_s001951,-0.0608,0.0546,0.0,-0.2855,0
app_0122,app_s001952,0.7122,0.0923,0.0,-0.0758,0
app_0362,app_s001953,1.495,0.6174,0.0,-0.3301,0
app_0358,app_s001954,0.6336,0.4786,0.0,0.1334,0
app_0322,app_s001955,1.4995,0.1166,0.0,1.2661,0
app_0109,app_s001956,1.6506,0.0255,1.0,-0.2412,0
app_0132,app_s001957,0.5238,0.0772,0.0,0.0432,0
app_0111,app_s001958,-1.0469,0.6433,0.0,-0.4338,0
app_0069,app_s001959,-0.8777,0.0345,0.0,-0.1538,0
app_0071,app_s001960,-0.8782,0.4962,0.0,-0.4056,0
app_0408,app_s001961,-0.9624,0.4562,0.0,0.1992,0
app_0350,app_s001962,-9.7047,0.0114,0.0,1.6151,1
app_0308,app_s001963,-0.3208,0.0786,0.0,0.0174,0
app_0020,app_s001964,28.8439,0.2508,1.0,2.7959,1
app_0324,app_s001965,0.5444,0.0202,1.0,-0.301,0
app_0015,app_s001966,0.7201,0.6442,1.0,0.7167,0
app_0083,app_s001967,-0.5923,0.0921,0.0,-0.2709,0
app_0391,app_s001968,0.9887,0.1166,0.0,-0.3243,0
app_0176,app_s001969,-4.6164,0.7317,1.0,4.2763,1
app_0305,app_s001970,-1.3658,0.0059,1.0,-0.3593,0
app_0332,app_s001971,0.4792,0.0494,0.0,-0.4059,0
app_0086,app_s001972,0.3246,0.0246,0.0,-0.2229,0
app_0319,app_s001973,0.5777,0.0407,0.0,-0.2666,0
app_0239,app_s001974,0.884,0.3494,0.0,-0.1697,0
app_0447,app_s001975,-0.5034,0.3602,0.0,-0.2813,0
app_0197,app_s001976,-0.8541,0.0468,0.0,-0.4092,0
app_0386,app_s001977,-0.3482,0.0249,0.0,0.8026,0
app_0158,app_s001978,-10.6095,0.8821,0.0,3.7986,1
app_0206,app_s001979,0.8851,0.0254,0.0,2.4219,0
app_0212,app_s001980,1.305,0.0592,0.0,-0.3514,0
app_0133,app_s001981,-1.8958,0.753,0.0,0.6843,0
app_0279,app_s001982,1.723,0.4885,0.0,-0.1103,0
app_0366,app_s001983,1.1904,0.027,0.0,-0.1749,0
app_0410,app_s001984,22.3254,0.0985,1.0,4.242,1
app_0249,app_s001985,-0.7689,0.2019,0.0,1.8326,0
app_0036,app_s001986,0.7151,0.0282,0.0,-0.2767,0
app_0290,app_s001987,0.4168,0.0536,0.0,-0.4262,0
app_0357,app_s001988,0.5744,0.0071,0.0,0.1805,0
app_0005,app_s001989,1.7292,0.0396,0.0,0.0423,0
app_0068,app_s001990,-1.2213,0.0623,0.0,0.1511,0
app_0447,app_s001991,-0.0253,0.0977,0.0,-0.1179,0
app_0185,app_s001992,0.8977,0.0891,0.0,-0.3885,0
app_0335,app_s001993,-0.0795,0.0488,0.0,-0.0715,0
app_0113,app_s001994,-0.8127,0.0031,0.0,0.8278,0
app_0272,app_s001995,-0.7901,0.0097,1.0,-0.4416,0
app_0325,app_s001996,-0.1673,0.0133,0.0,-0.4147,0
app_0049,app_s001997,-1.5604,0.4631,0.0,-0.1724,0
app_0307,app_s001998,0.7213,0.3403,0.0,0.4229,0
app_0054,app_s001999,0.2485,0.2177,0.0,-0.2254,0
app_0358,app_s002000,-0.6226,0.1819,0.0,-0.1837,0
app_0182,app_s002001,-0.1393,0.5442,1.0,-0.2211,0
app_0251,app_s002002,0.5922,0.0657,0.0,-0.3872,0
app_0422,app_s002003,0.1495,0.0265,0.0,-0.4678,0
app_0093,app_s002004,-0.1954,0.782,0.0,-0.2735,0
app_0119,app_s002005,0.7028,0.0752,0.0,-0.0971,0
app_0147,app_s002006,-0.4764,0.6508,0.0,-0.2215,0
app_0271,app_s002007,-0.5275,0.4151,0.0,0.0173,0
app_0065,app_s002008,-0.8032,0.0676,0.0,1.389,0
app_0112,app_s002009,-0.1323,0.7165,0.0,0.4686,0
app_0171,app_s002010,-0.6681,0.3016,0.0,-0.3853,0
app_0153,app_s002011,0.4373,0.0897,0.0,-0.4342,0
app_0378,app_s002012,0.9554,0.3211,0.0,0.45,0
app_0399,app_s002013,0.7608,0.0562,0.0,-0.2286,0
app_0369,app_s002014,-0.7881,0.3659,0.0,0.0799,0
app_0213,app_s002015,1.4185,0.0576,0.0,1.0856,0
app_0178,app_s002016,0.3656,0.0414,0.0,-0.3859,0
app_0224,app_s002017,-0.7924,0.0236,0.0,-0.323,0
app_0005,app_s002018,-0.5314,0.0176,0.0,-0.4453,0
app_0097,app_s002019,2.0953,0.0625,0.0,-0.3943,0
app_0443,app_s002020,-0.8164,0.0301,0.0,-0.2782,0
app_0049,app_s002021,0.23,0.0066,1.0,-0.3232,0
app_0435,app_s002022,1.1753,0.1156,0.0,-0.2306,0
app_0026,app_s002023,0.839,0.4752,0.0,-0.2954,0
app_0320,app_s002024,-0.2906,0.6507,0.0,0.0373,0
app_0404,app_s002025,-1.153,0.0637,0.0,-0.2217,0
app_0142,app_s002026,0.0794,0.0275,0.0,-0.2154,0
app_0367,app_s002027,1.7194,0.0073,0.0,-0.3054,0
app_0162,app_s002028,-0.2317,0.1505,0.0,0.7019,0
app_0229,app_s002029,0.0633,0.0712,0.0,-0.1039,0
app_0251,app_s002030,-0.2096,0.4312,0.0,-0.2442,0
app_0039,app_s002031,0.4339,0.7704,0.0,-0.4539,0
app_0361,app_s002032,-1.2218,0.1249,0.0,-0.432,0
app_0276,app_s002033,-0.1183,0.0899,0.0,-0.4252,0
app_0255,app_s002034,1.7502,0.2658,0.0,-0.4724,0
app_0258,app_s002035,-1.924,0.0393,0.0,-0.1509,0
app_0257,app_s002036,-11.0753,0.0425,1.0,4.2225,1
app_0257,app_s002037,-0.6788,0.6725,0.0,-0.4491,0
app_0142,app_s002038,0.8667,0.0006,0.0,-0.3499,0
app_0290,app_s002039,0.0294,0.0457,0.0,2.5274,0
app_0373,app_s002040,0.1698,0.1662,0.0,-0.2285,0
app_0056,app_s002041,-0.0236,0.6403,0.0,0.6975,0
app_0070,app_s002042,0.0301,0.7695,0.0,-0.0418,0
app_0165,app_s002043,1.5842,0.0853,0.0,0.5705,0
app_0091,app_s002044,12.5926,0.7951,1.0,3.0717,1
app_0113,app_s002045,0.3099,0.2317,0.0,-0.3624,0
app_0183,app_s002046,-0.3232,0.4895,0.0,-0.1353,0
app_0402,app_s002047,-1.9,0.0099,0.0,-0.0231,0
app_0302,app_s002048,1.6193,0.0047,0.0,-0.2024,0
app_0371,app_s002049,-1.9337,0.5774,1.0,-0.3321,0
app_0433,app_s002050,0.5895,0.1366,0.0,-0.3008,0
app_0443,app_s002051,0.5093,0.0524,1.0,-0.4721,0
app_0084,app_s002052,0.2806,0.0178,0.0,0.2317,0
app_0119,app_s002053,-0.6211,0.2304,0.0,-0.4078,0
app_0156,app_s002054,0.09,0.1484,0.0,-0.4657,0
app_0122,app_s002055,0.8282,0.6147,0.0,-0.2546,0
app_0270,app_s002056,2.0819,0.5684,0.0,-0.3474,0
app_0077,app_s002057,-0.2416,0.0461,0.0,-0.4012,0
app_0442,app_s002058,0.9278,0.4703,0.0,-0.3863,0
app_0199,app_s002059,-1.0286,0.0048,0.0,0.2854,0
app_0171,app_s002060,0.8154,0.3846,0.0,-0.4014,0
app_0188,app_s002061,1.7247,0.3238,1.0,-0.4267,0
app_0261,app_s002062,1.3773,0.4405,0.0,-0.417,0
app_0435,app_s002063,1.588,0.0335,0.0,-0.1268,0
app_0052,app_s002064,2.1724,0.2491,0.0,-0.1806,0
app_0039,app_s002065,-1.3625,0.0056,0.0,-0.365,0
app_0300,app_s002066,0.6266,0.063,0.0,-0.3949,0
app_0271,app_s002067,-0.1075,0.2534,0.0,-0.3655,0
app_0060,app_s002068,-0.8087,0.0997,0.0,-0.1019,0
app_0394,app_s002069,-1.2642,0.0605,0.0,0.3385,0
app_0079,app_s002070,-0.148,0.4872,0.0,-0.2994,0
app_0106,app_s002071,0.9183,0.6241,0.0,0.2233,0
app_0443,app_s002072,0.6882,0.012,0.0,-0.3631,0
app_0403,app_s002073,-0.3604,0.0349,0.0,-0.403,0
app_0159,app_s002074,-0.3066,0.02,0.0,0.2766,0
app_0374,app_s002075,-0.2594,0.5965,0.0,0.9657,0
app_0218,app_s002076,0.2654,0.0248,0.0,0.8727,0
app_0168,app_s002077,0.5951,0.1248,0.0,0.1162,0
app_0146,app_s002078,-10.0399,0.1193,0.0,12.441,1
app_0081,app_s002079,0.4808,0.7756,0.0,-0.4281,0
app_0026,app_s002080,-0.7256,0.4096,0.0,-0.3695,0
app_0336,app_s002081,-0.8715,0.6032,0.0,-0.246,0
app_0423,app_s002082,0.7364,0.3624,0.0,-0.4553,0
app_0213,app_s002083,-1.5156,0.0539,0.0,-0.1856,0
app_0222,app_s002084,-1.1051,0.0476,0.0,-0.4326,0
app_0377,app_s002085,-0.1551,0.6519,0.0,-0.429,0
app_0380,app_s002086,-1.1478,0.4564,0.0,0.1176,0
app_0110,app_s002087,-0.572,0.0008,0.0,1.0832,0
app_0286,app_s002088,0.3757,0.6436,0.0,-0.2919,0
app_0187,app_s002089,0.1397,0.0023,0.0,-0.4356,0
app_0269,app_s002090,0.074,0.1897,0.0,-0.043,0
app_0346,app_s002091,2.1073,0.0238,1.0,0.3854,0
app_0007,app_s002092,0.5003,0.8207,1.0,-0.4782,0
app_0116,app_s002093,0.6022,0.4031,0.0,-0.3443,0
app_0191,app_s002094,0.5152,0.0076,0.0,-0.2826,0
app_0065,app_s002095,0.5626,0.0436,0.0,0.1756,0
app_0341,app_s002096,1.3645,0.0519,0.0,-0.2108,0
app_0171,app_s002097,-0.3429,0.448,0.0,0.3853,0
app_0114,app_s002098,1.0179,0.7452,0.0,4.3163,0
app_0018,app_s002099,0.1176,0.2557,0.0,-0.2627,0
app_0201,app_s002100,0.6607,0.0094,0.0,-0.4241,0
app_0070,app_s002101,0.152,0.6763,1.0,0.087,0
app_0131,app_s002102,1.2131,0.2195,0.0,-0.1123,0
app_0097,app_s002103,-1.3023,0.1102,0.0,0.0973,0
app_0128,app_s002104,0.0016,0.4923,0.0,1.3796,0
app_0248,app_s002105,-2.1595,0.1428,0.0,-0.4534,0
app_0078,app_s002106,-1.3936,0.4586,0.0,-0.4136,0
app_0336,app_s002107,-7.306,0.698,0.0,3.5899,1
app_0433,app_s002108,1.9928,0.4911,0.0,0.4694,0
app_0141,app_s002109,-1.0948,0.0274,1.0,-0.3507,0
app_0442,app_s002110,-0.4062,0.0797,0.0,-0.1419,0
app_0412,app_s002111,-1.3478,0.3826,1.0,0.2175,0
app_0428,app_s002112,-2.3872,0.0014,1.0,0.5364,0
app_0080,app_s002113,0.054,0.4417,1.0,0.041,0
app_0252,app_s002114,1.0412,0.3108,0.0,-0.477,0
app_0046,app_s002115,-1.2438,0.0077,0.0,0.7145,0
app_0407,app_s002116,-0.0559,0.5358,0.0,-0.2495,0
app_0222,app_s002117,-1.0446,0.0382,0.0,-0.1997,0
app_0303,app_s002118,0.1438,0.1291,0.0,-0.136,0
app_0080,app_s002119,0.9156,0.6497,0.0,-0.2035,0
app_0405,app_s002120,0.4615,0.0464,0.0,-0.1996,0
app_0099,app_s002121,-1.5636,0.6799,0.0,-0.4427,0
app_0203,app_s002122,0.7288,0.7766,1.0,-0.4337,0
app_0140,app_s002123,-0.3649,0.1232,0.0,-0.4746,0
app_0271,app_s002124,-0.2318,0.1213,0.0,1.4315,0
app_0356,app_s002125,-1.5625,0.033,0.0,-0.3525,0
app_0103,app_s002126,1.366,0.0411,0.0,3.8406,0
app_0234,app_s002127,-11.9448,0.6792,0.0,0.9104,1
app_0195,app_s002128,-0.9224,0.1496,0.0,-0.0863,0
app_0319,app_s002129,0.0823,0.2082,1.0,-0.1874,0
app_0177,app_s002130,0.0753,0.4572,0.0,-0.428,0
app_0384,app_s002131,0.5944,0.135,0.0,0.0363,0
app_0010,app_s002132,-0.6557,0.7683,0.0,-0.2004,0
app_0140,app_s002133,-0.6842,0.0147,0.0,0.0072,0
app_0099,app_s002134,1.6629,0.1376,0.0,1.0179,0
app_0402,app_s002135,-0.1094,0.8784,0.0,2.4283,0
app_0436,app_s002136,-8.8715,0.8792,0.0,6.3208,1
app_0094,app_s002137,2.4622,0.4067,0.0,0.2117,0
app_0178,app_s002138,0.5767,0.0917,1.0,-0.1672,0
app_0219,app_s002139,-0.1779,0.5406,0.0,-0.1167,0
app_0438,app_s002140,-0.8311,0.5428,0.0,0.0356,0
app_0153,app_s002141,1.3846,0.6694,0.0,-0.4688,0
app_0218,app_s002142,-0.2917,0.037,0.0,-0.3317,0
app_0032,app_s002143,-1.1673,0.3919,0.0,0.168,0
app_0179,app_s002144,26.8344,0.3808,1.0,4.2661,1
app_0229,app_s002145,1.4304,0.5246,0.0,-0.374,0
app_0366,app_s002146,0.9817,0.0327,1.0,0.2941,0
app_0020,app_s002147,-0.6258,0.1157,0.0,-0.424,0
app_0031,app_s002148,-0.7031,0.1427,0.0,-0.2968,0
app_0173,app_s002149,0.9404,0.1392,0.0,-0.3409,0
app_0142,app_s002150,2.2071,0.1474,0.0,-0.2751,0
app_0245,app_s002151,-9.5735,0.6988,1.0,1.9192,1
app_0031,app_s002152,0.5866,0.0165,0.0,-0.1073,0
app_0263,app_s002153,0.0502,0.0196,0.0,0.8844,0
app_0396,app_s002154,0.2631,0.4216,0.0,-0.0845,0
app_0045,app_s002155,-2.1455,0.0732,1.0,-0.4324,0
app_0371,app_s002156,1.9611,0.0043,0.0,-0.3226,0
app_0348,app_s002157,-0.2933,0.0352,0.0,-0.3365,0
app_0202,app_s002158,-0.0091,0.07,0.0,-0.3871,0
app_0334,app_s002159,-0.9204,0.6937,0.0,-0.4121,0
app_0109,app_s002160,2.0038,0.0144,1.0,-0.3834,0
app_0423,app_s002161,-0.9408,0.0241,0.0,-0.0598,0
app_0276,app_s002162,-0.4303,0.5635,0.0,0.9542,0
app_0290,app_s002163,-0.1121,0.2424,0.0,-0.2258,0
app_0187,app_s002164,-0.9916,0.5215,0.0,-0.1181,0
app_0153,app_s002165,1.0708,0.3038,0.0,-0.3179,0
app_0025,app_s002166,0.8482,0.1053,1.0,-0.2382,0
app_0099,app_s002167,0.2912,0.1172,1.0,0.0795,0
app_0024,app_s002168,-0.1111,0.6316,0.0,4.9431,0
app_0025,app_s002169,-9.4649,0.6522,1.0,4.0546,1
app_0036,app_s002170,27.0225,0.664,1.0,4.933,1
app_0070,app_s002171,0.2744,0.0153,0.0,-0.1474,0
app_0382,app_s002172,-0.6281,0.7611,0.0,-0.1164,0
app_0325,app_s002173,1.4332,0.7615,0.0,-0.3477,0
app_0384,app_s002174,0.7634,0.2028,1.0,0.1046,0
app_0337,app_s002175,0.5302,0.4715,0.0,-0.0655,0
app_0146,app_s002176,0.8912,0.1168,0.0,0.058,0
app_0235,app_s002177,-1.0685,0.1406,1.0,-0.1024,0
app_0067,app_s002178,-1.2273,0.0005,0.0,20.1439,0
app_0205,app_s002179,1.1321,0.2029,0.0,-0.4464,0
app_0419,app_s002180,-0.0672,0.1319,0.0,0.6513,0
app_0324,app_s002181,-0.0392,0.0173,0.0,1.6566,0
app_0130,app_s002182,1.4719,0.0163,0.0,-0.4582,0
app_0037,app_s002183,-1.06,0.0921,0.0,-0.1168,0
app_0295,app_s002184,-1.4648,0.0963,0.0,-0.4422,0
app_0083,app_s002185,-0.4926,0.0141,0.0,-0.0279,0
app_0221,app_s002186,1.006,0.0696,1.0,-0.214,0
app_0324,app_s002187,-0.2562,0.1289,0.0,0.03,0
app_0165,app_s002188,0.4906,0.084,0.0,-0.3832,0
app_0079,app_s002189,-0.0087,0.6355,0.0,-0.3739,0
app_0377,app_s002190,-2.3664,0.0165,0.0,2.0592,0
app_0096,app_s002191,2.1952,0.1595,0.0,-0.0163,0
app_0262,app_s002192,0.7036,0.5555,0.0,-0.34,0
app_0325,app_s002193,-0.241,0.1011,0.0,-0.3741,0
app_0377,app_s002194,1.3576,0.3154,0.0,-0.4121,0
app_0340,app_s002195,-0.3376,0.0184,1.0,-0.4449,0
app_0007,app_s002196,0.546,0.1819,0.0,0.9871,0
app_0387,app_s002197,-0.3507,0.6013,0.0,-0.3599,0
app_0314,app_s002198,0.5603,0.0631,0.0,0.0024,0
app_0287,app_s002199,1.2585,0.0775,0.0,-0.3775,0
app_0391,app_s002200,-2.0086,0.1141,1.0,-0.4015,0
app_0162,app_s002201,-0.5335,0.0778,0.0,-0.4278,0
app_0440,app_s002202,0.1867,0.0503,0.0,-0.0179,0
app_0041,app_s002203,-1.2427,0.6954,0.0,-0.2263,0
app_0114,app_s002204,-0.4041,0.0232,0.0,-0.2258,0
app_0406,app_s002205,-0.278,0.0547,1.0,-0.4528,0
app_0226,app_s002206,0.9956,0.0316,0.0,-0.1036,0
app_0238,app_s002207,-0.0037,0.3968,0.0,-0.4224,0
app_0047,app_s002208,-0.5989,0.5885,0.0,0.1631,0
app_0063,app_s002209,-1.1334,0.0813,0.0,-0.4638,0
app_0266,app_s002210,0.5342,0.2779,0.0,-0.3587,0
app_0145,app_s002211,-0.7639,0.3953,0.0,0.0627,0
app_0345,app_s002212,-0.6288,0.0375,0.0,0.3025,0
app_0433,app_s002213,-2.2322,0.367,0.0,-0.461,0
app_0228,app_s002214,0.8631,0.0217,0.0,0.0624,0
app_0310,app_s002215,0.097,0.8528,0.0,-0.3495,0
app_0146,app_s002216,1.4475,0.0297,0.0,-0.0881,0
app_0248,app_s002217,0.0086,0.01,0.0,0.3944,0
app_0183,app_s002218,-1.1166,0.0633,0.0,-0.3549,0
app_0397,app_s002219,-0.7512,0.0447,0.0,-0.114,0
app_0240,app_s002220,1.2689,0.1765,0.0,0.6482,0
app_0378,app_s002221,0.5691,0.0068,0.0,1.3108,0
app_0088,app_s002222,-1.2822,0.0013,0.0,1.1085,0
app_0296,app_s002223,0.3164,0.2635,0.0,-0.4122,0
app_0040,app_s002224,-0.1737,0.1234,0.0,-0.3468,0
app_0239,app_s002225,-4.7969,0.0856,1.0,6.6999,1
app_0183,app_s002226,0.2956,0.4546,0.0,0.3028,0
app_0388,app_s002227,1.2397,0.3793,1.0,-0.2987,0
app_0168,app_s002228,-1.4433,0.1673,1.0,-0.3438,0
app_0356,app_s002229,-0.0692,0.0238,0.0,1.6539,0
app_0132,app_s002230,0.4212,0.0665,0.0,-0.2712,0
app_0271,app_s002231,2.0865,0.0752,0.0,-0.4647,0
app_0192,app_s002232,0.3957,0.5168,0.0,-0.2942,0
app_0037,app_s002233,-2.4119,0.5517,0.0,-0.4692,0
app_0444,app_s002234,-0.6178,0.5272,0.0,-0.2944,0
app_0275,app_s002235,-0.9983,0.131,0.0,-0.4775,0
app_0387,app_s002236,-0.61,0.4626,0.0,-0.1721,0
app_0314,app_s002237,-0.7487,0.7732,0.0,0.0444,0
app_0313,app_s002238,0.4666,0.642,0.0,-0.194,0
app_0311,app_s002239,0.5821,0.0887,0.0,-0.461,0
app_0119,app_s002240,-0.8585,0.093,0.0,-0.443,0
app_0401,app_s002241,-0.1072,0.0216,0.0,-0.4507,0
app_0034,app_s002242,-1.0844,0.0233,1.0,-0.284,0
app_0425,app_s002243,-0.6675,0.5008,0.0,0.5587,0
app_0416,app_s002244,0.0961,0.8238,0.0,-0.2049,0
app_0400,app_s002245,-0.6976,0.0281,0.0,-0.3769,0
app_0177,app_s002246,-0.7524,0.0321,1.0,0.1294,0
app_0087,app_s002247,-0.7082,0.5226,0.0,-0.3838,0
app_0011,app_s002248,-0.1259,0.0022,0.0,-0.4051,0
app_0220,app_s002249,-0.5858,0.7057,0.0,-0.0654,0
app_0123,app_s002250,0.9561,0.0106,0.0,-0.471,0
app_0237,app_s002251,-0.1614,0.286,0.0,0.1333,0
app_0308,app_s002252,0.8305,0.0352,0.0,-0.154,0
app_0316,app_s002253,-4.0604,0.722,1.0,2.2356,1
app_0083,app_s002254,0.1096,0.7244,0.0,-0.4293,0
app_0240,app_s002255,1.8729,0.447,0.0,-0.3032,0
app_0433,app_s002256,0.1927,0.2233,0.0,-0.384,0
app_0098,app_s002257,0.1225,0.1873,0.0,-0.182,0
app_0042,app_s002258,-0.3271,0.6091,0.0,-0.1192,0
app_0417,app_s002259,1.1687,0.0767,0.0,0.0024,0
app_0065,app_s002260,0.5472,0.038,0.0,-0.3052,0
app_0186,app_s002261,0.2841,0.1072,0.0,0.8588,0
app_0071,app_s002262,-2.3442,0.0143,0.0,0.9666,0
app_0118,app_s002263,-0.3823,0.5259,1.0,-0.0809,0
app_0399,app_s002264,-0.0949,0.6731,0.0,0.3207,0
app_0090,app_s002265,1.0685,0.4259,0.0,-0.3616,0
app_0210,app_s002266,-0.0758,0.1032,0.0,-0.3681,0
app_0225,app_s002267,1.9659,0.1067,0.0,-0.4126,0
app_0211,app_s002268,-0.9582,0.0729,0.0,-0.3429,0
app_0151,app_s002269,1.4686,0.0361,0.0,0.344,0
app_0133,app_s002270,-0.661,0.5825,0.0,-0.1857,0
app_0296,app_s002271,0.0236,0.6168,0.0,-0.4008,0
app_0243,app_s002272,0.8196,0.5587,1.0,-0.4567,0
app_0125,app_s002273,0.8059,0.0083,0.0,-0.4249,0
app_0088,app_s002274,0.6563,0.6348,0.0,-0.4289,0
app_0126,app_s002275,0.6096,0.3936,0.0,-0.1391,0
app_0445,app_s002276,1.0675,0.0029,0.0,-0.2858,0
app_0092,app_s002277,0.5862,0.0511,0.0,-0.3082,0
app_0233,app_s002278,-0.0018,0.0756,0.0,-0.2337,0
app_0412,app_s002279,-10.1592,0.5509,1.0,3.5696,1
app_0068,app_s002280,-0.441,0.2607,1.0,0.9228,0
app_0007,app_s002281,1.6242,0.2573,1.0,-0.455,0
app_0061,app_s002282,-1.7383,0.1196,0.0,-0.2687,0
app_0185,app_s002283,-15.2775,0.0693,1.0,1.57,1
app_0350,app_s002284,-0.0533,0.1898,0.0,1.0559,0
app_0296,app_s002285,0.6309,0.0101,0.0,-0.3994,0
app_0171,app_s002286,0.4968,0.2709,0.0,-0.4111,0
app_0259,app_s002287,-0.2831,0.3235,0.0,-0.3217,0
app_0291,app_s002288,0.0543,0.7349,0.0,-0.0995,0
app_0021,app_s002289,1.3769,0.0091,0.0,-0.3299,0
app_0252,app_s002290,-0.1777,0.0103,0.0,-0.2099,0
app_0254,app_s002291,-0.3071,0.4006,0.0,-0.1339,0
app_0063,app_s002292,1.4825,0.1286,0.0,-0.4325,0
app_0225,app_s002293,-1.2636,0.566,0.0,-0.3926,0
app_0121,app_s002294,1.3506,0.1941,0.0,-0.4651,0
app_0024,app_s002295,23.2653,0.788,1.0,3.8383,1
app_0401,app_s002296,0.3381,0.079,1.0,1.4389,0
app_0342,app_s002297,-0.6719,0.152,0.0,-0.4359,0
app_0060,app_s002298,0.1001,0.3529,0.0,-0.4113,0
app_0421,app_s002299,1.7906,0.0098,0.0,-0.4298,0
app_0163,app_s002300,-0.6756,0.0012,0.0,0.1775,0
app_0159,app_s002301,0.7113,0.5009,0.0,-0.1026,0
app_0119,app_s002302,1.1585,0.0423,0.0,-0.4019,0
app_0236,app_s002303,-0.3375,0.0786,0.0,-0.1971,0
app_0096,app_s002304,-1.5895,0.678,0.0,-0.4493,0
app_0293,app_s002305,-1.6288,0.0343,0.0,-0.2314,0
app_0164,app_s002306,0.268,0.0289,0.0,0.142,0
app_0255,app_s002307,-0.9487,0.6852,0.0,-0.1502,0
app_0446,app_s002308,-1.2,0.0819,0.0,-0.1129,0
app_0319,app_s002309,1.1157,0.1221,0.0,-0.4713,0
app_0368,app_s002310,0.8909,0.4342,1.0,0.6961,0
app_0100,app_s002311,1.7864,0.3461,0.0,-0.2028,0
app_0335,app_s002312,-1.815,0.1532,0.0,-0.0766,0
app_0044,app_s002313,-0.0864,0.0287,1.0,-0.3613,0
app_0258,app_s002314,-0.9264,0.0311,0.0,-0.1668,0
app_0098,app_s002315,0.0536,0.446,0.0,-0.3181,0
app_0127,app_s002316,0.7267,0.145,0.0,0.8443,0
app_0263,app_s002317,0.2327,0.0034,0.0,-0.3997,0
app_0416,app_s002318,-0.4489,0.0974,0.0,-0.4424,0
app_0428,app_s002319,0.5106,0.0579,0.0,-0.0583,0
app_0303,app_s002320,-0.7134,0.0073,0.0,-0.3538,0
app_0332,app_s002321,-0.5565,0.1483,0.0,0.9346,0
app_0363,app_s002322,-0.7577,0.0033,0.0,-0.1765,0
app_0080,app_s002323,-0.5187,0.8604,0.0,-0.4316,0
app_0104,app_s002324,-2.1748,0.4413,0.0,-0.3134,0
app_0171,app_s002325,0.814,0.0161,0.0,0.1377,0
app_0375,app_s002326,0.3028,0.0743,0.0,-0.4208,0
app_0010,app_s002327,-11.766,0.6041,1.0,8.7647,1
app_0077,app_s002328,-4.8165,0.613,1.0,10.7158,1
app_0434,app_s002329,0.8499,0.1538,0.0,-0.4668,0
app_0161,app_s002330,0.1657,0.0307,0.0,-0.2169,0
app_0028,app_s002331,0.5374,0.0977,0.0,-0.4739,0
app_0224,app_s002332,1.678,0.2946,0.0,-0.3249,0
app_0309,app_s002333,1.0672,0.0943,0.0,-0.4437,0
app_0413,app_s002334,-1.1423,0.0796,0.0,1.7638,0
app_0227,app_s002335,0.3888,0.0653,1.0,-0.2676,0
app_0369,app_s002336,-0.1165,0.0672,0.0,-0.322,0
app_0404,app_s002337,-0.1574,0.0586,1.0,-0.4631,0
app_0176,app_s002338,-0.0444,0.2211,0.0,-0.3269,0
app_0195,app_s002339,-0.13,0.4852,0.0,-0.0869,0
app_0061,app_s002340,-12.8859,0.4537,1.0,6.196,1
app_0328,app_s002341,-0.6971,0.0629,0.0,0.2476,0
app_0373,app_s002342,0.5344,0.0582,0.0,-0.3808,0
app_0256,app_s002343,-1.2471,0.1494,0.0,-0.3631,0
app_0360,app_s002344,-0.8816,0.1363,0.0,0.0,0
app_0393,app_s002345,1.0249,0.0565,0.0,0.0212,0
app_0408,app_s002346,-0.1892,0.012,1.0,-0.2141,0
app_0306,app_s002347,1.5568,0.1349,0.0,-0.4732,0
app_0034,app_s002348,-10.5137,0.1248,0.0,2.3759,1
app_0026,app_s002349,0.6854,0.0042,0.0,7.0706,0
app_0427,app_s002350,-0.393,0.2062,0.0,-0.0938,0
app_0285,app_s002351,-1.008,0.4035,0.0,-0.2284,0
app_0210,app_s002352,-0.2722,0.0287,1.0,-0.04,0
app_0175,app_s002353,-2.6972,0.144,0.0,-0.4113,0
app_0198,app_s002354,-0.7784,0.4837,0.0,0.5934,0
app_0430,app_s002355,-0.0353,0.3945,0.0,0.3884,0
app_0153,app_s002356,-0.8061,0.1218,0.0,-0.3204,0
app_0086,app_s002357,0.9593,0.0714,0.0,-0.4091,0
app_0321,app_s002358,-0.6896,0.0165,0.0,-0.4764,0
app_0137,app_s002359,1.9581,0.1421,0.0,-0.3319,0
app_0403,app_s002360,0.9305,0.0593,0.0,0.4812,0
app_0275,app_s002361,0.7538,0.0164,0.0,0.0264,0
app_0185,app_s002362,0.6129,0.0201,0.0,-0.3318,0
app_0018,app_s002363,-1.4966,0.0171,0.0,0.9045,0
app_0297,app_s002364,0.0365,0.4028,0.0,0.0292,0
app_0164,app_s002365,0.52,0.0004,0.0,-0.0874,0
app_0044,app_s002366,0.0162,0.5814,0.0,1.3203,0
app_0328,app_s002367,-1.1685,0.616,0.0,-0.2241,0
app_0430,app_s002368,0.5943,0.0357,0.0,0.6913,0
app_0172,app_s002369,-1.0194,0.5417,1.0,-0.2718,0
app_0029,app_s002370,0.2456,0.0693,0.0,-0.3891,0
app_0185,app_s002371,0.3223,0.172,0.0,-0.4121,0
app_0317,app_s002372,-0.1077,0.0419,0.0,-0.4355,0
app_0253,app_s002373,0.1364,0.0062,0.0,0.0732,0
app_0397,app_s002374,27.9178,0.5689,1.0,3.7294,1
app_0239,app_s002375,0.6914,0.0181,0.0,-0.2488,0
app_0152,app_s002376,-1.4568,0.6369,0.0,-0.3648,0
app_0425,app_s002377,0.2553,0.0039,0.0,-0.3042,0
app_0206,app_s002378,0.3437,0.4466,0.0,0.8329,0
app_0311,app_s002379,-0.4439,0.7284,0.0,-0.3239,0
app_0377,app_s002380,0.1172,0.0343,0.0,-0.1563,0
app_0259,app_s002381,0.8591,0.027,0.0,1.3096,0
app_0325,app_s002382,-0.6057,0.44,1.0,-0.3762,0
app_0251,app_s002383,1.2489,0.0641,0.0,-0.4284,0
app_0023,app_s002384,1.6128,0.6389,0.0,-0.2995,0
app_0360,app_s002385,1.3759,0.6159,0.0,-0.4291,0
app_0212,app_s002386,0.8724,0.0384,0.0,-0.4562,0
app_0274,app_s002387,-0.9778,0.4112,0.0,-0.4204,0
app_0303,app_s002388,-0.4749,0.2489,0.0,0.4479,0
app_0284,app_s002389,-0.0752,0.2769,0.0,0.23,0
app_0160,app_s002390,0.0723,0.0397,0.0,-0.3519,0
app_0433,app_s002391,-0.7411,0.1439,0.0,0.1295,0
app_0210,app_s002392,0.75,0.0339,0.0,-0.1738,0
app_0345,app_s002393,0.2407,0.6738,0.0,-0.3121,0
app_0073,app_s002394,-0.4418,0.0432,0.0,-0.4299,0
app_0009,app_s002395,-1.1027,0.299,0.0,-0.1739,0
app_0127,app_s002396,0.8926,0.0505,0.0,-0.4679,0
app_0370,app_s002397,1.0782,0.3557,0.0,-0.1054,0
app_0136,app_s002398,0.0915,0.0161,0.0,-0.144,0
app_0113,app_s002399,0.4758,0.1809,0.0,1.98,0
app_0107,app_s002400,-10.0962,0.0171,1.0,0.8941,1
app_0443,app_s002401,0.2317,0.384,0.0,-0.2957,0
app_0130,app_s002402,0.4442,0.0603,0.0,1.0777,0
app_0225,app_s002403,0.1637,0.0756,0.0,0.1728,0
app_0359,app_s002404,-0.1826,0.44,0.0,0.2209,0
app_0407,app_s002405,-0.7468,0.0736,0.0,-0.092,0
app_0083,app_s002406,0.1713,0.0188,1.0,0.6776,0
app_0063,app_s002407,0.0885,0.2039,0.0,-0.3424,0
app_0318,app_s002408,1.0212,0.4676,0.0,-0.3633,0
app_0007,app_s002409,-0.3108,0.8173,0.0,-0.3556,0
app_0449,app_s002410,0.6678,0.2111,0.0,-0.1425,0
app_0065,app_s002411,-1.8321,0.0465,0.0,-0.0931,0
app_0244,app_s002412,0.6206,0.1128,0.0,-0.2761,0
app_0298,app_s002413,0.2152,0.037,0.0,-0.4288,0
app_0133,app_s002414,0.2178,0.6512,0.0,-0.4424,0
app_0088,app_s002415,-0.2777,0.0307,0.0,-0.404,0
app_0210,app_s002416,0.3022,0.0348,0.0,-0.4078,0
app_0254,app_s002417,0.1292,0.0468,1.0,4.3056,0
app_0055,app_s002418,0.8553,0.0008,0.0,-0.2619,0
app_0315,app_s002419,-13.5995,0.6855,1.0,7.0247,1
app_0118,app_s002420,-0.1588,0.0359,0.0,-0.4307,0
app_0102,app_s002421,-0.5935,0.4756,0.0,-0.4767,0
app_0435,app_s002422,0.5118,0.2079,0.0,-0.4168,0
app_0150,app_s002423,-0.8576,0.0847,0.0,-0.4758,0
app_0308,app_s002424,0.2258,0.0447,0.0,-0.0577,0
app_0380,app_s002425,-0.5943,0.1122,0.0,5.1412,0
app_0260,app_s002426,-0.0221,0.086,0.0,0.4577,0
app_0397,app_s002427,-0.3411,0.5192,0.0,-0.3409,0
app_0102,app_s002428,1.8579,0.2831,0.0,2.7956,0
app_0058,app_s002429,0.118,0.47,0.0,-0.4554,0
app_0144,app_s002430,0.5476,0.2356,0.0,2.6686,0
app_0039,app_s002431,0.7699,0.0435,0.0,-0.2716,0
app_0172,app_s002432,-0.3627,0.1233,0.0,-0.192,0
app_0173,app_s002433,-1.8117,0.0828,0.0,-0.3916,0
app_0133,app_s002434,0.6493,0.4469,0.0,-0.4714,0
app_0230,app_s002435,1.1992,0.5897,0.0,-0.3004,0
app_0436,app_s002436,2.1442,0.0412,0.0,-0.4701,0
app_0246,app_s002437,0.2398,0.0445,0.0,-0.1883,0
app_0417,app_s002438,0.9601,0.0025,0.0,0.2519,0
app_0306,app_s002439,0.5932,0.0874,0.0,-0.44,0
app_0121,app_s002440,-0.6671,0.3756,0.0,-0.3005,0
app_0082,app_s002441,0.7637,0.0617,0.0,-0.3389,0
app_0354,app_s002442,-0.3633,0.1124,0.0,-0.4528,0
app_0005,app_s002443,-0.6174,0.1038,0.0,-0.178,0
app_0220,app_s002444,1.0315,0.6455,0.0,-0.351,0
app_0260,app_s002445,0.6211,0.0266,0.0,0.1774,0
app_0083,app_s002446,0.9716,0.3669,0.0,1.8667,0
app_0225,app_s002447,0.085,0.3013,0.0,0.2735,0
app_0209,app_s002448,-1.5988,0.0453,0.0,-0.4526,0
app_0095,app_s002449,0.7153,0.0495,0.0,-0.3704,0
app_0170,app_s002450,-0.9525,0.008,0.0,-0.3001,0
app_0236,app_s002451,0.4212,0.0393,0.0,0.1814,0
app_0308,app_s002452,0.7667,0.1642,0.0,-0.1119,0
app_0106,app_s002453,0.2438,0.58,0.0,2.239,0
app_0225,app_s002454,-0.0839,0.0022,0.0,-0.1871,0
app_0281,app_s002455,0.7112,0.0673,1.0,-0.3634,0
app_0312,app_s002456,0.7585,0.0131,0.0,-0.4509,0
app_0353,app_s002457,0.1018,0.083,0.0,-0.447,0
app_0160,app_s002458,-0.4754,0.0042,0.0,-0.2814,0
app_0135,app_s002459,-4.6023,0.6945,1.0,3.8947,1
app_0297,app_s002460,-4.5272,0.7969,1.0,2.9921,1
app_0035,app_s002461,0.1915,0.514,0.0,0.5534,0
app_0236,app_s002462,-0.0328,0.0089,0.0,-0.3775,0
app_0272,app_s002463,0.1649,0.0109,0.0,-0.0611,0
app_0441,app_s002464,-1.1447,0.023,0.0,0.2119,0
app_0372,app_s002465,-0.548,0.7972,0.0,-0.269,0
app_0412,app_s002466,-0.767,0.6263,0.0,-0.4192,0
app_0320,app_s002467,1.0566,0.7622,0.0,-0.2885,0
app_0431,app_s002468,-2.9435,0.1203,0.0,-0.2788,0
app_0297,app_s002469,1.1312,0.4514,1.0,-0.0679,0
app_0118,app_s002470,0.8634,0.0525,0.0,-0.4543,0
app_0209,app_s002471,-1.1746,0.0641,0.0,-0.3359,0
app_0380,app_s002472,-0.1121,0.0668,0.0,-0.37,0
app_0224,app_s002473,1.204,0.0671,0.0,-0.3032,0
app_0221,app_s002474,0.5194,0.0044,0.0,0.1463,0
app_0274,app_s002475,1.1596,0.0222,0.0,-0.4767,0
app_0423,app_s002476,-2.124,0.1993,0.0,-0.2503,0
app_0375,app_s002477,-0.0393,0.5145,1.0,4.1208,0
app_0131,app_s002478,0.7198,0.0406,0.0,-0.2998,0
app_0280,app_s002479,0.9061,0.4572,0.0,-0.2129,0
app_0254,app_s002480,-0.506,0.0204,0.0,-0.4092,0
app_0318,app_s002481,0.0013,0.6476,0.0,-0.3279,0
app_0080,app_s002482,12.402,0.8589,1.0,4.5033,1
app_0133,app_s002483,-0.2872,0.0163,0.0,0.1333,0
app_0351,app_s002484,-2.1196,0.1174,0.0,0.3647,0
app_0026,app_s002485,0.5102,0.4692,0.0,0.0648,0
app_0167,app_s002486,-0.1852,0.358,0.0,-0.3365,0
app_0282,app_s002487,0.0747,0.1721,0.0,-0.4267,0
app_0443,app_s002488,0.2955,0.094,0.0,-0.1891,0
app_0088,app_s002489,-1.8095,0.5822,0.0,-0.4742,0
app_0322,app_s002490,1.2979,0.1046,0.0,-0.4462,0
app_0154,app_s002491,2.1347,0.3258,0.0,-0.4341,0
app_0192,app_s002492,1.2409,0.3456,0.0,-0.1378,0
app_0009,app_s002493,-1.8704,0.129,0.0,-0.2893,0
app_0127,app_s002494,0.5238,0.0304,0.0,-0.3775,0
app_0448,app_s002495,-0.1192,0.0355,0.0,1.3023,0
app_0241,app_s002496,1.183,0.0222,0.0,-0.4001,0
app_0079,app_s002497,1.0482,0.0139,0.0,-0.4045,0
app_0170,app_s002498,0.0555,0.005,0.0,-0.2367,0
app_0277,app_s002499,-0.3647,0.5981,0.0,-0.1741,0
app_0124,app_s002500,-0.1112,0.5303,0.0,-0.2356,0
app_0304,app_s002501,-0.989,0.0238,0.0,0.1525,0
app_0067,app_s002502,-0.4297,0.0286,0.0,-0.0048,0
app_0376,app_s002503,0.4625,0.5101,0.0,0.0228,0
app_0013,app_s002504,-1.0849,0.0967,0.0,-0.4562,0
app_0161,app_s002505,0.7143,0.0018,0.0,-0.0777,0
app_0236,app_s002506,-1.2672,0.0023,0.0,-0.1642,0
app_0411,app_s002507,-0.6356,0.0232,0.0,-0.1776,0
app_0306,app_s002508,-0.8112,0.4241,0.0,-0.321,0
app_0446,app_s002509,0.719,0.0287,0.0,-0.4415,0
app_0274,app_s002510,-0.0137,0.3009,0.0,-0.4707,0
app_0442,app_s002511,0.6312,0.0271,0.0,-0.4122,0
app_0395,app_s002512,0.7138,0.2358,0.0,-0.1308,0
app_0401,app_s002513,1.1506,0.3631,0.0,-0.3785,0
app_0377,app_s002514,-0.565,0.2482,0.0,-0.2662,0
app_0365,app_s002515,1.6141,0.3879,0.0,-0.3672,0
app_0077,app_s002516,0.971,0.0955,0.0,-0.4403,0
app_0363,app_s002517,0.5453,0.169,0.0,-0.3113,0
app_0276,app_s002518,-1.2778,0.0096,0.0,-0.134,0
app_0331,app_s002519,-0.8838,0.0725,0.0,-0.3874,0
app_0071,app_s002520,0.7401,0.279,0.0,-0.2727,0
app_0335,app_s002521,-4.0064,0.697,1.0,1.5358,1
app_0165,app_s002522,0.2859,0.1885,0.0,-0.0923,0
app_0296,app_s002523,-1.3211,0.6727,0.0,0.1559,0
app_0093,app_s002524,-1.3522,0.0414,1.0,0.0648,0
app_0008,app_s002525,0.4833,0.0082,0.0,-0.0909,0
app_0376,app_s002526,0.5086,0.0002,0.0,0.2135,0
app_0209,app_s002527,0.1197,0.3231,0.0,0.1922,0
app_0049,app_s002528,-10.5274,0.5556,1.0,1.344,1
app_0038,app_s002529,0.4045,0.0437,1.0,-0.429,0
app_0084,app_s002530,0.372,0.0157,0.0,-0.4105,0
app_0308,app_s002531,1.2779,0.2324,0.0,-0.4607,0
app_0270,app_s002532,1.2938,0.433,0.0,-0.0161,0
app_0203,app_s002533,-11.2055,0.4904,1.0,3.7757,1
app_0442,app_s002534,0.7718,0.061,0.0,0.3418,0
app_0438,app_s002535,0.2706,0.0888,0.0,-0.2232,0
app_0316,app_s002536,0.2868,0.0081,0.0,1.7801,0
app_0170,app_s002537,0.6804,0.0642,0.0,-0.4319,0
app_0274,app_s002538,-1.2324,0.5146,0.0,-0.1014,0
app_0138,app_s002539,0.7421,0.0296,0.0,-0.3436,0
app_0263,app_s002540,0.6907,0.0542,0.0,-0.2925,0
app_0430,app_s002541,1.1209,0.6483,1.0,-0.0749,0
app_0439,app_s002542,-0.4727,0.0225,0.0,-0.1726,0
app_0173,app_s002543,-0.5637,0.0017,0.0,-0.3383,0
app_0310,app_s002544,-0.3735,0.0761,0.0,4.0004,0
app_0440,app_s002545,-1.0328,0.0799,0.0,-0.3406,0
app_0357,app_s002546,-0.5569,0.1034,0.0,-0.1778,0
app_0065,app_s002547,1.0225,0.1588,0.0,-0.1144,0
app_0258,app_s002548,-2.1266,0.0183,0.0,-0.1324,0
app_0352,app_s002549,-0.1715,0.031,0.0,-0.3474,0
app_0223,app_s002550,-0.7895,0.0118,0.0,-0.2981,0
app_0319,app_s002551,0.0253,0.376,0.0,-0.4008,0
app_0246,app_s002552,0.3142,0.1201,0.0,-0.2694,0
app_0091,app_s002553,1.1918,0.0047,0.0,-0.1844,0
app_0160,app_s002554,0.9774,0.0266,0.0,-0.4533,0
app_0024,app_s002555,0.2963,0.0852,0.0,-0.3363,0
app_0423,app_s002556,1.1753,0.0075,1.0,-0.2462,0
app_0082,app_s002557,0.3979,0.0495,0.0,0.2307,0
app_0020,app_s002558,-0.268,0.0005,0.0,-0.2152,0
app_0340,app_s002559,-0.6327,0.0124,0.0,-0.471,0
app_0232,app_s002560,-0.0862,0.0087,0.0,-0.4465,0
app_0223,app_s002561,-1.2019,0.0401,0.0,0.0325,0
app_0232,app_s002562,2.2462,0.0548,1.0,-0.1239,0
app_0335,app_s002563,-1.9761,0.0146,0.0,-0.458,0
app_0426,app_s002564,-0.3245,0.0442,0.0,0.3807,0
app_0176,app_s002565,-0.784,0.0095,0.0,-0.2373,0
app_0421,app_s002566,0.0717,0.4331,1.0,3.1748,0
app_0236,app_s002567,0.8581,0.136,0.0,0.5028,0
app_0277,app_s002568,0.4917,0.0337,0.0,-0.4656,0
app_0183,app_s002569,-0.2183,0.1105,0.0,-0.4193,0
app_0240,app_s002570,0.6345,0.572,0.0,0.7723,0
app_0197,app_s002571,-12.4886,0.7472,1.0,4.738,1
app_0173,app_s002572,-0.2045,0.0304,0.0,-0.442,0
app_0336,app_s002573,-0.1472,0.3042,0.0,0.2182,0
app_0015,app_s002574,0.0698,0.0383,0.0,-0.4398,0
app_0268,app_s002575,-1.0348,0.4429,0.0,-0.3658,0
app_0213,app_s002576,0.6904,0.043,0.0,-0.4197,0
app_0083,app_s002577,-0.7253,0.0517,0.0,0.3779,0
app_0302,app_s002578,1.4415,0.1768,0.0,0.6209,0
app_0423,app_s002579,-0.1155,0.8763,0.0,-0.1336,0
app_0009,app_s002580,0.9749,0.0405,0.0,-0.2381,0
app_0181,app_s002581,21.7971,0.8354,0.0,7.5815,1
app_0444,app_s002582,-0.7746,0.0178,1.0,0.1964,0
app_0276,app_s002583,1.1597,0.0034,0.0,-0.297,0
app_0044,app_s002584,0.5175,0.2365,0.0,1.9857,0
app_0280,app_s002585,-1.4557,0.5194,0.0,-0.4739,0
app_0436,app_s002586,-0.3202,0.0088,0.0,-0.4125,0
app_0019,app_s002587,-0.1045,0.0846,0.0,-0.0796,0
app_0433,app_s002588,-0.2748,0.6519,0.0,-0.3749,0
app_0096,app_s002589,1.498,0.0916,0.0,-0.3349,0
app_0344,app_s002590,0.6862,0.6916,0.0,-0.3731,0
app_0069,app_s002591,-0.1867,0.4428,0.0,0.0734,0
app_0396,app_s002592,12.1001,0.0072,0.0,3.3222,1
app_0439,app_s002593,1.7383,0.6521,0.0,-0.3825,0
app_0147,app_s002594,-2.2317,0.0736,0.0,-0.2636,0
app_0151,app_s002595,-1.8758,0.3981,1.0,-0.3523,0
app_0362,app_s002596,1.0292,0.0581,0.0,-0.1261,0
app_0177,app_s002597,-0.3645,0.032,0.0,0.1732,0
app_0364,app_s002598,2.1093,0.0095,0.0,-0.4101,0
app_0430,app_s002599,1.1661,0.0377,0.0,-0.2293,0
app_0133,app_s002600,-9.2145,0.5305,1.0,4.0826,1
app_0229,app_s002601,-1.1854,0.5475,0.0,-0.2887,0
app_0150,app_s002602,-12.701,0.0578,1.0,8.823,1
app_0065,app_s002603,-0.8273,0.0339,0.0,-0.4426,0
app_0146,app_s002604,0.7366,0.3732,0.0,0.7893,0
app_0313,app_s002605,-0.4677,0.2035,0.0,-0.2842,0
app_0060,app_s002606,1.0306,0.1369,0.0,1.054,0
app_0184,app_s002607,-0.3484,0.6531,0.0,-0.4446,0
app_0374,app_s002608,-0.1715,0.0836,0.0,-0.4634,0
app_0354,app_s002609,1.2024,0.113,0.0,-0.3421,0
app_0179,app_s002610,0.2436,0.2113,0.0,-0.4182,0
app_0449,app_s002611,-0.0542,0.4708,0.0,1.5072,0
app_0255,app_s002612,0.3423,0.065,0.0,-0.4135,0
app_0424,app_s002613,0.0914,0.2053,0.0,-0.4336,0
app_0067,app_s002614,-0.417,0.537,0.0,3.2374,0
app_0226,app_s002615,-0.5677,0.4671,0.0,0.0498,0
app_0279,app_s002616,0.8724,0.1857,0.0,-0.2982,0
app_0330,app_s002617,0.9149,0.4673,1.0,-0.1842,0
app_0164,app_s002618,0.2414,0.118,0.0,-0.2972,0
app_0204,app_s002619,-0.9721,0.5904,0.0,0.7132,0
app_0376,app_s002620,0.8524,0.0091,0.0,-0.3658,0
app_0300,app_s002621,1.5049,0.1217,0.0,-0.1942,0
app_0293,app_s002622,-5.248,0.5422,1.0,3.1873,1
app_0036,app_s002623,0.8589,0.0122,0.0,-0.2668,0
app_0038,app_s002624,-0.077,0.5768,0.0,-0.3918,0
app_0398,app_s002625,-0.2918,0.3956,0.0,-0.3831,0
app_0125,app_s002626,-0.1272,0.0087,0.0,-0.4214,0
app_0050,app_s002627,0.2727,0.0059,0.0,1.8678,0
app_0107,app_s002628,0.3725,0.614,0.0,0.024,0
app_0008,app_s002629,0.2137,0.7611,1.0,-0.3916,0
app_0033,app_s002630,0.3997,0.122,0.0,0.777,0
app_0238,app_s002631,-0.5575,0.0448,0.0,-0.3863,0
app_0395,app_s002632,-0.8018,0.0165,0.0,8.3599,0
app_0250,app_s002633,-1.0814,0.0392,0.0,-0.4669,0
app_0223,app_s002634,2.7877,0.8722,0.0,-0.2989,0
app_0421,app_s002635,-0.7484,0.1696,0.0,-0.2838,0
app_0324,app_s002636,0.9781,0.6366,0.0,0.2871,0
app_0186,app_s002637,-0.0138,0.1163,0.0,-0.3367,0
app_0127,app_s002638,-1.0783,0.0641,0.0,-0.379,0
app_0375,app_s002639,1.1114,0.1032,0.0,-0.1549,0
app_0178,app_s002640,0.2981,0.1274,0.0,-0.4678,0
app_0033,app_s002641,-0.053,0.0173,0.0,0.0633,0
app_0277,app_s002642,-0.4327,0.068,0.0,-0.366,0
app_0161,app_s002643,1.6592,0.0195,0.0,-0.2873,0
app_0231,app_s002644,-3.5304,0.0033,0.0,0.3311,0
app_0239,app_s002645,-0.8146,0.2653,0.0,-0.464,0
app_0399,app_s002646,1.0212,0.1466,1.0,-0.3481,0
app_0385,app_s002647,0.4056,0.0539,0.0,-0.3091,0
app_0044,app_s002648,-0.3157,0.1364,0.0,-0.2593,0
app_0253,app_s002649,-1.0531,0.2521,0.0,0.4117,0
app_0407,app_s002650,0.8228,0.4231,0.0,-0.3138,0
app_0345,app_s002651,-0.6262,0.2807,0.0,-0.4292,0
app_0216,app_s002652,0.1344,0.524,0.0,-0.3908,0
app_0351,app_s002653,-4.7489,0.5024,1.0,7.6688,1
app_0324,app_s002654,0.1718,0.1737,1.0,2.1639,0
app_0132,app_s002655,0.3629,0.0738,0.0,-0.4572,0
app_0108,app_s002656,0.1957,0.0019,0.0,-0.2091,0
app_0028,app_s002657,1.3482,0.0202,0.0,-0.1801,0
app_0189,app_s002658,-0.7841,0.8301,1.0,-0.4328,0
app_0348,app_s002659,-0.2815,0.0808,0.0,8.3224,0
app_0186,app_s002660,1.2549,0.0145,0.0,-0.4442,0
app_0421,app_s002661,-0.3677,0.4625,0.0,-0.0994,0
app_0282,app_s002662,0.9278,0.4416,0.0,-0.4688,0
app_0055,app_s002663,0.7884,0.1099,1.0,-0.3651,0
app_0057,app_s002664,-2.2389,0.0328,0.0,-0.341,0
app_0250,app_s002665,-0.1364,0.0105,0.0,-0.3734,0
app_0086,app_s002666,-0.2474,0.0079,0.0,-0.4792,0
app_0199,app_s002667,-0.4123,0.7558,0.0,1.2618,0
app_0136,app_s002668,2.9856,0.005,0.0,0.5591,0
app_0362,app_s002669,17.8964,0.5907,0.0,2.265,1
app_0275,app_s002670,-0.0474,0.0867,0.0,1.5632,0
app_0258,app_s002671,-0.0507,0.3519,0.0,-0.4211,0
app_0394,app_s002672,-0.8601,0.0022,0.0,-0.4507,0
app_0390,app_s002673,0.356,0.032,0.0,-0.3793,0
app_0234,app_s002674,1.1594,0.0113,0.0,0.3581,0
app_0066,app_s002675,1.1689,0.0228,0.0,0.4881,0
app_0239,app_s002676,-0.2706,0.0217,0.0,-0.4145,0
app_0228,app_s002677,0.1166,0.0692,0.0,-0.2804,0
app_0057,app_s002678,0.0692,0.1379,0.0,-0.1622,0
app_0172,app_s002679,-0.5866,0.3817,1.0,-0.09,0
app_0076,app_s002680,-1.5707,0.1202,0.0,-0.3453,0
app_0272,app_s002681,1.0429,0.0291,0.0,-0.4039,0
app_0406,app_s002682,-1.1702,0.0021,0.0,-0.41,0
app_0035,app_s002683,0.1498,0.0003,0.0,-0.3655,0
app_0173,app_s002684,0.7697,0.0747,0.0,0.8715,0
app_0253,app_s002685,0.181,0.0298,0.0,0.1286,0
app_0191,app_s002686,0.418,0.3727,0.0,-0.2313,0
app_0130,app_s002687,-0.7166,0.0215,0.0,0.1013,0
app_0355,app_s002688,1.1008,0.1714,0.0,-0.296,0
app_0357,app_s002689,2.0087,0.1007,0.0,-0.3053,0
app_0355,app_s002690,1.6552,0.0212,0.0,-0.061,0
app_0315,app_s002691,0.1221,0.0633,0.0,-0.4004,0
app_0445,app_s002692,-1.0211,0.316,0.0,-0.3707,0
app_0356,app_s002693,-0.1318,0.0497,0.0,-0.4056,0
app_0026,app_s002694,-1.1341,0.3483,0.0,0.0489,0
app_0394,app_s002695,-0.5507,0.1233,0.0,0.2501,0
app_0035,app_s002696,2.1081,0.6035,0.0,-0.3204,0
app_0133,app_s002697,1.1775,0.0056,0.0,-0.0856,0
app_0156,app_s002698,0.0795,0.2704,1.0,-0.1273,0
app_0263,app_s002699,-0.9246,0.0007,0.0,-0.0258,0
app_0287,app_s002700,-0.8689,0.0379,0.0,0.7546,0
app_0340,app_s002701,1.2083,0.0413,0.0,-0.3054,0
app_0035,app_s002702,0.3377,0.2096,0.0,-0.3584,0
app_0017,app_s002703,-0.0707,0.0327,0.0,-0.2415,0
app_0084,app_s002704,0.361,0.4662,0.0,-0.181,0
app_0152,app_s002705,-1.31,0.0245,0.0,-0.1479,0
app_0428,app_s002706,0.5878,0.6145,0.0,0.8428,0
app_0387,app_s002707,-0.691,0.1095,0.0,-0.4316,0
app_0407,app_s002708,-0.3408,0.1452,1.0,-0.2156,0
app_0072,app_s002709,-0.2787,0.0646,0.0,-0.2051,0
app_0031,app_s002710,-0.3902,0.7179,0.0,-0.1828,0
app_0123,app_s002711,-0.6825,0.0062,0.0,-0.43,0
app_0127,app_s002712,-0.6897,0.0416,0.0,-0.4638,0
app_0110,app_s002713,-1.3262,0.4342,0.0,-0.2575,0
app_0201,app_s002714,0.8029,0.3433,0.0,-0.2469,0
app_0220,app_s002715,1.6402,0.0806,0.0,-0.3205,0
app_0012,app_s002716,-0.4523,0.004,0.0,-0.4711,0
app_0269,app_s002717,0.5239,0.0187,0.0,0.4459,0
app_0287,app_s002718,2.2146,0.3827,0.0,-0.4273,0
app_0283,app_s002719,-0.6223,0.5634,0.0,-0.323,0
app_0432,app_s002720,-0.3184,0.203,0.0,-0.2508,0
app_0291,app_s002721,0.1949,0.1421,0.0,-0.4323,0
app_0036,app_s002722,0.6062,0.504,0.0,2.7211,0
app_0315,app_s002723,0.3793,0.0342,0.0,-0.3464,0
app_0153,app_s002724,0.4303,0.0012,1.0,-0.1702,0
app_0025,app_s002725,24.5283,0.0553,1.0,2.9628,1
app_0369,app_s002726,-9.4918,0.537,1.0,4.0431,1
app_0370,app_s002727,-1.4727,0.1939,0.0,-0.2439,0
app_0361,app_s002728,0.3826,0.2695,0.0,0.6176,0
app_0326,app_s002729,-0.4133,0.0073,0.0,-0.117,0
app_0027,app_s002730,-0.2225,0.1836,1.0,-0.3651,0
app_0301,app_s002731,-5.7117,0.6234,1.0,7.2109,1
app_0235,app_s002732,-0.8405,0.3365,0.0,0.1012,0
app_0301,app_s002733,0.7664,0.125,1.0,0.8265,0
app_0353,app_s002734,-5.3078,0.5323,0.0,6.3739,1
app_0079,app_s002735,1.625,0.3397,1.0,3.1815,0
app_0212,app_s002736,0.089,0.0199,0.0,5.5936,0
app_0372,app_s002737,-0.4147,0.1695,0.0,0.1203,0
app_0204,app_s002738,1.0627,0.7342,0.0,-0.3043,0
app_0377,app_s002739,-0.3629,0.0196,0.0,-0.3232,0
app_0191,app_s002740,1.7033,0.0264,0.0,-0.1354,0
app_0133,app_s002741,-2.4526,0.0028,0.0,-0.3292,0
app_0043,app_s002742,-2.8883,0.0607,0.0,-0.2958,0
app_0157,app_s002743,-0.7087,0.0307,0.0,0.1438,0
app_0399,app_s002744,-1.8703,0.073,1.0,-0.2754,0
app_0103,app_s002745,0.7802,0.1591,0.0,-0.2182,0
app_0208,app_s002746,-0.1986,0.102,0.0,-0.2123,0
app_0120,app_s002747,-0.5065,0.0194,0.0,-0.4042,0
app_0125,app_s002748,2.1215,0.0,0.0,-0.3601,0
app_0074,app_s002749,-1.9081,0.5226,0.0,-0.1933,0
app_0037,app_s002750,-0.1482,0.2195,1.0,-0.009,0
app_0364,app_s002751,0.2298,0.0096,0.0,-0.3929,0
app_0154,app_s002752,-0.3498,0.0019,0.0,-0.4347,0
app_0125,app_s002753,-0.1616,0.0175,0.0,-0.4358,0
app_0316,app_s002754,-1.544,0.4479,0.0,-0.3025,0
app_0009,app_s002755,0.0451,0.051,0.0,-0.4578,0
app_0321,app_s002756,0.508,0.0244,1.0,-0.3915,0
app_0394,app_s002757,0.0214,0.0567,0.0,-0.2715,0
app_0251,app_s002758,-0.0447,0.4098,0.0,-0.3354,0
app_0263,app_s002759,0.381,0.0594,0.0,-0.4099,0
app_0399,app_s002760,0.1065,0.4405,0.0,-0.208,0
app_0155,app_s002761,-0.8942,0.6114,0.0,-0.4115,0
app_0171,app_s002762,1.9629,0.2141,0.0,-0.2873,0
app_0182,app_s002763,-0.9265,0.0007,0.0,-0.2182,0
app_0278,app_s002764,-1.2648,0.1749,0.0,-0.3271,0
app_0180,app_s002765,-11.9926,0.9014,1.0,2.5898,1
app_0423,app_s002766,-0.1223,0.5759,0.0,-0.2517,0
app_0250,app_s002767,-0.0378,0.106,0.0,-0.0698,0
app_0160,app_s002768,-0.6482,0.3453,0.0,0.0982,0
app_0037,app_s002769,-0.3324,0.5833,0.0,-0.4525,0
app_0287,app_s002770,-0.1734,0.8009,1.0,0.8882,0
app_0205,app_s002771,0.834,0.1419,0.0,-0.3715,0
app_0228,app_s002772,-0.1317,0.599,0.0,0.3087,0
app_0202,app_s002773,-1.2134,0.051,0.0,-0.3141,0
app_0278,app_s002774,0.9708,0.2991,0.0,-0.3397,0
app_0413,app_s002775,0.0743,0.5872,0.0,-0.3875,0
app_0367,app_s002776,0.077,0.0082,0.0,-0.4552,0
app_0029,app_s002777,-0.048,0.0129,0.0,0.0421,0
app_0174,app_s002778,1.1315,0.0161,0.0,0.1446,0
app_0369,app_s002779,0.7895,0.5924,1.0,-0.4535,0
app_0154,app_s002780,-0.47,0.0525,0.0,-0.307,0
app_0334,app_s002781,1.5616,0.0971,0.0,-0.3882,0
app_0378,app_s002782,-0.8258,0.4239,0.0,-0.3174,0
app_0346,app_s002783,-0.3614,0.0338,0.0,-0.3854,0
app_0275,app_s002784,0.7625,0.0432,0.0,-0.4012,0
app_0169,app_s002785,-1.0698,0.8293,0.0,-0.355,0
app_0160,app_s002786,1.3531,0.022,0.0,-0.2149,0
app_0443,app_s002787,-1.6193,0.0099,0.0,-0.3965,0
app_0075,app_s002788,0.7093,0.6641,0.0,-0.4202,0
app_0326,app_s002789,-12.0621,0.8455,1.0,2.4701,1
app_0191,app_s002790,-0.4233,0.6117,0.0,-0.3135,0
app_0135,app_s002791,-0.807,0.1038,0.0,0.8131,0
app_0093,app_s002792,0.7591,0.1017,0.0,-0.0563,0
app_0246,app_s002793,-0.9646,0.8332,0.0,-0.3721,0
app_0404,app_s002794,-0.8844,0.0979,0.0,-0.3555,0
app_0034,app_s002795,0.1995,0.0136,1.0,0.1338,0
app_0027,app_s002796,1.3878,0.1765,0.0,-0.0606,0
app_0213,app_s002797,0.8183,0.8362,0.0,-0.0966,0
app_0054,app_s002798,-0.8495,0.514,0.0,3.2015,0
app_0140,app_s002799,-0.4336,0.0047,0.0,-0.2111,0
app_0294,app_s002800,0.7501,0.2093,1.0,0.1328,0
app_0148,app_s002801,-0.1512,0.1498,0.0,1.9866,0
app_0125,app_s002802,-0.3472,0.0813,0.0,-0.4033,0
app_0279,app_s002803,0.081,0.0223,0.0,-0.3905,0
app_0127,app_s002804,0.2731,0.0069,0.0,-0.3311,0
app_0052,app_s002805,-1.9503,0.094,0.0,-0.2831,0
app_0018,app_s002806,-1.5467,0.1471,0.0,-0.4678,0
app_0249,app_s002807,-0.2797,0.0687,0.0,0.1579,0
app_0108,app_s002808,-5.4592,0.7392,1.0,5.1483,1
app_0345,app_s002809,1.6763,0.0662,0.0,-0.0087,0
app_0339,app_s002810,1.3933,0.347,0.0,-0.4714,0
app_0205,app_s002811,-1.9417,0.0294,0.0,-0.0337,0
app_0193,app_s002812,-1.3435,0.0456,0.0,-0.0144,0
app_0121,app_s002813,1.3836,0.6709,0.0,-0.4097,0
app_0287,app_s002814,-0.3568,0.066,0.0,0.6149,0
app_0087,app_s002815,1.2823,0.1261,0.0,-0.2826,0
app_0251,app_s002816,1.1494,0.7132,0.0,4.2019,0
app_0335,app_s002817,0.1361,0.0469,0.0,0.4131,0
app_0335,app_s002818,1.0185,0.3144,1.0,-0.4367,0
app_0089,app_s002819,0.7072,0.0897,0.0,-0.3995,0
app_0391,app_s002820,0.5677,0.1866,0.0,-0.0356,0
app_0073,app_s002821,-0.0169,0.0389,0.0,2.501,0
app_0341,app_s002822,1.4688,0.0152,0.0,-0.0147,0
app_0030,app_s002823,0.3742,0.1164,0.0,-0.4009,0
app_0414,app_s002824,1.759,0.0487,0.0,0.2147,0
app_0069,app_s002825,0.1338,0.2484,0.0,0.3356,0
app_0393,app_s002826,0.0322,0.0033,0.0,0.255,0
app_0309,app_s002827,0.6034,0.5688,0.0,-0.4188,0
app_0239,app_s002828,1.4025,0.1855,0.0,-0.3106,0
app_0410,app_s002829,-0.4415,0.1106,0.0,0.3981,0
app_0218,app_s002830,-0.7401,0.0671,0.0,-0.0042,0
app_0352,app_s002831,0.5427,0.6433,0.0,-0.311,0
app_0336,app_s002832,-0.5795,0.1334,0.0,-0.4283,0
app_0105,app_s002833,-0.634,0.007,0.0,-0.2912,0
app_0114,app_s002834,0.1077,0.0494,0.0,-0.2252,0
app_0169,app_s002835,-1.3132,0.0326,0.0,-0.2615,0
app_0306,app_s002836,-0.2382,0.0412,0.0,-0.3752,0
app_0145,app_s002837,0.0238,0.0449,0.0,0.5826,0
app_0401,app_s002838,1.0497,0.0953,0.0,-0.1853,0
app_0337,app_s002839,1.2858,0.3457,0.0,-0.459,0
app_0210,app_s002840,-11.5435,0.5042,1.0,11.0711,1
app_0159,app_s002841,-0.1094,0.1183,0.0,0.6923,0
app_0344,app_s002842,-0.7227,0.0077,0.0,-0.4466,0
app_0416,app_s002843,0.6251,0.6037,0.0,-0.1702,0
app_0063,app_s002844,0.8243,0.3879,0.0,-0.4006,0
app_0280,app_s002845,-0.4404,0.0988,0.0,-0.4579,0
app_0023,app_s002846,0.7296,0.7724,0.0,0.099,0
app_0097,app_s002847,1.294,0.0056,1.0,-0.2647,0
app_0256,app_s002848,0.9353,0.0853,0.0,1.4013,0
app_0241,app_s002849,0.8874,0.0406,0.0,-0.2652,0
app_0160,app_s002850,1.5443,0.6254,0.0,-0.3249,0
app_0277,app_s002851,-0.5337,0.2588,0.0,-0.4738,0
app_0300,app_s002852,0.8999,0.0083,0.0,-0.3244,0
app_0371,app_s002853,-0.3825,0.7314,0.0,-0.3304,0
app_0045,app_s002854,0.6862,0.0857,0.0,-0.3436,0
app_0325,app_s002855,0.9307,0.004,0.0,0.6508,0
app_0302,app_s002856,-1.2962,0.0552,0.0,-0.4416,0
app_0306,app_s002857,0.6429,0.0101,0.0,0.163,0
app_0298,app_s002858,-0.2452,0.0251,0.0,-0.0807,0
app_0184,app_s002859,0.0357,0.117,0.0,0.2642,0
app_0010,app_s002860,-0.5573,0.6779,0.0,0.4414,0
app_0272,app_s002861,2.4115,0.3163,0.0,-0.415,0
app_0212,app_s002862,-0.4393,0.2838,1.0,0.0614,0
app_0078,app_s002863,-8.1416,0.1626,1.0,3.1828,1
app_0015,app_s002864,-0.3343,0.2642,1.0,-0.4115,0
app_0197,app_s002865,0.4214,0.629,0.0,-0.3808,0
app_0154,app_s002866,-0.5936,0.1444,0.0,-0.3331,0
app_0431,app_s002867,1.1868,0.7249,0.0,-0.1564,0
app_0163,app_s002868,-1.7666,0.3522,0.0,0.1938,0
app_0133,app_s002869,0.7544,0.393,0.0,-0.3506,0
app_0442,app_s002870,-0.6686,0.0322,0.0,0.1671,0
app_0292,app_s002871,-1.3666,0.221,0.0,-0.3512,0
app_0353,app_s002872,-0.1695,0.1225,0.0,-0.3037,0
app_0444,app_s002873,0.8626,0.5043,0.0,-0.2601,0
app_0428,app_s002874,-1.4703,0.7494,0.0,-0.2036,0
app_0248,app_s002875,-0.7363,0.2106,1.0,-0.4728,0
app_0385,app_s002876,1.571,0.0704,0.0,-0.2208,0
app_0336,app_s002877,-1.2122,0.0224,0.0,-0.1356,0
app_0019,app_s002878,-0.4396,0.0617,1.0,-0.355,0
app_0109,app_s002879,0.2396,0.0315,0.0,0.0151,0
app_0269,app_s002880,1.5252,0.655,0.0,-0.1936,0
app_0395,app_s002881,-1.0453,0.8539,0.0,-0.1991,0
app_0402,app_s002882,-1.2374,0.0438,0.0,1.5433,0
app_0008,app_s002883,-0.662,0.0468,0.0,0.3814,0
app_0327,app_s002884,0.037,0.1352,0.0,-0.4394,0
app_0136,app_s002885,1.2598,0.0084,0.0,0.0454,0
app_0279,app_s002886,0.8556,0.1956,0.0,-0.4147,0
app_0157,app_s002887,-0.0311,0.6108,0.0,-0.3628,0
app_0144,app_s002888,-2.0211,0.0187,0.0,-0.2506,0
app_0298,app_s002889,-0.8933,0.6702,0.0,-0.0593,0
app_0441,app_s002890,0.3171,0.7477,0.0,-0.1382,0
app_0139,app_s002891,1.2018,0.4388,0.0,-0.259,0
app_0062,app_s002892,-0.9121,0.654,0.0,-0.0684,0
app_0363,app_s002893,-0.9049,0.0355,0.0,0.259,0
app_0361,app_s002894,0.5055,0.8508,0.0,-0.4193,0
app_0089,app_s002895,-0.6757,0.0523,0.0,0.3341,0
app_0425,app_s002896,-2.2025,0.5347,0.0,-0.2267,0
app_0019,app_s002897,-1.2228,0.0413,0.0,-0.3457,0
app_0077,app_s002898,2.6071,0.0568,0.0,-0.4399,0
app_0059,app_s002899,0.9731,0.1618,0.0,-0.3605,0
app_0384,app_s002900,0.3752,0.021,0.0,-0.1901,0
app_0051,app_s002901,0.872,0.1046,0.0,-0.3455,0
app_0300,app_s002902,-0.7567,0.0683,0.0,0.1532,0
app_0289,app_s002903,-0.6317,0.5623,0.0,-0.0528,0
app_0386,app_s002904,-1.1557,0.4578,0.0,-0.2374,0
app_0003,app_s002905,1.0299,0.0062,0.0,-0.3206,0
app_0307,app_s002906,-0.5077,0.039,0.0,-0.4573,0
app_0155,app_s002907,-0.6364,0.4735,0.0,-0.4452,0
app_0184,app_s002908,-0.672,0.0045,0.0,-0.4158,0
app_0441,app_s002909,1.5327,0.3536,0.0,-0.3665,0
app_0103,app_s002910,-0.932,0.0835,0.0,0.1184,0
app_0383,app_s002911,-0.0105,0.0528,0.0,-0.422,0
app_0211,app_s002912,-0.6509,0.4832,1.0,-0.4609,0
app_0013,app_s002913,1.4038,0.0349,0.0,-0.4177,0
app_0365,app_s002914,0.6537,0.2178,0.0,-0.4615,0
app_0085,app_s002915,0.5788,0.0969,0.0,-0.1295,0
app_0172,app_s002916,-9.2144,0.2732,1.0,6.6029,1
app_0125,app_s002917,0.4798,0.0068,0.0,-0.0561,0
app_0171,app_s002918,1.0958,0.0372,0.0,2.9253,0
app_0013,app_s002919,-0.4545,0.5337,0.0,-0.1987,0
app_0033,app_s002920,-0.1897,0.0657,0.0,2.9812,0
app_0246,app_s002921,1.0915,0.1318,0.0,-0.3949,0
app_0266,app_s002922,0.2443,0.3336,0.0,-0.3565,0
app_0219,app_s002923,-1.6716,0.0577,0.0,-0.413,0
app_0280,app_s002924,2.2322,0.3485,0.0,-0.4127,0
app_0263,app_s002925,0.6996,0.0065,0.0,-0.3778,0
app_0210,app_s002926,-0.0153,0.0308,0.0,-0.3865,0
app_0379,app_s002927,1.4791,0.1166,0.0,-0.4077,0
app_0002,app_s002928,0.8564,0.0348,0.0,-0.4278,0
app_0269,app_s002929,0.0954,0.0491,0.0,-0.4024,0
app_0293,app_s002930,1.235,0.1906,0.0,-0.2529,0
app_0038,app_s002931,-0.9726,0.0214,0.0,-0.4335,0
app_0247,app_s002932,0.604,0.486,0.0,1.6184,0
app_0144,app_s002933,1.3654,0.0232,1.0,1.7266,0
app_0002,app_s002934,0.9807,0.0346,0.0,1.1448,0
app_0015,app_s002935,-0.4665,0.0613,0.0,0.1012,0
app_0026,app_s002936,1.1275,0.6057,0.0,-0.4233,0
app_0286,app_s002937,-1.86,0.0395,0.0,-0.3585,0
app_0254,app_s002938,-0.1318,0.0731,0.0,-0.4594,0
app_0090,app_s002939,0.0787,0.0001,0.0,-0.3221,0
app_0331,app_s002940,0.0444,0.0891,0.0,-0.467,0
app_0010,app_s002941,0.1414,0.0126,0.0,0.495,0
app_0291,app_s002942,0.7954,0.3625,0.0,-0.4496,0
app_0432,app_s002943,0.5103,0.1243,0.0,-0.0033,0
app_0440,app_s002944,-0.8329,0.2772,0.0,-0.3869,0
app_0182,app_s002945,0.3102,0.0125,0.0,-0.3572,0
app_0227,app_s002946,0.1337,0.0321,0.0,-0.4186,0
app_0232,app_s002947,0.8487,0.0128,0.0,0.6284,0
app_0133,app_s002948,-1.0615,0.1977,0.0,-0.4516,0
app_0204,app_s002949,1.1713,0.4763,0.0,7.5365,0
app_0260,app_s002950,0.3142,0.6655,0.0,-0.1015,0
app_0138,app_s002951,-0.7328,0.0338,0.0,0.0475,0
app_0108,app_s002952,-0.2314,0.0151,0.0,-0.3359,0
app_0420,app_s002953,0.5865,0.0244,0.0,0.9008,0
app_0232,app_s002954,-0.5855,0.0281,0.0,-0.1775,0
app_0418,app_s002955,0.5198,0.0029,0.0,1.0762,0
app_0406,app_s002956,0.162,0.6984,0.0,-0.4085,0
app_0251,app_s002957,0.7226,0.2143,1.0,-0.4271,0
app_0141,app_s002958,-1.2503,0.0465,0.0,0.8106,0
app_0162,app_s002959,-0.674,0.6038,0.0,-0.408,0
app_0390,app_s002960,-0.3831,0.0314,0.0,-0.3459,0
app_0412,app_s002961,-0.0735,0.7127,0.0,0.1716,0
app_0332,app_s002962,1.2017,0.1988,0.0,0.0829,0
app_0093,app_s002963,-0.6068,0.0725,0.0,0.2825,0
app_0406,app_s002964,-1.605,0.3351,0.0,4.5843,0
app_0206,app_s002965,-0.7107,0.1249,0.0,-0.4003,0
app_0192,app_s002966,-1.3616,0.0186,0.0,-0.0453,0
app_0416,app_s002967,0.0559,0.5216,0.0,-0.4086,0
app_0277,app_s002968,-3.1501,0.0606,0.0,-0.3044,0
app_0206,app_s002969,1.0508,0.0509,0.0,0.2908,0
app_0188,app_s002970,2.3632,0.2317,0.0,-0.4256,0
app_0073,app_s002971,0.6523,0.1215,0.0,-0.1144,0
app_0225,app_s002972,1.4825,0.0985,0.0,-0.465,0
app_0263,app_s002973,-2.2708,0.3652,0.0,-0.4009,0
app_0142,app_s002974,13.8932,0.811,1.0,10.1162,1
app_0336,app_s002975,0.0853,0.1075,0.0,-0.3162,0
app_0193,app_s002976,0.1288,0.0397,1.0,-0.4345,0
app_0374,app_s002977,0.4563,0.0631,0.0,0.1915,0
app_0263,app_s002978,-0.2054,0.4757,0.0,-0.2094,0
app_0169,app_s002979,-0.282,0.4663,0.0,-0.4703,0
app_0389,app_s002980,1.4471,0.0477,0.0,-0.4335,0
app_0192,app_s002981,0.8285,0.0248,0.0,0.0156,0
app_0438,app_s002982,1.915,0.0258,0.0,-0.2798,0
app_0279,app_s002983,0.9939,0.0389,0.0,0.6526,0
app_0427,app_s002984,0.7204,0.0058,0.0,-0.3987,0
app_0068,app_s002985,0.796,0.1187,0.0,-0.4715,0
app_0266,app_s002986,1.8573,0.0087,0.0,-0.0195,0
app_0354,app_s002987,1.2096,0.4064,0.0,-0.3176,0
app_0137,app_s002988,-1.0194,0.0183,1.0,-0.4494,0
app_0332,app_s002989,0.2423,0.0165,0.0,-0.4192,0
app_0212,app_s002990,-0.8003,0.0344,0.0,-0.2189,0
app_0301,app_s002991,0.5216,0.8745,0.0,0.3389,0
app_0339,app_s002992,-0.4916,0.0072,0.0,-0.4799,0
app_0038,app_s002993,-1.1533,0.0761,0.0,0.2554,0
app_0293,app_s002994,0.743,0.0318,0.0,-0.1224,0
app_0367,app_s002995,-0.4215,0.1575,1.0,-0.3466,0
app_0157,app_s002996,0.4707,0.0539,1.0,0.0218,0
app_0026,app_s002997,8.3949,0.9052,1.0,1.3694,1
app_0347,app_s002998,0.1413,0.2079,1.0,-0.4464,0
app_0362,app_s002999,0.4256,0.0425,0.0,0.7154,0
app_0297,app_s003000,0.2761,0.0519,0.0,-0.3948,0
app_0159,app_s003001,0.1742,0.151,0.0,1.9455,0
app_0425,app_s003002,-1.2576,0.1776,0.0,1.0344,0
app_0063,app_s003003,0.3971,0.0833,0.0,-0.1779,0
app_0292,app_s003004,-1.7052,0.066,0.0,-0.4339,0
app_0190,app_s003005,0.2318,0.7514,0.0,0.4953,0
app_0438,app_s003006,0.0553,0.65,1.0,0.0448,0
app_0225,app_s003007,0.0073,0.0585,0.0,0.0541,0
app_0356,app_s003008,1.7232,0.0879,0.0,-0.3155,0
app_0017,app_s003009,0.5839,0.1783,0.0,-0.1908,0
app_0180,app_s003010,0.0568,0.4511,1.0,-0.2699,0
app_0175,app_s003011,1.1213,0.1097,0.0,-0.16,0
app_0305,app_s003012,0.6404,0.0775,0.0,-0.2936,0
app_0305,app_s003013,0.1517,0.5808,0.0,0.0471,0
app_0060,app_s003014,-1.3065,0.2764,0.0,0.3772,0
app_0341,app_s003015,-0.6148,0.4552,0.0,-0.3637,0
app_0132,app_s003016,0.4493,0.07,1.0,-0.07,0
app_0187,app_s003017,-0.0095,0.0231,0.0,-0.2501,0
app_0075,app_s003018,0.7584,0.027,0.0,-0.1935,0
app_0373,app_s003019,-0.2445,0.0831,0.0,-0.346,0
app_0251,app_s003020,-0.2283,0.0163,0.0,-0.2625,0
app_0199,app_s003021,2.0939,0.0421,0.0,-0.4283,0
app_0236,app_s003022,0.9197,0.0065,0.0,-0.3128,0
app_0317,app_s003023,0.3019,0.5984,0.0,-0.3755,0
app_0157,app_s003024,-11.8128,0.0578,1.0,3.4369,1
app_0108,app_s003025,-0.2459,0.0248,0.0,-0.1434,0
app_0070,app_s003026,-1.9855,0.1282,0.0,-0.4745,0
app_0011,app_s003027,-1.0813,0.1636,0.0,-0.3787,0
app_0448,app_s003028,-0.1755,0.0394,0.0,0.1176,0
app_0113,app_s003029,-0.7271,0.0178,0.0,1.5828,0
app_0234,app_s003030,0.2271,0.4577,0.0,0.059,0
app_0019,app_s003031,0.694,0.0718,0.0,-0.4647,0
app_0291,app_s003032,1.4278,0.073,0.0,-0.4237,0
app_0093,app_s003033,-0.5616,0.0327,0.0,-0.0523,0
app_0161,app_s003034,-0.465,0.0192,1.0,3.8131,0
app_0148,app_s003035,-0.4922,0.6194,0.0,-0.4017,0
app_0060,app_s003036,-12.9076,0.7735,1.0,2.497,1
app_0416,app_s003037,1.7878,0.0759,0.0,0.1321,0
app_0084,app_s003038,0.5548,0.0919,0.0,-0.2743,0
app_0016,app_s003039,0.6172,0.7212,0.0,-0.4094,0
app_0174,app_s003040,0.6987,0.0234,0.0,0.444,0
app_0181,app_s003041,-1.0509,0.2637,0.0,-0.3357,0
app_0042,app_s003042,-1.2441,0.0786,0.0,0.2297,0
app_0210,app_s003043,1.6335,0.0185,0.0,-0.4604,0
app_0215,app_s003044,-1.7983,0.0051,0.0,0.0145,0
app_0183,app_s003045,1.1545,0.0081,1.0,0.3166,0
app_0388,app_s003046,-0.2058,0.0622,0.0,-0.4454,0
app_0316,app_s003047,0.5546,0.015,0.0,-0.1607,0
app_0180,app_s003048,0.1305,0.1681,0.0,-0.3065,0
app_0413,app_s003049,0.0743,0.0504,0.0,-0.325,0
app_0037,app_s003050,-0.2212,0.0262,0.0,-0.4426,0
app_0315,app_s003051,-0.825,0.0831,0.0,-0.3769,0
app_0307,app_s003052,-0.3706,0.2934,0.0,0.4292,0
app_0193,app_s003053,1.855,0.5571,1.0,-0.1007,0
app_0447,app_s003054,0.456,0.1084,0.0,1.1963,0
app_0301,app_s003055,-0.4143,0.2206,0.0,-0.1656,0
app_0157,app_s003056,-1.1781,0.0273,1.0,-0.3531,0
app_0031,app_s003057,0.2877,0.6824,0.0,-0.3468,0
app_0009,app_s003058,0.269,0.0399,0.0,-0.2683,0
app_0030,app_s003059,0.2769,0.3242,0.0,0.2168,0
app_0069,app_s003060,-0.5209,0.2443,0.0,0.0463,0
app_0239,app_s003061,-0.588,0.126,0.0,-0.3199,0
app_0366,app_s003062,-0.515,0.0625,0.0,0.2441,0
app_0299,app_s003063,1.4657,0.4172,1.0,0.3159,0
app_0388,app_s003064,1.3964,0.0248,0.0,-0.3994,0
app_0083,app_s003065,-1.0201,0.7123,0.0,-0.0643,0
app_0362,app_s003066,0.4709,0.1316,0.0,-0.1648,0
app_0300,app_s003067,-1.4064,0.4125,0.0,0.4831,0
app_0064,app_s003068,-1.0552,0.094,0.0,-0.0989,0
app_0043,app_s003069,-0.2136,0.5592,0.0,-0.3877,0
app_0147,app_s003070,-0.616,0.0896,0.0,-0.4193,0
app_0386,app_s003071,-0.0864,0.0145,0.0,1.176,0
app_0386,app_s003072,0.6641,0.0355,0.0,0.0091,0
app_0011,app_s003073,1.7628,0.0086,0.0,-0.4463,0
app_0006,app_s003074,0.0312,0.0081,0.0,11.143,0
app_0166,app_s003075,0.481,0.0113,0.0,0.731,0
app_0181,app_s003076,0.4292,0.3086,0.0,-0.4326,0
app_0292,app_s003077,0.1138,0.0206,0.0,-0.3465,0
app_0349,app_s003078,-0.9326,0.5354,0.0,2.1245,0
app_0073,app_s003079,-1.387,0.3802,1.0,-0.1739,0
app_0413,app_s003080,-0.3507,0.5187,0.0,-0.3484,0
app_0363,app_s003081,0.2779,0.0634,0.0,-0.3732,0
app_0400,app_s003082,-0.897,0.0995,0.0,-0.1679,0
app_0447,app_s003083,-1.2529,0.1473,0.0,-0.3337,0
app_0246,app_s003084,-1.5596,0.0963,0.0,-0.0342,0
app_0010,app_s003085,0.4581,0.0278,0.0,-0.3309,0
app_0127,app_s003086,-0.0674,0.3081,0.0,-0.454,0
app_0307,app_s003087,0.346,0.1094,0.0,-0.3938,0
app_0159,app_s003088,0.4514,0.2014,0.0,-0.3867,0
app_0025,app_s003089,1.3921,0.069,0.0,-0.097,0
app_0069,app_s003090,1.2428,0.4532,0.0,-0.3561,0
app_0177,app_s003091,-0.9594,0.2748,0.0,-0.4381,0
app_0253,app_s003092,1.6178,0.2335,0.0,-0.1569,0
app_0327,app_s003093,-1.5435,0.756,0.0,-0.1343,0
app_0428,app_s003094,0.1973,0.0404,0.0,-0.2706,0
app_0398,app_s003095,-0.9643,0.185,0.0,-0.3301,0
app_0330,app_s003096,-0.7372,0.6411,0.0,0.0456,0
app_0290,app_s003097,-0.0851,0.214,0.0,1.3124,0
app_0150,app_s003098,1.6208,0.4373,0.0,-0.3621,0
app_0270,app_s003099,1.0718,0.0014,0.0,0.2519,0
app_0176,app_s003100,-0.5088,0.0522,0.0,-0.1962,0
app_0157,app_s003101,0.7401,0.1441,0.0,-0.2417,0
app_0292,app_s003102,-0.0434,0.0571,0.0,-0.3255,0
app_0298,app_s003103,-0.1437,0.0657,0.0,-0.4652,0
app_0313,app_s003104,1.8956,0.0342,0.0,-0.3822,0
app_0177,app_s003105,0.3804,0.6817,0.0,-0.4457,0
app_0082,app_s003106,-0.0142,0.0084,0.0,0.981,0
app_0191,app_s003107,-0.491,0.0123,0.0,-0.4023,0
app_0183,app_s003108,0.4581,0.0961,0.0,-0.4135,0
app_0357,app_s003109,0.4356,0.0963,0.0,-0.3312,0
app_0112,app_s003110,-1.3064,0.0615,0.0,-0.4412,0
app_0285,app_s003111,-0.6433,0.0389,0.0,-0.3621,0
app_0362,app_s003112,0.6177,0.0305,0.0,-0.4156,0
app_0310,app_s003113,-1.0799,0.0303,0.0,0.1193,0
app_0156,app_s003114,-1.1972,0.6511,0.0,-0.2778,0
app_0145,app_s003115,-0.3672,0.1286,0.0,-0.3724,0
app_0334,app_s003116,0.0887,0.0742,0.0,-0.0824,0
app_0330,app_s003117,-2.2235,0.0395,0.0,0.9419,0
app_0028,app_s003118,0.1602,0.0844,0.0,-0.4507,0
app_0001,app_s003119,-0.1002,0.0802,0.0,-0.4465,0
app_0328,app_s003120,-10.6952,0.0048,1.0,2.9231,1
app_0127,app_s003121,1.8441,0.041,0.0,-0.4548,0
app_0010,app_s003122,1.2929,0.0546,0.0,-0.3681,0
app_0432,app_s003123,-0.4106,0.0357,0.0,-0.1244,0
app_0378,app_s003124,-0.5008,0.0002,0.0,1.8491,0
app_0286,app_s003125,-0.4204,0.0016,0.0,-0.4138,0
app_0242,app_s003126,0.8464,0.0065,0.0,-0.4604,0
app_0395,app_s003127,-1.1915,0.0527,0.0,0.1,0
app_0175,app_s003128,0.0513,0.0061,0.0,-0.0751,0
app_0361,app_s003129,1.1676,0.0074,0.0,0.2343,0
app_0418,app_s003130,-0.6421,0.0119,0.0,-0.0898,0
app_0405,app_s003131,0.9235,0.6353,0.0,-0.2665,0
app_0076,app_s003132,-1.603,0.3625,0.0,-0.1902,0
app_0351,app_s003133,-4.9605,0.7103,1.0,2.8539,1
app_0181,app_s003134,-0.1585,0.0912,0.0,0.0196,0
app_0324,app_s003135,-1.3247,0.0001,1.0,-0.4431,0
app_0434,app_s003136,-1.762,0.4177,0.0,0.0712,0
app_0041,app_s003137,-0.0249,0.004,0.0,-0.0718,0
app_0098,app_s003138,-9.3762,0.0571,1.0,4.2421,1
app_0428,app_s003139,-0.6541,0.0039,0.0,-0.1786,0
app_0340,app_s003140,-0.4713,0.0498,0.0,-0.3415,0
app_0243,app_s003141,2.0805,0.6141,0.0,-0.4201,0
app_0123,app_s003142,0.526,0.3394,0.0,-0.3499,0
app_0250,app_s003143,-0.7578,0.0337,0.0,-0.3757,0
app_0318,app_s003144,0.0681,0.1163,0.0,-0.3738,0
app_0154,app_s003145,0.6005,0.4154,0.0,-0.2415,0
app_0070,app_s003146,-0.7449,0.0207,0.0,-0.4725,0
app_0080,app_s003147,-1.0001,0.2751,0.0,-0.4191,0
app_0430,app_s003148,18.026,0.5895,1.0,1.6956,1
app_0247,app_s003149,-1.2353,0.0092,0.0,-0.2891,0
app_0002,app_s003150,-0.2259,0.1214,0.0,-0.3186,0
app_0060,app_s003151,0.4932,0.0197,0.0,7.7404,0
app_0136,app_s003152,0.1266,0.0447,0.0,-0.3041,0
app_0128,app_s003153,1.9797,0.0756,0.0,-0.3442,0
app_0094,app_s003154,-1.6524,0.0431,0.0,0.8355,0
app_0290,app_s003155,-2.2292,0.0017,0.0,-0.3571,0
app_0057,app_s003156,-0.2168,0.2803,0.0,7.8308,0
app_0156,app_s003157,-0.951,0.136,0.0,1.8613,0
app_0192,app_s003158,0.3355,0.2116,0.0,-0.1998,0
app_0072,app_s003159,-0.9875,0.2806,0.0,-0.3291,0
app_0049,app_s003160,-0.1183,0.0247,0.0,-0.0135,0
app_0211,app_s003161,-1.214,0.0355,1.0,-0.1349,0
app_0349,app_s003162,1.1779,0.0994,0.0,-0.3244,0
app_0439,app_s003163,0.0023,0.499,1.0,1.5939,0
app_0222,app_s003164,-0.2065,0.0434,0.0,-0.3389,0
app_0330,app_s003165,-0.0676,0.0426,0.0,-0.4012,0
app_0385,app_s003166,0.2568,0.0051,1.0,-0.4458,0
app_0206,app_s003167,0.5097,0.0752,0.0,-0.3542,0
app_0402,app_s003168,-0.9033,0.5361,0.0,-0.1796,0
app_0376,app_s003169,-0.6511,0.12,0.0,-0.4053,0
app_0176,app_s003170,-0.0817,0.1354,0.0,-0.4478,0
app_0049,app_s003171,0.1937,0.0504,0.0,-0.4129,0
app_0361,app_s003172,0.0061,0.0257,0.0,-0.4492,0
app_0137,app_s003173,0.7427,0.0253,0.0,-0.2747,0
app_0321,app_s003174,0.6863,0.0009,0.0,-0.2103,0
app_0376,app_s003175,1.514,0.6086,0.0,-0.4356,0
app_0409,app_s003176,-0.9513,0.0582,0.0,0.9252,0
app_0328,app_s003177,-0.3035,0.0154,0.0,-0.3096,0
app_0330,app_s003178,0.1023,0.2412,0.0,-0.4319,0
app_0139,app_s003179,0.6231,0.4705,0.0,-0.3692,0
app_0375,app_s003180,-1.2518,0.3959,0.0,-0.4313,0
app_0382,app_s003181,-1.902,0.0394,1.0,-0.1828,0
app_0109,app_s003182,0.7273,0.1418,0.0,-0.4566,0
app_0026,app_s003183,0.5363,0.135,0.0,-0.3849,0
app_0159,app_s003184,-12.5693,0.5859,1.0,4.4191,1
app_0373,app_s003185,-12.8977,0.0025,1.0,4.69,1
app_0167,app_s003186,-0.869,0.0453,0.0,0.0694,0
app_0181,app_s003187,-0.7483,0.1939,0.0,0.0323,0
app_0366,app_s003188,-0.2312,0.0866,0.0,-0.0661,0
app_0148,app_s003189,-0.585,0.1227,0.0,-0.3599,0
app_0413,app_s003190,-0.0805,0.1072,0.0,-0.3196,0
app_0251,app_s003191,-0.162,0.5196,0.0,-0.3535,0
app_0338,app_s003192,0.5981,0.1237,0.0,2.4412,0
app_0004,app_s003193,0.8046,0.1198,0.0,-0.4177,0
app_0168,app_s003194,-0.0392,0.0138,0.0,0.4078,0
app_0444,app_s003195,-1.1976,0.8468,0.0,-0.3513,0
app_0246,app_s003196,-0.8652,0.7641,0.0,-0.2506,0
app_0312,app_s003197,-0.0776,0.0388,1.0,-0.4341,0
app_0151,app_s003198,-0.5502,0.5962,1.0,0.6674,0
app_0410,app_s003199,-0.8638,0.1474,0.0,-0.3386,0
app_0063,app_s003200,0.2905,0.0781,0.0,-0.3875,0
app_0088,app_s003201,-0.2896,0.0574,0.0,-0.1417,0
app_0375,app_s003202,-1.4031,0.6324,1.0,-0.2179,0
app_0068,app_s003203,-1.1087,0.597,0.0,-0.474,0
app_0229,app_s003204,-9.6653,0.7614,1.0,2.1014,1
app_0102,app_s003205,0.461,0.04,0.0,-0.4753,0
app_0139,app_s003206,-1.7241,0.0098,1.0,0.429,0
app_0064,app_s003207,-0.1331,0.0591,0.0,0.0592,0
app_0257,app_s003208,-0.5807,0.6205,1.0,-0.3765,0
app_0266,app_s003209,1.1831,0.2639,0.0,-0.0533,0
app_0328,app_s003210,0.7889,0.0182,0.0,-0.434,0
app_0070,app_s003211,-0.783,0.4451,0.0,-0.4389,0
app_0013,app_s003212,1.2991,0.0887,0.0,-0.4267,0
app_0108,app_s003213,0.8284,0.0888,0.0,0.6768,0
app_0196,app_s003214,-1.8538,0.1453,1.0,0.2442,0
app_0244,app_s003215,-1.0065,0.2944,0.0,-0.3982,0
app_0187,app_s003216,0.01,0.553,0.0,-0.2201,0
app_0064,app_s003217,-1.2494,0.0611,0.0,-0.3169,0
app_0066,app_s003218,-0.3599,0.01,0.0,-0.3903,0
app_0090,app_s003219,0.5998,0.005,0.0,0.7436,0
app_0446,app_s003220,-1.0411,0.0209,0.0,2.5738,0
app_0233,app_s003221,-5.4458,0.0693,1.0,5.6236,1
app_0193,app_s003222,-1.9963,0.0061,0.0,-0.2592,0
app_0127,app_s003223,-1.1328,0.0704,0.0,-0.2433,0
app_0004,app_s003224,-1.0501,0.6255,0.0,-0.4219,0
app_0206,app_s003225,-0.7071,0.0578,0.0,1.9264,0
app_0196,app_s003226,-0.4697,0.1243,0.0,-0.3186,0
app_0423,app_s003227,0.2886,0.0511,0.0,-0.4365,0
app_0415,app_s003228,0.561,0.4902,0.0,-0.3748,0
app_0119,app_s003229,0.8301,0.0123,0.0,-0.422,0
app_0424,app_s003230,-0.9315,0.4629,0.0,-0.0386,0
app_0109,app_s003231,-0.0817,0.0071,0.0,-0.3419,0
app_0301,app_s003232,-0.3024,0.0168,0.0,-0.1723,0
app_0331,app_s003233,-0.1465,0.0957,0.0,-0.3001,0
app_0274,app_s003234,-0.3143,0.0753,0.0,-0.3955,0
app_0078,app_s003235,-0.7932,0.2842,1.0,0.0578,0
app_0419,app_s003236,-0.0661,0.5691,0.0,-0.4405,0
app_0289,app_s003237,0.7203,0.5927,0.0,-0.06,0
app_0446,app_s003238,-0.4511,0.097,0.0,-0.4196,0
app_0160,app_s003239,-0.7462,0.6485,0.0,-0.243,0
app_0184,app_s003240,-0.5383,0.1196,1.0,-0.1087,0
app_0378,app_s003241,-0.4472,0.8989,0.0,0.7611,0
app_0090,app_s003242,0.5031,0.4812,0.0,-0.2734,0
app_0430,app_s003243,1.1715,0.6093,0.0,0.162,0
app_0079,app_s003244,-0.679,0.2859,0.0,-0.1944,0
app_0101,app_s003245,-0.2935,0.103,0.0,0.3424,0
app_0166,app_s003246,-0.1224,0.0131,0.0,-0.4543,0
app_0355,app_s003247,1.2607,0.1767,0.0,-0.448,0
app_0107,app_s003248,-0.4629,0.596,0.0,-0.2388,0
app_0034,app_s003249,0.669,0.4382,0.0,1.7403,0
app_0203,app_s003250,-11.9625,0.5165,1.0,0.803,1
app_0082,app_s003251,-1.5834,0.5525,0.0,-0.1668,0
app_0304,app_s003252,0.3585,0.0168,0.0,-0.4781,0
app_0166,app_s003253,0.6737,0.0101,0.0,-0.3188,0
app_0331,app_s003254,1.011,0.0074,0.0,-0.4318,0
app_0405,app_s003255,-0.478,0.6384,0.0,-0.3889,0
app_0002,app_s003256,-1.1204,0.1236,0.0,-0.3096,0
app_0429,app_s003257,1.2709,0.4094,0.0,-0.4673,0
app_0069,app_s003258,-0.7837,0.3603,0.0,-0.3357,0
app_0145,app_s003259,0.767,0.0081,0.0,4.1221,0
app_0045,app_s003260,0.3522,0.0595,0.0,-0.449,0
app_0027,app_s003261,-0.1166,0.0527,0.0,-0.203,0
app_0436,app_s003262,1.0354,0.3769,0.0,-0.2849,0
app_0243,app_s003263,-0.8697,0.1476,0.0,-0.4141,0
app_0075,app_s003264,0.2999,0.0481,0.0,1.4185,0
app_0241,app_s003265,1.1894,0.0262,0.0,-0.3463,0
app_0254,app_s003266,1.1576,0.1638,0.0,0.7283,0
app_0084,app_s003267,-0.6108,0.3455,0.0,-0.3126,0
app_0398,app_s003268,0.5329,0.5995,0.0,0.5209,0
app_0180,app_s003269,-1.0017,0.5733,1.0,0.7315,0
app_0262,app_s003270,2.0475,0.0508,0.0,-0.3622,0
app_0432,app_s003271,-10.5424,0.7098,0.0,0.9004,1
app_0099,app_s003272,-0.8529,0.3181,0.0,-0.1056,0
app_0227,app_s003273,0.5857,0.0969,0.0,0.3746,0
app_0033,app_s003274,-1.2943,0.25,0.0,14.4507,0
app_0116,app_s003275,0.0027,0.5113,0.0,-0.4354,0
app_0236,app_s003276,-2.0072,0.0286,1.0,0.1818,0
app_0105,app_s003277,-0.2952,0.1642,0.0,-0.243,0
app_0018,app_s003278,-1.1792,0.0179,0.0,3.0319,0
app_0222,app_s003279,1.1753,0.4316,0.0,0.3314,0
app_0052,app_s003280,0.9893,0.0726,0.0,-0.1457,0
app_0153,app_s003281,-0.395,0.004,0.0,0.9649,0
app_0420,app_s003282,-12.9836,0.5402,1.0,1.4407,1
app_0002,app_s003283,-2.1257,0.1171,0.0,-0.3843,0
app_0137,app_s003284,0.2727,0.0029,0.0,1.5822,0
app_0120,app_s003285,0.3,0.2748,0.0,1.6773,0
app_0045,app_s003286,-1.3305,0.0609,0.0,-0.4375,0
app_0309,app_s003287,0.9411,0.0155,0.0,-0.1254,0
app_0005,app_s003288,-11.9891,0.4084,1.0,1.661,1
app_0148,app_s003289,0.3978,0.0186,0.0,-0.4761,0
app_0303,app_s003290,-0.7195,0.0015,0.0,-0.0982,0
app_0401,app_s003291,1.3484,0.0446,0.0,-0.4191,0
app_0091,app_s003292,-0.5868,0.3178,0.0,-0.4337,0
app_0291,app_s003293,0.4187,0.0319,0.0,1.3997,0
app_0378,app_s003294,-0.2128,0.0922,1.0,-0.2963,0
app_0328,app_s003295,0.3257,0.4588,0.0,0.0155,0
app_0170,app_s003296,-4.7685,0.7298,1.0,6.0863,1
app_0383,app_s003297,-1.3945,0.1459,0.0,-0.0201,0
app_0109,app_s003298,-1.5061,0.0751,0.0,-0.2274,0
app_0262,app_s003299,0.9745,0.3744,0.0,-0.1931,0
app_0419,app_s003300,-0.2538,0.0463,0.0,-0.3126,0
app_0094,app_s003301,2.2562,0.6582,0.0,-0.4428,0
app_0094,app_s003302,0.5457,0.0455,1.0,-0.1252,0
app_0143,app_s003303,0.5334,0.0878,1.0,-0.3405,0
app_0020,app_s003304,0.5861,0.0717,0.0,-0.3599,0
app_0170,app_s003305,0.0804,0.1673,0.0,-0.4262,0
app_0007,app_s003306,0.8645,0.637,0.0,0.0961,0
app_0099,app_s003307,0.1842,0.0111,0.0,-0.2826,0
app_0327,app_s003308,0.4228,0.0061,0.0,-0.3763,0
app_0144,app_s003309,1.7271,0.3269,0.0,-0.1113,0
app_0100,app_s003310,-0.9888,0.1776,1.0,-0.3064,0
app_0256,app_s003311,-0.6628,0.5686,0.0,-0.3296,0
app_0351,app_s003312,0.802,0.0768,0.0,-0.4221,0
app_0195,app_s003313,1.401,0.0288,0.0,-0.3353,0
app_0338,app_s003314,-0.5147,0.2556,0.0,-0.4291,0
app_0073,app_s003315,-0.1449,0.5942,0.0,0.1318,0
app_0317,app_s003316,-1.9769,0.0607,0.0,2.8687,0
app_0415,app_s003317,0.4644,0.3076,0.0,-0.0826,0
app_0007,app_s003318,-0.1766,0.344,1.0,0.2298,0
app_0190,app_s003319,0.0418,0.81,0.0,-0.3678,0
app_0144,app_s003320,0.8451,0.6923,0.0,-0.407,0
app_0088,app_s003321,-0.6481,0.0838,0.0,-0.2227,0
app_0367,app_s003322,0.7201,0.0183,0.0,-0.4178,0
app_0374,app_s003323,2.6299,0.1922,0.0,-0.4316,0
app_0212,app_s003324,1.0755,0.1144,0.0,-0.0967,0
app_0439,app_s003325,0.0271,0.0578,1.0,-0.3505,0
app_0422,app_s003326,-1.1264,0.5215,0.0,-0.4091,0
app_0313,app_s003327,-0.0372,0.0431,0.0,0.2688,0
app_0113,app_s003328,0.2884,0.4011,0.0,-0.4377,0
app_0392,app_s003329,-0.1149,0.1522,0.0,-0.3194,0
app_0346,app_s003330,-0.0044,0.545,0.0,-0.3502,0
app_0434,app_s003331,-0.3121,0.7782,0.0,0.3614,0
app_0305,app_s003332,0.5376,0.0015,0.0,0.1412,0
app_0080,app_s003333,0.7072,0.0251,0.0,1.966,0
app_0320,app_s003334,0.153,0.0208,1.0,0.0671,0
app_0281,app_s003335,-1.0801,0.048,0.0,-0.2301,0
app_0309,app_s003336,0.5744,0.1397,0.0,-0.3184,0
app_0259,app_s003337,-0.749,0.0867,0.0,-0.4027,0
app_0363,app_s003338,-1.3748,0.0312,0.0,4.1075,0
app_0028,app_s003339,0.3969,0.7606,0.0,-0.2217,0
app_0430,app_s003340,0.1902,0.1472,0.0,-0.286,0
app_0250,app_s003341,-0.2442,0.9255,0.0,-0.2783,0
app_0037,app_s003342,1.9585,0.5327,0.0,0.3135,0
app_0270,app_s003343,0.2264,0.0147,0.0,-0.355,0
app_0035,app_s003344,-0.6113,0.3707,0.0,-0.4759,0
app_0075,app_s003345,1.6194,0.0778,0.0,0.4312,0
app_0370,app_s003346,1.7746,0.0347,0.0,0.804,0
app_0107,app_s003347,-0.4782,0.1502,0.0,0.1507,0
app_0300,app_s003348,1.3369,0.3376,0.0,-0.0279,0
app_0189,app_s003349,-0.8003,0.0642,0.0,-0.2642,0
app_0004,app_s003350,1.7489,0.5381,0.0,-0.373,0
app_0151,app_s003351,-0.6548,0.0048,0.0,-0.4257,0
app_0175,app_s003352,-1.0305,0.0161,0.0,-0.4639,0
app_0030,app_s003353,0.1887,0.4259,0.0,0.6833,0
app_0309,app_s003354,0.0873,0.1252,0.0,-0.4015,0
app_0429,app_s003355,0.469,0.131,0.0,-0.3752,0
app_0411,app_s003356,-0.3008,0.2644,0.0,-0.3648,0
app_0127,app_s003357,-1.441,0.5673,0.0,-0.4711,0
app_0273,app_s003358,17.3892,0.7934,1.0,6.3195,1
app_0280,app_s003359,0.1135,0.389,0.0,-0.3747,0
app_0113,app_s003360,0.6575,0.0357,0.0,-0.3449,0
app_0051,app_s003361,-0.1754,0.5803,1.0,-0.2889,0
app_0293,app_s003362,-0.6533,0.8593,0.0,1.6363,0
app_0317,app_s003363,0.2406,0.0205,0.0,-0.4472,0
app_0356,app_s003364,-0.7511,0.4007,0.0,-0.2786,0
app_0105,app_s003365,16.2578,0.7338,0.0,9.226,1
app_0220,app_s003366,-0.0194,0.043,0.0,-0.3217,0
app_0109,app_s003367,0.8464,0.7645,1.0,-0.422,0
app_0293,app_s003368,0.0658,0.3751,0.0,2.9929,0
app_0121,app_s003369,-0.4599,0.0402,0.0,-0.3151,0
app_0425,app_s003370,-1.3237,0.0318,0.0,-0.384,0
app_0082,app_s003371,0.6791,0.0571,0.0,-0.3697,0
app_0239,app_s003372,-0.3281,0.7569,0.0,-0.3675,0
app_0070,app_s003373,0.9107,0.0458,1.0,0.6128,0
app_0117,app_s003374,0.0336,0.0082,0.0,0.3762,0
app_0413,app_s003375,0.9666,0.0446,0.0,0.5788,0
app_0298,app_s003376,-0.6572,0.0056,0.0,-0.4535,0
app_0187,app_s003377,-1.4476,0.6168,0.0,-0.4051,0
app_0435,app_s003378,0.9343,0.0035,0.0,-0.3176,0
app_0261,app_s003379,0.4937,0.1581,0.0,-0.2734,0
app_0355,app_s003380,3.1106,0.0187,0.0,0.9224,0
app_0001,app_s003381,-0.7164,0.0371,0.0,-0.1358,0
app_0094,app_s003382,0.7592,0.0032,0.0,4.4471,0
app_0392,app_s003383,-1.2383,0.02,0.0,-0.3286,0
app_0302,app_s003384,-0.9002,0.1162,0.0,-0.3727,0
app_0120,app_s003385,-0.5002,0.0719,0.0,-0.2552,0
app_0011,app_s003386,0.2879,0.4521,1.0,-0.1731,0
app_0320,app_s003387,-0.1101,0.0565,0.0,-0.3666,0
app_0353,app_s003388,-1.4669,0.6519,0.0,-0.4727,0
app_0350,app_s003389,0.3994,0.3183,0.0,-0.172,0
app_0096,app_s003390,0.3328,0.5887,0.0,0.2678,0
app_0434,app_s003391,1.2305,0.0054,0.0,0.1197,0
app_0080,app_s003392,1.6399,0.0239,0.0,-0.0469,0
app_0270,app_s003393,-0.7085,0.0015,0.0,-0.4767,0
app_0434,app_s003394,-0.7945,0.0872,0.0,-0.4347,0
app_0378,app_s003395,-5.2884,0.5259,1.0,2.1275,1
app_0290,app_s003396,-1.4375,0.0161,1.0,-0.2446,0
app_0425,app_s003397,0.1416,0.0892,0.0,-0.2763,0
app_0071,app_s003398,-0.5194,0.7164,0.0,2.1452,0
app_0252,app_s003399,0.4046,0.0589,0.0,-0.4197,0
app_0349,app_s003400,0.7004,0.6886,0.0,-0.2433,0
app_0401,app_s003401,2.3127,0.0719,0.0,-0.4096,0
app_0175,app_s003402,-0.0605,0.291,0.0,-0.2627,0
app_0073,app_s003403,0.5001,0.0079,0.0,-0.2857,0
app_0176,app_s003404,1.558,0.0844,1.0,-0.1504,0
app_0000,app_s003405,0.6726,0.0627,0.0,-0.4448,0
app_0247,app_s003406,2.4505,0.0231,0.0,-0.2304,0
app_0081,app_s003407,0.4174,0.0308,0.0,6.3699,0
app_0103,app_s003408,0.748,0.0204,0.0,-0.3401,0
app_0132,app_s003409,0.9229,0.4494,0.0,-0.4337,0
app_0293,app_s003410,0.1593,0.184,0.0,-0.2598,0
app_0346,app_s003411,-0.516,0.0297,0.0,0.2383,0
app_0390,app_s003412,-0.0029,0.1432,0.0,-0.2318,0
app_0239,app_s003413,0.8924,0.1597,0.0,0.2122,0
app_0208,app_s003414,-0.1714,0.5338,1.0,-0.4548,0
app_0098,app_s003415,-1.7853,0.1047,0.0,0.4818,0
app_0193,app_s003416,0.6646,0.7054,0.0,0.1082,0
app_0031,app_s003417,0.1147,0.4646,0.0,-0.4316,0
app_0117,app_s003418,-0.0505,0.0188,0.0,0.4652,0
app_0243,app_s003419,-1.3471,0.4392,0.0,-0.418,0
app_0442,app_s003420,0.7183,0.0688,0.0,-0.3785,0
app_0082,app_s003421,-0.5037,0.0865,0.0,-0.2576,0
app_0339,app_s003422,0.5889,0.0591,0.0,-0.3921,0
app_0415,app_s003423,-1.3369,0.0094,1.0,-0.4777,0
app_0099,app_s003424,-2.5964,0.5033,0.0,-0.4388,0
app_0011,app_s003425,22.249,0.47,0.0,2.8437,1
app_0073,app_s003426,-0.9944,0.0406,0.0,0.155,0
app_0178,app_s003427,-10.2007,0.475,1.0,6.929,1
app_0255,app_s003428,-0.7318,0.0245,0.0,-0.3439,0
app_0176,app_s003429,1.9249,0.2388,0.0,-0.3427,0
app_0239,app_s003430,1.2428,0.0845,0.0,-0.1655,0
app_0104,app_s003431,-0.7639,0.0918,0.0,0.2012,0
app_0320,app_s003432,0.521,0.7022,0.0,-0.3588,0
app_0400,app_s003433,-0.5902,0.2596,0.0,0.0658,0
app_0449,app_s003434,0.4365,0.0285,0.0,-0.3126,0
app_0275,app_s003435,-0.1563,0.0697,0.0,-0.3424,0
app_0177,app_s003436,0.2544,0.0547,0.0,-0.3524,0
app_0322,app_s003437,-1.0763,0.6006,0.0,-0.418,0
app_0404,app_s003438,1.8652,0.1263,0.0,-0.3311,0
app_0129,app_s003439,0.2168,0.0256,0.0,-0.4257,0
app_0111,app_s003440,2.2027,0.0113,0.0,-0.3288,0
app_0108,app_s003441,1.0175,0.5683,0.0,0.1649,0
app_0180,app_s003442,-0.2835,0.6023,0.0,-0.3916,0
app_0079,app_s003443,-0.0058,0.0979,0.0,1.1046,0
app_0300,app_s003444,-11.3059,0.8701,1.0,4.0809,1
app_0090,app_s003445,-1.8077,0.0765,0.0,0.1695,0
app_0055,app_s003446,1.5059,0.011,0.0,0.2792,0
app_0349,app_s003447,1.098,0.0584,0.0,0.2469,0
app_0428,app_s003448,-1.2218,0.1458,0.0,-0.1441,0
app_0016,app_s003449,0.7543,0.4659,0.0,1.1077,0
app_0204,app_s003450,1.2805,0.033,0.0,-0.2686,0
app_0430,app_s003451,-1.4272,0.0723,0.0,0.305,0
app_0139,app_s003452,0.8315,0.0079,0.0,-0.3688,0
app_0309,app_s003453,-14.1455,0.0135,1.0,1.2122,1
app_0265,app_s003454,-0.1067,0.3849,0.0,0.3859,0
app_0320,app_s003455,14.2267,0.197,1.0,1.2501,1
app_0108,app_s003456,0.9504,0.6222,0.0,-0.4473,0
app_0254,app_s003457,1.4082,0.0258,0.0,-0.4099,0
app_0016,app_s003458,-0.1533,0.0355,0.0,-0.461,0
app_0344,app_s003459,1.0383,0.0554,0.0,0.8657,0
app_0076,app_s003460,-1.7935,0.0281,0.0,-0.3849,0
app_0030,app_s003461,0.8625,0.1,1.0,-0.1996,0
app_0355,app_s003462,0.5188,0.0744,0.0,0.5123,0
app_0276,app_s003463,-0.0022,0.0905,0.0,-0.2468,0
app_0416,app_s003464,-0.8333,0.3651,0.0,-0.273,0
app_0387,app_s003465,-0.4975,0.0144,0.0,-0.3443,0
app_0211,app_s003466,1.2342,0.5819,0.0,-0.4578,0
app_0424,app_s003467,2.4215,0.6847,0.0,-0.1386,0
app_0047,app_s003468,0.832,0.0422,0.0,-0.3835,0
app_0068,app_s003469,0.1191,0.5574,1.0,-0.4094,0
app_0107,app_s003470,-1.8025,0.3882,0.0,-0.3849,0
app_0165,app_s003471,0.1957,0.0324,0.0,-0.2746,0
app_0135,app_s003472,-4.3848,0.1994,1.0,4.4461,1
app_0075,app_s003473,0.9704,0.1309,0.0,0.0238,0
app_0336,app_s003474,0.1181,0.5469,1.0,-0.4101,0
app_0362,app_s003475,1.0186,0.0442,0.0,-0.2821,0
app_0101,app_s003476,0.3428,0.0336,1.0,-0.1972,0
app_0345,app_s003477,0.1289,0.0069,0.0,-0.3231,0
app_0062,app_s003478,-1.3408,0.013,0.0,-0.3917,0
app_0139,app_s003479,0.0538,0.0682,1.0,-0.1409,0
app_0188,app_s003480,0.2361,0.0341,0.0,0.5818,0
app_0034,app_s003481,0.131,0.4413,0.0,0.1519,0
app_0201,app_s003482,-0.4611,0.0868,0.0,3.3057,0
app_0361,app_s003483,-1.1584,0.0067,0.0,-0.2585,0
app_0257,app_s003484,-0.5632,0.0883,0.0,0.4041,0
app_0411,app_s003485,-1.8222,0.1557,0.0,-0.4641,0
app_0197,app_s003486,-1.5523,0.0476,0.0,-0.1583,0
app_0363,app_s003487,0.9962,0.0584,0.0,-0.097,0
app_0221,app_s003488,-0.3577,0.4194,0.0,-0.0638,0
app_0242,app_s003489,-1.5638,0.1625,0.0,0.9772,0
app_0390,app_s003490,2.0588,0.1726,0.0,-0.2688,0
app_0248,app_s003491,-0.1115,0.6936,0.0,0.2742,0
app_0314,app_s003492,0.9578,0.0828,0.0,-0.4714,0
app_0135,app_s003493,1.0131,0.0081,0.0,0.1734,0
app_0311,app_s003494,1.4206,0.3908,0.0,-0.4168,0
app_0111,app_s003495,-0.9473,0.0338,0.0,0.0115,0
app_0412,app_s003496,-0.3202,0.0237,0.0,-0.3679,0
app_0428,app_s003497,1.4641,0.3819,0.0,-0.3969,0
app_0083,app_s003498,0.1358,0.5093,0.0,-0.4746,0
app_0429,app_s003499,0.0721,0.2231,0.0,-0.2748,0
app_0142,app_s003500,0.2527,0.3508,0.0,-0.4764,0
app_0071,app_s003501,-0.1392,0.6367,0.0,-0.2934,0
app_0322,app_s003502,-0.0203,0.6191,0.0,4.4554,0
app_0289,app_s003503,-0.0022,0.3139,0.0,-0.1628,0
app_0042,app_s003504,0.0134,0.0201,0.0,-0.1651,0
app_0260,app_s003505,-0.0148,0.6285,0.0,0.0009,0
app_0262,app_s003506,0.1395,0.0841,0.0,-0.4381,0
app_0140,app_s003507,-0.261,0.0536,1.0,0.3086,0
app_0105,app_s003508,1.249,0.4852,0.0,-0.4471,0
app_0407,app_s003509,0.8688,0.006,0.0,-0.1744,0
app_0147,app_s003510,0.0057,0.0435,0.0,-0.2609,0
app_0345,app_s003511,1.5818,0.5555,0.0,-0.3311,0
app_0368,app_s003512,-0.8242,0.1583,0.0,0.219,0
app_0369,app_s003513,-0.3499,0.4448,0.0,0.0883,0
app_0093,app_s003514,0.9105,0.0708,0.0,-0.4129,0
app_0016,app_s003515,-0.85,0.0286,0.0,-0.3763,0
app_0085,app_s003516,1.0531,0.7588,0.0,-0.2149,0
app_0026,app_s003517,-0.537,0.0635,0.0,-0.3309,0
app_0148,app_s003518,0.8152,0.0055,0.0,-0.1256,0
app_0193,app_s003519,-0.3745,0.2912,0.0,-0.2586,0
app_0382,app_s003520,0.0438,0.0394,0.0,-0.4028,0
app_0177,app_s003521,0.7842,0.0543,0.0,-0.0811,0
app_0326,app_s003522,-0.9721,0.6796,0.0,0.7452,0
app_0400,app_s003523,0.6448,0.0105,0.0,0.0981,0
app_0399,app_s003524,-0.7702,0.1294,0.0,-0.0554,0
app_0136,app_s003525,-0.685,0.0017,1.0,-0.326,0
app_0194,app_s003526,-1.2718,0.6309,0.0,-0.0787,0
app_0152,app_s003527,1.6403,0.1327,0.0,-0.2615,0
app_0328,app_s003528,-0.2791,0.5837,0.0,-0.0453,0
app_0225,app_s003529,0.9949,0.2578,0.0,-0.208,0
app_0440,app_s003530,-1.1937,0.0536,0.0,-0.3707,0
app_0416,app_s003531,-0.6484,0.285,0.0,-0.0207,0
app_0113,app_s003532,0.1746,0.0485,0.0,-0.4601,0
app_0018,app_s003533,0.3116,0.0102,0.0,-0.2589,0
app_0251,app_s003534,0.2496,0.0407,0.0,0.2568,0
app_0011,app_s003535,1.0271,0.3852,0.0,-0.4205,0
app_0072,app_s003536,-0.6863,0.4845,0.0,-0.3469,0
app_0144,app_s003537,-1.5477,0.6613,0.0,-0.4077,0
app_0298,app_s003538,0.9913,0.6194,0.0,-0.3571,0
app_0008,app_s003539,0.0361,0.0026,1.0,-0.4115,0
app_0065,app_s003540,-0.9639,0.0713,0.0,-0.0539,0
app_0158,app_s003541,-1.5857,0.3378,0.0,-0.2371,0
app_0397,app_s003542,-0.6896,0.0786,0.0,-0.2453,0
app_0028,app_s003543,1.653,0.3094,0.0,-0.4243,0
app_0058,app_s003544,0.4885,0.4738,0.0,-0.4207,0
app_0367,app_s003545,-0.5671,0.3021,0.0,-0.0347,0
app_0018,app_s003546,1.081,0.438,0.0,-0.4626,0
app_0131,app_s003547,0.1468,0.0425,0.0,-0.4409,0
app_0004,app_s003548,1.4243,0.6543,0.0,-0.2856,0
app_0262,app_s003549,-2.2366,0.0273,0.0,-0.4048,0
app_0020,app_s003550,1.7185,0.2248,0.0,0.1515,0
app_0101,app_s003551,0.6079,0.0472,0.0,-0.4128,0
app_0302,app_s003552,-0.8031,0.6194,0.0,-0.2256,0
app_0204,app_s003553,-0.1186,0.4165,0.0,-0.3043,0
app_0331,app_s003554,1.1853,0.0746,0.0,-0.481,0
app_0137,app_s003555,-0.2855,0.4051,0.0,-0.2626,0
app_0408,app_s003556,-1.0296,0.0029,0.0,-0.4317,0
app_0371,app_s003557,-0.2508,0.0178,0.0,-0.2747,0
app_0427,app_s003558,0.0962,0.009,0.0,-0.4091,0
app_0284,app_s003559,0.4385,0.0216,0.0,-0.471,0
app_0425,app_s003560,-0.8801,0.0545,0.0,0.1936,0
app_0045,app_s003561,0.0759,0.0585,0.0,0.2049,0
app_0442,app_s003562,1.3109,0.1703,0.0,-0.3007,0
app_0033,app_s003563,-0.5306,0.1838,0.0,-0.2151,0
app_0420,app_s003564,27.5686,0.766,1.0,3.199,1
app_0397,app_s003565,-0.2278,0.0116,0.0,-0.4265,0
app_0148,app_s003566,1.874,0.5847,0.0,0.5009,0
app_0303,app_s003567,-0.4917,0.0108,0.0,-0.0718,0
app_0207,app_s003568,0.8111,0.0743,0.0,0.3049,0
app_0011,app_s003569,0.1785,0.2846,0.0,-0.336,0
app_0202,app_s003570,-0.0569,0.6326,0.0,-0.2814,0
app_0286,app_s003571,-0.9263,0.6304,0.0,-0.1443,0
app_0043,app_s003572,-2.131,0.2949,0.0,-0.4405,0
app_0302,app_s003573,0.7505,0.0093,0.0,-0.4591,0
app_0246,app_s003574,2.2551,0.0518,0.0,-0.4661,0
app_0146,app_s003575,0.2576,0.1873,0.0,-0.2902,0
app_0171,app_s003576,0.3985,0.483,0.0,-0.0111,0
app_0346,app_s003577,2.3158,0.0273,1.0,-0.3346,0
app_0293,app_s003578,0.1089,0.197,0.0,0.0665,0
app_0063,app_s003579,0.8939,0.5638,0.0,-0.2933,0
app_0003,app_s003580,-0.3328,0.0633,0.0,-0.3774,0
app_0130,app_s003581,2.1642,0.1033,0.0,-0.1642,0
app_0221,app_s003582,-0.7244,0.0201,0.0,-0.1156,0
app_0433,app_s003583,0.9422,0.3182,0.0,-0.3763,0
app_0086,app_s003584,1.2807,0.0329,0.0,-0.3496,0
app_0337,app_s003585,-1.9944,0.366,0.0,0.1606,0
app_0317,app_s003586,-0.9778,0.8386,0.0,2.224,0
app_0133,app_s003587,-0.5009,0.2293,0.0,-0.288,0
app_0253,app_s003588,-0.5739,0.0061,0.0,-0.221,0
app_0433,app_s003589,27.5004,0.7249,1.0,11.4564,1
app_0439,app_s003590,-1.5153,0.1437,0.0,-0.2397,0
app_0285,app_s003591,0.4092,0.4338,0.0,-0.4043,0
app_0008,app_s003592,-1.7367,0.1137,0.0,-0.4085,0
app_0134,app_s003593,-0.9209,0.6807,0.0,-0.1639,0
app_0386,app_s003594,2.571,0.0495,0.0,-0.4273,0
app_0177,app_s003595,0.6754,0.0183,0.0,-0.4235,0
app_0161,app_s003596,1.1317,0.5314,0.0,-0.4203,0
app_0003,app_s003597,0.6176,0.4487,0.0,-0.3638,0
app_0018,app_s003598,1.2763,0.1792,1.0,-0.1566,0
app_0212,app_s003599,0.1439,0.1292,0.0,-0.379,0
app_0168,app_s003600,0.6444,0.0635,0.0,-0.397,0
app_0449,app_s003601,0.4451,0.4761,0.0,-0.4623,0
app_0174,app_s003602,0.0025,0.0075,0.0,-0.0948,0
app_0173,app_s003603,1.3188,0.0831,0.0,-0.341,0
app_0040,app_s003604,2.0899,0.0333,1.0,2.4303,0
app_0426,app_s003605,-0.4225,0.0821,0.0,-0.3149,0
app_0334,app_s003606,-2.2326,0.0604,0.0,-0.3887,0
app_0337,app_s003607,0.7884,0.0529,0.0,-0.3595,0
app_0324,app_s003608,-0.3662,0.7281,0.0,-0.1837,0
app_0156,app_s003609,-0.8204,0.7117,0.0,-0.3935,0
app_0113,app_s003610,-1.1974,0.7278,0.0,-0.4452,0
app_0158,app_s003611,-0.0738,0.3786,1.0,-0.4465,0
app_0245,app_s003612,-0.5714,0.1553,0.0,-0.3326,0
app_0388,app_s003613,0.1355,0.0079,0.0,2.447,0
app_0082,app_s003614,0.3421,0.1136,0.0,-0.299,0
app_0431,app_s003615,-2.2181,0.4392,0.0,0.258,0
app_0446,app_s003616,-4.6299,0.0037,0.0,2.2469,1
app_0449,app_s003617,-0.0713,0.0791,0.0,1.3905,0
app_0074,app_s003618,1.0251,0.1531,0.0,-0.3386,0
app_0106,app_s003619,-0.0223,0.0251,0.0,0.7435,0
app_0229,app_s003620,-0.8243,0.6585,0.0,-0.3375,0
app_0103,app_s003621,-0.4262,0.085,0.0,0.7711,0
app_0299,app_s003622,-0.0369,0.0287,0.0,-0.4341,0
app_0304,app_s003623,1.4818,0.0875,0.0,-0.1258,0
app_0327,app_s003624,1.1269,0.0775,0.0,-0.055,0
app_0142,app_s003625,-8.3142,0.8346,0.0,4.2464,1
app_0233,app_s003626,2.5436,0.0028,0.0,-0.3552,0
app_0354,app_s003627,1.1166,0.0058,0.0,-0.0072,0
app_0230,app_s003628,0.9315,0.061,0.0,-0.3414,0
app_0217,app_s003629,1.6314,0.0354,0.0,-0.4692,0
app_0247,app_s003630,1.016,0.0242,0.0,-0.269,0
app_0098,app_s003631,1.8786,0.2167,0.0,-0.4018,0
app_0101,app_s003632,-1.2541,0.1534,1.0,0.7716,0
app_0184,app_s003633,-0.5304,0.0397,0.0,-0.4828,0
app_0133,app_s003634,-0.3606,0.0166,0.0,-0.2614,0
app_0039,app_s003635,1.5574,0.3621,0.0,-0.4278,0
app_0235,app_s003636,0.4368,0.4955,0.0,0.0492,0
app_0058,app_s003637,0.2793,0.0052,0.0,-0.2717,0
app_0397,app_s003638,-0.6475,0.5333,0.0,-0.3662,0
app_0114,app_s003639,-0.8925,0.0715,0.0,0.1795,0
app_0447,app_s003640,2.1821,0.0501,0.0,-0.4671,0
app_0335,app_s003641,-1.3554,0.2311,0.0,2.8817,0
app_0159,app_s003642,0.9025,0.1101,0.0,0.1742,0
app_0284,app_s003643,0.9098,0.5336,0.0,-0.4574,0
app_0429,app_s003644,-0.441,0.2403,0.0,-0.3999,0
app_0244,app_s003645,1.3737,0.009,0.0,-0.3772,0
app_0201,app_s003646,0.0633,0.6661,0.0,-0.1857,0
app_0367,app_s003647,-11.5489,0.7743,1.0,5.6298,1
app_0179,app_s003648,-0.8133,0.0541,0.0,-0.1877,0
app_0223,app_s003649,16.911,0.64,1.0,3.1951,1
app_0150,app_s003650,-0.7026,0.0211,0.0,-0.4388,0
app_0281,app_s003651,0.1799,0.0296,0.0,-0.2595,0
app_0050,app_s003652,0.4661,0.4534,0.0,-0.3685,0
app_0222,app_s003653,-0.4414,0.024,0.0,-0.2463,0
app_0181,app_s003654,0.4625,0.1309,0.0,0.3851,0
app_0051,app_s003655,-1.7602,0.0914,0.0,-0.3467,0
app_0088,app_s003656,-0.6025,0.0717,0.0,-0.0769,0
app_0121,app_s003657,1.5949,0.3997,0.0,-0.3218,0
app_0344,app_s003658,0.069,0.6383,1.0,-0.3843,0
app_0418,app_s003659,-0.3922,0.4314,0.0,2.203,0
app_0162,app_s003660,0.031,0.1194,0.0,0.3075,0
app_0383,app_s003661,0.6011,0.03,0.0,0.4343,0
app_0131,app_s003662,0.3494,0.0057,0.0,1.1763,0
app_0405,app_s003663,1.6436,0.5104,0.0,-0.4463,0
app_0166,app_s003664,-0.4662,0.0521,0.0,-0.401,0
app_0071,app_s003665,-0.07,0.0093,0.0,-0.0599,0
app_0447,app_s003666,0.062,0.125,0.0,1.9562,0
app_0138,app_s003667,0.7271,0.0195,0.0,-0.0617,0
app_0296,app_s003668,-0.0938,0.1235,0.0,-0.3009,0
app_0353,app_s003669,0.9239,0.6328,0.0,0.2378,0
app_0422,app_s003670,0.8369,0.0013,1.0,-0.4454,0
app_0127,app_s003671,-1.081,0.1791,0.0,-0.3767,0
app_0066,app_s003672,-0.0491,0.0103,1.0,-0.3486,0
app_0287,app_s003673,-1.3182,0.1434,1.0,-0.3697,0
app_0238,app_s003674,-1.2587,0.5143,0.0,-0.381,0
app_0352,app_s003675,-0.1128,0.1538,0.0,0.246,0
app_0124,app_s003676,-1.7052,0.0108,0.0,-0.4245,0
app_0291,app_s003677,-0.5271,0.1743,0.0,-0.384,0
app_0062,app_s003678,-0.0009,0.0241,0.0,-0.3432,0
app_0239,app_s003679,-1.7547,0.1332,0.0,-0.2394,0
app_0364,app_s003680,-10.1208,0.7009,1.0,8.0331,1
app_0394,app_s003681,0.2576,0.3879,1.0,-0.459,0
app_0265,app_s003682,1.4657,0.0624,0.0,0.7978,0
app_0184,app_s003683,-0.6231,0.0111,0.0,0.8731,0
app_0330,app_s003684,-1.6263,0.4633,0.0,-0.3564,0
app_0196,app_s003685,-1.5033,0.2633,0.0,-0.231,0
app_0310,app_s003686,0.5699,0.0591,0.0,-0.4613,0
app_0008,app_s003687,-0.1288,0.4801,1.0,-0.4227,0
app_0074,app_s003688,1.2274,0.0842,1.0,-0.2594,0
app_0297,app_s003689,-1.7083,0.0204,0.0,-0.251,0
app_0012,app_s003690,-1.4581,0.1099,0.0,-0.1756,0
app_0255,app_s003691,-0.8407,0.5081,0.0,-0.4468,0
app_0222,app_s003692,0.0519,0.4061,0.0,-0.1193,0
app_0344,app_s003693,1.5864,0.0896,0.0,-0.3429,0
app_0363,app_s003694,2.103,0.5401,0.0,-0.3962,0
app_0163,app_s003695,1.9109,0.0138,0.0,-0.3937,0
app_0433,app_s003696,0.235,0.3693,0.0,-0.0316,0
app_0293,app_s003697,1.4307,0.2003,0.0,0.4311,0
app_0022,app_s003698,-0.1203,0.6897,1.0,-0.1185,0
app_0324,app_s003699,-0.2887,0.0183,0.0,-0.433,0
app_0389,app_s003700,-1.0689,0.0056,0.0,-0.4202,0
app_0262,app_s003701,-0.8932,0.6506,0.0,-0.312,0
app_0128,app_s003702,0.1686,0.1137,0.0,-0.4511,0
app_0332,app_s003703,0.9672,0.1531,0.0,-0.3831,0
app_0375,app_s003704,1.2947,0.2644,0.0,-0.1663,0
app_0212,app_s003705,1.111,0.0757,0.0,0.709,0
app_0127,app_s003706,-0.5295,0.0549,0.0,0.4533,0
app_0369,app_s003707,0.1852,0.0508,0.0,-0.3727,0
app_0278,app_s003708,12.8794,0.0473,1.0,7.4164,1
app_0273,app_s003709,-0.7651,0.0866,0.0,-0.3273,0
app_0406,app_s003710,-0.7721,0.4413,0.0,-0.4272,0
app_0408,app_s003711,1.5872,0.0296,0.0,-0.2938,0
app_0136,app_s003712,0.6224,0.681,0.0,0.0697,0
app_0429,app_s003713,-1.3895,0.0784,0.0,0.2698,0
app_0154,app_s003714,0.9364,0.3192,0.0,-0.4641,0
app_0371,app_s003715,-0.4778,0.0561,0.0,-0.1763,0
app_0130,app_s003716,-0.374,0.0754,0.0,-0.3545,0
app_0245,app_s003717,0.3513,0.2736,0.0,-0.2391,0
app_0028,app_s003718,-1.5753,0.6242,0.0,-0.1243,0
app_0393,app_s003719,-1.7721,0.706,0.0,-0.2367,0
app_0296,app_s003720,-0.7705,0.2508,0.0,-0.2383,0
app_0317,app_s003721,-0.6766,0.0137,0.0,-0.0261,0
app_0361,app_s003722,0.0704,0.0285,0.0,-0.0635,0
app_0117,app_s003723,0.1371,0.0645,0.0,-0.4336,0
app_0176,app_s003724,-1.4464,0.771,0.0,-0.326,0
app_0051,app_s003725,-1.063,0.6157,0.0,-0.3006,0
app_0111,app_s003726,0.8314,0.7876,0.0,-0.3664,0
app_0435,app_s003727,1.0136,0.0105,0.0,-0.0536,0
app_0365,app_s003728,0.4068,0.1287,0.0,1.295,0
app_0267,app_s003729,-1.2706,0.0101,0.0,-0.262,0
app_0209,app_s003730,-1.0275,0.0372,0.0,-0.3973,0
app_0299,app_s003731,-0.0002,0.7661,0.0,-0.3763,0
app_0248,app_s003732,-0.8921,0.0265,1.0,-0.1064,0
app_0003,app_s003733,-0.2621,0.2615,0.0,-0.1428,0
app_0364,app_s003734,1.0506,0.0107,0.0,-0.4119,0
app_0333,app_s003735,1.0691,0.0406,0.0,0.3148,0
app_0408,app_s003736,-1.6707,0.0082,1.0,-0.4213,0
app_0328,app_s003737,-0.1465,0.0275,0.0,-0.4793,0
app_0073,app_s003738,1.8185,0.2965,1.0,0.9168,0
app_0182,app_s003739,-1.3801,0.0652,0.0,-0.4278,0
app_0115,app_s003740,-0.0188,0.0082,0.0,0.2857,0
app_0367,app_s003741,0.1618,0.0726,0.0,-0.268,0
app_0112,app_s003742,-0.3817,0.036,0.0,-0.4394,0
app_0047,app_s003743,0.2582,0.0074,1.0,-0.3908,0
app_0403,app_s003744,0.1445,0.0538,0.0,0.7347,0
app_0038,app_s003745,3.7192,0.1462,0.0,-0.3876,0
app_0205,app_s003746,0.5704,0.297,0.0,-0.3113,0
app_0337,app_s003747,2.5688,0.0801,0.0,-0.33,0
app_0107,app_s003748,2.1595,0.6143,0.0,-0.443,0
app_0312,app_s003749,0.4705,0.0878,0.0,-0.092,0
app_0374,app_s003750,1.5246,0.4792,0.0,-0.4481,0
app_0226,app_s003751,-0.6465,0.4922,0.0,0.2402,0
app_0303,app_s003752,-0.6911,0.067,0.0,-0.2866,0
app_0163,app_s003753,0.3065,0.8497,0.0,-0.2908,0
app_0142,app_s003754,14.2704,0.6037,1.0,0.8788,1
app_0075,app_s003755,-1.129,0.6031,0.0,-0.1827,0
app_0174,app_s003756,1.2399,0.0061,0.0,-0.0825,0
app_0000,app_s003757,0.2716,0.0341,0.0,-0.0559,0
app_0364,app_s003758,0.3682,0.4726,0.0,-0.4303,0
app_0412,app_s003759,0.4892,0.0415,0.0,-0.4553,0
app_0179,app_s003760,0.6042,0.244,0.0,0.3168,0
app_0163,app_s003761,-1.289,0.114,0.0,-0.4276,0
app_0221,app_s003762,0.063,0.0584,0.0,0.4011,0
app_0385,app_s003763,0.3817,0.1176,0.0,-0.4415,0
app_0423,app_s003764,0.9732,0.6126,0.0,-0.3861,0
app_0142,app_s003765,-0.3052,0.0041,0.0,0.463,0
app_0294,app_s003766,-0.5169,0.7537,0.0,-0.0458,0
app_0178,app_s003767,-0.2242,0.1313,0.0,-0.4188,0
app_0215,app_s003768,1.0035,0.2788,0.0,-0.2999,0
app_0374,app_s003769,-0.8909,0.0523,0.0,0.3412,0
app_0092,app_s003770,0.7845,0.6335,0.0,-0.4457,0
app_0417,app_s003771,-0.9844,0.1614,0.0,-0.0748,0
app_0340,app_s003772,-0.474,0.0003,0.0,-0.4622,0
app_0101,app_s003773,-0.4381,0.1096,0.0,-0.3962,0
app_0361,app_s003774,-0.5827,0.521,0.0,-0.4394,0
app_0404,app_s003775,-1.0703,0.7381,0.0,0.467,0
app_0296,app_s003776,0.5394,0.1083,0.0,-0.2861,0
app_0051,app_s003777,0.4574,0.5483,0.0,-0.4516,0
app_0114,app_s003778,-0.0561,0.2333,0.0,-0.3914,0
app_0090,app_s003779,-1.6678,0.0861,0.0,-0.1907,0
app_0077,app_s003780,0.1671,0.1878,0.0,-0.2603,0
app_0208,app_s003781,-0.6174,0.6017,0.0,-0.3197,0
app_0122,app_s003782,0.7066,0.3893,0.0,-0.4411,0
app_0091,app_s003783,-0.2482,0.3414,0.0,1.3809,0
app_0013,app_s003784,-13.6132,0.0024,1.0,2.4278,1
app_0062,app_s003785,0.2464,0.0159,0.0,-0.3119,0
app_0289,app_s003786,0.6153,0.0255,0.0,-0.3662,0
app_0106,app_s003787,1.5349,0.107,1.0,-0.4171,0
app_0211,app_s003788,1.2737,0.0142,0.0,0.9593,0
app_0444,app_s003789,-1.5688,0.6981,0.0,-0.4606,0
app_0437,app_s003790,-0.1948,0.0187,0.0,-0.34,0
app_0119,app_s003791,0.6112,0.0366,0.0,-0.411,0
app_0215,app_s003792,-12.0986,0.5369,1.0,1.7972,1
app_0157,app_s003793,0.9428,0.1773,0.0,0.1914,0
app_0355,app_s003794,26.6576,0.6821,1.0,5.5133,1
app_0339,app_s003795,0.3297,0.1191,0.0,-0.4708,0
app_0218,app_s003796,-0.0449,0.6593,0.0,2.6582,0
app_0310,app_s003797,0.125,0.0818,0.0,0.0742,0
app_0122,app_s003798,-0.0706,0.0905,0.0,-0.2866,0
app_0015,app_s003799,-1.2083,0.0045,0.0,-0.2918,0
app_0344,app_s003800,-1.541,0.6716,0.0,4.0158,0
app_0273,app_s003801,0.3964,0.5071,0.0,-0.454,0
app_0017,app_s003802,-0.6128,0.5029,0.0,-0.4511,0
app_0435,app_s003803,0.4406,0.0069,0.0,-0.4147,0
app_0096,app_s003804,-12.5418,0.5226,1.0,1.8238,1
app_0266,app_s003805,-0.1434,0.0409,0.0,-0.4006,0
app_0011,app_s003806,1.7533,0.0393,0.0,0.5102,0
app_0277,app_s003807,-0.1889,0.1217,0.0,0.1337,0
app_0132,app_s003808,-0.5751,0.0393,0.0,-0.3751,0
app_0047,app_s003809,-0.6473,0.1439,0.0,-0.1996,0
app_0337,app_s003810,-0.4816,0.0004,0.0,-0.4722,0
app_0001,app_s003811,0.3284,0.0571,1.0,-0.3874,0
app_0073,app_s003812,-1.7359,0.1687,0.0,-0.0956,0
app_0429,app_s003813,0.2105,0.3691,0.0,-0.1999,0
app_0155,app_s003814,-11.4948,0.4661,0.0,2.8491,1
app_0240,app_s003815,-0.1806,0.0212,0.0,-0.3998,0
app_0194,app_s003816,-2.1584,0.0365,0.0,-0.3536,0
app_0167,app_s003817,0.3273,0.7257,0.0,-0.4725,0
app_0116,app_s003818,0.7417,0.0803,0.0,0.6219,0
app_0382,app_s003819,0.8045,0.0095,0.0,0.0383,0
app_0166,app_s003820,-11.8559,0.5641,1.0,3.686,1
app_0314,app_s003821,0.2684,0.0687,0.0,-0.3611,0
app_0030,app_s003822,1.2735,0.3075,0.0,-0.0803,0
app_0119,app_s003823,-0.8092,0.0028,0.0,0.5924,0
app_0159,app_s003824,-1.5063,0.0171,0.0,-0.0572,0
app_0256,app_s003825,-0.3225,0.0098,0.0,-0.4546,0
app_0100,app_s003826,0.1289,0.0016,0.0,-0.209,0
app_0267,app_s003827,1.9943,0.4863,0.0,0.0572,0
app_0181,app_s003828,0.5122,0.6277,0.0,-0.3863,0
app_0198,app_s003829,-0.3939,0.8284,0.0,-0.2731,0
app_0210,app_s003830,-0.7767,0.0323,0.0,-0.3725,0
app_0216,app_s003831,-1.3803,0.3584,0.0,1.0622,0
app_0095,app_s003832,-1.1038,0.4671,0.0,-0.4291,0
app_0385,app_s003833,1.6028,0.3579,0.0,-0.3326,0
app_0255,app_s003834,0.0674,0.0145,0.0,-0.4465,0
app_0212,app_s003835,-1.1509,0.0227,0.0,-0.4168,0
app_0367,app_s003836,-1.4363,0.4434,1.0,-0.3334,0
app_0424,app_s003837,1.3811,0.2361,0.0,-0.4686,0
app_0146,app_s003838,0.1154,0.0086,0.0,-0.4467,0
app_0443,app_s003839,0.4119,0.4592,0.0,1.3184,0
app_0302,app_s003840,-0.0885,0.0385,0.0,0.1967,0
app_0283,app_s003841,0.5996,0.0144,0.0,-0.4786,0
app_0096,app_s003842,-0.0631,0.0435,1.0,0.1154,0
app_0297,app_s003843,0.4142,0.4388,0.0,-0.2656,0
app_0002,app_s003844,1.8889,0.0121,1.0,-0.4004,0
app_0297,app_s003845,2.0594,0.0625,0.0,-0.303,0
app_0022,app_s003846,-1.3879,0.0019,0.0,-0.337,0
app_0107,app_s003847,0.9183,0.0991,0.0,-0.2746,0
app_0137,app_s003848,1.4186,0.0097,0.0,2.5744,0
app_0075,app_s003849,-0.2718,0.0218,0.0,-0.4677,0
app_0436,app_s003850,0.678,0.0085,0.0,-0.4006,0
app_0318,app_s003851,0.2833,0.0129,0.0,-0.3206,0
app_0105,app_s003852,-0.553,0.0958,0.0,-0.4396,0
app_0349,app_s003853,0.2275,0.5547,1.0,-0.2328,0
app_0095,app_s003854,0.6237,0.3763,0.0,0.0743,0
app_0313,app_s003855,-11.0585,0.6832,0.0,5.258,1
app_0358,app_s003856,1.0054,0.0515,0.0,-0.3615,0
app_0048,app_s003857,-0.4329,0.1523,1.0,0.1786,0
app_0086,app_s003858,0.0132,0.5501,0.0,-0.4635,0
app_0149,app_s003859,-12.7586,0.4326,1.0,2.8922,1
app_0167,app_s003860,-0.2361,0.6691,0.0,-0.439,0
app_0390,app_s003861,0.7113,0.5851,0.0,-0.1835,0
app_0204,app_s003862,-1.4118,0.0444,0.0,0.2383,0
app_0221,app_s003863,0.8388,0.2191,0.0,-0.0366,0
app_0285,app_s003864,0.6934,0.0085,0.0,-0.4607,0
app_0424,app_s003865,-0.0254,0.0524,0.0,0.0172,0
app_0440,app_s003866,1.0637,0.0741,0.0,-0.4065,0
app_0141,app_s003867,0.0244,0.0163,1.0,-0.3724,0
app_0327,app_s003868,-1.2693,0.0108,0.0,-0.3955,0
app_0440,app_s003869,-0.4865,0.1291,0.0,-0.357,0
app_0062,app_s003870,0.2194,0.0172,0.0,0.3103,0
app_0448,app_s003871,-0.7016,0.0723,0.0,-0.3152,0
app_0076,app_s003872,0.8523,0.539,0.0,0.0502,0
app_0337,app_s003873,-1.2048,0.0649,0.0,-0.0893,0
app_0104,app_s003874,1.009,0.816,0.0,-0.2057,0
app_0379,app_s003875,-0.4194,0.5699,1.0,-0.006,0
app_0165,app_s003876,0.7919,0.0166,0.0,0.3846,0
app_0301,app_s003877,1.3917,0.0103,0.0,-0.2291,0
app_0283,app_s003878,-0.8397,0.0086,0.0,-0.3797,0
app_0263,app_s003879,-12.3277,0.2686,1.0,6.9182,1
app_0270,app_s003880,-1.6291,0.0133,0.0,-0.13,0
app_0282,app_s003881,0.222,0.1526,0.0,-0.1607,0
app_0131,app_s003882,1.054,0.3318,0.0,-0.3305,0
app_0167,app_s003883,0.0003,0.0073,0.0,-0.4453,0
app_0416,app_s003884,-0.3617,0.0237,0.0,-0.4107,0
app_0144,app_s003885,0.1142,0.0637,0.0,1.9642,0
app_0194,app_s003886,0.1017,0.1991,0.0,-0.2035,0
app_0131,app_s003887,0.0773,0.1782,0.0,-0.3789,0
app_0061,app_s003888,1.754,0.1226,0.0,-0.4515,0
app_0006,app_s003889,-1.023,0.7115,0.0,-0.4384,0
app_0208,app_s003890,-1.322,0.0034,0.0,-0.2691,0
app_0293,app_s003891,0.4633,0.0215,0.0,-0.2858,0
app_0320,app_s003892,-0.9846,0.0593,0.0,-0.247,0
app_0370,app_s003893,-0.0477,0.8358,0.0,-0.1904,0
app_0113,app_s003894,-0.25,0.0307,0.0,0.1705,0
app_0358,app_s003895,0.7762,0.158,0.0,0.0754,0
app_0178,app_s003896,-0.2729,0.0476,0.0,-0.0977,0
app_0200,app_s003897,0.0795,0.0122,0.0,-0.3209,0
app_0100,app_s003898,-0.4849,0.047,1.0,-0.0595,0
app_0056,app_s003899,-0.234,0.0212,0.0,-0.1962,0
app_0123,app_s003900,0.5582,0.1199,0.0,-0.4254,0
app_0399,app_s003901,0.4566,0.0689,1.0,-0.2736,0
app_0358,app_s003902,-0.3363,0.3591,0.0,-0.3757,0
app_0176,app_s003903,0.4901,0.6066,0.0,0.3315,0
app_0406,app_s003904,0.2091,0.0007,0.0,-0.4188,0
app_0345,app_s003905,0.5964,0.6341,0.0,-0.07,0
app_0005,app_s003906,-0.6165,0.0827,0.0,-0.4689,0
app_0169,app_s003907,-0.1299,0.0535,0.0,-0.3351,0
app_0255,app_s003908,1.7299,0.1506,0.0,-0.4334,0
app_0278,app_s003909,-1.4952,0.2408,0.0,-0.3795,0
app_0339,app_s003910,0.0286,0.0288,0.0,-0.3976,0
app_0383,app_s003911,0.5508,0.0614,0.0,-0.3486,0
app_0287,app_s003912,0.0472,0.1396,0.0,0.7192,0
app_0234,app_s003913,-0.4858,0.0539,0.0,-0.3189,0
app_0318,app_s003914,-0.9325,0.0055,0.0,10.5925,0
app_0191,app_s003915,0.2878,0.5084,0.0,-0.3918,0
app_0177,app_s003916,-0.8003,0.0614,0.0,-0.4241,0
app_0249,app_s003917,0.0263,0.553,0.0,-0.4613,0
app_0366,app_s003918,-4.731,0.7781,1.0,2.8257,1
app_0159,app_s003919,0.6161,0.0119,0.0,-0.1717,0
app_0214,app_s003920,18.337,0.4882,1.0,4.2398,1
app_0036,app_s003921,0.0736,0.0462,0.0,-0.3614,0
app_0232,app_s003922,-1.5582,0.0364,0.0,-0.3335,0
app_0156,app_s003923,-0.8225,0.0371,0.0,0.1058,0
app_0402,app_s003924,-0.3642,0.0177,0.0,1.4307,0
app_0339,app_s003925,-1.4962,0.101,0.0,-0.2288,0
app_0296,app_s003926,1.5078,0.4976,0.0,-0.4261,0
app_0123,app_s003927,-0.5214,0.0156,0.0,-0.2982,0
app_0239,app_s003928,0.24,0.1196,0.0,-0.4167,0
app_0155,app_s003929,0.7265,0.0215,0.0,-0.3395,0
app_0319,app_s003930,-0.753,0.6573,0.0,-0.4424,0
app_0155,app_s003931,-0.8228,0.7403,0.0,1.8542,0
app_0008,app_s003932,-0.2117,0.3013,0.0,-0.2341,0
app_0105,app_s003933,0.0298,0.0021,0.0,-0.4553,0
app_0309,app_s003934,0.1352,0.4282,0.0,-0.4327,0
app_0265,app_s003935,20.0946,0.7668,1.0,3.4571,1
app_0026,app_s003936,0.7471,0.352,0.0,-0.2976,0
app_0082,app_s003937,-2.1768,0.0532,0.0,-0.3081,0
app_0352,app_s003938,1.2929,0.0153,0.0,0.011,0
app_0232,app_s003939,1.1481,0.1348,0.0,-0.3402,0
app_0374,app_s003940,2.7547,0.1882,0.0,-0.3532,0
app_0083,app_s003941,-1.2783,0.0137,0.0,-0.2363,0
app_0336,app_s003942,-0.812,0.1746,0.0,-0.1868,0
app_0064,app_s003943,0.3751,0.0921,0.0,-0.3059,0
app_0147,app_s003944,-0.0175,0.2086,0.0,-0.1749,0
app_0011,app_s003945,-0.1235,0.7218,0.0,-0.3567,0
app_0280,app_s003946,1.4531,0.0375,0.0,-0.1455,0
app_0123,app_s003947,0.8193,0.3423,0.0,-0.0095,0
app_0416,app_s003948,-0.8862,0.1119,0.0,-0.3951,0
app_0388,app_s003949,1.497,0.0103,0.0,-0.4485,0
app_0028,app_s003950,0.272,0.274,0.0,-0.4097,0
app_0132,app_s003951,-0.2501,0.0327,0.0,0.4611,0
app_0169,app_s003952,0.331,0.0167,0.0,0.0754,0
app_0204,app_s003953,-1.7479,0.0074,0.0,-0.2153,0
app_0285,app_s003954,-0.0803,0.153,0.0,-0.0403,0
app_0157,app_s003955,-0.6965,0.0915,0.0,-0.4432,0
app_0324,app_s003956,0.7638,0.0672,0.0,0.2185,0
app_0093,app_s003957,-0.135,0.0235,0.0,0.1748,0
app_0021,app_s003958,0.8043,0.0088,0.0,-0.2175,0
app_0280,app_s003959,-0.5242,0.0779,0.0,-0.0569,0
app_0375,app_s003960,0.8236,0.0297,0.0,0.0217,0
app_0131,app_s003961,0.226,0.1046,0.0,-0.3268,0
app_0285,app_s003962,0.1788,0.0105,1.0,-0.35,0
app_0275,app_s003963,-0.38,0.6318,1.0,0.8659,0
app_0301,app_s003964,0.284,0.0801,0.0,-0.4226,0
app_0293,app_s003965,10.2079,0.5774,1.0,15.4782,1
app_0395,app_s003966,-0.6791,0.0357,0.0,-0.305,0
app_0211,app_s003967,-0.7616,0.5117,0.0,-0.3939,0
app_0039,app_s003968,-0.8839,0.3818,0.0,-0.2516,0
app_0015,app_s003969,0.6686,0.1661,0.0,-0.3491,0
app_0395,app_s003970,-0.9923,0.4707,0.0,-0.1893,0
app_0440,app_s003971,0.4679,0.5033,0.0,-0.4435,0
app_0134,app_s003972,0.734,0.0852,0.0,-0.1918,0
app_0379,app_s003973,-1.7048,0.1367,0.0,-0.4489,0
app_0132,app_s003974,0.6187,0.0798,0.0,-0.4295,0
app_0377,app_s003975,0.2835,0.0318,0.0,-0.3727,0
app_0367,app_s003976,-0.0072,0.0262,0.0,-0.2886,0
app_0125,app_s003977,0.0331,0.0411,0.0,0.308,0
app_0052,app_s003978,0.5214,0.087,0.0,-0.0152,0
app_0344,app_s003979,0.024,0.0616,1.0,0.439,0
app_0262,app_s003980,0.2886,0.0011,0.0,-0.1018,0
app_0192,app_s003981,1.2486,0.5259,0.0,0.2316,0
app_0083,app_s003982,0.8048,0.0235,1.0,-0.3629,0
app_0217,app_s003983,-1.0756,0.0951,0.0,-0.452,0
app_0097,app_s003984,-1.8632,0.05,0.0,-0.4535,0
app_0346,app_s003985,-0.2386,0.0032,0.0,-0.2784,0
app_0362,app_s003986,-0.436,0.7858,0.0,0.8978,0
app_0342,app_s003987,1.1134,0.0571,0.0,0.8478,0
app_0389,app_s003988,1.0981,0.5825,1.0,-0.3424,0
app_0000,app_s003989,-1.4523,0.0084,0.0,-0.264,0
app_0404,app_s003990,-0.1026,0.3211,0.0,1.094,0
app_0172,app_s003991,-12.0036,0.7047,1.0,5.5035,1
app_0033,app_s003992,-0.4574,0.2547,0.0,8.2401,0
app_0019,app_s003993,-1.6689,0.3697,0.0,-0.4452,0
app_0065,app_s003994,-1.0074,0.0191,0.0,-0.0803,0
app_0229,app_s003995,0.1615,0.0191,0.0,-0.2481,0
app_0383,app_s003996,-1.4522,0.0663,0.0,-0.3582,0
app_0090,app_s003997,-0.3712,0.0809,0.0,-0.3479,0
app_0020,app_s003998,1.34,0.6195,0.0,-0.0888,0
app_0154,app_s003999,-0.438,0.1245,0.0,-0.3949,0
app_0120,app_s004000,-0.3709,0.0422,0.0,-0.3052,0
app_0221,app_s004001,0.0323,0.1221,0.0,-0.1294,0
app_0346,app_s004002,-0.0545,0.0358,0.0,0.4849,0
app_0175,app_s004003,1.0567,0.0292,1.0,-0.4345,0
app_0316,app_s004004,-0.3317,0.6689,0.0,0.3313,0
app_0006,app_s004005,0.667,0.0043,0.0,1.6035,0
app_0040,app_s004006,-1.1212,0.0765,0.0,0.6859,0
app_0129,app_s004007,-1.6803,0.1149,0.0,-0.4553,0
app_0238,app_s004008,1.5407,0.0326,0.0,-0.3844,0
app_0295,app_s004009,-1.2977,0.0649,0.0,-0.0429,0
app_0324,app_s004010,0.6655,0.3154,0.0,-0.4273,0
app_0050,app_s004011,-9.4745,0.4412,0.0,4.5846,1
app_0303,app_s004012,0.9061,0.0803,0.0,1.2781,0
app_0017,app_s004013,0.1206,0.5908,0.0,-0.4757,0
app_0124,app_s004014,-1.1828,0.0977,0.0,0.1123,0
app_0116,app_s004015,1.2257,0.741,0.0,1.9697,0
app_0077,app_s004016,-0.1261,0.0799,0.0,3.3911,0
app_0266,app_s004017,1.1912,0.2264,0.0,4.9238,0
app_0294,app_s004018,-1.0248,0.3414,0.0,0.0147,0
app_0129,app_s004019,0.5104,0.6284,0.0,-0.4575,0
app_0387,app_s004020,0.2606,0.0419,0.0,-0.3003,0
app_0333,app_s004021,1.2529,0.0827,0.0,0.0867,0
app_0064,app_s004022,-0.9826,0.043,0.0,-0.3505,0
app_0341,app_s004023,0.8904,0.5825,0.0,-0.2615,0
app_0254,app_s004024,-8.6072,0.4487,1.0,3.1378,1
app_0225,app_s004025,-1.5867,0.0065,0.0,-0.353,0
app_0402,app_s004026,0.783,0.0849,0.0,-0.1713,0
app_0374,app_s004027,-0.1544,0.0861,0.0,1.4153,0
app_0417,app_s004028,-0.3138,0.3034,0.0,-0.2367,0
app_0253,app_s004029,0.682,0.2995,0.0,0.0768,0
app_0009,app_s004030,-1.4316,0.028,0.0,1.3437,0
app_0289,app_s004031,-0.1611,0.1249,0.0,0.111,0
app_0358,app_s004032,0.3793,0.1362,0.0,-0.2032,0
app_0364,app_s004033,1.1402,0.1466,0.0,-0.4527,0
app_0114,app_s004034,0.8209,0.0139,0.0,-0.4325,0
app_0214,app_s004035,-0.0962,0.0789,1.0,-0.3139,0
app_0134,app_s004036,1.3886,0.1026,0.0,-0.4242,0
app_0151,app_s004037,0.5181,0.0148,0.0,-0.4675,0
app_0293,app_s004038,0.9711,0.0067,0.0,0.1712,0
app_0148,app_s004039,-0.6462,0.8346,0.0,-0.3675,0
app_0369,app_s004040,1.0043,0.1989,0.0,2.5739,0
app_0434,app_s004041,0.9766,0.0946,0.0,-0.4414,0
app_0175,app_s004042,0.0162,0.0206,0.0,-0.1852,0
app_0445,app_s004043,-0.1972,0.0379,0.0,-0.4611,0
app_0326,app_s004044,0.6933,0.0202,0.0,-0.2078,0
app_0322,app_s004045,0.2239,0.2974,0.0,0.4463,0
app_0255,app_s004046,-1.6291,0.0231,0.0,-0.0653,0
app_0010,app_s004047,-12.3818,0.0765,1.0,4.508,1
app_0331,app_s004048,-0.6001,0.5103,0.0,-0.121,0
app_0177,app_s004049,1.0118,0.0434,0.0,-0.1947,0
app_0027,app_s004050,-0.5354,0.0998,0.0,-0.1804,0
app_0004,app_s004051,14.8204,0.7106,1.0,3.7302,1
app_0432,app_s004052,1.2291,0.0333,0.0,-0.2454,0
app_0349,app_s004053,-0.9591,0.6556,0.0,-0.4239,0
app_0356,app_s004054,-0.3256,0.0292,0.0,-0.4026,0
app_0441,app_s004055,-0.752,0.1183,0.0,0.9893,0
app_0213,app_s004056,0.3521,0.057,0.0,-0.1889,0
app_0360,app_s004057,1.7215,0.4666,0.0,-0.4604,0
app_0238,app_s004058,-1.3609,0.049,0.0,-0.3667,0
app_0022,app_s004059,-10.9326,0.0905,1.0,3.572,1
app_0126,app_s004060,-0.2249,0.0647,0.0,-0.368,0
app_0128,app_s004061,-2.0856,0.0193,0.0,-0.2348,0
app_0132,app_s004062,-1.5621,0.0145,0.0,-0.0981,0
app_0448,app_s004063,7.7425,0.4108,1.0,2.4352,1
app_0387,app_s004064,0.8848,0.1873,0.0,0.711,0
app_0242,app_s004065,1.5786,0.0249,0.0,0.2727,0
app_0192,app_s004066,0.1157,0.1824,0.0,-0.3348,0
app_0360,app_s004067,-1.8918,0.0069,0.0,-0.3353,0
app_0196,app_s004068,0.5818,0.8975,0.0,0.2508,0
app_0390,app_s004069,-9.179,0.1857,1.0,7.2566,1
app_0176,app_s004070,-1.5069,0.0129,0.0,-0.2734,0
app_0270,app_s004071,-0.6675,0.0001,0.0,-0.4091,0
app_0200,app_s004072,1.9399,0.0538,0.0,-0.1804,0
app_0288,app_s004073,1.2694,0.0224,0.0,2.4702,0
app_0025,app_s004074,2.0278,0.1078,0.0,-0.4047,0
app_0162,app_s004075,-1.9406,0.0013,0.0,-0.2267,0
app_0419,app_s004076,-12.4217,0.7503,1.0,3.5473,1
app_0018,app_s004077,1.8365,0.0294,0.0,0.321,0
app_0416,app_s004078,-1.0229,0.0572,0.0,0.0045,0
app_0053,app_s004079,1.1637,0.5096,0.0,0.2528,0
app_0219,app_s004080,1.4681,0.0035,0.0,-0.4457,0
app_0392,app_s004081,-13.5143,0.0965,1.0,14.2779,1
app_0048,app_s004082,0.1354,0.5244,0.0,0.4366,0
app_0038,app_s004083,-0.2684,0.0032,1.0,-0.1339,0
app_0123,app_s004084,-1.3853,0.2369,0.0,-0.3914,0
app_0408,app_s004085,-0.4082,0.0134,0.0,-0.4215,0
app_0083,app_s004086,-1.4361,0.2291,0.0,-0.3796,0
app_0275,app_s004087,-0.8101,0.6199,0.0,-0.1515,0
app_0206,app_s004088,-0.1501,0.0267,0.0,-0.3098,0
app_0356,app_s004089,1.0977,0.6635,0.0,0.1841,0
app_0316,app_s004090,0.1914,0.0746,0.0,2.1574,0
app_0098,app_s004091,0.1529,0.6531,0.0,-0.3523,0
app_0425,app_s004092,-0.1407,0.2862,0.0,-0.0673,0
app_0420,app_s004093,-0.5564,0.0311,0.0,-0.0707,0
app_0410,app_s004094,0.5411,0.0859,0.0,-0.1463,0
app_0111,app_s004095,0.467,0.0332,0.0,-0.1772,0
app_0336,app_s004096,0.3804,0.0757,0.0,-0.3675,0
app_0267,app_s004097,-0.1906,0.4926,0.0,0.0012,0
app_0271,app_s004098,0.846,0.486,0.0,-0.4272,0
app_0124,app_s004099,-0.74,0.0571,1.0,-0.2888,0
app_0050,app_s004100,1.7934,0.0359,0.0,-0.3259,0
app_0253,app_s004101,-0.0701,0.1457,0.0,-0.4665,0
app_0210,app_s004102,-0.3103,0.0758,0.0,0.9617,0
app_0135,app_s004103,-2.459,0.0096,0.0,0.1987,0
app_0020,app_s004104,0.4463,0.1859,1.0,0.1307,0
app_0178,app_s004105,-0.8025,0.0544,0.0,-0.3845,0
app_0139,app_s004106,1.3068,0.1433,0.0,-0.3835,0
app_0014,app_s004107,-1.4095,0.0296,0.0,-0.461,0
app_0149,app_s004108,-1.1402,0.3851,1.0,0.1571,0
app_0123,app_s004109,-0.1657,0.027,0.0,-0.429,0
app_0040,app_s004110,1.197,0.0787,0.0,-0.3265,0
app_0262,app_s004111,1.1442,0.1158,0.0,-0.2237,0
app_0010,app_s004112,-0.5,0.8742,0.0,1.0172,0
app_0315,app_s004113,-0.4947,0.6401,0.0,-0.1554,0
app_0181,app_s004114,1.6219,0.0061,0.0,-0.3723,0
app_0341,app_s004115,1.0844,0.0287,0.0,-0.1881,0
app_0361,app_s004116,-0.8705,0.7705,0.0,-0.3218,0
app_0363,app_s004117,0.0485,0.0187,0.0,-0.2443,0
app_0180,app_s004118,0.7897,0.0459,0.0,-0.1193,0
app_0340,app_s004119,0.9952,0.03,0.0,-0.3607,0
app_0409,app_s004120,-0.9657,0.0091,0.0,-0.3802,0
app_0105,app_s004121,-0.5826,0.1213,0.0,-0.4506,0
app_0060,app_s004122,1.1169,0.3111,1.0,-0.4154,0
app_0298,app_s004123,1.237,0.0242,0.0,-0.4188,0
app_0242,app_s004124,0.7323,0.4769,1.0,-0.1811,0
app_0075,app_s004125,0.5587,0.0635,0.0,-0.4119,0
app_0158,app_s004126,-10.1845,0.0251,1.0,6.9967,1
app_0333,app_s004127,0.1786,0.0554,0.0,-0.3145,0
app_0060,app_s004128,-1.0816,0.1236,0.0,-0.0385,0
app_0170,app_s004129,2.3075,0.3931,0.0,-0.4253,0
app_0328,app_s004130,-1.5502,0.0349,0.0,1.9857,0
app_0296,app_s004131,-2.242,0.7045,0.0,-0.4478,0
app_0379,app_s004132,0.5735,0.7412,0.0,-0.1355,0
app_0423,app_s004133,1.5195,0.4291,0.0,-0.3348,0
app_0168,app_s004134,-0.3882,0.069,0.0,-0.2016,0
app_0230,app_s004135,-0.7271,0.033,0.0,-0.2926,0
app_0408,app_s004136,2.0944,0.0032,0.0,0.286,0
app_0407,app_s004137,-0.046,0.4025,0.0,-0.4405,0
app_0200,app_s004138,0.0774,0.0675,0.0,1.0745,0
app_0132,app_s004139,0.078,0.0648,0.0,-0.3531,0
app_0079,app_s004140,1.4389,0.5293,0.0,-0.4636,0
app_0329,app_s004141,-13.6756,0.1364,1.0,1.6239,1
app_0282,app_s004142,0.4127,0.0242,0.0,-0.0098,0
app_0405,app_s004143,1.0331,0.005,0.0,-0.2717,0
app_0156,app_s004144,-1.0371,0.1643,0.0,-0.4635,0
app_0258,app_s004145,-0.0818,0.1873,0.0,0.7089,0
app_0076,app_s004146,-0.1705,0.6348,0.0,-0.3669,0
app_0242,app_s004147,0.4309,0.3893,0.0,-0.4381,0
app_0274,app_s004148,-0.1719,0.0627,0.0,-0.4657,0
app_0280,app_s004149,-0.7059,0.7278,1.0,2.516,0
app_0150,app_s004150,-1.0607,0.1178,0.0,-0.4225,0
app_0249,app_s004151,0.0415,0.1472,0.0,0.0921,0
app_0097,app_s004152,0.1547,0.0605,0.0,-0.1911,0
app_0045,app_s004153,9.6176,0.0235,0.0,2.7598,1
app_0083,app_s004154,1.2705,0.0301,0.0,-0.4602,0
app_0213,app_s004155,1.158,0.1669,1.0,-0.086,0
app_0125,app_s004156,0.5959,0.6915,0.0,-0.1604,0
app_0290,app_s004157,-0.6071,0.053,0.0,0.6668,0
app_0359,app_s004158,-0.3734,0.0261,1.0,-0.2062,0
app_0415,app_s004159,0.9981,0.6943,0.0,-0.3315,0
app_0102,app_s004160,1.3042,0.0456,0.0,-0.1548,0
app_0234,app_s004161,0.9126,0.6744,0.0,-0.3789,0
app_0146,app_s004162,-1.1695,0.0616,0.0,0.0338,0
app_0197,app_s004163,0.2542,0.0369,0.0,-0.0291,0
app_0128,app_s004164,-0.8289,0.3934,0.0,-0.0796,0
app_0042,app_s004165,-0.3749,0.1879,1.0,-0.192,0
app_0419,app_s004166,-0.4964,0.0223,1.0,-0.4119,0
app_0080,app_s004167,-0.8536,0.4755,0.0,-0.2213,0
app_0339,app_s004168,-0.4475,0.0858,0.0,0.0914,0
app_0102,app_s004169,-0.5148,0.0708,0.0,1.0986,0
app_0133,app_s004170,-0.311,0.0432,0.0,-0.2079,0
app_0229,app_s004171,0.3367,0.1045,0.0,-0.4701,0
app_0184,app_s004172,-1.4372,0.0282,0.0,-0.4643,0
app_0436,app_s004173,-8.0754,0.8905,1.0,7.0818,1
app_0184,app_s004174,-2.3549,0.5568,0.0,-0.3889,0
app_0054,app_s004175,1.2566,0.016,0.0,-0.2802,0
app_0283,app_s004176,-5.4432,0.9032,1.0,3.2225,1
app_0233,app_s004177,-0.1216,0.044,1.0,-0.4267,0
app_0290,app_s004178,0.1518,0.5774,0.0,-0.3724,0
app_0081,app_s004179,-1.6671,0.7739,0.0,-0.2741,0
app_0136,app_s004180,0.3091,0.734,0.0,-0.1968,0
app_0286,app_s004181,0.3664,0.2732,0.0,-0.0499,0
app_0298,app_s004182,-1.198,0.3382,0.0,-0.0621,0
app_0117,app_s004183,-0.3475,0.3004,0.0,-0.4754,0
app_0391,app_s004184,0.9885,0.1767,1.0,-0.4415,0
app_0058,app_s004185,1.4976,0.0893,0.0,-0.3432,0
app_0138,app_s004186,-0.4887,0.542,0.0,0.3783,0
app_0448,app_s004187,-0.5427,0.0516,0.0,-0.3659,0
app_0067,app_s004188,-1.4227,0.6024,0.0,0.2937,0
app_0130,app_s004189,-0.2459,0.2765,1.0,-0.2561,0
app_0090,app_s004190,1.5623,0.0968,0.0,-0.428,0
app_0196,app_s004191,-1.1895,0.0252,0.0,-0.1067,0
app_0155,app_s004192,-0.4489,0.1426,1.0,-0.3263,0
app_0359,app_s004193,-0.9885,0.0121,0.0,-0.3012,0
app_0092,app_s004194,-0.3134,0.3129,0.0,-0.2507,0
app_0030,app_s004195,1.0975,0.5688,0.0,-0.3115,0
app_0400,app_s004196,0.7005,0.0949,0.0,1.3075,0
app_0363,app_s004197,-0.4353,0.1773,0.0,0.2784,0
app_0207,app_s004198,-0.9387,0.0355,0.0,-0.444,0
app_0348,app_s004199,0.7702,0.1062,0.0,-0.4222,0
app_0286,app_s004200,0.6017,0.0301,0.0,-0.4109,0
app_0232,app_s004201,-2.1178,0.0227,0.0,-0.3405,0
app_0293,app_s004202,-5.6624,0.5302,1.0,2.7745,1
app_0327,app_s004203,0.0286,0.0715,0.0,-0.2945,0
app_0091,app_s004204,-0.0567,0.0137,0.0,4.6013,0
app_0178,app_s004205,1.2399,0.0981,0.0,-0.3365,0
app_0303,app_s004206,0.2429,0.0632,0.0,-0.014,0
app_0260,app_s004207,0.0177,0.0034,0.0,-0.4404,0
app_0161,app_s004208,0.8427,0.0519,0.0,-0.238,0
app_0311,app_s004209,0.0466,0.0435,0.0,-0.4278,0
app_0016,app_s004210,0.1415,0.7158,0.0,-0.2814,0
app_0136,app_s004211,13.4292,0.0554,1.0,3.3595,1
app_0082,app_s004212,0.3601,0.2076,0.0,-0.445,0
app_0240,app_s004213,0.5577,0.0227,0.0,-0.2958,0
app_0206,app_s004214,1.4805,0.0136,0.0,-0.0999,0
app_0355,app_s004215,0.3185,0.0237,0.0,-0.1773,0
app_0062,app_s004216,0.3817,0.0015,0.0,-0.3075,0
app_0287,app_s004217,2.1153,0.5464,0.0,-0.2364,0
app_0036,app_s004218,0.6428,0.0039,0.0,0.6435,0
app_0070,app_s004219,28.4608,0.173,1.0,1.8066,1
app_0222,app_s004220,-1.2442,0.4059,0.0,-0.4348,0
app_0272,app_s004221,0.0048,0.0415,0.0,-0.1802,0
app_0409,app_s004222,1.5205,0.5221,0.0,-0.4741,0
app_0408,app_s004223,-0.6436,0.1081,0.0,-0.4442,0
app_0116,app_s004224,0.0046,0.0652,0.0,-0.1278,0
app_0220,app_s004225,-0.8017,0.1178,0.0,0.4391,0
app_0409,app_s004226,2.0917,0.0379,0.0,-0.4283,0
app_0159,app_s004227,-0.6498,0.3917,0.0,0.0553,0
app_0425,app_s004228,-0.9877,0.3214,0.0,0.0223,0
app_0339,app_s004229,-0.5507,0.1037,0.0,-0.1166,0
app_0364,app_s004230,2.3214,0.0734,0.0,-0.3315,0
app_0410,app_s004231,-11.1853,0.0559,1.0,3.6132,1
app_0024,app_s004232,1.749,0.0092,0.0,-0.26,0
app_0042,app_s004233,0.3719,0.0057,0.0,-0.456,0
app_0302,app_s004234,1.3331,0.0036,0.0,8.0627,0
app_0360,app_s004235,-0.4518,0.2418,0.0,-0.3804,0
app_0090,app_s004236,1.8904,0.1159,0.0,-0.4596,0
app_0272,app_s004237,-1.9272,0.0166,0.0,-0.2337,0
app_0185,app_s004238,-0.1932,0.3284,0.0,-0.3946,0
app_0396,app_s004239,-0.4455,0.8413,0.0,0.4334,0
app_0147,app_s004240,0.5276,0.3554,0.0,-0.263,0
app_0378,app_s004241,-0.5769,0.0288,0.0,-0.2789,0
app_0150,app_s004242,0.6546,0.1089,0.0,5.5178,0
app_0344,app_s004243,0.5198,0.5576,1.0,-0.2509,0
app_0106,app_s004244,0.0975,0.0457,1.0,-0.3289,0
app_0098,app_s004245,-0.4091,0.101,0.0,-0.2602,0
app_0085,app_s004246,-0.0991,0.0184,1.0,-0.3935,0
app_0286,app_s004247,0.3144,0.4065,0.0,0.688,0
app_0266,app_s004248,1.8135,0.0501,0.0,1.0408,0
app_0105,app_s004249,-0.9752,0.6374,1.0,-0.317,0
app_0185,app_s004250,1.7744,0.7781,0.0,-0.1822,0
app_0285,app_s004251,-0.6672,0.0259,0.0,0.0676,0
app_0117,app_s004252,0.0953,0.1822,0.0,-0.3756,0
app_0244,app_s004253,0.3516,0.0349,0.0,-0.3972,0
app_0261,app_s004254,-1.2639,0.0422,0.0,-0.0622,0
app_0361,app_s004255,-1.1633,0.0512,0.0,-0.375,0
app_0080,app_s004256,-1.2518,0.2484,0.0,-0.1563,0
app_0014,app_s004257,-0.0083,0.0155,0.0,-0.424,0
app_0129,app_s004258,-0.1682,0.0506,0.0,0.3207,0
app_0013,app_s004259,-12.0854,0.4952,1.0,5.3364,1
app_0171,app_s004260,1.2136,0.024,0.0,0.1168,0
app_0394,app_s004261,-1.7353,0.0733,0.0,-0.3598,0
app_0188,app_s004262,-0.0137,0.0094,0.0,-0.2977,0
app_0347,app_s004263,0.9318,0.0755,0.0,-0.4721,0
app_0253,app_s004264,-8.5167,0.6291,1.0,9.3868,1
app_0443,app_s004265,-0.676,0.5002,0.0,0.4706,0
app_0135,app_s004266,-1.4804,0.0057,0.0,-0.3945,0
app_0372,app_s004267,-1.219,0.8586,0.0,-0.3372,0
app_0038,app_s004268,0.8851,0.2686,0.0,-0.4395,0
app_0043,app_s004269,-0.8488,0.0525,0.0,0.1097,0
app_0074,app_s004270,-0.1417,0.0407,0.0,-0.4729,0
app_0215,app_s004271,-0.1146,0.1711,0.0,-0.4215,0
app_0040,app_s004272,-1.7848,0.9312,0.0,-0.1868,0
app_0437,app_s004273,-0.2472,0.0849,0.0,-0.4055,0
app_0306,app_s004274,0.803,0.1584,0.0,1.4917,0
app_0200,app_s004275,-1.1572,0.0045,0.0,-0.191,0
app_0149,app_s004276,-0.1616,0.0436,0.0,-0.3869,0
app_0006,app_s004277,-0.1908,0.0058,0.0,-0.4379,0
app_0151,app_s004278,1.192,0.0032,0.0,-0.3406,0
app_0084,app_s004279,0.2089,0.0601,1.0,-0.3044,0
app_0412,app_s004280,0.9163,0.043,0.0,-0.2906,0
app_0073,app_s004281,0.6913,0.0854,0.0,-0.1599,0
app_0224,app_s004282,-1.3179,0.1086,0.0,0.1444,0
app_0075,app_s004283,0.8853,0.5301,0.0,-0.3959,0
app_0234,app_s004284,0.604,0.0755,0.0,-0.405,0
app_0362,app_s004285,0.6617,0.7134,0.0,-0.4418,0
app_0167,app_s004286,1.1397,0.0032,1.0,-0.4092,0
app_0246,app_s004287,-0.6623,0.0221,0.0,-0.2011,0
app_0140,app_s004288,0.9432,0.0915,0.0,1.6508,0
app_0262,app_s004289,0.5592,0.022,0.0,-0.456,0
app_0422,app_s004290,-0.4495,0.6136,0.0,-0.2251,0
app_0119,app_s004291,-0.7909,0.0125,0.0,0.0061,0
app_0238,app_s004292,-1.8703,0.0886,0.0,-0.4328,0
app_0095,app_s004293,0.5366,0.0202,0.0,-0.3232,0
app_0313,app_s004294,1.8899,0.1887,0.0,0.6032,0
app_0015,app_s004295,-0.8308,0.0415,0.0,-0.1862,0
app_0256,app_s004296,0.5141,0.0708,1.0,-0.2783,0
app_0364,app_s004297,-2.5056,0.0164,0.0,-0.4406,0
app_0060,app_s004298,0.7899,0.91,0.0,-0.4647,0
app_0232,app_s004299,-0.0665,0.1243,0.0,-0.4325,0
app_0105,app_s004300,1.5267,0.0189,0.0,0.0927,0
app_0160,app_s004301,-13.4241,0.1249,1.0,2.7811,1
app_0435,app_s004302,0.9604,0.0178,0.0,-0.4495,0
app_0366,app_s004303,-1.0508,0.0036,0.0,-0.2229,0
app_0181,app_s004304,-0.5886,0.0632,0.0,-0.3893,0
app_0071,app_s004305,-0.1543,0.0441,1.0,-0.353,0
app_0008,app_s004306,0.1768,0.5216,0.0,-0.3387,0
app_0184,app_s004307,0.3899,0.0866,0.0,-0.2976,0
app_0358,app_s004308,0.6072,0.7932,1.0,-0.1509,0
app_0216,app_s004309,0.7285,0.6078,0.0,0.273,0
app_0226,app_s004310,-1.1567,0.6833,0.0,0.3608,0
app_0316,app_s004311,-5.1818,0.8244,1.0,4.5979,1
app_0146,app_s004312,0.4034,0.1269,0.0,-0.2072,0
app_0131,app_s004313,0.6269,0.0036,0.0,-0.3835,0
app_0406,app_s004314,-2.6489,0.1658,1.0,-0.1756,0
app_0153,app_s004315,-0.9793,0.0743,1.0,-0.4394,0
app_0187,app_s004316,-0.4591,0.6129,0.0,-0.1093,0
app_0069,app_s004317,1.1764,0.0229,0.0,4.6384,0
app_0303,app_s004318,0.5439,0.2541,0.0,0.3602,0
app_0166,app_s004319,1.3573,0.4413,0.0,-0.1289,0
app_0320,app_s004320,-0.8454,0.1547,0.0,-0.0866,0
app_0131,app_s004321,-10.292,0.8857,0.0,7.547,1
app_0394,app_s004322,-1.0221,0.1773,0.0,-0.2055,0
app_0317,app_s004323,-0.7608,0.7068,0.0,0.3372,0
app_0083,app_s004324,-1.7561,0.0856,0.0,-0.2157,0
app_0201,app_s004325,-1.784,0.0452,0.0,-0.3768,0
app_0356,app_s004326,-0.144,0.1659,0.0,-0.4635,0
app_0226,app_s004327,-1.6673,0.3258,0.0,-0.4759,0
app_0260,app_s004328,1.1972,0.4973,0.0,-0.4325,0
app_0426,app_s004329,1.7227,0.0613,0.0,-0.3519,0
app_0107,app_s004330,1.4163,0.0405,1.0,-0.1246,0
app_0421,app_s004331,0.5803,0.0445,0.0,0.9637,0
app_0342,app_s004332,-0.2721,0.3548,1.0,-0.3376,0
app_0066,app_s004333,0.3158,0.3398,1.0,0.3966,0
app_0447,app_s004334,-2.346,0.0014,0.0,-0.3267,0
app_0090,app_s004335,0.7867,0.1323,0.0,-0.3236,0
app_0042,app_s004336,-0.8236,0.1688,0.0,-0.326,0
app_0329,app_s004337,-0.4762,0.5721,1.0,-0.1855,0
app_0245,app_s004338,0.0328,0.0388,1.0,-0.3568,0
app_0436,app_s004339,2.0047,0.2125,0.0,-0.333,0
app_0270,app_s004340,-0.9223,0.1351,0.0,-0.3116,0
app_0061,app_s004341,-0.4765,0.075,0.0,-0.3429,0
app_0085,app_s004342,-1.4537,0.3085,0.0,-0.4516,0
app_0222,app_s004343,1.3015,0.0459,0.0,-0.3813,0
app_0352,app_s004344,-1.9983,0.0158,0.0,-0.2758,0
app_0203,app_s004345,-0.407,0.0423,0.0,-0.3608,0
app_0167,app_s004346,0.3877,0.1193,1.0,-0.2538,0
app_0154,app_s004347,-0.6623,0.0312,0.0,1.2768,0
app_0412,app_s004348,-0.2786,0.0112,0.0,0.0022,0
app_0405,app_s004349,-0.2565,0.0427,0.0,-0.4482,0
app_0257,app_s004350,0.4813,0.3295,0.0,-0.0727,0
app_0312,app_s004351,-0.2349,0.0267,0.0,-0.2598,0
app_0392,app_s004352,-10.1782,0.4589,1.0,12.7517,1
app_0301,app_s004353,-0.8007,0.047,0.0,-0.3875,0
app_0170,app_s004354,0.034,0.072,0.0,-0.1634,0
app_0341,app_s004355,-0.7304,0.0218,0.0,-0.1055,0
app_0407,app_s004356,0.0484,0.0022,1.0,-0.2556,0
app_0133,app_s004357,-1.2184,0.088,0.0,-0.3432,0
app_0272,app_s004358,0.9663,0.5991,0.0,-0.346,0
app_0193,app_s004359,-1.2304,0.0142,1.0,-0.0769,0
app_0445,app_s004360,1.5157,0.0162,0.0,-0.1215,0
app_0447,app_s004361,-0.5256,0.2854,0.0,-0.2646,0
app_0394,app_s004362,0.4657,0.6725,0.0,-0.2369,0
app_0392,app_s004363,0.1156,0.0197,0.0,-0.2611,0
app_0147,app_s004364,-0.0486,0.7769,0.0,0.0017,0
app_0005,app_s004365,2.7792,0.0898,0.0,1.9547,0
app_0396,app_s004366,0.309,0.3428,0.0,-0.3903,0
app_0287,app_s004367,0.4542,0.0127,0.0,-0.194,0
app_0190,app_s004368,-1.0202,0.7223,0.0,-0.2916,0
app_0069,app_s004369,1.0887,0.0993,0.0,-0.412,0
app_0166,app_s004370,0.2176,0.0365,1.0,1.2173,0
app_0247,app_s004371,-1.487,0.1871,0.0,1.3304,0
app_0343,app_s004372,-1.2499,0.4561,0.0,0.4413,0
app_0160,app_s004373,-2.2815,0.7076,0.0,-0.452,0
app_0012,app_s004374,-0.2488,0.1444,1.0,-0.2546,0
app_0365,app_s004375,-2.055,0.06,0.0,0.0979,0
app_0080,app_s004376,1.1288,0.0355,0.0,0.4264,0
app_0090,app_s004377,0.7506,0.3489,0.0,-0.3128,0
app_0084,app_s004378,-0.9468,0.1524,0.0,-0.2911,0
app_0119,app_s004379,1.0109,0.0903,0.0,2.9496,0
app_0210,app_s004380,-0.2845,0.1968,0.0,0.1992,0
app_0163,app_s004381,-0.7201,0.1015,0.0,0.0389,0
app_0061,app_s004382,-0.163,0.0842,0.0,-0.4055,0
app_0036,app_s004383,1.9212,0.0261,0.0,-0.2594,0
app_0097,app_s004384,0.043,0.0215,1.0,-0.1344,0
app_0443,app_s004385,-0.3101,0.5277,0.0,-0.1418,0
app_0130,app_s004386,1.4858,0.8524,0.0,-0.3207,0
app_0382,app_s004387,1.1859,0.1319,0.0,1.8049,0
app_0429,app_s004388,-0.008,0.763,0.0,-0.4027,0
app_0215,app_s004389,-0.1757,0.0035,0.0,0.1574,0
app_0091,app_s004390,-0.2478,0.5286,0.0,-0.2064,0
app_0306,app_s004391,0.7323,0.0146,0.0,-0.1111,0
app_0176,app_s004392,-1.0309,0.1535,0.0,-0.1989,0
app_0367,app_s004393,0.2328,0.13,0.0,-0.0254,0
app_0320,app_s004394,1.2797,0.0037,0.0,0.3161,0
app_0270,app_s004395,0.7695,0.07,0.0,-0.4577,0
app_0118,app_s004396,-0.3873,0.1326,0.0,-0.0994,0
app_0404,app_s004397,-0.1237,0.4159,0.0,-0.4328,0
app_0218,app_s004398,-0.2875,0.004,1.0,-0.3608,0
app_0051,app_s004399,1.4494,0.1216,0.0,-0.4431,0
app_0403,app_s004400,0.2587,0.4104,0.0,-0.1224,0
app_0124,app_s004401,0.1272,0.0108,0.0,-0.2918,0
app_0138,app_s004402,0.8461,0.0179,0.0,-0.372,0
app_0378,app_s004403,-0.7376,0.1735,0.0,0.3675,0
app_0315,app_s004404,0.2074,0.3175,0.0,-0.4463,0
app_0243,app_s004405,1.114,0.0122,0.0,-0.2328,0
app_0286,app_s004406,-0.5011,0.4075,0.0,-0.4435,0
app_0113,app_s004407,1.1304,0.2111,0.0,-0.1134,0
app_0035,app_s004408,0.1546,0.0646,1.0,-0.2899,0
app_0427,app_s004409,-1.3269,0.0205,0.0,-0.3234,0
app_0174,app_s004410,-0.7411,0.0523,0.0,-0.3574,0
app_0142,app_s004411,-1.5594,0.0527,0.0,-0.4536,0
app_0290,app_s004412,1.4263,0.0667,0.0,1.4399,0
app_0350,app_s004413,0.3828,0.0575,0.0,0.1068,0
app_0324,app_s004414,0.2577,0.2232,0.0,2.2014,0
app_0393,app_s004415,0.4307,0.0521,0.0,-0.3233,0
app_0271,app_s004416,1.1413,0.0057,1.0,-0.3907,0
app_0262,app_s004417,-0.5933,0.0401,0.0,0.2482,0
app_0184,app_s004418,0.5227,0.0136,0.0,0.0002,0
app_0131,app_s004419,0.8578,0.0292,0.0,-0.218,0
app_0003,app_s004420,0.624,0.0601,0.0,0.4318,0
app_0002,app_s004421,0.1937,0.3908,0.0,-0.4032,0
app_0355,app_s004422,-1.1454,0.0918,0.0,-0.4277,0
app_0341,app_s004423,0.1859,0.1305,0.0,-0.3522,0
app_0176,app_s004424,1.0297,0.4517,0.0,-0.3558,0
app_0015,app_s004425,0.6062,0.034,0.0,-0.3463,0
app_0040,app_s004426,1.4589,0.3145,0.0,1.8982,0
app_0341,app_s004427,-1.3346,0.846,0.0,0.5934,0
app_0248,app_s004428,-1.8545,0.8112,0.0,-0.3887,0
app_0417,app_s004429,0.5729,0.0356,0.0,1.1538,0
app_0426,app_s004430,-1.1358,0.1421,0.0,-0.0156,0
app_0284,app_s004431,0.9229,0.1275,0.0,-0.1164,0
app_0445,app_s004432,1.1393,0.8917,0.0,-0.2226,0
app_0272,app_s004433,1.3064,0.0826,0.0,-0.4024,0
app_0093,app_s004434,-0.609,0.5822,0.0,0.3724,0
app_0254,app_s004435,-0.4675,0.002,0.0,0.3208,0
app_0119,app_s004436,19.4954,0.0806,1.0,3.6662,1
app_0251,app_s004437,0.0691,0.2437,0.0,-0.3524,0
app_0212,app_s004438,1.7892,0.354,0.0,-0.342,0
app_0383,app_s004439,1.0001,0.614,0.0,-0.0503,0
app_0338,app_s004440,-0.3694,0.6463,1.0,-0.4244,0
app_0236,app_s004441,-0.663,0.38,0.0,-0.3587,0
app_0169,app_s004442,-0.0358,0.0378,1.0,2.3876,0
app_0001,app_s004443,1.5448,0.0516,0.0,-0.3338,0
app_0072,app_s004444,2.7112,0.0269,0.0,-0.4394,0
app_0297,app_s004445,-0.4241,0.1012,0.0,0.7667,0
app_0082,app_s004446,-0.2487,0.026,0.0,0.6735,0
app_0304,app_s004447,0.2623,0.1998,0.0,-0.4703,0
app_0332,app_s004448,-0.0302,0.0612,0.0,-0.0186,0
app_0304,app_s004449,-0.4497,0.1267,0.0,-0.3116,0
app_0355,app_s004450,1.4186,0.2559,0.0,-0.1326,0
app_0383,app_s004451,-0.4869,0.0287,1.0,-0.124,0
app_0042,app_s004452,-0.8223,0.1116,0.0,0.54,0
app_0346,app_s004453,-0.0509,0.1114,0.0,-0.2548,0
app_0357,app_s004454,-0.3013,0.5515,0.0,0.8131,0
app_0176,app_s004455,0.9489,0.0838,0.0,-0.2775,0
app_0421,app_s004456,0.0475,0.0023,0.0,-0.0126,0
app_0333,app_s004457,0.2084,0.0281,0.0,-0.4201,0
app_0357,app_s004458,1.7382,0.4651,1.0,-0.4683,0
app_0178,app_s004459,0.2716,0.0532,0.0,-0.4215,0
app_0169,app_s004460,0.7113,0.109,1.0,-0.456,0
app_0002,app_s004461,1.3077,0.6014,0.0,-0.0186,0
app_0341,app_s004462,-0.9823,0.0154,0.0,-0.2808,0
app_0004,app_s004463,-0.365,0.0489,0.0,-0.4102,0
app_0178,app_s004464,-0.3071,0.5204,1.0,0.0664,0
app_0135,app_s004465,0.9927,0.0764,0.0,-0.339,0
app_0117,app_s004466,-0.439,0.4778,0.0,-0.445,0
app_0434,app_s004467,0.0396,0.1172,0.0,5.1346,0
app_0249,app_s004468,-0.9511,0.0732,0.0,-0.4197,0
app_0070,app_s004469,0.2748,0.0032,0.0,-0.4192,0
app_0319,app_s004470,0.4284,0.2318,1.0,-0.4332,0
app_0134,app_s004471,-0.6151,0.0165,0.0,-0.2013,0
app_0249,app_s004472,0.2748,0.036,0.0,-0.0255,0
app_0052,app_s004473,1.408,0.0191,0.0,3.9362,0
app_0283,app_s004474,1.491,0.0298,0.0,0.8613,0
app_0008,app_s004475,-0.0038,0.0387,0.0,-0.3766,0
app_0329,app_s004476,0.2345,0.654,0.0,-0.3819,0
app_0092,app_s004477,-1.1279,0.1137,0.0,-0.4211,0
app_0115,app_s004478,-2.0359,0.176,1.0,-0.2482,0
app_0128,app_s004479,-0.2162,0.0015,0.0,-0.3789,0
app_0041,app_s004480,-1.2495,0.7181,0.0,-0.4516,0
app_0240,app_s004481,0.1697,0.4271,0.0,4.2234,0
app_0108,app_s004482,-1.8383,0.0727,1.0,0.1828,0
app_0347,app_s004483,1.2138,0.3288,0.0,-0.4551,0
app_0153,app_s004484,1.4303,0.1348,0.0,-0.3083,0
app_0185,app_s004485,-0.4312,0.208,0.0,-0.4273,0
app_0343,app_s004486,0.5425,0.4999,0.0,-0.2802,0
app_0097,app_s004487,0.7168,0.0138,0.0,-0.4138,0
app_0272,app_s004488,-2.2134,0.5807,0.0,-0.3725,0
app_0314,app_s004489,-1.5041,0.1835,0.0,0.1515,0
app_0303,app_s004490,2.1411,0.136,1.0,0.0916,0
app_0102,app_s004491,-0.5603,0.4218,0.0,-0.3556,0
app_0030,app_s004492,0.912,0.0619,0.0,-0.1213,0
app_0116,app_s004493,-0.2053,0.3718,0.0,-0.4084,0
app_0385,app_s004494,-2.4576,0.2211,0.0,-0.39,0
app_0133,app_s004495,-1.3436,0.0247,0.0,-0.3852,0
app_0178,app_s004496,1.3729,0.5449,0.0,-0.2315,0
app_0238,app_s004497,-1.0171,0.3867,0.0,0.0124,0
app_0148,app_s004498,-0.3468,0.0086,0.0,2.055,0
app_0371,app_s004499,25.2305,0.14,1.0,2.4979,1
app_0225,app_s004500,0.1021,0.017,0.0,-0.0737,0
app_0448,app_s004501,1.8214,0.5902,0.0,0.6471,0
app_0092,app_s004502,-0.9942,0.0227,0.0,-0.4328,0
app_0172,app_s004503,0.2259,0.0033,0.0,-0.3708,0
app_0169,app_s004504,-0.0803,0.0001,0.0,-0.3037,0
app_0210,app_s004505,-0.0761,0.7321,0.0,-0.395,0
app_0296,app_s004506,0.5741,0.2964,0.0,-0.4638,0
app_0425,app_s004507,-11.1757,0.5631,1.0,5.4779,1
app_0415,app_s004508,1.0537,0.0118,0.0,-0.2722,0
app_0168,app_s004509,-0.7149,0.1101,0.0,-0.1361,0
app_0315,app_s004510,-0.9888,0.1539,0.0,0.2214,0
app_0023,app_s004511,-2.9031,0.0576,1.0,0.2185,0
app_0346,app_s004512,-1.0961,0.1153,0.0,-0.4435,0
app_0420,app_s004513,-2.2246,0.003,0.0,-0.0231,0
app_0349,app_s004514,0.518,0.6765,0.0,-0.4704,0
app_0308,app_s004515,-12.6255,0.609,0.0,0.7841,1
app_0217,app_s004516,-0.2507,0.0708,0.0,-0.4047,0
app_0397,app_s004517,0.6467,0.3032,0.0,0.1381,0
app_0141,app_s004518,0.904,0.8159,0.0,-0.1623,0
app_0133,app_s004519,1.8994,0.0029,0.0,-0.3772,0
app_0232,app_s004520,-0.7191,0.0699,0.0,-0.3017,0
app_0420,app_s004521,2.0304,0.0546,0.0,-0.3865,0
app_0185,app_s004522,-2.3777,0.7646,0.0,-0.3025,0
app_0423,app_s004523,-0.3854,0.0176,0.0,-0.3513,0
app_0229,app_s004524,1.496,0.0124,0.0,-0.3925,0
app_0034,app_s004525,0.1793,0.0145,0.0,-0.3009,0
app_0069,app_s004526,0.8316,0.0286,1.0,-0.2116,0
app_0053,app_s004527,1.2873,0.0512,1.0,0.7691,0
app_0136,app_s004528,-0.6292,0.4237,0.0,3.4145,0
app_0006,app_s004529,-1.87,0.0117,0.0,0.4711,0
app_0353,app_s004530,1.6869,0.6156,0.0,0.9735,0
app_0325,app_s004531,-11.6696,0.5272,1.0,3.9375,1
app_0320,app_s004532,14.409,0.7783,1.0,2.3765,1
app_0319,app_s004533,0.0761,0.0421,0.0,-0.1407,0
app_0082,app_s004534,0.6367,0.5338,0.0,-0.4641,0
app_0314,app_s004535,0.9848,0.0017,1.0,-0.4536,0
app_0328,app_s004536,0.6894,0.1036,0.0,0.3096,0
app_0280,app_s004537,0.6456,0.0045,0.0,-0.0505,0
app_0257,app_s004538,1.5421,0.0053,0.0,-0.3188,0
app_0409,app_s004539,0.2857,0.4622,0.0,1.4306,0
app_0200,app_s004540,-12.0615,0.0426,1.0,1.9361,1
app_0144,app_s004541,0.9004,0.6065,1.0,-0.2162,0
app_0106,app_s004542,0.0176,0.3602,0.0,0.2817,0
app_0080,app_s004543,1.2673,0.3752,0.0,-0.0497,0
app_0278,app_s004544,-0.0511,0.0556,0.0,-0.4123,0
app_0380,app_s004545,8.0114,0.8179,0.0,3.0677,1
app_0382,app_s004546,0.0229,0.7678,1.0,-0.2616,0
app_0233,app_s004547,1.742,0.2006,0.0,-0.2872,0
app_0430,app_s004548,0.3471,0.0887,1.0,-0.3585,0
app_0231,app_s004549,0.562,0.012,0.0,-0.4454,0
app_0169,app_s004550,-0.4266,0.0341,0.0,-0.3808,0
app_0398,app_s004551,-11.6309,0.314,1.0,2.4785,1
app_0133,app_s004552,-0.8222,0.4203,0.0,-0.3501,0
app_0404,app_s004553,-0.171,0.6496,1.0,-0.4601,0
app_0357,app_s004554,1.0127,0.5622,1.0,1.0575,0
app_0342,app_s004555,-0.3692,0.1031,0.0,0.1811,0
app_0304,app_s004556,1.1556,0.4114,0.0,-0.3787,0
app_0033,app_s004557,-0.498,0.7829,0.0,0.0691,0
app_0274,app_s004558,-9.0126,0.063,0.0,2.7787,1
app_0398,app_s004559,0.3186,0.1458,0.0,0.0989,0
app_0188,app_s004560,-1.5679,0.0539,0.0,-0.2052,0
app_0115,app_s004561,1.1749,0.085,0.0,-0.2006,0
app_0291,app_s004562,-0.1544,0.034,1.0,-0.2819,0
app_0402,app_s004563,1.5328,0.0031,0.0,-0.2478,0
app_0008,app_s004564,0.7542,0.6967,0.0,0.4202,0
app_0124,app_s004565,-0.6895,0.0441,0.0,0.8015,0
app_0226,app_s004566,-0.594,0.5483,0.0,-0.3808,0
app_0369,app_s004567,0.6657,0.2252,0.0,-0.3915,0
app_0355,app_s004568,1.7542,0.2113,0.0,-0.4056,0
app_0289,app_s004569,0.1669,0.3101,0.0,-0.3041,0
app_0416,app_s004570,-1.2132,0.0048,0.0,0.2065,0
app_0403,app_s004571,-0.8697,0.0735,0.0,0.553,0
app_0066,app_s004572,-0.2615,0.6077,0.0,0.2305,0
app_0126,app_s004573,1.199,0.5646,0.0,-0.1213,0
app_0187,app_s004574,0.5825,0.078,0.0,-0.4055,0
app_0026,app_s004575,-0.5426,0.0375,0.0,-0.2876,0
app_0258,app_s004576,-1.1202,0.5318,0.0,-0.2502,0
app_0126,app_s004577,0.1217,0.7273,0.0,-0.274,0
app_0186,app_s004578,-0.1604,0.054,0.0,-0.1171,0
app_0215,app_s004579,-0.7622,0.4222,1.0,-0.0912,0
app_0101,app_s004580,-1.6929,0.3911,0.0,-0.1147,0
app_0443,app_s004581,-0.7235,0.0963,0.0,-0.2274,0
app_0205,app_s004582,-1.2074,0.3373,0.0,0.0787,0
app_0337,app_s004583,0.7461,0.0379,0.0,-0.2892,0
app_0093,app_s004584,-1.2767,0.0932,0.0,-0.3805,0
app_0222,app_s004585,-0.3099,0.1875,0.0,-0.2677,0
app_0343,app_s004586,-0.8808,0.0066,0.0,-0.4448,0
app_0088,app_s004587,0.8501,0.2212,0.0,0.0156,0
app_0243,app_s004588,1.1479,0.0181,0.0,0.1743,0
app_0379,app_s004589,-0.0111,0.6268,0.0,-0.3112,0
app_0364,app_s004590,1.233,0.0651,0.0,-0.2991,0
app_0331,app_s004591,1.4741,0.4871,0.0,1.9155,0
app_0303,app_s004592,0.9719,0.0548,0.0,-0.1335,0
app_0401,app_s004593,-0.737,0.4648,1.0,0.2524,0
app_0196,app_s004594,0.4936,0.0706,1.0,-0.3537,0
app_0312,app_s004595,0.7309,0.0298,0.0,1.7522,0
app_0069,app_s004596,2.1789,0.0474,0.0,-0.1484,0
app_0427,app_s004597,0.5459,0.0037,0.0,-0.4485,0
app_0408,app_s004598,-0.6049,0.0583,0.0,-0.4109,0
app_0122,app_s004599,-0.9113,0.0273,0.0,0.29,0
app_0127,app_s004600,0.3538,0.235,0.0,-0.397,0
app_0302,app_s004601,0.0327,0.3689,0.0,-0.3122,0
app_0411,app_s004602,-8.2417,0.0088,1.0,6.6117,1
app_0141,app_s004603,-0.5508,0.1175,0.0,-0.4466,0
app_0190,app_s004604,0.5517,0.0125,0.0,-0.3622,0
app_0310,app_s004605,0.354,0.669,0.0,-0.4615,0
app_0313,app_s004606,0.8852,0.0264,0.0,-0.3219,0
app_0244,app_s004607,-0.9225,0.0955,0.0,-0.4433,0
app_0080,app_s004608,-0.5595,0.4345,0.0,-0.0896,0
app_0413,app_s004609,0.0562,0.107,0.0,-0.3726,0
app_0326,app_s004610,-0.5551,0.6952,0.0,-0.3576,0
app_0345,app_s004611,-0.6085,0.7385,0.0,-0.3616,0
app_0059,app_s004612,1.4918,0.4867,0.0,-0.2149,0
app_0356,app_s004613,-0.9161,0.3171,0.0,-0.3625,0
app_0246,app_s004614,0.7966,0.3485,0.0,-0.232,0
app_0174,app_s004615,-0.8546,0.1408,1.0,-0.0831,0
app_0100,app_s004616,0.0104,0.1328,0.0,-0.1069,0
app_0296,app_s004617,-0.2666,0.4439,0.0,-0.1234,0
app_0135,app_s004618,-0.247,0.1468,0.0,-0.396,0
app_0417,app_s004619,-10.0218,0.0027,0.0,4.6069,1
app_0254,app_s004620,-0.3302,0.6843,0.0,-0.1298,0
app_0135,app_s004621,0.6793,0.0715,0.0,-0.3075,0
app_0074,app_s004622,0.0823,0.0025,0.0,0.4284,0
app_0346,app_s004623,-0.5218,0.4487,0.0,0.2144,0
app_0141,app_s004624,-0.623,0.248,0.0,-0.4408,0
app_0186,app_s004625,-0.0906,0.0126,0.0,-0.0016,0
app_0243,app_s004626,1.1077,0.2754,0.0,-0.0908,0
app_0209,app_s004627,0.0399,0.0278,0.0,-0.3681,0
app_0090,app_s004628,-0.3243,0.1321,0.0,-0.2138,0
app_0218,app_s004629,-0.8689,0.076,0.0,-0.0036,0
app_0243,app_s004630,-0.6164,0.0125,0.0,-0.3759,0
app_0193,app_s004631,0.1913,0.5867,0.0,0.1865,0
app_0231,app_s004632,9.2147,0.686,1.0,3.0493,1
app_0399,app_s004633,-1.0831,0.0115,0.0,0.1913,0
app_0254,app_s004634,0.6759,0.3344,0.0,-0.202,0
app_0041,app_s004635,-0.5625,0.0226,0.0,-0.4262,0
app_0289,app_s004636,1.2931,0.2173,0.0,0.1624,0
app_0229,app_s004637,-0.1956,0.0916,0.0,-0.3625,0
app_0024,app_s004638,-1.1331,0.3709,0.0,-0.4215,0
app_0170,app_s004639,-1.0369,0.8557,0.0,-0.4103,0
app_0310,app_s004640,-10.4798,0.8291,1.0,2.4948,1
app_0226,app_s004641,1.0041,0.0797,0.0,-0.2679,0
app_0287,app_s004642,0.1749,0.0447,0.0,-0.4412,0
app_0010,app_s004643,-2.6632,0.1328,0.0,-0.4554,0
app_0109,app_s004644,1.3664,0.0063,0.0,2.3562,0
app_0297,app_s004645,-1.6019,0.6301,0.0,-0.408,0
app_0313,app_s004646,-0.312,0.027,0.0,-0.3379,0
app_0253,app_s004647,-0.1563,0.0966,0.0,-0.3959,0
app_0193,app_s004648,-0.4937,0.2072,0.0,1.3802,0
app_0326,app_s004649,1.1598,0.9102,0.0,-0.4064,0
app_0068,app_s004650,-0.6755,0.0008,0.0,-0.3032,0
app_0010,app_s004651,-0.9424,0.4281,0.0,0.5641,0
app_0010,app_s004652,0.9389,0.1885,0.0,-0.4831,0
app_0228,app_s004653,0.3768,0.0183,1.0,-0.4009,0
app_0373,app_s004654,0.3325,0.0672,1.0,1.7189,0
app_0038,app_s004655,2.5632,0.0803,0.0,-0.1463,0
app_0310,app_s004656,0.9399,0.0063,1.0,-0.4408,0
app_0287,app_s004657,0.1549,0.0328,0.0,-0.2267,0
app_0026,app_s004658,1.4604,0.018,0.0,-0.4133,0
app_0280,app_s004659,0.3708,0.0388,0.0,-0.333,0
app_0434,app_s004660,-0.517,0.3526,0.0,-0.2987,0
app_0333,app_s004661,0.2706,0.0422,0.0,-0.2867,0
app_0146,app_s004662,-0.5702,0.0205,0.0,-0.4236,0
app_0348,app_s004663,-1.4484,0.0292,0.0,-0.1424,0
app_0170,app_s004664,-0.2361,0.0828,0.0,0.0011,0
app_0431,app_s004665,-0.463,0.5557,0.0,-0.3782,0
app_0147,app_s004666,-0.6017,0.4111,0.0,-0.4105,0
app_0445,app_s004667,1.3968,0.0266,0.0,0.2797,0
app_0079,app_s004668,-10.4449,0.0199,0.0,4.955,1
app_0273,app_s004669,18.5816,0.5756,1.0,2.1041,1
app_0312,app_s004670,1.9749,0.1027,0.0,-0.2747,0
app_0139,app_s004671,-0.2378,0.6133,1.0,-0.2757,0
app_0445,app_s004672,0.3631,0.0219,0.0,-0.4509,0
app_0047,app_s004673,-1.2097,0.7129,1.0,-0.4783,0
app_0070,app_s004674,-0.3123,0.0728,1.0,-0.1118,0
app_0160,app_s004675,-1.1441,0.0127,0.0,0.0232,0
app_0233,app_s004676,-0.2409,0.03,0.0,-0.4476,0
app_0366,app_s004677,-0.5425,0.0108,0.0,0.0048,0
app_0122,app_s004678,-0.1292,0.0476,0.0,-0.3625,0
app_0289,app_s004679,0.9741,0.0122,1.0,-0.3397,0
app_0435,app_s004680,0.5557,0.0962,1.0,-0.1255,0
app_0385,app_s004681,-0.2609,0.0121,0.0,-0.3401,0
app_0418,app_s004682,-1.6147,0.2601,1.0,-0.1909,0
app_0058,app_s004683,0.8347,0.2979,0.0,-0.4649,0
app_0448,app_s004684,0.8551,0.1917,1.0,-0.2207,0
app_0439,app_s004685,2.0031,0.6242,0.0,-0.089,0
app_0363,app_s004686,-0.6064,0.1786,0.0,-0.3202,0
app_0401,app_s004687,-0.3227,0.0328,0.0,0.5839,0
app_0180,app_s004688,-0.7836,0.0934,0.0,-0.4772,0
app_0438,app_s004689,-0.7073,0.1391,0.0,-0.3052,0
app_0179,app_s004690,-0.451,0.1347,1.0,0.0005,0
app_0131,app_s004691,-2.9543,0.496,0.0,-0.3496,0
app_0189,app_s004692,-0.9104,0.4978,0.0,0.6438,0
app_0238,app_s004693,1.274,0.0986,0.0,-0.228,0
app_0197,app_s004694,-1.7888,0.0324,0.0,-0.4174,0
app_0396,app_s004695,-11.9432,0.6422,1.0,3.9448,1
app_0005,app_s004696,-0.3797,0.057,0.0,-0.452,0
app_0430,app_s004697,0.2903,0.0362,0.0,-0.092,0
app_0347,app_s004698,-1.3837,0.6389,0.0,0.399,0
app_0102,app_s004699,-0.6214,0.0653,0.0,-0.126,0
app_0121,app_s004700,-1.6437,0.0553,0.0,-0.0516,0
app_0327,app_s004701,-0.496,0.0264,0.0,-0.3548,0
app_0281,app_s004702,-0.1224,0.467,0.0,-0.3887,0
app_0053,app_s004703,0.7378,0.0332,0.0,-0.3651,0
app_0222,app_s004704,1.7198,0.0413,0.0,-0.4557,0
app_0103,app_s004705,-9.9794,0.1009,0.0,2.0352,1
app_0282,app_s004706,-0.3155,0.0166,0.0,-0.3415,0
app_0044,app_s004707,-1.6935,0.5997,0.0,-0.3025,0
app_0042,app_s004708,-2.1503,0.4634,0.0,-0.4299,0
app_0179,app_s004709,-1.9177,0.1044,0.0,-0.1794,0
app_0175,app_s004710,-0.9336,0.0102,0.0,0.1676,0
app_0187,app_s004711,0.2134,0.1787,0.0,-0.2603,0
app_0377,app_s004712,0.5422,0.6455,0.0,-0.3883,0
app_0387,app_s004713,1.8392,0.0413,0.0,-0.3607,0
app_0392,app_s004714,0.2655,0.7878,0.0,-0.4631,0
app_0069,app_s004715,-0.2208,0.5616,0.0,-0.3991,0
app_0290,app_s004716,-0.5032,0.0339,1.0,-0.2985,0
app_0098,app_s004717,-1.0407,0.0289,0.0,0.6888,0
app_0355,app_s004718,-0.1467,0.5961,0.0,0.6035,0
app_0077,app_s004719,0.7094,0.3387,0.0,-0.3699,0
app_0182,app_s004720,0.5856,0.0799,1.0,-0.226,0
app_0434,app_s004721,0.8819,0.1528,0.0,-0.4137,0
app_0079,app_s004722,-1.1391,0.1446,0.0,-0.362,0
app_0415,app_s004723,0.0899,0.3022,0.0,0.5269,0
app_0353,app_s004724,1.0189,0.5714,0.0,-0.3119,0
app_0136,app_s004725,0.9229,0.0514,0.0,-0.1076,0
app_0370,app_s004726,0.0872,0.0536,0.0,-0.3908,0
app_0178,app_s004727,-10.3753,0.6337,1.0,5.6197,1
app_0114,app_s004728,-0.5905,0.0133,0.0,-0.403,0
app_0215,app_s004729,-0.4948,0.1185,0.0,-0.3318,0
app_0289,app_s004730,27.3793,0.1133,1.0,4.0041,1
app_0045,app_s004731,-1.7145,0.5436,0.0,-0.0694,0
app_0290,app_s004732,0.0353,0.526,0.0,-0.4138,0
app_0346,app_s004733,0.5607,0.0433,0.0,-0.4434,0
app_0151,app_s004734,-1.4398,0.3453,0.0,3.4124,0
app_0381,app_s004735,-1.662,0.011,0.0,-0.2329,0
app_0331,app_s004736,0.1063,0.0338,0.0,-0.4491,0
app_0177,app_s004737,-0.7272,0.054,0.0,-0.3819,0
app_0274,app_s004738,1.1022,0.0662,0.0,-0.4627,0
app_0124,app_s004739,0.5161,0.0338,0.0,1.4343,0
app_0423,app_s004740,-0.645,0.0178,0.0,-0.2942,0
app_0060,app_s004741,-1.094,0.085,0.0,-0.4053,0
app_0008,app_s004742,2.3918,0.165,1.0,0.1364,0
app_0099,app_s004743,-0.2485,0.4376,0.0,-0.0608,0
app_0229,app_s004744,-0.6985,0.462,0.0,-0.1576,0
app_0231,app_s004745,-0.8737,0.0966,0.0,-0.1278,0
app_0029,app_s004746,-0.6646,0.0353,0.0,0.4334,0
app_0187,app_s004747,2.0122,0.144,0.0,-0.255,0
app_0078,app_s004748,0.033,0.1163,0.0,-0.4534,0
app_0304,app_s004749,-10.5803,0.2132,0.0,5.4899,1
app_0171,app_s004750,-0.3513,0.5597,0.0,-0.3806,0
app_0138,app_s004751,-1.078,0.0263,0.0,-0.1844,0
app_0332,app_s004752,-0.2578,0.0103,0.0,-0.1054,0
app_0099,app_s004753,-2.6056,0.5534,1.0,-0.4385,0
app_0312,app_s004754,-1.5867,0.3879,0.0,-0.3563,0
app_0191,app_s004755,-10.865,0.835,0.0,3.9249,1
app_0374,app_s004756,1.547,0.7583,0.0,1.1072,0
app_0317,app_s004757,-0.0521,0.0131,0.0,-0.0426,0
app_0103,app_s004758,-1.8676,0.0164,0.0,-0.3603,0
app_0350,app_s004759,-1.4234,0.5563,0.0,-0.2878,0
app_0319,app_s004760,0.6553,0.1223,1.0,0.9061,0
app_0382,app_s004761,-0.3479,0.004,0.0,-0.4246,0
app_0285,app_s004762,0.5376,0.3617,1.0,-0.3301,0
app_0445,app_s004763,1.3796,0.0757,1.0,-0.3998,0
app_0264,app_s004764,-0.289,0.087,0.0,-0.304,0
app_0323,app_s004765,0.4518,0.0243,0.0,-0.4427,0
app_0222,app_s004766,0.0994,0.0516,0.0,-0.4125,0
app_0110,app_s004767,0.059,0.0692,0.0,-0.3639,0
app_0314,app_s004768,-0.214,0.3513,0.0,-0.3044,0
app_0326,app_s004769,-0.7108,0.0208,0.0,1.1403,0
app_0399,app_s004770,-1.7955,0.0709,0.0,-0.2949,0
app_0032,app_s004771,0.128,0.045,0.0,0.5969,0
app_0120,app_s004772,-13.2824,0.5788,1.0,2.7162,1
app_0332,app_s004773,-1.3074,0.0207,0.0,-0.4322,0
app_0016,app_s004774,-2.4511,0.1039,0.0,-0.349,0
app_0156,app_s004775,0.5734,0.0389,0.0,-0.378,0
app_0299,app_s004776,-11.2626,0.1703,1.0,4.6928,1
app_0114,app_s004777,0.0594,0.4292,1.0,0.7022,0
app_0443,app_s004778,0.2589,0.0588,0.0,-0.4599,0
app_0152,app_s004779,-1.4934,0.3319,0.0,-0.3212,0
app_0193,app_s004780,-0.1346,0.8929,0.0,-0.4688,0
app_0000,app_s004781,0.7979,0.6565,1.0,-0.0471,0
app_0437,app_s004782,0.5156,0.5247,0.0,-0.4784,0
app_0225,app_s004783,-0.4594,0.4585,0.0,-0.1752,0
app_0260,app_s004784,0.1841,0.137,0.0,-0.4239,0
app_0398,app_s004785,-1.7194,0.1332,0.0,-0.4347,0
app_0103,app_s004786,-0.2326,0.0609,0.0,-0.3977,0
app_0261,app_s004787,0.5711,0.0084,1.0,-0.1147,0
app_0444,app_s004788,0.5391,0.0562,0.0,-0.3524,0
app_0259,app_s004789,-0.6765,0.0749,0.0,0.0228,0
app_0382,app_s004790,0.9401,0.3001,0.0,-0.3992,0
app_0393,app_s004791,-0.6906,0.2026,0.0,-0.3506,0
app_0281,app_s004792,-0.2734,0.173,0.0,-0.4243,0
app_0350,app_s004793,0.0532,0.2387,0.0,0.4719,0
app_0327,app_s004794,0.2785,0.6965,1.0,-0.139,0
app_0404,app_s004795,-0.9561,0.271,0.0,-0.4396,0
app_0411,app_s004796,-0.7684,0.076,0.0,2.8061,0
app_0022,app_s004797,0.3923,0.2562,0.0,0.3505,0
app_0206,app_s004798,-0.3524,0.0138,0.0,-0.0259,0
app_0399,app_s004799,0.9991,0.0271,0.0,-0.4351,0
app_0372,app_s004800,0.3774,0.2248,0.0,0.0706,0
app_0080,app_s004801,-0.2283,0.0284,1.0,-0.3871,0
app_0304,app_s004802,-11.3803,0.6787,1.0,4.1184,1
app_0419,app_s004803,-0.8856,0.0528,0.0,-0.3839,0
app_0367,app_s004804,-0.2191,0.5513,1.0,-0.2778,0
app_0334,app_s004805,-0.2415,0.3558,0.0,-0.3626,0
app_0265,app_s004806,1.9885,0.3701,0.0,-0.0677,0
app_0382,app_s004807,-0.6526,0.1018,0.0,0.2443,0
app_0045,app_s004808,-0.4619,0.089,0.0,-0.431,0
app_0255,app_s004809,1.3252,0.089,0.0,-0.1998,0
app_0418,app_s004810,0.0847,0.0375,0.0,-0.3559,0
app_0039,app_s004811,0.0263,0.4687,0.0,-0.4334,0
app_0133,app_s004812,-0.7227,0.0384,0.0,-0.3831,0
app_0436,app_s004813,-0.6088,0.7188,0.0,1.0688,0
app_0012,app_s004814,0.8534,0.093,0.0,-0.4627,0
app_0294,app_s004815,-0.5338,0.3551,0.0,-0.0146,0
app_0008,app_s004816,-0.4183,0.2976,0.0,-0.3748,0
app_0206,app_s004817,0.586,0.0345,0.0,-0.4199,0
app_0310,app_s004818,1.2424,0.1001,0.0,-0.0536,0
app_0127,app_s004819,-1.3737,0.0172,0.0,-0.1113,0
app_0141,app_s004820,1.3668,0.0073,0.0,-0.4462,0
app_0160,app_s004821,5.0072,0.1392,0.0,0.1945,0
app_0162,app_s004822,0.9725,0.0251,0.0,-0.4684,0
app_0371,app_s004823,0.6716,0.498,0.0,0.313,0
app_0362,app_s004824,0.0953,0.1303,0.0,-0.0639,0
app_0112,app_s004825,-1.5656,0.0371,0.0,-0.0877,0
app_0291,app_s004826,-1.0367,0.201,0.0,-0.4646,0
app_0160,app_s004827,0.5224,0.0974,0.0,1.0594,0
app_0369,app_s004828,-0.0292,0.6224,0.0,-0.0482,0
app_0429,app_s004829,1.2039,0.0801,1.0,-0.3621,0
app_0237,app_s004830,-0.4375,0.1069,0.0,-0.3235,0
app_0430,app_s004831,0.3229,0.4788,0.0,-0.3259,0
app_0165,app_s004832,0.0766,0.0694,0.0,-0.0654,0
app_0264,app_s004833,-2.9476,0.5274,0.0,-0.3811,0
app_0426,app_s004834,0.6599,0.0073,0.0,0.1909,0
app_0277,app_s004835,1.5918,0.0323,0.0,-0.413,0
app_0368,app_s004836,-0.221,0.5491,0.0,-0.3712,0
app_0264,app_s004837,-0.5176,0.0928,0.0,-0.2841,0
app_0088,app_s004838,-0.1847,0.0168,0.0,-0.3742,0
app_0206,app_s004839,0.4653,0.0978,0.0,-0.4574,0
app_0202,app_s004840,0.0793,0.0887,0.0,-0.3784,0
app_0183,app_s004841,0.8432,0.665,0.0,-0.272,0
app_0176,app_s004842,-0.1662,0.4509,1.0,-0.3863,0
app_0351,app_s004843,1.4382,0.7491,0.0,0.0349,0
app_0081,app_s004844,1.1115,0.1467,0.0,-0.4381,0
app_0289,app_s004845,0.0676,0.0734,0.0,0.2721,0
app_0321,app_s004846,-0.095,0.2064,0.0,-0.2344,0
app_0228,app_s004847,-0.6207,0.0846,0.0,-0.2844,0
app_0216,app_s004848,-0.1032,0.0013,1.0,-0.334,0
app_0431,app_s004849,0.9597,0.035,0.0,0.1636,0
app_0310,app_s004850,-0.1208,0.1047,0.0,-0.4248,0
app_0438,app_s004851,-1.4241,0.6941,1.0,0.9821,0
app_0078,app_s004852,0.5522,0.0553,0.0,-0.3985,0
app_0398,app_s004853,-2.5099,0.3029,0.0,2.328,0
app_0013,app_s004854,0.278,0.0252,0.0,-0.3976,0
app_0278,app_s004855,-0.2654,0.0085,0.0,-0.447,0
app_0326,app_s004856,-1.1725,0.0532,0.0,-0.2745,0
app_0295,app_s004857,1.782,0.2229,0.0,-0.0558,0
app_0120,app_s004858,-11.8139,0.6761,0.0,6.9266,1
app_0308,app_s004859,-1.3297,0.0868,0.0,-0.311,0
app_0343,app_s004860,0.6275,0.0736,0.0,-0.2598,0
app_0207,app_s004861,0.5841,0.43,0.0,-0.2662,0
app_0373,app_s004862,0.1303,0.2653,0.0,1.4564,0
app_0171,app_s004863,1.1631,0.5818,0.0,-0.2616,0
app_0368,app_s004864,0.8186,0.4914,0.0,-0.369,0
app_0189,app_s004865,0.4896,0.1226,0.0,-0.2595,0
app_0115,app_s004866,-0.8656,0.679,0.0,-0.0787,0
app_0068,app_s004867,-0.2601,0.2005,0.0,0.2349,0
app_0412,app_s004868,0.7862,0.8289,0.0,0.0893,0
app_0315,app_s004869,-1.027,0.0018,0.0,-0.4781,0
app_0099,app_s004870,-0.1175,0.0926,0.0,-0.424,0
app_0276,app_s004871,1.3339,0.4334,0.0,-0.363,0
app_0254,app_s004872,0.1469,0.017,0.0,-0.4023,0
app_0307,app_s004873,-1.4702,0.0516,0.0,-0.4554,0
app_0416,app_s004874,-1.6355,0.095,0.0,-0.2655,0
app_0288,app_s004875,-0.8845,0.5449,0.0,-0.4768,0
app_0026,app_s004876,-1.0625,0.0019,0.0,0.1652,0
app_0184,app_s004877,-0.2263,0.5459,0.0,0.3393,0
app_0258,app_s004878,2.3136,0.0451,0.0,-0.4812,0
app_0400,app_s004879,-0.7181,0.2711,0.0,2.0937,0
app_0182,app_s004880,0.7796,0.3457,0.0,0.3517,0
app_0333,app_s004881,-0.6651,0.1242,0.0,-0.2447,0
app_0189,app_s004882,-0.2656,0.0068,0.0,-0.4366,0
app_0185,app_s004883,-1.7734,0.1599,0.0,0.2235,0
app_0170,app_s004884,-0.0679,0.082,0.0,-0.4677,0
app_0219,app_s004885,-1.3582,0.4329,1.0,0.4385,0
app_0254,app_s004886,0.3291,0.5834,0.0,0.2476,0
app_0129,app_s004887,-3.3907,0.2142,0.0,0.4288,0
app_0096,app_s004888,0.9224,0.4131,0.0,0.0897,0
app_0410,app_s004889,0.3387,0.0645,0.0,-0.3551,0
app_0098,app_s004890,1.0077,0.0529,0.0,-0.3738,0
app_0235,app_s004891,-10.7866,0.6751,1.0,1.9724,1
app_0312,app_s004892,-0.8416,0.1662,1.0,-0.405,0
app_0414,app_s004893,0.4015,0.0075,0.0,-0.3776,0
app_0006,app_s004894,0.6135,0.0615,0.0,-0.4077,0
app_0056,app_s004895,-0.6228,0.027,0.0,-0.4236,0
app_0308,app_s004896,2.278,0.0072,1.0,-0.365,0
app_0254,app_s004897,-0.3614,0.1225,0.0,-0.3469,0
app_0089,app_s004898,0.0396,0.2367,0.0,-0.412,0
app_0002,app_s004899,-0.6622,0.0549,0.0,0.2371,0
app_0294,app_s004900,-0.6071,0.043,0.0,-0.4713,0
app_0447,app_s004901,0.4687,0.4896,0.0,1.4363,0
app_0271,app_s004902,1.6837,0.0086,0.0,-0.4277,0
app_0139,app_s004903,0.4903,0.0163,0.0,0.2023,0
app_0142,app_s004904,0.2391,0.5815,0.0,0.0707,0
app_0315,app_s004905,-0.5431,0.5287,0.0,-0.3706,0
app_0214,app_s004906,0.1802,0.0608,0.0,-0.0745,0
app_0034,app_s004907,0.4369,0.0328,0.0,-0.1008,0
app_0205,app_s004908,-1.02,0.027,0.0,-0.3327,0
app_0030,app_s004909,-1.1123,0.0602,0.0,-0.3799,0
app_0120,app_s004910,-0.3336,0.0461,0.0,-0.2204,0
app_0180,app_s004911,-0.3245,0.0245,1.0,1.65,0
app_0435,app_s004912,0.8731,0.147,0.0,-0.3255,0
app_0227,app_s004913,-0.2156,0.0453,0.0,-0.0537,0
app_0093,app_s004914,0.1526,0.0075,0.0,-0.3684,0
app_0017,app_s004915,0.4518,0.8117,0.0,0.7944,0
app_0358,app_s004916,-1.0693,0.0193,0.0,-0.3736,0
app_0035,app_s004917,-0.2491,0.2083,0.0,-0.0894,0
app_0013,app_s004918,-0.8322,0.2104,0.0,-0.437,0
app_0396,app_s004919,-0.5066,0.0507,1.0,-0.3124,0
app_0251,app_s004920,-0.3113,0.0581,1.0,-0.4272,0
app_0441,app_s004921,-10.6666,0.0738,1.0,2.1008,1
app_0235,app_s004922,0.2102,0.0443,0.0,-0.4043,0
app_0239,app_s004923,-0.2586,0.2408,0.0,-0.4723,0
app_0382,app_s004924,0.4577,0.1062,0.0,0.0415,0
app_0301,app_s004925,0.3716,0.3422,0.0,-0.4723,0
app_0392,app_s004926,-0.8388,0.4628,0.0,-0.4559,0
app_0298,app_s004927,-0.0862,0.5177,0.0,-0.4019,0
app_0308,app_s004928,0.5676,0.7698,0.0,0.5246,0
app_0053,app_s004929,0.6914,0.1611,0.0,-0.2326,0
app_0015,app_s004930,1.0708,0.3346,0.0,0.291,0
app_0308,app_s004931,-0.1085,0.0382,0.0,0.1823,0
app_0330,app_s004932,1.8852,0.2987,0.0,-0.2105,0
app_0029,app_s004933,-0.9674,0.1778,0.0,-0.3021,0
app_0404,app_s004934,0.6848,0.3563,0.0,-0.3122,0
app_0117,app_s004935,1.0488,0.0037,0.0,-0.4041,0
app_0258,app_s004936,-1.1384,0.0212,0.0,-0.3208,0
app_0249,app_s004937,0.791,0.0704,0.0,0.4402,0
app_0127,app_s004938,1.9007,0.0138,0.0,-0.1649,0
app_0376,app_s004939,0.8502,0.3717,0.0,-0.4414,0
app_0255,app_s004940,-0.0415,0.6485,0.0,2.4031,0
app_0321,app_s004941,-1.1035,0.0146,0.0,1.0983,0
app_0109,app_s004942,1.0616,0.3042,0.0,-0.3038,0
app_0149,app_s004943,-0.3014,0.0754,0.0,0.4833,0
app_0256,app_s004944,-0.1026,0.0694,0.0,-0.157,0
app_0378,app_s004945,-2.0971,0.2162,0.0,-0.4148,0
app_0069,app_s004946,-2.3712,0.2141,0.0,-0.2444,0
app_0293,app_s004947,0.3413,0.0367,0.0,0.0195,0
app_0359,app_s004948,0.0802,0.0876,0.0,-0.2578,0
app_0215,app_s004949,0.0639,0.6101,0.0,-0.1778,0
app_0046,app_s004950,-0.7435,0.0475,0.0,-0.1047,0
app_0307,app_s004951,-1.0903,0.0837,0.0,-0.3881,0
app_0369,app_s004952,-0.2589,0.002,0.0,0.4217,0
app_0232,app_s004953,-0.9174,0.0206,0.0,-0.3821,0
app_0373,app_s004954,1.267,0.2115,1.0,-0.253,0
app_0138,app_s004955,-0.2184,0.4671,0.0,-0.4245,0
app_0208,app_s004956,0.5115,0.0116,0.0,-0.3238,0
app_0409,app_s004957,0.293,0.0804,0.0,-0.4609,0
app_0293,app_s004958,-0.9225,0.7329,0.0,-0.4321,0
app_0317,app_s004959,-0.882,0.5866,0.0,-0.4633,0
app_0263,app_s004960,1.8424,0.0486,0.0,-0.4518,0
app_0033,app_s004961,-0.0828,0.0432,0.0,-0.4614,0
app_0353,app_s004962,-0.8294,0.0491,0.0,0.6792,0
app_0109,app_s004963,0.6575,0.5321,0.0,-0.3928,0
app_0273,app_s004964,-1.6339,0.3179,0.0,-0.1477,0
app_0238,app_s004965,-1.8849,0.0958,0.0,-0.4296,0
app_0435,app_s004966,-0.0673,0.0742,0.0,1.0773,0
app_0106,app_s004967,0.6001,0.0378,0.0,-0.2433,0
app_0036,app_s004968,0.3429,0.1857,0.0,-0.1644,0
app_0353,app_s004969,-0.6347,0.8899,0.0,-0.463,0
app_0148,app_s004970,-0.7238,0.3748,0.0,0.3606,0
app_0114,app_s004971,-0.7248,0.1122,0.0,2.4147,0
app_0070,app_s004972,-0.2422,0.0141,0.0,2.1021,0
app_0187,app_s004973,-9.4937,0.8289,0.0,2.0142,1
app_0150,app_s004974,-0.3751,0.1221,0.0,-0.1703,0
app_0355,app_s004975,-0.033,0.0514,1.0,-0.3308,0
app_0432,app_s004976,0.6529,0.5558,0.0,0.6354,0
app_0315,app_s004977,-11.6566,0.5941,0.0,2.7338,1
app_0100,app_s004978,-0.0001,0.0835,1.0,4.0945,0
app_0148,app_s004979,0.2208,0.0121,0.0,0.0373,0
app_0441,app_s004980,-0.5099,0.0331,0.0,0.2646,0
app_0239,app_s004981,-0.3245,0.3253,0.0,-0.3106,0
app_0086,app_s004982,-2.0024,0.0188,0.0,0.0085,0
app_0119,app_s004983,0.3209,0.1261,1.0,1.0248,0
app_0382,app_s004984,-10.0028,0.0161,1.0,1.5681,1
app_0343,app_s004985,-0.9815,0.2946,1.0,4.5597,0
app_0397,app_s004986,-1.1091,0.0469,0.0,0.038,0
app_0277,app_s004987,-1.4546,0.0606,0.0,-0.287,0
app_0180,app_s004988,1.904,0.4901,0.0,-0.2889,0
app_0381,app_s004989,0.4478,0.164,0.0,-0.1637,0
app_0046,app_s004990,0.0341,0.6751,0.0,-0.3686,0
app_0224,app_s004991,-1.7493,0.0511,0.0,-0.2145,0
app_0207,app_s004992,-1.215,0.0274,0.0,-0.4007,0
app_0054,app_s004993,-0.0683,0.2711,0.0,-0.3698,0
app_0049,app_s004994,0.3349,0.7533,0.0,0.5846,0
app_0344,app_s004995,-0.1058,0.752,1.0,-0.3493,0
app_0331,app_s004996,-0.5517,0.0168,1.0,0.098,0
app_0429,app_s004997,0.0161,0.0437,0.0,0.3342,0
app_0368,app_s004998,-0.3982,0.0508,0.0,-0.3441,0
app_0384,app_s004999,-10.3409,0.8297,1.0,6.235,1
app_0292,app_s005000,0.6168,0.0227,0.0,-0.3298,0
app_0342,app_s005001,-0.8007,0.0169,1.0,-0.1935,0
app_0305,app_s005002,14.0489,0.7998,1.0,6.4664,1
app_0389,app_s005003,-1.1896,0.5823,0.0,-0.3338,0
app_0327,app_s005004,-0.4059,0.0442,0.0,-0.436,0
app_0197,app_s005005,-1.0004,0.5655,0.0,0.6612,0
app_0075,app_s005006,-1.065,0.6098,0.0,0.7963,0
app_0208,app_s005007,-1.2514,0.0838,0.0,-0.2312,0
app_0178,app_s005008,1.2608,0.031,0.0,2.3972,0
app_0273,app_s005009,-0.432,0.0632,0.0,-0.4044,0
app_0184,app_s005010,1.6438,0.0343,1.0,-0.0028,0
app_0076,app_s005011,0.8578,0.0328,0.0,-0.4262,0
app_0289,app_s005012,-0.2609,0.0803,0.0,-0.0464,0
app_0081,app_s005013,0.97,0.5275,0.0,-0.4665,0
app_0051,app_s005014,-0.9397,0.0289,1.0,-0.4584,0
app_0058,app_s005015,2.1442,0.6978,0.0,1.7872,0
app_0166,app_s005016,0.3695,0.097,0.0,0.2706,0
app_0382,app_s005017,-3.2353,0.0378,1.0,-0.4399,0
app_0039,app_s005018,0.0012,0.0242,1.0,-0.2969,0
app_0284,app_s005019,-0.2986,0.3704,0.0,-0.4584,0
app_0340,app_s005020,1.3832,0.0979,0.0,-0.2482,0
app_0208,app_s005021,1.305,0.0075,0.0,-0.3498,0
app_0162,app_s005022,-0.0263,0.0161,0.0,-0.406,0
app_0061,app_s005023,1.7965,0.0342,0.0,-0.4611,0
app_0082,app_s005024,-1.348,0.1547,0.0,-0.3676,0
app_0326,app_s005025,-0.8423,0.0353,0.0,0.6722,0
app_0188,app_s005026,-0.3554,0.2473,1.0,-0.41,0
app_0283,app_s005027,-3.9002,0.0682,1.0,2.5885,1
app_0165,app_s005028,1.8239,0.0,0.0,-0.4338,0
app_0011,app_s005029,-2.2519,0.1679,0.0,-0.3414,0
app_0308,app_s005030,-0.5518,0.0537,0.0,0.8083,0
app_0326,app_s005031,1.5984,0.1349,0.0,-0.3543,0
app_0372,app_s005032,-0.4898,0.1457,0.0,-0.4015,0
app_0092,app_s005033,1.4402,0.01,0.0,0.0546,0
app_0397,app_s005034,1.6516,0.115,0.0,0.0192,0
app_0047,app_s005035,-0.4888,0.0045,0.0,-0.1645,0
app_0120,app_s005036,1.1497,0.6188,0.0,-0.4161,0
app_0276,app_s005037,1.2404,0.029,0.0,0.3961,0
app_0003,app_s005038,0.3516,0.5342,0.0,-0.4298,0
app_0422,app_s005039,-0.2422,0.0317,1.0,-0.0252,0
app_0018,app_s005040,0.4029,0.0674,0.0,0.0279,0
app_0160,app_s005041,0.0564,0.1421,0.0,-0.3462,0
app_0449,app_s005042,-0.4753,0.0317,0.0,-0.3638,0
app_0365,app_s005043,-1.2987,0.6047,0.0,-0.2826,0
app_0331,app_s005044,-0.8416,0.5798,0.0,-0.2501,0
app_0336,app_s005045,0.0439,0.5863,0.0,0.0339,0
app_0090,app_s005046,-0.3062,0.0044,1.0,-0.4545,0
app_0117,app_s005047,1.0846,0.0202,0.0,-0.3522,0
app_0421,app_s005048,-0.6938,0.4038,0.0,-0.3031,0
app_0269,app_s005049,-0.0919,0.0135,0.0,-0.3464,0
app_0351,app_s005050,-0.9951,0.0089,0.0,-0.2123,0
app_0265,app_s005051,-0.5465,0.4515,0.0,0.5996,0
app_0171,app_s005052,-0.4829,0.5372,0.0,-0.0056,0
app_0310,app_s005053,-1.895,0.5447,0.0,-0.4609,0
app_0100,app_s005054,-2.1196,0.111,0.0,-0.1438,0
app_0367,app_s005055,0.4375,0.0363,0.0,0.0341,0
app_0192,app_s005056,-0.8111,0.5027,0.0,-0.4188,0
app_0167,app_s005057,0.1855,0.0868,0.0,-0.4197,0
app_0428,app_s005058,0.8411,0.045,0.0,-0.3122,0
app_0285,app_s005059,0.5114,0.1045,0.0,-0.0925,0
app_0114,app_s005060,-0.9773,0.0622,0.0,-0.2605,0
app_0134,app_s005061,-0.1962,0.8495,0.0,-0.4076,0
app_0116,app_s005062,-1.3411,0.4589,0.0,-0.3181,0
app_0266,app_s005063,-0.9701,0.2716,0.0,-0.0181,0
app_0077,app_s005064,0.6665,0.0804,0.0,-0.3829,0
app_0143,app_s005065,0.8917,0.0294,1.0,0.6492,0
app_0192,app_s005066,-0.4085,0.0315,0.0,0.9544,0
app_0279,app_s005067,-0.1433,0.0465,0.0,-0.0754,0
app_0198,app_s005068,-1.1998,0.0581,0.0,-0.463,0
app_0128,app_s005069,-0.4336,0.9004,0.0,-0.3292,0
app_0318,app_s005070,0.0896,0.2411,0.0,-0.4607,0
app_0395,app_s005071,-1.4238,0.0609,0.0,-0.0001,0
app_0133,app_s005072,-0.4534,0.1029,0.0,1.0029,0
app_0285,app_s005073,0.2588,0.0565,0.0,-0.3561,0
app_0339,app_s005074,-1.3666,0.042,0.0,0.1248,0
app_0115,app_s005075,0.2157,0.087,0.0,-0.3872,0
app_0380,app_s005076,-0.1393,0.4501,0.0,-0.0657,0
app_0270,app_s005077,-0.2035,0.0639,0.0,0.0137,0
app_0086,app_s005078,-1.1033,0.0912,0.0,0.7071,0
app_0321,app_s005079,1.4361,0.2258,0.0,-0.0932,0
app_0353,app_s005080,-0.8038,0.036,0.0,-0.3318,0
app_0354,app_s005081,-0.5238,0.031,0.0,-0.2277,0
app_0022,app_s005082,1.2328,0.5204,0.0,0.5423,0
app_0099,app_s005083,1.3327,0.009,0.0,-0.3267,0
app_0404,app_s005084,0.9769,0.4924,0.0,-0.0729,0
app_0095,app_s005085,1.3226,0.0659,0.0,0.2741,0
app_0237,app_s005086,1.2187,0.039,0.0,-0.3887,0
app_0365,app_s005087,-2.7238,0.1969,0.0,-0.1759,0
app_0194,app_s005088,1.4462,0.3289,0.0,-0.3055,0
app_0019,app_s005089,0.5299,0.0366,0.0,-0.2897,0
app_0022,app_s005090,1.387,0.1052,0.0,-0.3572,0
app_0430,app_s005091,-0.2132,0.0204,0.0,-0.1539,0
app_0439,app_s005092,-0.6299,0.0025,0.0,-0.0555,0
app_0321,app_s005093,0.5711,0.1829,0.0,0.0414,0
app_0403,app_s005094,-2.0843,0.0169,0.0,-0.3732,0
app_0294,app_s005095,-10.6387,0.5635,1.0,6.2091,1
app_0357,app_s005096,0.0627,0.4664,0.0,0.0193,0
app_0223,app_s005097,-0.0093,0.6903,0.0,0.4542,0
app_0323,app_s005098,-0.4499,0.0781,0.0,-0.301,0
app_0220,app_s005099,0.1499,0.4556,1.0,-0.4391,0
app_0000,app_s005100,0.2772,0.035,0.0,-0.1938,0
app_0128,app_s005101,-0.1655,0.0352,0.0,-0.4104,0
app_0046,app_s005102,0.2368,0.54,0.0,-0.3865,0
app_0117,app_s005103,-0.388,0.6113,0.0,-0.4467,0
app_0022,app_s005104,0.6259,0.072,0.0,-0.3799,0
app_0149,app_s005105,-1.6168,0.0994,0.0,-0.2076,0
app_0173,app_s005106,1.2706,0.0602,0.0,0.0826,0
app_0372,app_s005107,0.4802,0.038,0.0,-0.3718,0
app_0244,app_s005108,0.1311,0.491,0.0,-0.1978,0
app_0187,app_s005109,-1.2904,0.018,0.0,0.3684,0
app_0289,app_s005110,-0.3178,0.0319,0.0,0.0938,0
app_0366,app_s005111,0.0634,0.303,0.0,-0.3885,0
app_0372,app_s005112,0.3501,0.0236,0.0,-0.4347,0
app_0162,app_s005113,-0.381,0.0609,0.0,-0.0196,0
app_0012,app_s005114,-1.3674,0.0039,0.0,-0.2324,0
app_0391,app_s005115,-1.5162,0.04,0.0,-0.1024,0
app_0389,app_s005116,-0.1765,0.5602,0.0,-0.4745,0
app_0200,app_s005117,0.8537,0.5607,0.0,-0.252,0
app_0355,app_s005118,-0.346,0.088,0.0,-0.3996,0
app_0356,app_s005119,0.262,0.0094,0.0,0.0657,0
app_0116,app_s005120,0.7754,0.0674,0.0,-0.3326,0
app_0431,app_s005121,0.3414,0.088,0.0,-0.464,0
app_0245,app_s005122,-0.6115,0.0212,0.0,0.8515,0
app_0211,app_s005123,-0.3518,0.5015,0.0,2.3438,0
app_0101,app_s005124,2.625,0.4324,0.0,-0.1495,0
app_0080,app_s005125,0.4532,0.0042,0.0,-0.4213,0
app_0376,app_s005126,-0.0193,0.303,0.0,-0.1196,0
app_0230,app_s005127,-0.0592,0.0293,1.0,0.5432,0
app_0181,app_s005128,-0.2974,0.6083,0.0,-0.3329,0
app_0048,app_s005129,-0.0748,0.0509,0.0,-0.1581,0
app_0144,app_s005130,-0.7621,0.1323,0.0,-0.2174,0
app_0150,app_s005131,-1.251,0.0302,0.0,-0.3367,0
app_0006,app_s005132,0.3986,0.0545,0.0,-0.3922,0
app_0385,app_s005133,0.416,0.024,0.0,0.4413,0
app_0031,app_s005134,-0.1152,0.5193,0.0,8.098,0
app_0225,app_s005135,0.4212,0.0759,0.0,0.6716,0
app_0223,app_s005136,2.4301,0.0394,0.0,-0.439,0
app_0040,app_s005137,-0.8836,0.1185,0.0,0.3363,0
app_0406,app_s005138,-2.0415,0.0414,0.0,0.882,0
app_0427,app_s005139,0.5757,0.0176,0.0,0.4601,0
app_0238,app_s005140,1.8323,0.0147,0.0,-0.3595,0
app_0087,app_s005141,0.1314,0.3724,0.0,3.0996,0
app_0234,app_s005142,-0.05,0.0339,0.0,0.0016,0
app_0380,app_s005143,-0.4514,0.0842,0.0,3.1557,0
app_0134,app_s005144,0.2799,0.0462,0.0,-0.2568,0
app_0024,app_s005145,1.6257,0.0679,0.0,-0.3618,0
app_0127,app_s005146,-1.371,0.4379,0.0,-0.4581,0
app_0031,app_s005147,1.4375,0.1559,0.0,0.5432,0
app_0394,app_s005148,2.1405,0.1493,0.0,-0.4341,0
app_0078,app_s005149,0.2896,0.0268,0.0,0.1646,0
app_0026,app_s005150,0.2919,0.3845,0.0,-0.3316,0
app_0164,app_s005151,-0.2552,0.039,0.0,-0.317,0
app_0252,app_s005152,2.0653,0.4134,0.0,0.0389,0
app_0296,app_s005153,-0.5921,0.0355,0.0,-0.1684,0
app_0343,app_s005154,0.1364,0.0428,0.0,0.0647,0
app_0364,app_s005155,-0.3735,0.0639,0.0,-0.322,0
app_0312,app_s005156,0.0312,0.0201,0.0,-0.4792,0
app_0147,app_s005157,0.1194,0.0177,0.0,-0.2028,0
app_0084,app_s005158,-0.8042,0.0937,0.0,-0.2161,0
app_0139,app_s005159,-0.1368,0.0258,0.0,-0.3647,0
app_0139,app_s005160,0.6751,0.0801,0.0,-0.4483,0
app_0285,app_s005161,-0.6557,0.0804,0.0,-0.4704,0
app_0264,app_s005162,-0.7072,0.0498,0.0,0.8985,0
app_0415,app_s005163,-0.1597,0.1333,0.0,-0.315,0
app_0073,app_s005164,25.5406,0.185,1.0,4.4817,1
app_0222,app_s005165,0.8021,0.5248,0.0,-0.4381,0
app_0336,app_s005166,-0.7432,0.0829,0.0,-0.3122,0
app_0010,app_s005167,-0.5972,0.091,0.0,-0.4562,0
app_0297,app_s005168,-0.4694,0.0441,0.0,-0.042,0
app_0146,app_s005169,-1.5126,0.05,0.0,-0.4662,0
app_0421,app_s005170,-11.9686,0.0084,0.0,5.3365,1
app_0346,app_s005171,-0.2931,0.0636,1.0,-0.3924,0
app_0178,app_s005172,0.1617,0.0405,0.0,-0.3917,0
app_0236,app_s005173,-0.0335,0.0136,0.0,-0.1172,0
app_0098,app_s005174,1.3069,0.0325,0.0,-0.0147,0
app_0434,app_s005175,-0.5309,0.238,0.0,-0.3897,0
app_0202,app_s005176,-0.5515,0.2404,1.0,2.8699,0
app_0339,app_s005177,-0.3052,0.0416,0.0,-0.3732,0
app_0036,app_s005178,-0.1408,0.0224,0.0,-0.4399,0
app_0184,app_s005179,0.7486,0.4607,0.0,0.189,0
app_0024,app_s005180,-1.2049,0.0011,0.0,-0.342,0
app_0111,app_s005181,-0.4584,0.0428,0.0,-0.2,0
app_0278,app_s005182,-0.3847,0.7537,0.0,0.0682,0
app_0231,app_s005183,-0.3771,0.0913,0.0,-0.3979,0
app_0407,app_s005184,1.1424,0.0967,0.0,-0.4689,0
app_0063,app_s005185,0.0121,0.6745,0.0,-0.4573,0
app_0183,app_s005186,0.8728,0.3451,0.0,-0.363,0
app_0000,app_s005187,0.7993,0.0126,0.0,0.9616,0
app_0440,app_s005188,0.4814,0.785,0.0,0.9902,0
app_0354,app_s005189,-0.3652,0.0002,0.0,-0.3963,0
app_0420,app_s005190,-1.9682,0.6851,0.0,-0.1027,0
app_0127,app_s005191,0.2937,0.5559,0.0,-0.0768,0
app_0216,app_s005192,-11.3716,0.9141,0.0,3.3405,1
app_0005,app_s005193,1.3374,0.0073,1.0,0.8141,0
app_0386,app_s005194,-0.0094,0.1448,0.0,-0.4133,0
app_0371,app_s005195,-0.999,0.2448,0.0,-0.2061,0
app_0351,app_s005196,0.4402,0.3185,0.0,-0.434,0
app_0060,app_s005197,0.6463,0.003,0.0,0.0066,0
app_0172,app_s005198,0.9706,0.5754,0.0,-0.431,0
app_0364,app_s005199,1.0663,0.464,0.0,-0.3871,0
app_0066,app_s005200,-1.8943,0.0935,0.0,-0.0863,0
app_0001,app_s005201,-0.9895,0.7658,0.0,-0.277,0
app_0040,app_s005202,0.6083,0.3391,0.0,1.1112,0
app_0232,app_s005203,0.4526,0.002,0.0,-0.4211,0
app_0185,app_s005204,0.9754,0.6674,0.0,-0.0558,0
app_0400,app_s005205,0.3815,0.2537,0.0,-0.0007,0
app_0120,app_s005206,-0.216,0.3504,0.0,-0.2029,0
app_0351,app_s005207,-5.3083,0.1581,1.0,3.4429,1
app_0397,app_s005208,1.0655,0.0162,0.0,-0.3118,0
app_0405,app_s005209,0.8381,0.253,0.0,-0.3813,0
app_0209,app_s005210,-0.5132,0.5146,0.0,-0.171,0
app_0044,app_s005211,0.0254,0.2163,0.0,0.2624,0
app_0091,app_s005212,-0.2387,0.0116,1.0,-0.3047,0
app_0238,app_s005213,-0.9057,0.0179,0.0,0.3342,0
app_0061,app_s005214,0.7444,0.0315,0.0,-0.3411,0
app_0286,app_s005215,0.302,0.024,0.0,0.3624,0
app_0118,app_s005216,-11.0137,0.7429,1.0,1.9625,1
app_0030,app_s005217,-0.4918,0.0255,1.0,-0.4663,0
app_0119,app_s005218,-7.9514,0.128,1.0,3.5913,1
app_0393,app_s005219,-0.5453,0.0018,0.0,-0.047,0
app_0381,app_s005220,1.4779,0.0729,0.0,-0.1892,0
app_0007,app_s005221,0.0827,0.0741,0.0,0.1794,0
app_0330,app_s005222,0.678,0.001,0.0,-0.1795,0
app_0287,app_s005223,-0.1466,0.0877,0.0,-0.3955,0
app_0315,app_s005224,-1.92,0.841,0.0,-0.1823,0
app_0328,app_s005225,-0.4058,0.0812,0.0,-0.3475,0
app_0158,app_s005226,1.838,0.4144,0.0,-0.1748,0
app_0443,app_s005227,-0.5618,0.1533,0.0,-0.3431,0
app_0040,app_s005228,-1.4491,0.0467,0.0,0.9061,0
app_0197,app_s005229,-0.8383,0.0456,0.0,-0.3015,0
app_0053,app_s005230,-0.737,0.1869,0.0,-0.1461,0
app_0034,app_s005231,0.5125,0.3253,0.0,-0.1228,0
app_0308,app_s005232,-0.9017,0.0802,0.0,-0.3875,0
app_0153,app_s005233,-0.5867,0.0104,0.0,-0.4316,0
app_0261,app_s005234,-4.4465,0.6403,1.0,5.9692,1
app_0011,app_s005235,-0.6126,0.0624,0.0,0.9902,0
app_0139,app_s005236,-1.6991,0.0082,0.0,-0.3214,0
app_0332,app_s005237,0.8248,0.0292,0.0,-0.3446,0
app_0310,app_s005238,-0.3923,0.0907,1.0,-0.3848,0
app_0300,app_s005239,0.5117,0.497,0.0,-0.4606,0
app_0290,app_s005240,29.3072,0.7217,0.0,2.0188,1
app_0430,app_s005241,19.5563,0.1818,1.0,2.9541,1
app_0322,app_s005242,0.3311,0.063,1.0,0.5285,0
app_0431,app_s005243,-0.8729,0.1008,0.0,-0.3847,0
app_0405,app_s005244,-2.1311,0.0262,0.0,0.0596,0
app_0134,app_s005245,0.6788,0.5049,0.0,-0.4324,0
app_0383,app_s005246,0.3561,0.057,0.0,-0.2808,0
app_0034,app_s005247,-0.7568,0.063,0.0,0.0525,0
app_0410,app_s005248,1.6456,0.1603,1.0,-0.3263,0
app_0003,app_s005249,0.9213,0.069,1.0,-0.264,0
app_0265,app_s005250,0.6128,0.4167,0.0,0.9396,0
app_0027,app_s005251,-0.919,0.0197,0.0,-0.2815,0
app_0008,app_s005252,0.638,0.1922,0.0,-0.3403,0
app_0167,app_s005253,1.8622,0.0084,0.0,-0.2635,0
app_0209,app_s005254,-1.5365,0.004,0.0,-0.447,0
app_0067,app_s005255,-0.4549,0.0201,0.0,-0.4803,0
app_0285,app_s005256,-0.8527,0.87,0.0,-0.4128,0
app_0441,app_s005257,-1.5693,0.1035,0.0,-0.4432,0
app_0012,app_s005258,-10.406,0.0328,1.0,3.1477,1
app_0372,app_s005259,-1.579,0.3663,0.0,0.939,0
app_0281,app_s005260,-0.9244,0.0108,0.0,-0.3625,0
app_0293,app_s005261,0.1841,0.3212,0.0,0.1201,0
app_0235,app_s005262,-1.0389,0.0913,0.0,-0.2162,0
app_0120,app_s005263,1.4719,0.0021,0.0,-0.1713,0
app_0158,app_s005264,-1.0608,0.5247,0.0,-0.4683,0
app_0186,app_s005265,-1.2423,0.0329,0.0,-0.1417,0
app_0000,app_s005266,0.9823,0.0587,1.0,-0.2089,0
app_0055,app_s005267,0.5337,0.0298,0.0,-0.1082,0
app_0395,app_s005268,-1.3946,0.0517,0.0,-0.3784,0
app_0214,app_s005269,0.0971,0.5146,0.0,-0.4403,0
app_0014,app_s005270,1.955,0.1149,0.0,-0.3916,0
app_0283,app_s005271,-0.1049,0.7012,0.0,-0.4335,0
app_0128,app_s005272,-0.6837,0.2337,0.0,-0.3161,0
app_0054,app_s005273,1.4204,0.187,0.0,-0.4688,0
app_0232,app_s005274,-0.5085,0.0157,0.0,-0.4211,0
app_0078,app_s005275,0.7217,0.7916,0.0,0.997,0
app_0285,app_s005276,-1.2673,0.1109,0.0,-0.3881,0
app_0170,app_s005277,13.7157,0.8977,1.0,10.375,1
app_0247,app_s005278,-0.6482,0.5901,0.0,-0.4016,0
app_0078,app_s005279,1.2611,0.0665,0.0,0.1756,0
app_0261,app_s005280,-0.0934,0.4266,0.0,-0.3262,0
app_0418,app_s005281,-0.1151,0.5042,0.0,-0.4474,0
app_0138,app_s005282,-11.0708,0.5462,1.0,3.3645,1
app_0078,app_s005283,0.4927,0.0042,0.0,-0.1543,0
app_0296,app_s005284,0.9088,0.7349,0.0,-0.4339,0
app_0036,app_s005285,0.3453,0.0175,0.0,-0.0782,0
app_0233,app_s005286,-1.3112,0.6309,1.0,2.3101,0
app_0093,app_s005287,1.6876,0.6756,0.0,-0.3101,0
app_0223,app_s005288,-0.2825,0.5508,0.0,-0.1999,0
app_0330,app_s005289,-10.3148,0.0876,0.0,2.1081,1
app_0438,app_s005290,1.5152,0.002,0.0,-0.0714,0
app_0334,app_s005291,-1.0205,0.2264,0.0,-0.3493,0
app_0425,app_s005292,-0.3748,0.1073,0.0,-0.4343,0
app_0385,app_s005293,-0.224,0.116,0.0,-0.3487,0
app_0254,app_s005294,0.3646,0.012,0.0,-0.1478,0
app_0342,app_s005295,1.1446,0.0169,0.0,-0.4014,0
app_0130,app_s005296,-1.5959,0.0427,0.0,-0.1653,0
app_0331,app_s005297,1.1355,0.4849,0.0,-0.4255,0
app_0397,app_s005298,-0.5356,0.0251,0.0,-0.3709,0
app_0391,app_s005299,1.284,0.0503,0.0,1.1769,0
app_0156,app_s005300,1.3661,0.0048,0.0,0.9446,0
app_0068,app_s005301,-1.4265,0.1635,0.0,-0.0474,0
app_0209,app_s005302,1.0808,0.0191,1.0,-0.3927,0
app_0133,app_s005303,0.9259,0.4469,0.0,-0.1036,0
app_0153,app_s005304,-12.32,0.5519,1.0,5.4738,1
app_0170,app_s005305,-1.7038,0.5138,0.0,-0.3448,0
app_0075,app_s005306,0.0534,0.124,0.0,-0.0553,0
app_0445,app_s005307,-0.6343,0.317,0.0,0.0389,0
app_0044,app_s005308,-1.2579,0.6484,0.0,1.4846,0
app_0009,app_s005309,-1.3057,0.4967,0.0,-0.4559,0
app_0094,app_s005310,-0.8142,0.0093,0.0,-0.3344,0
app_0153,app_s005311,-0.9867,0.0631,0.0,-0.4184,0
app_0397,app_s005312,-0.682,0.043,0.0,-0.4134,0
app_0001,app_s005313,-1.0934,0.1625,0.0,-0.2277,0
app_0082,app_s005314,-0.5654,0.1403,0.0,0.4101,0
app_0150,app_s005315,-1.7012,0.4521,0.0,-0.3644,0
app_0169,app_s005316,-1.2309,0.1104,0.0,5.4883,0
app_0201,app_s005317,0.5484,0.1789,0.0,-0.3879,0
app_0204,app_s005318,-0.3504,0.7062,0.0,-0.4197,0
app_0130,app_s005319,-0.9229,0.016,0.0,0.8257,0
app_0159,app_s005320,-1.469,0.0685,0.0,-0.4247,0
app_0185,app_s005321,-0.2366,0.0575,1.0,-0.3899,0
app_0134,app_s005322,-0.3923,0.236,0.0,1.9265,0
app_0056,app_s005323,-1.2984,0.3456,0.0,-0.4743,0
app_0338,app_s005324,-0.3207,0.0829,0.0,-0.0314,0
app_0160,app_s005325,-0.5308,0.004,0.0,-0.4626,0
app_0048,app_s005326,-1.2614,0.1087,1.0,0.1117,0
app_0074,app_s005327,0.2064,0.0145,0.0,-0.3972,0
app_0368,app_s005328,-0.8975,0.0104,0.0,2.2996,0
app_0007,app_s005329,-1.0555,0.0665,0.0,0.3028,0
app_0282,app_s005330,1.012,0.0155,1.0,0.2572,0
app_0307,app_s005331,0.4213,0.0684,0.0,0.0092,0
app_0113,app_s005332,-0.9377,0.1091,0.0,-0.4689,0
app_0381,app_s005333,0.3439,0.0529,0.0,-0.1345,0
app_0191,app_s005334,1.1349,0.3638,0.0,-0.0568,0
app_0182,app_s005335,-0.642,0.1136,0.0,-0.2808,0
app_0010,app_s005336,-0.8749,0.0264,1.0,2.4852,0
app_0248,app_s005337,1.1828,0.0512,1.0,0.252,0
app_0189,app_s005338,0.5387,0.1052,0.0,0.0943,0
app_0109,app_s005339,-0.127,0.0913,1.0,-0.4466,0
app_0410,app_s005340,-0.8139,0.0932,0.0,0.2206,0
app_0382,app_s005341,0.7465,0.2922,1.0,0.587,0
app_0267,app_s005342,1.7153,0.3778,0.0,-0.4504,0
app_0080,app_s005343,0.7658,0.7702,0.0,-0.3851,0
app_0053,app_s005344,-1.5873,0.0128,0.0,-0.4021,0
app_0274,app_s005345,-0.2863,0.1002,0.0,-0.0087,0
app_0148,app_s005346,0.6274,0.0136,0.0,1.1568,0
app_0296,app_s005347,0.6416,0.0145,0.0,-0.4428,0
app_0410,app_s005348,0.8499,0.0083,0.0,-0.2137,0
app_0286,app_s005349,0.2044,0.0047,0.0,-0.0094,0
app_0247,app_s005350,-0.7852,0.0303,0.0,1.9346,0
app_0339,app_s005351,0.6062,0.3438,0.0,-0.4284,0
app_0036,app_s005352,-0.1009,0.2764,1.0,0.5883,0
app_0306,app_s005353,-1.4488,0.5646,0.0,-0.2788,0
app_0188,app_s005354,-0.938,0.583,0.0,0.0047,0
app_0114,app_s005355,-0.5379,0.5672,0.0,1.9916,0
app_0109,app_s005356,-1.3138,0.0213,0.0,0.1038,0
app_0115,app_s005357,-0.033,0.0683,0.0,-0.4392,0
app_0080,app_s005358,0.0007,0.0114,0.0,-0.2163,0
app_0123,app_s005359,-1.6791,0.0287,0.0,-0.0109,0
app_0120,app_s005360,-0.2922,0.0682,0.0,0.2685,0
app_0190,app_s005361,1.5328,0.7229,0.0,0.2701,0
app_0410,app_s005362,20.0231,0.2366,1.0,6.8907,1
app_0138,app_s005363,-0.5841,0.0229,0.0,-0.2078,0
app_0424,app_s005364,0.0673,0.0183,0.0,-0.2861,0
app_0213,app_s005365,-0.8665,0.0462,0.0,-0.0469,0
app_0150,app_s005366,-0.4565,0.0992,0.0,-0.4238,0
app_0413,app_s005367,-0.8175,0.6068,0.0,-0.15,0
app_0399,app_s005368,-0.0373,0.0698,0.0,-0.1454,0
app_0204,app_s005369,0.4332,0.18,0.0,-0.4549,0
app_0223,app_s005370,-1.5343,0.0382,0.0,2.9393,0
app_0238,app_s005371,1.7575,0.0556,0.0,-0.4459,0
app_0323,app_s005372,1.1401,0.0534,0.0,0.7419,0
app_0337,app_s005373,-1.5828,0.4696,0.0,-0.4598,0
app_0130,app_s005374,-0.0364,0.3698,0.0,-0.4554,0
app_0242,app_s005375,-0.8509,0.1473,0.0,-0.4419,0
app_0400,app_s005376,1.7368,0.0005,0.0,-0.3935,0
app_0333,app_s005377,1.0334,0.1274,0.0,-0.3306,0
app_0383,app_s005378,1.199,0.0196,0.0,-0.4065,0
app_0351,app_s005379,-0.8498,0.7192,0.0,-0.4793,0
app_0070,app_s005380,1.4097,0.5438,0.0,-0.31,0
app_0000,app_s005381,-1.0475,0.0342,0.0,-0.3075,0
app_0015,app_s005382,0.5869,0.1506,0.0,-0.4461,0
app_0043,app_s005383,0.1187,0.0207,0.0,-0.2347,0
app_0129,app_s005384,1.1368,0.1241,0.0,-0.2258,0
app_0154,app_s005385,0.5439,0.4908,0.0,-0.3872,0
app_0142,app_s005386,-0.2433,0.0417,0.0,-0.1998,0
app_0369,app_s005387,2.1981,0.0251,0.0,-0.3915,0
app_0117,app_s005388,-1.0531,0.3395,0.0,-0.3168,0
app_0142,app_s005389,-0.7695,0.0163,0.0,-0.3247,0
app_0365,app_s005390,0.2284,0.0102,0.0,0.0174,0
app_0103,app_s005391,1.4066,0.7123,0.0,-0.0584,0
app_0008,app_s005392,-1.5509,0.6534,1.0,-0.407,0
app_0255,app_s005393,-0.8847,0.0049,1.0,-0.2111,0
app_0353,app_s005394,0.4048,0.1462,0.0,-0.4181,0
app_0035,app_s005395,-0.2902,0.0019,0.0,-0.2982,0
app_0256,app_s005396,1.6371,0.3829,0.0,0.1473,0
app_0278,app_s005397,2.038,0.8379,0.0,0.3063,0
app_0095,app_s005398,0.3332,0.0757,0.0,-0.3255,0
app_0188,app_s005399,-1.3732,0.0105,0.0,-0.3604,0
app_0437,app_s005400,-0.2483,0.1906,0.0,-0.4525,0
app_0201,app_s005401,0.2475,0.0677,0.0,-0.398,0
app_0399,app_s005402,1.4958,0.8239,0.0,-0.4045,0
app_0055,app_s005403,1.1056,0.1325,0.0,-0.3763,0
app_0389,app_s005404,0.8585,0.2249,0.0,-0.2963,0
app_0212,app_s005405,0.017,0.6169,0.0,-0.4556,0
app_0301,app_s005406,0.473,0.0263,0.0,-0.1179,0
app_0171,app_s005407,-0.4985,0.0376,0.0,-0.2241,0
app_0164,app_s005408,-0.8127,0.0945,1.0,0.2963,0
app_0396,app_s005409,-1.3403,0.2799,0.0,-0.4459,0
app_0141,app_s005410,-0.5121,0.0049,0.0,0.0761,0
app_0427,app_s005411,-1.8066,0.0131,0.0,-0.0553,0
app_0443,app_s005412,-0.2892,0.0299,0.0,4.6149,0
app_0363,app_s005413,-1.6994,0.0611,1.0,-0.2989,0
app_0144,app_s005414,-1.0004,0.1297,0.0,-0.2741,0
app_0448,app_s005415,0.7679,0.4637,0.0,0.1639,0
app_0318,app_s005416,-0.0997,0.0354,0.0,-0.2778,0
app_0410,app_s005417,0.5212,0.4544,0.0,0.0677,0
app_0024,app_s005418,-9.7215,0.5871,1.0,3.1913,1
app_0105,app_s005419,-11.3328,0.1497,1.0,10.8394,1
app_0133,app_s005420,-1.7407,0.3342,0.0,-0.4212,0
app_0404,app_s005421,-1.7688,0.3046,0.0,-0.3538,0
app_0204,app_s005422,0.0305,0.4607,0.0,-0.3574,0
app_0440,app_s005423,-0.4813,0.094,0.0,-0.4193,0
app_0313,app_s005424,1.3142,0.0146,0.0,-0.1896,0
app_0371,app_s005425,-1.7537,0.7842,0.0,-0.467,0
app_0114,app_s005426,0.3605,0.0646,1.0,-0.2565,0
app_0049,app_s005427,0.8202,0.02,0.0,-0.4046,0
app_0200,app_s005428,1.0427,0.1548,1.0,-0.038,0
app_0130,app_s005429,1.427,0.7342,0.0,-0.0494,0
app_0065,app_s005430,-1.1698,0.124,0.0,0.2337,0
app_0081,app_s005431,1.847,0.3618,0.0,-0.391,0
app_0206,app_s005432,-0.5557,0.1123,0.0,-0.4721,0
app_0120,app_s005433,-0.4397,0.0532,1.0,0.8624,0
app_0361,app_s005434,-0.4395,0.0758,0.0,0.1507,0
app_0409,app_s005435,-1.2762,0.0157,0.0,-0.4208,0
app_0427,app_s005436,0.9637,0.0849,0.0,-0.4185,0
app_0302,app_s005437,-0.2031,0.0409,0.0,-0.4441,0
app_0255,app_s005438,1.5445,0.0062,0.0,-0.285,0
app_0109,app_s005439,0.6351,0.4074,0.0,-0.4488,0
app_0418,app_s005440,-13.505,0.738,0.0,3.6954,1
app_0143,app_s005441,-7.6102,0.0795,1.0,5.0852,1
app_0154,app_s005442,0.7016,0.0113,0.0,0.6795,0
app_0071,app_s005443,-0.2407,0.4346,0.0,-0.3795,0
app_0429,app_s005444,0.0044,0.0034,0.0,2.4169,0
app_0302,app_s005445,-0.0567,0.0254,0.0,-0.2799,0
app_0235,app_s005446,-10.3451,0.6753,1.0,2.3107,1
app_0371,app_s005447,0.2353,0.0103,0.0,-0.2396,0
app_0357,app_s005448,-0.7957,0.0402,0.0,-0.2864,0
app_0194,app_s005449,-0.1099,0.0027,0.0,-0.391,0
app_0198,app_s005450,-1.2766,0.0589,0.0,-0.4695,0
app_0208,app_s005451,-0.9099,0.0377,0.0,-0.342,0
app_0146,app_s005452,1.0994,0.5044,0.0,-0.3539,0
app_0234,app_s005453,-0.1522,0.0037,0.0,-0.4692,0
app_0266,app_s005454,0.8027,0.6174,0.0,-0.3723,0
app_0031,app_s005455,-0.3726,0.0384,0.0,1.1274,0
app_0284,app_s005456,0.8167,0.5055,1.0,-0.4168,0
app_0106,app_s005457,-0.4036,0.7762,1.0,-0.035,0
app_0247,app_s005458,-1.8087,0.0877,0.0,-0.4035,0
app_0416,app_s005459,-0.5581,0.4074,0.0,-0.4217,0
app_0355,app_s005460,1.8927,0.7011,0.0,-0.3603,0
app_0326,app_s005461,0.0379,0.5108,0.0,-0.2661,0
app_0189,app_s005462,0.5725,0.3139,0.0,-0.3071,0
app_0266,app_s005463,1.6542,0.0346,0.0,-0.4331,0
app_0107,app_s005464,-0.7736,0.0133,0.0,-0.3919,0
app_0212,app_s005465,0.7494,0.0461,0.0,-0.3452,0
app_0200,app_s005466,1.0792,0.0402,0.0,1.1349,0
app_0053,app_s005467,0.3802,0.033,0.0,-0.4539,0
app_0128,app_s005468,-11.017,0.0362,1.0,1.3353,1
app_0116,app_s005469,-0.053,0.001,0.0,-0.0575,0
app_0398,app_s005470,-0.862,0.0346,0.0,-0.3985,0
app_0214,app_s005471,-1.261,0.0405,0.0,-0.3011,0
app_0326,app_s005472,-0.5014,0.0144,0.0,-0.4491,0
app_0329,app_s005473,0.2377,0.0239,0.0,-0.3942,0
app_0416,app_s005474,-0.0035,0.0072,0.0,-0.464,0
app_0244,app_s005475,0.7629,0.7313,0.0,-0.3495,0
app_0346,app_s005476,1.341,0.0328,1.0,0.0698,0
app_0344,app_s005477,0.7395,0.0868,0.0,0.3093,0
app_0259,app_s005478,0.5972,0.0361,0.0,-0.4543,0
app_0157,app_s005479,0.5062,0.1105,0.0,-0.0005,0
app_0049,app_s005480,0.122,0.003,0.0,-0.4053,0
app_0142,app_s005481,0.1239,0.1661,1.0,2.3029,0
app_0393,app_s005482,-0.8102,0.5731,1.0,-0.1548,0
app_0044,app_s005483,-0.9012,0.1355,0.0,-0.3629,0
app_0320,app_s005484,2.0332,0.0436,0.0,-0.0726,0
app_0343,app_s005485,-0.8753,0.3818,0.0,-0.4721,0
app_0004,app_s005486,0.5099,0.5081,0.0,-0.2135,0
app_0399,app_s005487,0.5397,0.7121,0.0,0.611,0
app_0253,app_s005488,-0.8871,0.1887,0.0,-0.2929,0
app_0254,app_s005489,-1.647,0.0615,0.0,-0.4682,0
app_0121,app_s005490,-1.0431,0.1056,0.0,0.0367,0
app_0109,app_s005491,1.6779,0.71,0.0,-0.016,0
app_0028,app_s005492,0.601,0.0995,0.0,0.15,0
app_0156,app_s005493,1.282,0.5432,0.0,0.1778,0
app_0175,app_s005494,-0.3239,0.0357,0.0,-0.3586,0
app_0301,app_s005495,-0.5746,0.1059,0.0,-0.1214,0
app_0314,app_s005496,0.1792,0.2386,0.0,0.8459,0
app_0042,app_s005497,-2.2229,0.0603,0.0,-0.4314,0
app_0145,app_s005498,-1.2842,0.0344,0.0,-0.4136,0
app_0138,app_s005499,0.5757,0.4131,0.0,-0.3737,0
app_0236,app_s005500,-13.4047,0.5721,0.0,0.9006,1
app_0231,app_s005501,-0.9408,0.0195,0.0,-0.4274,0
app_0092,app_s005502,-0.1801,0.0921,0.0,0.7734,0
app_0218,app_s005503,-10.9515,0.3803,1.0,3.0853,1
app_0140,app_s005504,0.6186,0.3145,0.0,-0.2971,0
app_0136,app_s005505,0.604,0.0334,0.0,-0.4447,0
app_0225,app_s005506,27.7126,0.6329,0.0,9.2376,1
app_0133,app_s005507,-1.8011,0.0719,0.0,-0.3993,0
app_0005,app_s005508,-1.963,0.4444,0.0,-0.1468,0
app_0311,app_s005509,1.4995,0.0719,0.0,-0.2983,0
app_0331,app_s005510,0.0444,0.0422,0.0,0.5207,0
app_0167,app_s005511,0.9991,0.0216,0.0,-0.2154,0
app_0312,app_s005512,0.0073,0.5413,0.0,-0.1854,0
app_0146,app_s005513,-0.6222,0.027,0.0,-0.4628,0
app_0368,app_s005514,0.6053,0.3009,0.0,-0.3962,0
app_0143,app_s005515,0.1784,0.3131,0.0,-0.4115,0
app_0380,app_s005516,0.0694,0.1381,0.0,-0.1962,0
app_0069,app_s005517,0.2853,0.0466,1.0,0.3128,0
app_0078,app_s005518,0.0488,0.4549,0.0,0.0978,0
app_0120,app_s005519,-0.1155,0.0498,0.0,-0.4027,0
app_0241,app_s005520,-0.0198,0.0187,0.0,-0.4459,0
app_0150,app_s005521,-1.4354,0.6147,0.0,0.1085,0
app_0155,app_s005522,0.9928,0.3182,0.0,-0.2606,0
app_0208,app_s005523,0.5026,0.559,0.0,-0.4288,0
app_0417,app_s005524,0.0607,0.1569,0.0,-0.1675,0
app_0242,app_s005525,-0.931,0.0345,0.0,-0.3831,0
app_0406,app_s005526,-1.4402,0.0689,0.0,1.5395,0
app_0371,app_s005527,0.9683,0.0244,0.0,-0.4493,0
app_0076,app_s005528,-0.5534,0.0074,0.0,-0.4169,0
app_0365,app_s005529,1.9222,0.0593,0.0,0.6083,0
app_0156,app_s005530,1.3008,0.003,0.0,-0.0825,0
app_0060,app_s005531,1.0383,0.1402,0.0,-0.4408,0
app_0120,app_s005532,-0.8687,0.0568,0.0,-0.18,0
app_0177,app_s005533,-1.5276,0.5734,0.0,-0.4636,0
app_0373,app_s005534,-9.7228,0.193,1.0,1.4944,1
app_0144,app_s005535,0.2251,0.3759,0.0,0.0327,0
app_0276,app_s005536,0.3469,0.002,0.0,-0.2033,0
app_0021,app_s005537,-1.1813,0.0458,0.0,-0.3887,0
app_0323,app_s005538,-2.3934,0.0184,0.0,-0.4426,0
app_0446,app_s005539,-0.4189,0.1935,0.0,-0.4331,0
app_0256,app_s005540,-4.5239,0.5174,1.0,4.8548,1
app_0446,app_s005541,-2.4966,0.2942,0.0,-0.3555,0
app_0353,app_s005542,-0.4166,0.3335,0.0,-0.2557,0
app_0332,app_s005543,-1.0167,0.5097,0.0,-0.3765,0
app_0220,app_s005544,0.1267,0.0493,0.0,-0.3608,0
app_0394,app_s005545,1.4932,0.0857,0.0,-0.385,0
app_0263,app_s005546,0.6549,0.0504,0.0,-0.009,0
app_0211,app_s005547,-0.6575,0.2537,0.0,-0.1294,0
app_0351,app_s005548,0.9079,0.3158,0.0,0.5028,0
app_0166,app_s005549,0.7385,0.0478,0.0,-0.1789,0
app_0115,app_s005550,-9.6837,0.5659,0.0,4.5216,1
app_0051,app_s005551,0.196,0.0038,0.0,-0.3231,0
app_0271,app_s005552,-1.163,0.325,1.0,-0.2604,0
app_0294,app_s005553,17.5905,0.9484,0.0,3.7536,1
app_0362,app_s005554,0.1626,0.0473,0.0,-0.1506,0
app_0275,app_s005555,0.2606,0.4404,0.0,-0.3254,0
app_0240,app_s005556,-0.8787,0.0819,0.0,-0.1063,0
app_0175,app_s005557,-0.5834,0.073,0.0,-0.2591,0
app_0029,app_s005558,-1.9394,0.0171,0.0,0.5317,0
app_0423,app_s005559,1.0601,0.5818,0.0,0.2426,0
app_0183,app_s005560,0.0008,0.0448,0.0,-0.4084,0
app_0356,app_s005561,0.2967,0.0076,0.0,-0.3334,0
app_0125,app_s005562,1.1943,0.0047,0.0,1.4316,0
app_0005,app_s005563,2.3328,0.0006,0.0,-0.4656,0
app_0016,app_s005564,-0.359,0.018,0.0,-0.3336,0
app_0278,app_s005565,-0.8937,0.1904,0.0,-0.442,0
app_0086,app_s005566,0.1354,0.1723,0.0,-0.4384,0
app_0038,app_s005567,0.9691,0.0292,0.0,-0.4577,0
app_0018,app_s005568,0.0433,0.8024,1.0,-0.3911,0
app_0095,app_s005569,-0.0704,0.7667,0.0,0.0808,0
app_0437,app_s005570,1.5275,0.0429,0.0,-0.0792,0
app_0303,app_s005571,-0.619,0.1539,0.0,-0.1281,0
app_0364,app_s005572,-0.5748,0.0301,0.0,-0.473,0
app_0300,app_s005573,1.208,0.2005,0.0,-0.1518,0
app_0201,app_s005574,0.3016,0.0029,0.0,-0.3707,0
app_0273,app_s005575,0.4511,0.1596,0.0,-0.2963,0
app_0066,app_s005576,0.1439,0.0131,0.0,0.0173,0
app_0033,app_s005577,-0.1139,0.2055,1.0,-0.3751,0
app_0380,app_s005578,-0.3547,0.0748,0.0,-0.4057,0
app_0201,app_s005579,-0.5454,0.4152,0.0,0.7073,0
app_0037,app_s005580,-2.1731,0.0681,0.0,-0.2645,0
app_0119,app_s005581,-0.6085,0.0078,0.0,0.143,0
app_0320,app_s005582,1.046,0.0978,0.0,-0.2031,0
app_0181,app_s005583,-1.6488,0.0673,0.0,-0.3401,0
app_0321,app_s005584,-1.0828,0.6078,0.0,-0.4184,0
app_0322,app_s005585,-1.1106,0.0609,0.0,-0.4148,0
app_0047,app_s005586,18.7437,0.0987,0.0,2.7533,1
app_0304,app_s005587,0.1583,0.5468,0.0,-0.4568,0
app_0198,app_s005588,0.0345,0.0514,0.0,-0.1354,0
app_0227,app_s005589,-0.9427,0.015,0.0,-0.175,0
app_0027,app_s005590,-0.8489,0.005,0.0,-0.1765,0
app_0012,app_s005591,-0.0729,0.2073,0.0,-0.1164,0
app_0308,app_s005592,-0.0217,0.3529,0.0,-0.2573,0
app_0221,app_s005593,-0.8626,0.0745,0.0,-0.4751,0
app_0310,app_s005594,-1.3619,0.0618,0.0,0.2057,0
app_0370,app_s005595,-1.4218,0.626,1.0,-0.3608,0
app_0192,app_s005596,-1.3067,0.3553,1.0,-0.1709,0
app_0310,app_s005597,-0.1059,0.0119,0.0,-0.0301,0
app_0214,app_s005598,-0.1489,0.0021,0.0,-0.3798,0
app_0390,app_s005599,0.0585,0.5016,0.0,0.9125,0
app_0012,app_s005600,1.724,0.0203,0.0,0.2615,0
app_0275,app_s005601,-0.4339,0.034,0.0,-0.4453,0
app_0119,app_s005602,-0.3875,0.0325,0.0,0.3763,0
app_0021,app_s005603,-0.7706,0.1061,0.0,0.311,0
app_0108,app_s005604,-4.9045,0.1614,1.0,4.6805,1
app_0083,app_s005605,0.0541,0.1955,1.0,-0.4442,0
app_0408,app_s005606,-1.4069,0.2715,0.0,0.2475,0
app_0150,app_s005607,-0.9057,0.0117,0.0,-0.4681,0
app_0335,app_s005608,0.5552,0.0984,0.0,-0.1274,0
app_0130,app_s005609,0.0662,0.0724,1.0,-0.067,0
app_0351,app_s005610,0.3288,0.0503,0.0,0.1352,0
app_0408,app_s005611,-0.1623,0.0014,0.0,-0.4788,0
app_0328,app_s005612,2.3268,0.3405,0.0,-0.4392,0
app_0211,app_s005613,-1.0082,0.7109,0.0,0.0299,0
app_0154,app_s005614,0.243,0.1912,0.0,-0.3795,0
app_0352,app_s005615,1.5623,0.0052,1.0,-0.4454,0
app_0362,app_s005616,-0.9753,0.0198,0.0,-0.0041,0
app_0225,app_s005617,-0.444,0.0104,0.0,-0.216,0
app_0058,app_s005618,-0.6785,0.2451,0.0,-0.4313,0
app_0096,app_s005619,-2.4432,0.0996,1.0,-0.426,0
app_0293,app_s005620,0.079,0.0606,0.0,-0.4064,0
app_0182,app_s005621,2.218,0.0,0.0,0.0838,0
app_0238,app_s005622,-1.5412,0.5909,0.0,-0.3588,0
app_0002,app_s005623,0.069,0.4357,0.0,0.2334,0
app_0132,app_s005624,0.6426,0.1264,0.0,-0.415,0
app_0085,app_s005625,0.5075,0.0202,1.0,-0.47,0
app_0017,app_s005626,-0.0257,0.0399,0.0,-0.3693,0
app_0397,app_s005627,-0.485,0.0526,0.0,-0.3718,0
app_0125,app_s005628,1.0532,0.0414,0.0,-0.2647,0
app_0420,app_s005629,0.3201,0.0195,1.0,1.6767,0
app_0172,app_s005630,1.2556,0.5487,0.0,1.1925,0
app_0149,app_s005631,1.0436,0.8811,0.0,-0.4668,0
app_0045,app_s005632,-0.823,0.0299,0.0,3.7316,0
app_0430,app_s005633,0.3413,0.9141,0.0,-0.3331,0
app_0019,app_s005634,0.5237,0.0742,0.0,-0.2587,0
app_0246,app_s005635,-1.3533,0.0908,0.0,-0.2183,0
app_0080,app_s005636,-2.3788,0.8123,0.0,-0.3479,0
app_0268,app_s005637,-0.6029,0.1811,0.0,-0.1193,0
app_0023,app_s005638,-1.6148,0.5161,1.0,0.1514,0
app_0048,app_s005639,1.985,0.6221,0.0,-0.4612,0
app_0272,app_s005640,0.768,0.617,0.0,-0.0372,0
app_0285,app_s005641,-1.7967,0.0023,0.0,-0.012,0
app_0350,app_s005642,-0.3002,0.0019,0.0,-0.4759,0
app_0084,app_s005643,-0.1157,0.7072,0.0,-0.1986,0
app_0386,app_s005644,0.654,0.5253,1.0,2.1719,0
app_0369,app_s005645,2.155,0.0626,0.0,-0.4036,0
app_0098,app_s005646,-1.8183,0.0121,0.0,-0.2767,0
app_0199,app_s005647,-0.2914,0.6358,0.0,2.3241,0
app_0416,app_s005648,1.6021,0.0295,0.0,0.823,0
app_0229,app_s005649,0.5995,0.342,0.0,-0.0956,0
app_0320,app_s005650,0.7805,0.6221,0.0,0.7652,0
app_0342,app_s005651,-0.4636,0.0368,0.0,-0.2805,0
app_0231,app_s005652,0.3853,0.7279,0.0,-0.3196,0
app_0261,app_s005653,-0.5442,0.0148,0.0,-0.4387,0
app_0409,app_s005654,0.768,0.6021,0.0,-0.1811,0
app_0441,app_s005655,-2.7807,0.0185,0.0,0.3095,0
app_0041,app_s005656,-0.1327,0.077,0.0,-0.4729,0
app_0006,app_s005657,0.3451,0.1004,0.0,5.7885,0
app_0191,app_s005658,-0.4108,0.0177,0.0,-0.3472,0
app_0238,app_s005659,1.5498,0.0257,0.0,-0.446,0
app_0167,app_s005660,-1.182,0.0046,0.0,6.7403,0
app_0070,app_s005661,0.5826,0.0399,0.0,-0.3406,0
app_0310,app_s005662,0.6141,0.5959,0.0,-0.3608,0
app_0076,app_s005663,0.5791,0.0239,1.0,-0.3153,0
app_0214,app_s005664,1.7072,0.014,0.0,-0.0644,0
app_0041,app_s005665,0.2888,0.0565,0.0,-0.3003,0
app_0171,app_s005666,-0.9765,0.1134,0.0,-0.3763,0
app_0139,app_s005667,0.9528,0.0086,0.0,-0.2655,0
app_0100,app_s005668,0.8447,0.8696,0.0,-0.3503,0
app_0405,app_s005669,-0.735,0.0872,0.0,-0.3504,0
app_0172,app_s005670,-0.8996,0.0691,0.0,-0.1471,0
app_0405,app_s005671,-1.0623,0.5405,0.0,0.3404,0
app_0323,app_s005672,0.7455,0.0278,0.0,-0.3184,0
app_0012,app_s005673,1.319,0.149,0.0,0.2972,0
app_0306,app_s005674,-0.0441,0.032,0.0,-0.3358,0
app_0380,app_s005675,-0.8662,0.2149,0.0,-0.4029,0
app_0032,app_s005676,-1.3735,0.0672,0.0,2.9436,0
app_0186,app_s005677,2.0881,0.0292,0.0,-0.3894,0
app_0038,app_s005678,-2.6375,0.8143,1.0,1.9519,0
app_0411,app_s005679,-0.3411,0.0013,1.0,-0.4035,0
app_0403,app_s005680,0.4675,0.007,0.0,0.8043,0
app_0184,app_s005681,-11.4282,0.6444,1.0,4.3293,1
app_0232,app_s005682,-0.3807,0.0712,0.0,-0.1784,0
app_0322,app_s005683,0.9486,0.0556,0.0,-0.4701,0
app_0162,app_s005684,-0.6153,0.0181,0.0,-0.3174,0
app_0350,app_s005685,0.3985,0.8974,0.0,-0.4334,0
app_0281,app_s005686,-1.4972,0.2118,0.0,0.4723,0
app_0384,app_s005687,0.1728,0.4457,0.0,-0.3195,0
app_0389,app_s005688,0.3571,0.2555,1.0,0.4759,0
app_0211,app_s005689,0.2011,0.1238,0.0,0.0679,0
app_0415,app_s005690,1.7097,0.7516,0.0,0.1707,0
app_0243,app_s005691,0.2219,0.0381,0.0,-0.3534,0
app_0275,app_s005692,-0.7688,0.6821,0.0,0.0497,0
app_0365,app_s005693,-2.2939,0.0169,0.0,3.3239,0
app_0197,app_s005694,-1.3446,0.7178,0.0,-0.1065,0
app_0042,app_s005695,-0.1619,0.1506,0.0,-0.3524,0
app_0299,app_s005696,1.1561,0.0005,0.0,-0.4224,0
app_0069,app_s005697,-0.6514,0.5401,0.0,-0.2103,0
app_0260,app_s005698,-0.0653,0.3791,0.0,-0.3784,0
app_0100,app_s005699,0.405,0.0302,0.0,-0.4691,0
app_0213,app_s005700,0.2648,0.0294,0.0,-0.0756,0
app_0128,app_s005701,1.2954,0.2957,0.0,-0.4137,0
app_0208,app_s005702,-0.0278,0.1531,0.0,0.2565,0
app_0260,app_s005703,-1.0294,0.0364,0.0,-0.4296,0
app_0187,app_s005704,-0.5421,0.0694,0.0,-0.3887,0
app_0429,app_s005705,0.3733,0.1199,0.0,-0.2508,0
app_0143,app_s005706,-0.6053,0.094,0.0,-0.2435,0
app_0260,app_s005707,1.6769,0.0102,1.0,-0.4183,0
app_0271,app_s005708,-1.3605,0.7114,0.0,-0.3149,0
app_0243,app_s005709,-1.1148,0.0571,0.0,-0.2338,0
app_0132,app_s005710,-0.1801,0.4431,0.0,-0.4236,0
app_0442,app_s005711,-0.6216,0.075,0.0,-0.3241,0
app_0410,app_s005712,-0.3719,0.2784,1.0,-0.0297,0
app_0361,app_s005713,-0.3359,0.0139,0.0,-0.4075,0
app_0202,app_s005714,0.4886,0.0219,0.0,-0.3787,0
app_0030,app_s005715,-0.2637,0.0205,0.0,0.1031,0
app_0195,app_s005716,0.4583,0.0169,0.0,0.3069,0
app_0114,app_s005717,-0.4923,0.0426,0.0,-0.0487,0
app_0109,app_s005718,0.5752,0.0561,0.0,-0.2601,0
app_0398,app_s005719,-0.8468,0.7577,0.0,0.0997,0
app_0415,app_s005720,0.3944,0.7072,0.0,-0.3416,0
app_0380,app_s005721,0.197,0.5497,1.0,-0.3464,0
app_0328,app_s005722,-2.1561,0.0006,0.0,-0.471,0
app_0241,app_s005723,-0.68,0.3733,0.0,2.3699,0
app_0446,app_s005724,-0.3467,0.4322,0.0,-0.1862,0
app_0165,app_s005725,0.5325,0.1509,0.0,-0.2133,0
app_0271,app_s005726,0.9865,0.0333,0.0,-0.4393,0
app_0097,app_s005727,0.5611,0.072,0.0,0.1493,0
app_0193,app_s005728,-0.2075,0.0136,0.0,-0.3739,0
app_0017,app_s005729,0.1666,0.4787,0.0,-0.1653,0
app_0212,app_s005730,-0.4317,0.8802,0.0,-0.0141,0
app_0057,app_s005731,-0.2083,0.1022,0.0,-0.3567,0
app_0262,app_s005732,0.5373,0.3351,0.0,-0.4165,0
app_0433,app_s005733,-8.734,0.8047,1.0,4.7566,1
app_0274,app_s005734,-1.1077,0.0242,0.0,2.0017,0
app_0176,app_s005735,-1.5561,0.0513,0.0,-0.4282,0
app_0324,app_s005736,0.1435,0.0304,0.0,-0.1514,0
app_0368,app_s005737,0.7942,0.0112,1.0,0.3435,0
app_0444,app_s005738,0.7079,0.5931,0.0,-0.2961,0
app_0199,app_s005739,-0.8407,0.0377,0.0,-0.4781,0
app_0363,app_s005740,0.32,0.111,1.0,-0.2563,0
app_0242,app_s005741,0.0087,0.0992,0.0,-0.2621,0
app_0072,app_s005742,0.669,0.017,0.0,-0.2182,0
app_0420,app_s005743,-0.2571,0.0049,0.0,-0.4401,0
app_0166,app_s005744,-1.0997,0.0045,0.0,1.6783,0
app_0280,app_s005745,-0.5075,0.0723,0.0,-0.111,0
app_0181,app_s005746,-0.7774,0.0344,0.0,-0.3625,0
app_0285,app_s005747,-1.3529,0.1175,0.0,-0.4291,0
app_0285,app_s005748,0.7932,0.5743,0.0,-0.0863,0
app_0334,app_s005749,-1.6729,0.676,0.0,-0.4308,0
app_0415,app_s005750,-1.0526,0.0597,0.0,-0.2728,0
app_0429,app_s005751,0.2954,0.3499,0.0,0.7808,0
app_0131,app_s005752,0.31,0.0005,0.0,-0.1884,0
app_0135,app_s005753,-0.0719,0.005,0.0,-0.4335,0
app_0371,app_s005754,0.1455,0.0153,1.0,0.27,0
app_0424,app_s005755,-0.4453,0.0021,0.0,2.4264,0
app_0268,app_s005756,1.5632,0.0471,0.0,-0.2162,0
app_0323,app_s005757,-0.8246,0.0956,0.0,-0.1228,0
app_0430,app_s005758,0.3043,0.554,0.0,-0.3356,0
app_0239,app_s005759,1.5753,0.0418,0.0,-0.1978,0
app_0374,app_s005760,-0.0256,0.8569,1.0,-0.4397,0
app_0201,app_s005761,2.7158,0.0412,0.0,1.9569,0
app_0431,app_s005762,2.2041,0.0741,0.0,-0.3976,0
app_0375,app_s005763,0.0201,0.3642,0.0,-0.3306,0
app_0355,app_s005764,-0.6935,0.1155,0.0,-0.2132,0
app_0266,app_s005765,-1.0484,0.335,0.0,-0.029,0
app_0044,app_s005766,0.2269,0.0121,0.0,0.2345,0
app_0340,app_s005767,-0.4978,0.0232,0.0,-0.3583,0
app_0235,app_s005768,0.4669,0.0056,0.0,-0.4522,0
app_0080,app_s005769,-0.7787,0.0144,0.0,-0.0428,0
app_0034,app_s005770,0.8102,0.4589,0.0,-0.4668,0
app_0236,app_s005771,0.4664,0.0457,0.0,-0.4106,0
app_0249,app_s005772,-0.0101,0.0165,0.0,-0.3174,0
app_0269,app_s005773,-0.4836,0.0548,0.0,0.4407,0
app_0402,app_s005774,0.1808,0.0687,0.0,0.261,0
app_0017,app_s005775,0.2494,0.0463,0.0,-0.3033,0
app_0356,app_s005776,-0.5777,0.1703,0.0,-0.0049,0
app_0319,app_s005777,-1.1291,0.264,0.0,-0.3306,0
app_0230,app_s005778,1.4877,0.0805,0.0,-0.2586,0
app_0239,app_s005779,-0.2432,0.5123,1.0,-0.2155,0
app_0065,app_s005780,-1.0688,0.7075,0.0,0.6834,0
app_0326,app_s005781,1.7353,0.0726,0.0,-0.3075,0
app_0300,app_s005782,-1.2831,0.0698,0.0,0.4888,0
app_0283,app_s005783,-1.1803,0.0275,0.0,-0.2918,0
app_0384,app_s005784,-0.4206,0.0607,0.0,-0.0628,0
app_0058,app_s005785,0.0362,0.6193,0.0,-0.308,0
app_0334,app_s005786,-0.3713,0.0232,0.0,-0.2513,0
app_0324,app_s005787,0.0295,0.6174,0.0,-0.3204,0
app_0351,app_s005788,-0.3495,0.1419,0.0,-0.4262,0
app_0184,app_s005789,0.9355,0.5289,0.0,-0.4417,0
app_0050,app_s005790,-0.4137,0.0187,0.0,1.4856,0
app_0042,app_s005791,-1.287,0.6192,0.0,0.0205,0
app_0399,app_s005792,0.7688,0.0335,1.0,-0.1464,0
app_0047,app_s005793,0.9041,0.0812,0.0,-0.3552,0
app_0136,app_s005794,0.8647,0.0179,0.0,0.3628,0
app_0064,app_s005795,-1.1109,0.0439,0.0,-0.1421,0
app_0262,app_s005796,0.4416,0.0182,0.0,-0.4672,0
app_0227,app_s005797,0.6894,0.0351,1.0,0.1662,0
app_0082,app_s005798,-0.4404,0.0482,0.0,0.2398,0
app_0214,app_s005799,-0.2849,0.0353,0.0,-0.429,0
app_0243,app_s005800,-10.3037,0.0583,1.0,5.8998,1
app_0152,app_s005801,-9.405,0.6329,0.0,3.2366,1
app_0320,app_s005802,-10.3591,0.1149,0.0,2.1873,1
app_0227,app_s005803,-0.649,0.6824,0.0,0.4394,0
app_0307,app_s005804,-0.1347,0.0856,0.0,-0.3881,0
app_0099,app_s005805,-0.7696,0.0653,0.0,-0.3972,0
app_0119,app_s005806,0.4218,0.6992,0.0,-0.4678,0
app_0051,app_s005807,0.0514,0.7916,0.0,-0.366,0
app_0018,app_s005808,1.1383,0.1393,0.0,-0.0355,0
app_0164,app_s005809,-0.8858,0.589,0.0,-0.2741,0
app_0156,app_s005810,-1.2262,0.0493,0.0,-0.365,0
app_0019,app_s005811,1.6585,0.0236,0.0,-0.3163,0
app_0199,app_s005812,-0.7346,0.0104,0.0,0.0101,0
app_0194,app_s005813,0.3836,0.2301,0.0,-0.2849,0
app_0309,app_s005814,-1.2774,0.5061,0.0,0.7782,0
app_0076,app_s005815,-0.0801,0.3895,0.0,0.3286,0
app_0276,app_s005816,-1.7947,0.2066,1.0,-0.4054,0
app_0443,app_s005817,-0.1854,0.0528,1.0,0.4845,0
app_0382,app_s005818,0.256,0.5889,0.0,-0.3791,0
app_0442,app_s005819,-0.3728,0.0751,0.0,-0.3923,0
app_0097,app_s005820,0.2784,0.5551,1.0,-0.3049,0
app_0345,app_s005821,1.1829,0.0013,0.0,0.2812,0
app_0422,app_s005822,1.7457,0.052,0.0,-0.351,0
app_0157,app_s005823,-0.7163,0.1006,0.0,-0.1287,0
app_0037,app_s005824,-0.6352,0.0389,0.0,-0.3252,0
app_0030,app_s005825,1.9011,0.4537,0.0,-0.4658,0
app_0293,app_s005826,-1.0944,0.7613,0.0,2.0138,0
app_0165,app_s005827,0.1296,0.5946,0.0,-0.3735,0
app_0315,app_s005828,1.5564,0.1765,0.0,-0.1325,0
app_0040,app_s005829,0.584,0.0187,0.0,-0.3657,0
app_0208,app_s005830,1.0641,0.1782,0.0,-0.1321,0
app_0012,app_s005831,0.5103,0.0927,0.0,-0.4738,0
app_0298,app_s005832,-0.1118,0.6141,0.0,-0.1317,0
app_0194,app_s005833,1.2339,0.0274,0.0,-0.1248,0
app_0061,app_s005834,0.1083,0.031,0.0,-0.0319,0
app_0084,app_s005835,0.0203,0.0147,0.0,0.2455,0
app_0258,app_s005836,1.5793,0.5504,0.0,-0.3826,0
app_0109,app_s005837,0.8168,0.6261,0.0,-0.4545,0
app_0172,app_s005838,1.9142,0.1457,0.0,0.8843,0
app_0154,app_s005839,-0.2222,0.3757,0.0,-0.2216,0
app_0178,app_s005840,0.0961,0.3625,0.0,-0.2999,0
app_0157,app_s005841,-0.7309,0.0256,0.0,-0.0117,0
app_0195,app_s005842,1.7469,0.5368,0.0,-0.4399,0
app_0269,app_s005843,-0.1383,0.0377,0.0,-0.457,0
app_0375,app_s005844,-1.3509,0.0944,0.0,-0.1499,0
app_0382,app_s005845,0.7418,0.5833,0.0,-0.2816,0
app_0390,app_s005846,-0.0394,0.6601,0.0,-0.2629,0
app_0310,app_s005847,0.0101,0.0606,0.0,-0.1384,0
app_0345,app_s005848,-1.3289,0.0472,0.0,-0.0419,0
app_0302,app_s005849,-0.4659,0.1656,0.0,-0.4351,0
app_0283,app_s005850,-2.6064,0.4612,0.0,-0.4512,0
app_0189,app_s005851,-0.5531,0.7758,0.0,-0.356,0
app_0023,app_s005852,0.2051,0.0441,0.0,-0.2904,0
app_0076,app_s005853,-1.0511,0.0417,0.0,-0.4155,0
app_0173,app_s005854,-1.3903,0.0598,0.0,-0.3465,0
app_0408,app_s005855,-13.9946,0.5981,1.0,5.3569,1
app_0234,app_s005856,-2.4135,0.0316,1.0,-0.4726,0
app_0385,app_s005857,0.1721,0.2596,0.0,0.1944,0
app_0331,app_s005858,0.8464,0.0087,0.0,-0.4403,0
app_0285,app_s005859,-0.4437,0.0704,0.0,0.6226,0
app_0001,app_s005860,1.7715,0.2541,0.0,-0.4332,0
app_0140,app_s005861,-5.222,0.121,1.0,2.521,1
app_0108,app_s005862,-1.5935,0.0607,0.0,0.6651,0
app_0405,app_s005863,0.1187,0.0317,0.0,-0.2672,0
app_0232,app_s005864,-0.8483,0.4814,0.0,-0.4063,0
app_0293,app_s005865,-4.9501,0.0265,1.0,3.3846,1
app_0265,app_s005866,-0.3766,0.1498,0.0,-0.465,0
app_0161,app_s005867,-0.866,0.0583,1.0,-0.2409,0
app_0385,app_s005868,0.5074,0.0655,0.0,-0.4789,0
app_0256,app_s005869,-3.8478,0.6512,1.0,10.8943,1
app_0011,app_s005870,-0.4048,0.0466,1.0,0.9573,0
app_0112,app_s005871,2.1263,0.1739,0.0,-0.4003,0
app_0015,app_s005872,1.2236,0.0498,0.0,-0.1006,0
app_0114,app_s005873,-0.0353,0.7157,1.0,-0.3289,0
app_0298,app_s005874,0.2125,0.7032,0.0,-0.3074,0
app_0168,app_s005875,0.2404,0.1144,1.0,-0.2942,0
app_0136,app_s005876,0.1888,0.2124,1.0,-0.2514,0
app_0307,app_s005877,0.1917,0.6144,0.0,-0.2259,0
app_0108,app_s005878,-0.7258,0.6015,0.0,-0.4484,0
app_0386,app_s005879,-0.7172,0.0095,0.0,-0.3812,0
app_0304,app_s005880,0.3238,0.3193,1.0,-0.2005,0
app_0366,app_s005881,1.3478,0.3734,0.0,-0.4157,0
app_0258,app_s005882,-1.152,0.5324,0.0,-0.0036,0
app_0281,app_s005883,-0.6989,0.0079,0.0,-0.2203,0
app_0037,app_s005884,-10.0402,0.6559,0.0,4.7366,1
app_0438,app_s005885,2.084,0.8372,0.0,0.2988,0
app_0337,app_s005886,0.7856,0.0015,0.0,-0.3058,0
app_0173,app_s005887,-0.1983,0.0425,1.0,-0.1903,0
app_0066,app_s005888,-0.2882,0.0112,1.0,-0.2862,0
app_0298,app_s005889,-1.7293,0.4243,0.0,-0.3934,0
app_0258,app_s005890,0.1197,0.4635,0.0,-0.4521,0
app_0298,app_s005891,1.3975,0.0025,0.0,-0.1664,0
app_0380,app_s005892,0.3157,0.3679,0.0,-0.4262,0
app_0175,app_s005893,0.6048,0.1593,0.0,-0.4582,0
app_0188,app_s005894,0.4111,0.0615,1.0,1.3498,0
app_0106,app_s005895,-0.5629,0.0659,0.0,0.1622,0
app_0435,app_s005896,0.2425,0.0041,0.0,1.3181,0
app_0019,app_s005897,-1.2438,0.0994,0.0,-0.4257,0
app_0188,app_s005898,-0.0946,0.1001,0.0,-0.4339,0
app_0447,app_s005899,0.5587,0.0246,0.0,-0.4775,0
app_0418,app_s005900,0.371,0.008,0.0,-0.1528,0
app_0020,app_s005901,1.7097,0.119,0.0,-0.314,0
app_0213,app_s005902,0.7078,0.0249,0.0,-0.2383,0
app_0299,app_s005903,0.4279,0.1317,0.0,-0.4023,0
app_0347,app_s005904,-0.1276,0.3766,0.0,-0.3831,0
app_0341,app_s005905,0.4505,0.0733,0.0,-0.428,0
app_0287,app_s005906,0.641,0.0676,0.0,-0.2607,0
app_0397,app_s005907,-9.8433,0.0534,0.0,4.2593,1
app_0043,app_s005908,0.1967,0.3397,0.0,0.4418,0
app_0181,app_s005909,1.2492,0.1133,0.0,0.0373,0
app_0417,app_s005910,0.2074,0.0296,0.0,-0.0325,0
app_0146,app_s005911,1.4485,0.0173,1.0,-0.4363,0
app_0395,app_s005912,-0.043,0.0033,0.0,-0.2237,0
app_0266,app_s005913,-0.7877,0.3943,1.0,-0.4314,0
app_0267,app_s005914,0.4205,0.1248,0.0,0.3169,0
app_0175,app_s005915,0.4668,0.7818,0.0,-0.1613,0
app_0374,app_s005916,1.7547,0.107,0.0,0.0818,0
app_0273,app_s005917,0.535,0.4498,0.0,-0.3632,0
app_0429,app_s005918,0.1296,0.102,1.0,-0.2443,0
app_0339,app_s005919,0.5051,0.367,0.0,-0.4078,0
app_0346,app_s005920,-1.8798,0.0387,0.0,0.0581,0
app_0121,app_s005921,-1.1033,0.0107,0.0,1.1106,0
app_0284,app_s005922,-9.3909,0.0493,0.0,5.3535,1
app_0009,app_s005923,-1.4132,0.1401,0.0,-0.2337,0
app_0269,app_s005924,-10.9803,0.0041,1.0,4.9912,1
app_0375,app_s005925,2.3234,0.0207,0.0,-0.4065,0
app_0005,app_s005926,-0.8003,0.5459,0.0,-0.4046,0
app_0246,app_s005927,-10.6859,0.0164,1.0,5.234,1
app_0179,app_s005928,0.4499,0.106,0.0,-0.136,0
app_0267,app_s005929,0.4537,0.0575,0.0,-0.4791,0
app_0290,app_s005930,0.1282,0.0028,1.0,0.8029,0
app_0150,app_s005931,-1.9273,0.8648,0.0,0.3165,0
app_0385,app_s005932,0.1591,0.5753,0.0,-0.4079,0
app_0449,app_s005933,1.0992,0.1418,0.0,-0.348,0
app_0029,app_s005934,0.4295,0.3715,0.0,0.2231,0
app_0173,app_s005935,-0.042,0.0387,0.0,-0.1313,0
app_0413,app_s005936,-1.3274,0.0011,0.0,-0.3879,0
app_0334,app_s005937,-0.0188,0.0458,0.0,-0.1698,0
app_0113,app_s005938,0.1116,0.0564,0.0,1.6876,0
app_0223,app_s005939,0.7015,0.0294,0.0,0.1432,0
app_0062,app_s005940,-0.6418,0.4618,1.0,0.1742,0
app_0439,app_s005941,-0.8357,0.7895,0.0,0.119,0
app_0370,app_s005942,-0.1978,0.0381,0.0,1.2044,0
app_0169,app_s005943,0.0309,0.0426,0.0,0.054,0
app_0078,app_s005944,0.8315,0.0201,0.0,0.0274,0
app_0278,app_s005945,0.2539,0.0876,0.0,-0.3263,0
app_0143,app_s005946,-11.6262,0.3432,1.0,2.4583,1
app_0248,app_s005947,-1.7391,0.002,0.0,-0.3978,0
app_0396,app_s005948,-0.1795,0.0044,0.0,-0.273,0
app_0118,app_s005949,-0.3186,0.1492,0.0,-0.3705,0
app_0418,app_s005950,-0.3248,0.1034,0.0,-0.0598,0
app_0048,app_s005951,0.1009,0.1704,1.0,-0.3368,0
app_0117,app_s005952,0.4801,0.0238,0.0,-0.3801,0
app_0377,app_s005953,-1.4959,0.0361,0.0,-0.3845,0
app_0135,app_s005954,-2.0952,0.098,0.0,-0.3889,0
app_0123,app_s005955,1.1361,0.13,0.0,-0.3896,0
app_0162,app_s005956,2.0526,0.0586,0.0,-0.0383,0
app_0321,app_s005957,0.8426,0.0814,0.0,-0.4133,0
app_0347,app_s005958,2.0127,0.0262,0.0,-0.3636,0
app_0129,app_s005959,-0.1027,0.2172,0.0,-0.2514,0
app_0250,app_s005960,0.8586,0.0531,0.0,-0.454,0
app_0408,app_s005961,-0.5941,0.0501,0.0,-0.1627,0
app_0219,app_s005962,-1.9889,0.0276,0.0,0.384,0
app_0308,app_s005963,-1.0549,0.1249,0.0,0.1194,0
app_0159,app_s005964,-1.6607,0.0279,0.0,0.1148,0
app_0232,app_s005965,-0.2655,0.0347,0.0,1.349,0
app_0443,app_s005966,0.5373,0.3467,0.0,0.2954,0
app_0048,app_s005967,1.9834,0.5779,0.0,-0.2308,0
app_0075,app_s005968,0.8706,0.7177,0.0,-0.4342,0
app_0035,app_s005969,-0.944,0.5761,0.0,-0.4742,0
app_0153,app_s005970,-1.7502,0.0094,0.0,-0.4,0
app_0095,app_s005971,2.1229,0.0462,0.0,-0.3108,0
app_0368,app_s005972,-0.7583,0.452,0.0,-0.0083,0
app_0449,app_s005973,0.4089,0.0318,1.0,-0.2726,0
app_0149,app_s005974,-0.3436,0.0306,0.0,0.5413,0
app_0113,app_s005975,0.6382,0.0246,0.0,-0.4094,0
app_0002,app_s005976,-0.4895,0.4239,0.0,-0.3092,0
app_0267,app_s005977,-4.6209,0.1091,1.0,4.0612,1
app_0286,app_s005978,0.4725,0.533,0.0,1.5,0
app_0412,app_s005979,1.3991,0.1096,0.0,-0.3754,0
app_0262,app_s005980,-0.7158,0.4054,0.0,0.2571,0
app_0166,app_s005981,1.6952,0.0658,0.0,-0.3046,0
app_0134,app_s005982,0.8341,0.6344,0.0,-0.4182,0
app_0011,app_s005983,-1.5635,0.0463,0.0,-0.2821,0
app_0008,app_s005984,-11.9505,0.013,1.0,10.9484,1
app_0129,app_s005985,1.0182,0.0636,0.0,0.2257,0
app_0114,app_s005986,0.405,0.1309,0.0,-0.2605,0
app_0017,app_s005987,-0.1866,0.6219,0.0,-0.3295,0
app_0254,app_s005988,0.9797,0.0612,0.0,-0.3809,0
app_0398,app_s005989,-11.3246,0.1262,0.0,4.7107,1
app_0195,app_s005990,-0.2049,0.621,0.0,-0.2845,0
app_0404,app_s005991,1.0375,0.1713,0.0,1.035,0
app_0265,app_s005992,-0.5713,0.0291,1.0,1.4354,0
app_0323,app_s005993,0.6683,0.0353,0.0,-0.2576,0
app_0399,app_s005994,0.4863,0.3103,0.0,-0.1714,0
app_0092,app_s005995,2.3544,0.0693,1.0,-0.4578,0
app_0300,app_s005996,1.5552,0.0104,0.0,-0.3265,0
app_0285,app_s005997,-1.0181,0.4803,0.0,-0.3133,0
app_0448,app_s005998,0.5419,0.094,1.0,-0.3781,0
app_0057,app_s005999,0.2757,0.5673,0.0,-0.4252,0
app_0305,app_s006000,0.038,0.3491,0.0,-0.342,0
app_0147,app_s006001,0.8151,0.5712,0.0,-0.4684,0
app_0199,app_s006002,0.0838,0.321,0.0,-0.3039,0
app_0070,app_s006003,1.2305,0.1004,0.0,-0.4532,0
app_0126,app_s006004,11.1815,0.5047,1.0,7.8286,1
app_0107,app_s006005,-1.2171,0.4307,0.0,-0.3847,0
app_0261,app_s006006,1.2178,0.0495,0.0,-0.2937,0
app_0122,app_s006007,-0.1046,0.0221,0.0,-0.3128,0
app_0354,app_s006008,1.3502,0.5042,0.0,-0.38,0
app_0067,app_s006009,0.1954,0.8343,1.0,-0.1366,0
app_0175,app_s006010,-0.058,0.0018,0.0,-0.3999,0
app_0147,app_s006011,-0.0868,0.0296,1.0,-0.4527,0
app_0054,app_s006012,-2.1543,0.2957,1.0,-0.3909,0
app_0154,app_s006013,0.9448,0.0058,0.0,-0.4643,0
app_0252,app_s006014,0.0826,0.0361,0.0,-0.3056,0
app_0136,app_s006015,0.7995,0.2017,0.0,-0.2482,0
app_0443,app_s006016,1.2917,0.0596,0.0,3.0241,0
app_0030,app_s006017,0.6976,0.1123,0.0,-0.0275,0
app_0318,app_s006018,0.5021,0.5029,0.0,0.0683,0
app_0261,app_s006019,0.1121,0.7222,0.0,0.0514,0
app_0178,app_s006020,-0.767,0.0075,0.0,1.2108,0
app_0263,app_s006021,0.2534,0.0888,0.0,-0.1057,0
app_0418,app_s006022,0.7012,0.0698,0.0,-0.3862,0
app_0363,app_s006023,0.4947,0.1123,0.0,-0.4503,0
app_0213,app_s006024,-0.2507,0.0027,0.0,-0.4371,0
app_0147,app_s006025,-0.0383,0.0009,0.0,-0.4613,0
app_0313,app_s006026,1.2995,0.059,0.0,-0.33,0
app_0227,app_s006027,1.1001,0.6212,0.0,2.014,0
app_0332,app_s006028,1.1353,0.6469,0.0,-0.2819,0
app_0279,app_s006029,0.5703,0.0292,0.0,0.3034,0
app_0318,app_s006030,-0.1324,0.6485,0.0,-0.3483,0
app_0116,app_s006031,-2.0663,0.0555,0.0,-0.1232,0
app_0233,app_s006032,-0.5499,0.0984,1.0,-0.3449,0
app_0198,app_s006033,-0.9385,0.0192,0.0,0.056,0
app_0062,app_s006034,0.4307,0.0263,0.0,1.0462,0
app_0219,app_s006035,-1.855,0.0096,0.0,-0.3541,0
app_0040,app_s006036,-8.5047,0.2291,1.0,4.8706,1
app_0228,app_s006037,0.6584,0.7888,0.0,-0.0914,0
app_0025,app_s006038,-0.1247,0.0188,0.0,-0.3436,0
app_0062,app_s006039,-0.2793,0.0244,0.0,-0.0382,0
app_0024,app_s006040,-0.6998,0.0973,0.0,-0.3531,0
app_0083,app_s006041,-0.7288,0.2645,0.0,-0.3944,0
app_0325,app_s006042,-1.7032,0.3333,0.0,-0.1238,0
app_0407,app_s006043,-0.8275,0.0678,0.0,-0.2427,0
app_0283,app_s006044,0.2762,0.108,0.0,0.0783,0
app_0131,app_s006045,0.042,0.152,0.0,0.415,0
app_0395,app_s006046,0.4092,0.6257,1.0,-0.1073,0
app_0079,app_s006047,-0.2184,0.0031,0.0,1.5957,0
app_0230,app_s006048,0.908,0.0201,0.0,-0.2104,0
app_0172,app_s006049,-0.3205,0.051,1.0,-0.2056,0
app_0251,app_s006050,0.6641,0.0699,1.0,-0.4185,0
app_0166,app_s006051,-0.1708,0.0345,0.0,-0.4394,0
app_0044,app_s006052,-1.725,0.7073,0.0,-0.3613,0
app_0048,app_s006053,-0.3025,0.6689,0.0,0.0024,0
app_0242,app_s006054,-1.9333,0.5632,0.0,-0.2031,0
app_0147,app_s006055,0.5923,0.1243,0.0,1.136,0
app_0298,app_s006056,-0.0772,0.1213,0.0,-0.4542,0
app_0061,app_s006057,-2.009,0.0117,0.0,-0.0595,0
app_0204,app_s006058,-0.1655,0.0112,0.0,-0.4129,0
app_0220,app_s006059,1.5365,0.0199,0.0,-0.4158,0
app_0034,app_s006060,2.2691,0.5764,0.0,-0.3218,0
app_0353,app_s006061,0.9157,0.0074,0.0,-0.3017,0
app_0273,app_s006062,-0.6382,0.0127,0.0,-0.146,0
app_0026,app_s006063,0.0915,0.0684,0.0,0.3057,0
app_0422,app_s006064,0.4836,0.0479,0.0,-0.2958,0
app_0224,app_s006065,-0.1415,0.5705,0.0,9.9778,0
app_0185,app_s006066,-1.3769,0.0775,0.0,-0.2147,0
app_0296,app_s006067,-0.9245,0.5929,0.0,-0.1834,0
app_0135,app_s006068,-5.1162,0.7314,0.0,5.3317,1
app_0049,app_s006069,0.1063,0.0563,0.0,0.3674,0
app_0073,app_s006070,0.8336,0.3772,0.0,-0.4411,0
app_0408,app_s006071,1.1378,0.4015,0.0,-0.3236,0
app_0246,app_s006072,1.6591,0.2079,0.0,-0.1069,0
app_0068,app_s006073,-0.493,0.1982,0.0,-0.029,0
app_0350,app_s006074,-1.8043,0.0081,1.0,0.3878,0
app_0341,app_s006075,-1.046,0.6694,1.0,-0.1231,0
app_0377,app_s006076,-0.0956,0.0252,0.0,-0.1483,0
app_0320,app_s006077,0.3647,0.3066,0.0,0.6531,0
app_0220,app_s006078,-0.4978,0.11,0.0,-0.4829,0
app_0100,app_s006079,1.7092,0.566,0.0,-0.3555,0
app_0427,app_s006080,1.7376,0.0218,0.0,-0.2676,0
app_0234,app_s006081,0.3635,0.0133,0.0,-0.4568,0
app_0145,app_s006082,-1.3641,0.0323,0.0,-0.3363,0
app_0267,app_s006083,0.6238,0.0264,0.0,-0.4211,0
app_0028,app_s006084,-0.2094,0.0753,0.0,-0.3876,0
app_0356,app_s006085,-9.413,0.9534,0.0,5.7157,1
app_0183,app_s006086,0.5388,0.4118,0.0,0.6228,0
app_0198,app_s006087,-0.4798,0.7998,0.0,-0.4128,0
app_0139,app_s006088,-0.1558,0.2294,0.0,-0.4144,0
app_0394,app_s006089,-1.6227,0.0888,0.0,-0.3087,0
app_0357,app_s006090,-0.5565,0.3142,1.0,0.4523,0
app_0149,app_s006091,-0.8785,0.518,0.0,-0.1539,0
app_0193,app_s006092,-0.5716,0.1156,0.0,0.2363,0
app_0183,app_s006093,2.8797,0.0316,0.0,-0.2202,0
app_0258,app_s006094,-1.4676,0.2887,0.0,-0.4531,0
app_0323,app_s006095,0.6209,0.2506,0.0,-0.3702,0
app_0048,app_s006096,1.174,0.0513,0.0,-0.4205,0
app_0028,app_s006097,-0.8252,0.0161,0.0,-0.2644,0
app_0028,app_s006098,-0.8102,0.097,0.0,0.2493,0
app_0100,app_s006099,-0.0375,0.3253,0.0,-0.2804,0
app_0143,app_s006100,0.6664,0.0486,0.0,-0.4441,0
app_0293,app_s006101,1.1623,0.0016,0.0,-0.3447,0
app_0353,app_s006102,0.5541,0.1139,1.0,-0.1266,0
app_0431,app_s006103,-0.0992,0.6252,0.0,-0.2713,0
app_0009,app_s006104,0.2532,0.0612,0.0,0.2586,0
app_0304,app_s006105,-0.9344,0.0114,1.0,-0.4277,0
app_0388,app_s006106,-0.9559,0.5669,1.0,0.9845,0
app_0289,app_s006107,1.557,0.127,0.0,0.4488,0
app_0415,app_s006108,-0.4124,0.1088,0.0,-0.3866,0
app_0153,app_s006109,-0.1845,0.5629,0.0,-0.4457,0
app_0156,app_s006110,-0.4377,0.0037,0.0,-0.4467,0
app_0232,app_s006111,1.4826,0.025,0.0,-0.1272,0
app_0293,app_s006112,0.6707,0.3479,0.0,0.23,0
app_0300,app_s006113,-0.1869,0.7552,0.0,-0.2645,0
app_0325,app_s006114,0.7459,0.1348,0.0,0.2901,0
app_0235,app_s006115,0.0571,0.0847,0.0,-0.462,0
app_0008,app_s006116,0.3113,0.1964,0.0,-0.4669,0
app_0359,app_s006117,0.7829,0.3532,1.0,-0.4212,0
app_0226,app_s006118,0.9115,0.0784,0.0,-0.1077,0
app_0205,app_s006119,0.5353,0.3979,0.0,-0.3996,0
app_0385,app_s006120,0.7468,0.0941,0.0,-0.4562,0
app_0020,app_s006121,-0.6501,0.0625,1.0,-0.3977,0
app_0226,app_s006122,-1.5887,0.2727,0.0,-0.406,0
app_0033,app_s006123,-1.0981,0.6194,0.0,0.964,0
app_0143,app_s006124,-0.0158,0.2407,0.0,-0.3556,0
app_0437,app_s006125,1.6283,0.0657,0.0,0.7372,0
app_0382,app_s006126,1.2034,0.0338,0.0,0.0513,0
app_0296,app_s006127,-0.5068,0.1674,1.0,-0.4347,0
app_0141,app_s006128,-0.1777,0.0158,0.0,-0.1754,0
app_0154,app_s006129,0.9015,0.0152,0.0,-0.3095,0
app_0106,app_s006130,-0.9966,0.0807,0.0,-0.2044,0
app_0180,app_s006131,0.4989,0.0127,0.0,-0.2789,0
app_0282,app_s006132,-0.6318,0.0118,0.0,-0.4285,0
app_0445,app_s006133,-10.3088,0.5351,1.0,0.7838,1
app_0062,app_s006134,2.7261,0.1233,0.0,0.3874,0
app_0082,app_s006135,-0.8344,0.5131,0.0,-0.4224,0
app_0185,app_s006136,-0.886,0.0207,0.0,-0.4086,0
app_0055,app_s006137,0.3841,0.5988,0.0,-0.392,0
app_0243,app_s006138,-0.6031,0.0023,0.0,0.0364,0
app_0447,app_s006139,1.7594,0.0361,0.0,-0.4313,0
app_0260,app_s006140,0.8138,0.0836,0.0,-0.3512,0
app_0166,app_s006141,0.7984,0.0478,0.0,0.0041,0
app_0357,app_s006142,0.0492,0.0771,0.0,-0.4582,0
app_0358,app_s006143,-0.175,0.4343,0.0,-0.3183,0
app_0426,app_s006144,-1.6257,0.0206,0.0,-0.3803,0
app_0296,app_s006145,-0.6045,0.806,0.0,-0.4612,0
app_0255,app_s006146,0.0802,0.0277,1.0,-0.4585,0
app_0057,app_s006147,-0.7186,0.0359,0.0,-0.3642,0
app_0132,app_s006148,-0.4056,0.1427,0.0,-0.4396,0
app_0145,app_s006149,-1.409,0.2677,1.0,-0.2865,0
app_0377,app_s006150,-0.7335,0.041,0.0,-0.0471,0
app_0252,app_s006151,0.1806,0.3926,0.0,0.1354,0
app_0042,app_s006152,1.4586,0.842,0.0,-0.3317,0
app_0137,app_s006153,0.3133,0.0835,0.0,-0.2275,0
app_0161,app_s006154,0.0534,0.0156,0.0,2.1851,0
app_0042,app_s006155,-0.2754,0.0116,0.0,-0.3302,0
app_0205,app_s006156,0.7243,0.0264,0.0,-0.3386,0
app_0101,app_s006157,0.7469,0.2019,0.0,-0.2507,0
app_0039,app_s006158,-1.5688,0.0068,0.0,0.974,0
app_0130,app_s006159,1.2271,0.0321,0.0,-0.429,0
app_0111,app_s006160,-0.8551,0.0382,0.0,-0.3593,0
app_0357,app_s006161,-0.5758,0.576,0.0,-0.4634,0
app_0005,app_s006162,1.6389,0.0027,0.0,-0.4011,0
app_0095,app_s006163,-0.0272,0.0172,0.0,-0.1749,0
app_0056,app_s006164,-1.3606,0.0535,0.0,0.9494,0
app_0435,app_s006165,0.4223,0.0251,0.0,3.4951,0
app_0035,app_s006166,0.3417,0.2973,0.0,-0.137,0
app_0066,app_s006167,0.1929,0.3849,0.0,-0.2062,0
app_0225,app_s006168,-0.0108,0.0116,0.0,-0.3364,0
app_0326,app_s006169,-0.3467,0.0386,0.0,-0.2149,0
app_0102,app_s006170,0.9769,0.0092,0.0,-0.4557,0
app_0295,app_s006171,0.1689,0.0232,0.0,0.0408,0
app_0125,app_s006172,-0.4984,0.3523,0.0,-0.3098,0
app_0322,app_s006173,-0.1138,0.0002,0.0,-0.1338,0
app_0037,app_s006174,-0.7261,0.1012,0.0,-0.4597,0
app_0171,app_s006175,0.7624,0.6978,1.0,-0.3593,0
app_0330,app_s006176,0.6819,0.022,0.0,-0.3252,0
app_0289,app_s006177,0.5469,0.4646,0.0,0.668,0
app_0217,app_s006178,-1.2161,0.0921,0.0,1.0199,0
app_0293,app_s006179,1.517,0.1209,0.0,-0.0451,0
app_0245,app_s006180,0.042,0.5717,0.0,-0.4169,0
app_0391,app_s006181,0.4855,0.1385,0.0,0.2049,0
app_0298,app_s006182,2.1142,0.0364,0.0,0.3044,0
app_0043,app_s006183,0.3608,0.5894,0.0,-0.3365,0
app_0368,app_s006184,-1.5183,0.637,0.0,-0.4243,0
app_0149,app_s006185,0.2993,0.0101,0.0,-0.2951,0
app_0392,app_s006186,0.2198,0.499,1.0,-0.3766,0
app_0120,app_s006187,-0.2942,0.0008,0.0,-0.2867,0
app_0062,app_s006188,0.5248,0.1285,0.0,-0.087,0
app_0339,app_s006189,-0.7099,0.0219,0.0,-0.2666,0
app_0335,app_s006190,0.0435,0.05,0.0,-0.4723,0
app_0287,app_s006191,0.3813,0.1751,0.0,-0.2785,0
app_0216,app_s006192,-0.1322,0.0337,0.0,-0.3344,0
app_0246,app_s006193,-1.5613,0.2455,0.0,-0.3125,0
app_0361,app_s006194,1.3087,0.7967,0.0,-0.0379,0
app_0131,app_s006195,-0.6512,0.0281,0.0,-0.1305,0
app_0032,app_s006196,-2.0943,0.0246,0.0,-0.438,0
app_0102,app_s006197,-1.6373,0.3817,1.0,0.9158,0
app_0446,app_s006198,-0.1993,0.558,0.0,0.841,0
app_0075,app_s006199,-0.5316,0.1122,0.0,0.0237,0
app_0443,app_s006200,0.7643,0.0644,0.0,0.2554,0
app_0041,app_s006201,1.1515,0.0027,0.0,-0.2053,0
app_0162,app_s006202,0.7075,0.0018,0.0,8.9631,0
app_0093,app_s006203,-0.815,0.0169,0.0,-0.1761,0
app_0069,app_s006204,0.4105,0.4822,0.0,-0.4113,0
app_0418,app_s006205,-1.8354,0.1032,0.0,-0.4227,0
app_0320,app_s006206,-0.3278,0.2389,0.0,-0.435,0
app_0028,app_s006207,0.5881,0.0818,0.0,-0.2075,0
app_0247,app_s006208,-0.4734,0.0233,0.0,-0.4645,0
app_0271,app_s006209,0.1366,0.0666,1.0,-0.1421,0
app_0227,app_s006210,0.6239,0.0183,0.0,-0.3544,0
app_0151,app_s006211,1.8506,0.0892,0.0,0.056,0
app_0166,app_s006212,-1.0378,0.0127,0.0,-0.0119,0
app_0135,app_s006213,1.9538,0.5676,0.0,-0.3837,0
app_0434,app_s006214,0.483,0.0969,0.0,0.0003,0
app_0097,app_s006215,0.5246,0.4828,0.0,-0.2691,0
app_0262,app_s006216,-0.1779,0.4096,0.0,0.0593,0
app_0108,app_s006217,-1.4226,0.167,0.0,-0.3739,0
app_0155,app_s006218,1.0184,0.6038,0.0,-0.4251,0
app_0187,app_s006219,-0.8814,0.1859,0.0,1.1478,0
app_0149,app_s006220,-0.3627,0.6663,0.0,0.1456,0
app_0219,app_s006221,-9.6724,0.0009,1.0,2.3659,1
app_0224,app_s006222,1.2999,0.2114,0.0,-0.3664,0
app_0118,app_s006223,-0.2462,0.0162,0.0,-0.4525,0
app_0254,app_s006224,0.745,0.0146,0.0,0.3945,0
app_0322,app_s006225,0.4211,0.1518,0.0,-0.2354,0
app_0068,app_s006226,0.5455,0.0615,0.0,0.2776,0
app_0249,app_s006227,-0.3336,0.0297,0.0,-0.4203,0
app_0174,app_s006228,0.7467,0.0649,0.0,0.3905,0
app_0089,app_s006229,-1.3839,0.0957,0.0,-0.1423,0
app_0246,app_s006230,0.721,0.5507,0.0,-0.362,0
app_0077,app_s006231,-1.072,0.4328,0.0,-0.2924,0
app_0257,app_s006232,1.5727,0.018,0.0,-0.1973,0
app_0261,app_s006233,0.7456,0.0443,0.0,-0.0942,0
app_0085,app_s006234,-1.2172,0.6237,0.0,-0.4215,0
app_0391,app_s006235,0.9018,0.0755,0.0,-0.413,0
app_0293,app_s006236,-0.0324,0.0388,0.0,0.1214,0
app_0297,app_s006237,-0.4362,0.0016,0.0,-0.1215,0
app_0147,app_s006238,-10.5707,0.8883,1.0,3.9393,1
app_0124,app_s006239,-1.5001,0.0212,0.0,0.2373,0
app_0334,app_s006240,-1.6407,0.0219,1.0,-0.3484,0
app_0047,app_s006241,0.945,0.677,0.0,-0.1182,0
app_0015,app_s006242,0.2357,0.1533,0.0,-0.2347,0
app_0253,app_s006243,-11.7332,0.0073,1.0,3.8581,1
app_0372,app_s006244,-1.2673,0.6773,1.0,0.1123,0
app_0431,app_s006245,-0.3748,0.0578,0.0,-0.1263,0
app_0018,app_s006246,0.0291,0.0522,0.0,-0.2195,0
app_0214,app_s006247,1.5634,0.3136,0.0,-0.4254,0
app_0389,app_s006248,-0.3361,0.0183,0.0,-0.459,0
app_0127,app_s006249,0.0601,0.0941,0.0,-0.4141,0
app_0220,app_s006250,-0.0671,0.3482,0.0,-0.3534,0
app_0266,app_s006251,0.0298,0.2707,0.0,1.9487,0
app_0113,app_s006252,0.3169,0.9205,0.0,-0.4457,0
app_0404,app_s006253,-0.9459,0.0569,0.0,-0.3632,0
app_0341,app_s006254,-0.4189,0.1065,0.0,0.0863,0
app_0389,app_s006255,1.8711,0.0309,0.0,-0.4401,0
app_0392,app_s006256,-0.2204,0.0435,0.0,0.1388,0
app_0266,app_s006257,0.4182,0.0469,0.0,0.3436,0
app_0134,app_s006258,-0.1424,0.0027,0.0,-0.3915,0
app_0355,app_s006259,0.2092,0.5766,0.0,0.6903,0
app_0122,app_s006260,-0.1108,0.096,0.0,0.2866,0
app_0266,app_s006261,-0.5557,0.0715,1.0,-0.1667,0
app_0054,app_s006262,1.4588,0.0556,0.0,0.0976,0
app_0121,app_s006263,0.0465,0.2494,0.0,-0.4751,0
app_0268,app_s006264,-0.2326,0.5399,0.0,-0.3598,0
app_0333,app_s006265,-1.1242,0.2112,0.0,-0.4584,0
app_0069,app_s006266,1.0888,0.0385,0.0,-0.3292,0
app_0327,app_s006267,0.3771,0.0443,0.0,-0.4077,0
app_0354,app_s006268,-11.8686,0.1083,0.0,1.095,1
app_0436,app_s006269,-1.3222,0.1329,0.0,-0.1726,0
app_0425,app_s006270,0.914,0.5757,0.0,-0.372,0
app_0299,app_s006271,-0.956,0.0559,0.0,-0.1013,0
app_0354,app_s006272,-0.5689,0.3683,0.0,-0.3595,0
app_0256,app_s006273,-0.8094,0.0426,0.0,0.0466,0
app_0219,app_s006274,-0.8016,0.0835,0.0,-0.2405,0
app_0102,app_s006275,0.2254,0.1952,0.0,-0.4406,0
app_0204,app_s006276,0.6275,0.4244,0.0,-0.3661,0
app_0437,app_s006277,-0.3171,0.0524,0.0,-0.1563,0
app_0283,app_s006278,2.9111,0.126,0.0,-0.389,0
app_0034,app_s006279,-0.7249,0.6073,0.0,-0.3953,0
app_0398,app_s006280,0.0821,0.7791,0.0,-0.3131,0
app_0150,app_s006281,2.073,0.0044,0.0,-0.3628,0
app_0320,app_s006282,-1.4078,0.5347,0.0,0.1847,0
app_0415,app_s006283,-0.5402,0.138,0.0,-0.3801,0
app_0136,app_s006284,-0.4818,0.0213,0.0,0.6267,0
app_0204,app_s006285,0.5793,0.0292,0.0,-0.1229,0
app_0362,app_s006286,-0.7946,0.0509,0.0,0.5969,0
app_0081,app_s006287,-0.3925,0.4291,0.0,-0.3039,0
app_0193,app_s006288,1.7403,0.1044,0.0,0.7089,0
app_0283,app_s006289,-0.0557,0.0244,0.0,0.4119,0
app_0305,app_s006290,-0.1199,0.2652,0.0,-0.1679,0
app_0294,app_s006291,1.0424,0.0899,0.0,-0.2761,0
app_0042,app_s006292,0.2503,0.0876,1.0,-0.3525,0
app_0208,app_s006293,0.1956,0.0353,0.0,0.0873,0
app_0432,app_s006294,-0.9632,0.026,0.0,0.2808,0
app_0353,app_s006295,-0.1373,0.6285,0.0,-0.3618,0
app_0327,app_s006296,0.7867,0.0958,0.0,0.5139,0
app_0379,app_s006297,17.1589,0.9873,1.0,3.9127,1
app_0043,app_s006298,0.3025,0.0574,0.0,-0.0437,0
app_0250,app_s006299,0.7376,0.0457,0.0,-0.0266,0
app_0394,app_s006300,-1.1737,0.0052,0.0,-0.3197,0
app_0361,app_s006301,0.8283,0.5035,0.0,0.3846,0
app_0203,app_s006302,-1.3069,0.07,0.0,-0.4199,0
app_0007,app_s006303,0.2494,0.3394,0.0,-0.4613,0
app_0030,app_s006304,-1.1295,0.1144,0.0,-0.4278,0
app_0229,app_s006305,0.8134,0.0272,0.0,0.0756,0
app_0059,app_s006306,0.8805,0.0197,0.0,-0.172,0
app_0270,app_s006307,1.7773,0.6167,0.0,0.1568,0
app_0248,app_s006308,-0.6589,0.0035,1.0,-0.0815,0
app_0340,app_s006309,-1.4018,0.1286,0.0,1.8372,0
app_0191,app_s006310,-0.2439,0.0362,0.0,-0.3971,0
app_0077,app_s006311,-5.3002,0.8667,1.0,2.0341,1
app_0205,app_s006312,2.9602,0.0303,0.0,5.3214,0
app_0213,app_s006313,1.8413,0.6662,1.0,-0.435,0
app_0426,app_s006314,0.8979,0.109,0.0,-0.4407,0
app_0251,app_s006315,0.1355,0.1249,0.0,-0.2924,0
app_0237,app_s006316,0.8269,0.0306,0.0,-0.427,0
app_0095,app_s006317,0.2148,0.0035,0.0,-0.3064,0
app_0124,app_s006318,0.2799,0.0565,0.0,0.0063,0
app_0205,app_s006319,-0.9637,0.0792,0.0,2.2117,0
app_0407,app_s006320,-0.4915,0.0958,0.0,-0.0478,0
app_0350,app_s006321,-1.1861,0.037,0.0,-0.4437,0
app_0080,app_s006322,0.6082,0.1074,1.0,-0.365,0
app_0206,app_s006323,-9.3326,0.124,1.0,3.8669,1
app_0253,app_s006324,0.5777,0.0785,0.0,0.5112,0
app_0187,app_s006325,0.7547,0.0162,1.0,-0.3632,0
app_0225,app_s006326,-1.0289,0.8756,0.0,-0.1926,0
app_0011,app_s006327,-0.8562,0.899,0.0,-0.2139,0
app_0290,app_s006328,-0.7067,0.005,1.0,-0.3109,0
app_0313,app_s006329,0.7708,0.5425,0.0,0.3261,0
app_0045,app_s006330,0.4253,0.1476,0.0,-0.3092,0
app_0425,app_s006331,-0.1081,0.13,0.0,-0.4455,0
app_0062,app_s006332,-9.2561,0.8156,1.0,8.2938,1
app_0258,app_s006333,0.4964,0.0944,0.0,-0.4292,0
app_0054,app_s006334,1.7823,0.0839,0.0,0.7424,0
app_0076,app_s006335,1.0734,0.4579,0.0,-0.111,0
app_0175,app_s006336,-1.0861,0.7207,0.0,1.0316,0
app_0022,app_s006337,-0.2096,0.0381,0.0,-0.2243,0
app_0239,app_s006338,1.4565,0.1159,1.0,-0.1199,0
app_0159,app_s006339,0.74,0.8265,0.0,0.1625,0
app_0414,app_s006340,-1.1362,0.0819,0.0,-0.0476,0
app_0092,app_s006341,1.8881,0.0363,0.0,-0.2321,0
app_0125,app_s006342,-0.3799,0.3669,0.0,0.1989,0
app_0425,app_s006343,0.3663,0.5328,0.0,-0.4635,0
app_0103,app_s006344,1.9795,0.1218,0.0,-0.4321,0
app_0391,app_s006345,-0.3532,0.1629,0.0,-0.4239,0
app_0239,app_s006346,-1.9452,0.1579,0.0,-0.4684,0
app_0218,app_s006347,0.2478,0.001,0.0,-0.4079,0
app_0365,app_s006348,0.8776,0.0334,0.0,0.9805,0
app_0338,app_s006349,-0.9739,0.0828,0.0,-0.1925,0
app_0327,app_s006350,-0.2828,0.0072,0.0,1.1142,0
app_0304,app_s006351,-8.5909,0.6531,1.0,1.1337,1
app_0093,app_s006352,0.8307,0.6,0.0,0.2461,0
app_0304,app_s006353,-1.3522,0.032,0.0,-0.4026,0
app_0040,app_s006354,-0.0914,0.0085,0.0,-0.4298,0
app_0336,app_s006355,-0.6891,0.0744,0.0,-0.3951,0
app_0408,app_s006356,0.6616,0.5417,0.0,-0.0294,0
app_0271,app_s006357,0.3939,0.0254,0.0,-0.2322,0
app_0264,app_s006358,1.4716,0.0046,1.0,-0.4618,0
app_0333,app_s006359,1.5859,0.6134,0.0,-0.0149,0
app_0072,app_s006360,0.5355,0.5446,0.0,-0.4207,0
app_0136,app_s006361,0.0928,0.0578,1.0,-0.4246,0
app_0051,app_s006362,-1.2232,0.0192,0.0,-0.2249,0
app_0431,app_s006363,0.9639,0.117,0.0,0.145,0
app_0006,app_s006364,0.5613,0.0051,0.0,-0.1777,0
app_0361,app_s006365,0.6848,0.1188,0.0,0.2266,0
app_0263,app_s006366,1.6813,0.014,0.0,-0.277,0
app_0330,app_s006367,-0.6724,0.6607,0.0,-0.2546,0
app_0145,app_s006368,-0.4715,0.0629,0.0,-0.3918,0
app_0433,app_s006369,-1.2864,0.163,0.0,-0.4527,0
app_0444,app_s006370,0.6692,0.0149,0.0,-0.3715,0
app_0170,app_s006371,1.3582,0.1554,0.0,-0.3412,0
app_0361,app_s006372,-0.5177,0.0494,0.0,-0.3759,0
app_0156,app_s006373,0.7298,0.0022,0.0,-0.4421,0
app_0435,app_s006374,-0.0497,0.0462,0.0,-0.4172,0
app_0026,app_s006375,0.3083,0.0052,0.0,0.7,0
app_0047,app_s006376,0.1785,0.0062,0.0,-0.186,0
app_0251,app_s006377,0.1021,0.678,0.0,-0.309,0
app_0303,app_s006378,0.169,0.0703,0.0,-0.4395,0
app_0206,app_s006379,-0.607,0.0105,0.0,-0.4225,0
app_0252,app_s006380,-0.197,0.1297,0.0,-0.3168,0
app_0308,app_s006381,-0.0201,0.0515,0.0,-0.3849,0
app_0025,app_s006382,-1.209,0.0021,0.0,-0.4235,0
app_0361,app_s006383,-1.5656,0.0628,0.0,1.4695,0
app_0315,app_s006384,0.8351,0.1584,0.0,-0.4382,0
app_0244,app_s006385,-1.2364,0.0488,0.0,-0.3744,0
app_0265,app_s006386,-0.7208,0.0552,0.0,-0.4231,0
app_0420,app_s006387,-0.8208,0.5733,0.0,0.1774,0
app_0156,app_s006388,1.0553,0.4861,0.0,-0.4574,0
app_0305,app_s006389,-1.0403,0.0031,0.0,-0.4099,0
app_0315,app_s006390,0.3371,0.0028,0.0,-0.0711,0
app_0230,app_s006391,1.077,0.007,0.0,-0.0833,0
app_0359,app_s006392,0.8262,0.039,0.0,-0.3655,0
app_0199,app_s006393,0.297,0.0042,0.0,0.948,0
app_0230,app_s006394,0.2246,0.0114,0.0,1.0726,0
app_0254,app_s006395,-0.1434,0.0245,0.0,-0.2681,0
app_0062,app_s006396,-0.8212,0.4926,0.0,-0.4642,0
app_0065,app_s006397,-4.3564,0.7596,1.0,5.0945,1
app_0220,app_s006398,-0.6049,0.0241,0.0,-0.4337,0
app_0241,app_s006399,0.3226,0.0008,0.0,1.1073,0
app_0326,app_s006400,-1.9196,0.0911,0.0,-0.3701,0
app_0253,app_s006401,1.0019,0.2888,0.0,0.7673,0
app_0208,app_s006402,-0.1429,0.71,0.0,-0.0003,0
app_0277,app_s006403,-0.1766,0.0534,0.0,-0.345,0
app_0080,app_s006404,1.2643,0.3267,0.0,0.4668,0
app_0374,app_s006405,-0.8568,0.0019,1.0,-0.3735,0
app_0081,app_s006406,-0.5696,0.0538,0.0,-0.4163,0
app_0257,app_s006407,-1.8362,0.0253,1.0,0.0218,0
app_0407,app_s006408,-0.7248,0.0113,0.0,0.2354,0
app_0384,app_s006409,-0.454,0.6012,0.0,-0.3924,0
app_0119,app_s006410,-0.7762,0.0059,0.0,-0.3412,0
app_0405,app_s006411,0.253,0.0549,1.0,-0.1321,0
app_0068,app_s006412,-0.0728,0.3541,0.0,-0.3632,0
app_0067,app_s006413,1.2552,0.2174,0.0,-0.3542,0
app_0411,app_s006414,1.5751,0.0408,0.0,-0.4225,0
app_0285,app_s006415,0.4505,0.4287,0.0,-0.3307,0
app_0421,app_s006416,0.7333,0.0179,0.0,-0.4618,0
app_0231,app_s006417,0.4922,0.0071,0.0,-0.2291,0
app_0378,app_s006418,-1.6984,0.0361,0.0,-0.3703,0
app_0311,app_s006419,-0.6446,0.1436,0.0,-0.3917,0
app_0191,app_s006420,-1.1283,0.0534,0.0,0.556,0
app_0047,app_s006421,-1.2306,0.8432,0.0,0.0403,0
app_0116,app_s006422,-0.8652,0.0354,0.0,-0.4315,0
app_0271,app_s006423,-0.63,0.3439,0.0,-0.4106,0
app_0049,app_s006424,1.2095,0.0316,0.0,-0.4545,0
app_0262,app_s006425,-0.6175,0.0553,0.0,-0.4632,0
app_0060,app_s006426,0.7773,0.5938,0.0,-0.387,0
app_0446,app_s006427,-0.0811,0.6396,0.0,2.5322,0
app_0435,app_s006428,0.2555,0.8114,0.0,-0.3538,0
app_0317,app_s006429,0.0423,0.2327,0.0,-0.2343,0
app_0139,app_s006430,1.2087,0.2923,0.0,-0.1139,0
app_0370,app_s006431,-0.5646,0.0962,0.0,0.272,0
app_0123,app_s006432,-0.8715,0.0075,0.0,-0.1207,0
app_0115,app_s006433,-1.5462,0.1036,0.0,1.2296,0
app_0442,app_s006434,0.71,0.2341,0.0,-0.3869,0
app_0337,app_s006435,-10.7807,0.626,1.0,1.1491,1
app_0370,app_s006436,-1.4101,0.6275,0.0,-0.2883,0
app_0213,app_s006437,-0.0774,0.021,0.0,-0.1341,0
app_0335,app_s006438,0.4486,0.0668,0.0,0.6493,0
app_0389,app_s006439,-0.7007,0.1223,0.0,1.5627,0
app_0328,app_s006440,-1.3235,0.0691,1.0,-0.4425,0
app_0219,app_s006441,-1.3136,0.6102,0.0,-0.1341,0
app_0104,app_s006442,-1.7898,0.0494,0.0,-0.3403,0
app_0068,app_s006443,2.1256,0.003,0.0,2.1852,0
app_0170,app_s006444,-0.0259,0.098,0.0,1.1356,0
app_0137,app_s006445,-1.2791,0.0433,0.0,0.6068,0
app_0233,app_s006446,-1.5595,0.0153,0.0,-0.4464,0
app_0276,app_s006447,-0.2511,0.0314,0.0,-0.3414,0
app_0132,app_s006448,-5.337,0.0217,1.0,2.5499,1
app_0148,app_s006449,0.2764,0.5807,0.0,-0.3263,0
app_0233,app_s006450,0.2023,0.2053,0.0,0.0442,0
app_0391,app_s006451,0.003,0.7993,1.0,-0.3273,0
app_0122,app_s006452,-1.0331,0.0651,0.0,-0.4652,0
app_0385,app_s006453,-1.7179,0.0336,0.0,-0.4233,0
app_0381,app_s006454,-0.735,0.0078,1.0,-0.2844,0
app_0407,app_s006455,0.3342,0.0074,0.0,-0.049,0
app_0394,app_s006456,-0.2474,0.3761,0.0,-0.2947,0
app_0150,app_s006457,-1.1237,0.0524,0.0,1.1436,0
app_0138,app_s006458,0.4246,0.0094,0.0,-0.2154,0
app_0050,app_s006459,-0.5038,0.0096,0.0,0.5169,0
app_0276,app_s006460,-0.1909,0.0611,1.0,-0.3964,0
app_0093,app_s006461,-0.5655,0.2337,0.0,-0.1941,0
app_0094,app_s006462,0.7857,0.3727,0.0,-0.2779,0
app_0202,app_s006463,1.0537,0.0762,0.0,-0.3508,0
app_0444,app_s006464,-0.4674,0.1608,0.0,-0.0035,0
app_0333,app_s006465,-1.0189,0.0863,0.0,-0.0112,0
app_0438,app_s006466,-0.7557,0.0678,0.0,-0.1825,0
app_0040,app_s006467,0.1015,0.0826,0.0,0.0783,0
app_0372,app_s006468,1.0853,0.3564,0.0,0.8617,0
app_0270,app_s006469,-0.3373,0.1016,0.0,-0.2782,0
app_0311,app_s006470,1.3973,0.6983,0.0,-0.4489,0
app_0235,app_s006471,-0.412,0.0357,0.0,-0.2317,0
app_0088,app_s006472,0.123,0.0232,0.0,-0.1912,0
app_0281,app_s006473,0.6791,0.0115,0.0,-0.4661,0
app_0346,app_s006474,-1.3513,0.0572,0.0,-0.3182,0
app_0251,app_s006475,0.6239,0.0045,0.0,-0.0824,0
app_0170,app_s006476,-0.0148,0.0063,0.0,-0.4347,0
app_0217,app_s006477,2.2047,0.0803,0.0,-0.2039,0
app_0343,app_s006478,-2.3454,0.0434,0.0,-0.2749,0
app_0028,app_s006479,-0.0096,0.4832,0.0,1.0008,0
app_0095,app_s006480,0.4642,0.032,0.0,-0.3978,0
app_0369,app_s006481,-0.6222,0.0283,0.0,-0.4175,0
app_0440,app_s006482,1.3366,0.7157,0.0,-0.3912,0
app_0092,app_s006483,1.2733,0.0622,0.0,0.105,0
app_0010,app_s006484,1.7161,0.3066,0.0,0.171,0
app_0360,app_s006485,-0.4466,0.7346,0.0,-0.3525,0
app_0445,app_s006486,1.1508,0.3043,0.0,-0.4211,0
app_0264,app_s006487,1.4138,0.0017,0.0,0.4484,0
app_0334,app_s006488,-0.5017,0.0551,0.0,-0.1788,0
app_0417,app_s006489,-0.3717,0.0887,0.0,-0.3438,0
app_0085,app_s006490,0.0843,0.0675,0.0,-0.4453,0
app_0262,app_s006491,0.4399,0.4856,0.0,1.4908,0
app_0295,app_s006492,-0.8106,0.0068,0.0,-0.2365,0
app_0094,app_s006493,-1.1097,0.3612,1.0,-0.3705,0
app_0258,app_s006494,0.0481,0.5572,0.0,-0.4544,0
app_0426,app_s006495,1.6006,0.0026,0.0,-0.4739,0
app_0322,app_s006496,-0.4791,0.0119,0.0,0.3741,0
app_0208,app_s006497,0.4199,0.118,0.0,0.3623,0
app_0007,app_s006498,-0.5786,0.0274,0.0,0.0937,0
app_0040,app_s006499,0.0849,0.3283,0.0,1.4979,0
app_0436,app_s006500,0.2446,0.6604,0.0,-0.1226,0
app_0198,app_s006501,-0.3807,0.0057,0.0,0.0831,0
app_0310,app_s006502,-1.0867,0.3573,1.0,0.8333,0
app_0129,app_s006503,0.6335,0.6891,0.0,-0.4401,0
app_0199,app_s006504,-4.6898,0.0303,1.0,1.923,1
app_0036,app_s006505,0.0982,0.6307,0.0,-0.4624,0
app_0058,app_s006506,2.4434,0.0169,0.0,2.2661,0
app_0330,app_s006507,30.0534,0.0061,1.0,5.8045,1
app_0337,app_s006508,0.0348,0.4432,0.0,-0.0035,0
app_0387,app_s006509,-0.1209,0.0271,0.0,-0.3331,0
app_0282,app_s006510,0.1518,0.0174,0.0,-0.3515,0
app_0081,app_s006511,-0.9991,0.0078,0.0,0.2212,0
app_0162,app_s006512,0.1474,0.7647,0.0,-0.3501,0
app_0433,app_s006513,0.2635,0.2691,0.0,-0.368,0
app_0288,app_s006514,0.1251,0.4663,0.0,-0.145,0
app_0240,app_s006515,0.5501,0.0336,0.0,-0.4417,0
app_0368,app_s006516,0.8462,0.1601,1.0,-0.2742,0
app_0218,app_s006517,-0.4949,0.0114,0.0,-0.2481,0
app_0369,app_s006518,-1.3435,0.746,0.0,-0.3955,0
app_0427,app_s006519,1.356,0.5933,0.0,-0.3342,0
app_0230,app_s006520,0.3768,0.1154,0.0,-0.0141,0
app_0258,app_s006521,-10.0169,0.8387,1.0,3.135,1
app_0163,app_s006522,0.6318,0.009,0.0,0.0334,0
app_0397,app_s006523,-10.7097,0.6669,1.0,3.7573,1
app_0181,app_s006524,0.8836,0.0281,0.0,-0.2242,0
app_0337,app_s006525,-1.4592,0.0045,0.0,0.6182,0
app_0437,app_s006526,-0.1894,0.6486,0.0,0.031,0
app_0438,app_s006527,-0.1923,0.0337,0.0,-0.3048,0
app_0043,app_s006528,0.6174,0.019,0.0,-0.2848,0
app_0164,app_s006529,-0.1692,0.0161,0.0,-0.1458,0
app_0251,app_s006530,1.3962,0.0313,0.0,-0.4399,0
app_0121,app_s006531,1.4119,0.0678,0.0,-0.4333,0
app_0026,app_s006532,0.2034,0.011,0.0,-0.4406,0
app_0417,app_s006533,-1.3694,0.4245,0.0,0.1331,0
app_0443,app_s006534,-0.9841,0.0185,0.0,0.3445,0
app_0439,app_s006535,1.0943,0.6954,0.0,-0.4472,0
app_0124,app_s006536,1.5425,0.2894,0.0,-0.3169,0
app_0251,app_s006537,0.3241,0.0519,0.0,1.3041,0
app_0428,app_s006538,-0.0755,0.3746,0.0,0.2097,0
app_0000,app_s006539,0.1504,0.0269,0.0,-0.3776,0
app_0291,app_s006540,0.53,0.0,0.0,0.8622,0
app_0379,app_s006541,-1.7642,0.0476,0.0,-0.4492,0
app_0089,app_s006542,0.3941,0.095,0.0,0.1625,0
app_0124,app_s006543,-0.7753,0.0509,1.0,2.5919,0
app_0126,app_s006544,-1.0491,0.1279,0.0,-0.2851,0
app_0343,app_s006545,-0.5303,0.4573,0.0,-0.2748,0
app_0267,app_s006546,-1.1548,0.7332,0.0,-0.0986,0
app_0084,app_s006547,-0.4879,0.0512,0.0,-0.4129,0
app_0091,app_s006548,2.5516,0.0899,0.0,-0.4219,0
app_0420,app_s006549,-0.6961,0.2569,0.0,-0.1916,0
app_0178,app_s006550,0.2751,0.0204,0.0,-0.3836,0
app_0215,app_s006551,-0.4851,0.0341,0.0,-0.422,0
app_0267,app_s006552,-0.6979,0.3492,0.0,-0.257,0
app_0265,app_s006553,1.0261,0.0418,1.0,-0.4092,0
app_0403,app_s006554,0.1958,0.0407,0.0,-0.4265,0
app_0288,app_s006555,0.654,0.4011,0.0,-0.3167,0
app_0022,app_s006556,-1.0094,0.0041,0.0,0.1909,0
app_0170,app_s006557,0.4095,0.0166,0.0,0.4836,0
app_0303,app_s006558,0.9451,0.2882,0.0,3.361,0
app_0245,app_s006559,0.3147,0.0293,0.0,-0.3411,0
app_0247,app_s006560,-0.9109,0.037,0.0,4.6729,0
app_0424,app_s006561,-0.2335,0.0692,0.0,0.048,0
app_0371,app_s006562,-1.2973,0.3545,0.0,0.432,0
app_0213,app_s006563,-1.0427,0.0239,0.0,0.6242,0
app_0145,app_s006564,-0.7034,0.0694,0.0,-0.4103,0
app_0412,app_s006565,-0.0086,0.0226,1.0,-0.1803,0
app_0127,app_s006566,-0.4482,0.0297,0.0,-0.3953,0
app_0288,app_s006567,-1.7506,0.0124,0.0,0.3152,0
app_0135,app_s006568,-0.1238,0.0147,0.0,0.6383,0
app_0174,app_s006569,-0.2167,0.0628,0.0,-0.3784,0
app_0157,app_s006570,1.3844,0.0795,0.0,-0.4271,0
app_0430,app_s006571,-1.2928,0.6039,0.0,-0.4829,0
app_0087,app_s006572,1.1816,0.2638,0.0,-0.3355,0
app_0429,app_s006573,0.0668,0.0465,0.0,-0.3797,0
app_0017,app_s006574,-10.1623,0.3649,1.0,2.7663,1
app_0365,app_s006575,-1.168,0.0968,1.0,-0.3797,0
app_0338,app_s006576,0.2555,0.0623,0.0,-0.42,0
app_0228,app_s006577,-0.2621,0.1887,0.0,-0.2754,0
app_0270,app_s006578,-2.1091,0.8163,0.0,-0.3074,0
app_0103,app_s006579,-0.1086,0.5183,0.0,-0.4551,0
app_0288,app_s006580,-0.7586,0.4673,0.0,-0.4209,0
app_0161,app_s006581,0.4617,0.0047,0.0,-0.4299,0
app_0279,app_s006582,1.614,0.5955,0.0,0.3658,0
app_0363,app_s006583,2.1131,0.0605,1.0,-0.3356,0
app_0189,app_s006584,19.0702,0.0105,1.0,1.5308,1
app_0247,app_s006585,-0.8956,0.5237,1.0,-0.1596,0
app_0271,app_s006586,0.1542,0.5547,0.0,1.9724,0
app_0332,app_s006587,0.4812,0.2258,0.0,-0.3015,0
app_0315,app_s006588,-0.1735,0.0296,0.0,-0.2857,0
app_0226,app_s006589,0.1155,0.0168,0.0,-0.3659,0
app_0197,app_s006590,-0.5108,0.0067,0.0,-0.3183,0
app_0172,app_s006591,0.0035,0.0268,0.0,-0.3618,0
app_0232,app_s006592,2.2326,0.7807,0.0,-0.4481,0
app_0141,app_s006593,-0.7755,0.1222,0.0,0.5803,0
app_0133,app_s006594,-1.5812,0.0423,0.0,-0.0459,0
app_0319,app_s006595,31.3866,0.2186,0.0,1.1954,1
app_0010,app_s006596,-0.5346,0.0366,0.0,0.0685,0
app_0141,app_s006597,-0.2043,0.1221,0.0,-0.3129,0
app_0290,app_s006598,0.2689,0.0871,0.0,1.6586,0
app_0256,app_s006599,-0.4017,0.0714,0.0,-0.3886,0
app_0280,app_s006600,-0.0516,0.5896,0.0,-0.359,0
app_0250,app_s006601,0.5388,0.0724,0.0,-0.4361,0
app_0398,app_s006602,1.3506,0.3548,0.0,-0.0015,0
app_0319,app_s006603,2.0029,0.5102,0.0,-0.005,0
app_0022,app_s006604,0.3586,0.5801,0.0,-0.4133,0
app_0061,app_s006605,0.1749,0.0739,0.0,1.9435,0
app_0425,app_s006606,0.6125,0.0601,0.0,-0.3871,0
app_0331,app_s006607,1.0805,0.8278,0.0,0.5236,0
app_0171,app_s006608,0.4597,0.6124,0.0,-0.0301,0
app_0402,app_s006609,0.1914,0.0157,0.0,-0.2851,0
app_0443,app_s006610,-0.6679,0.0525,0.0,-0.4658,0
app_0439,app_s006611,1.3407,0.0127,0.0,-0.2989,0
app_0169,app_s006612,1.052,0.3561,0.0,0.0343,0
app_0341,app_s006613,-1.1196,0.8035,0.0,-0.318,0
app_0148,app_s006614,-0.4057,0.1764,0.0,-0.415,0
app_0341,app_s006615,-0.1729,0.2514,0.0,1.8569,0
app_0358,app_s006616,-0.4511,0.3463,0.0,-0.2061,0
app_0428,app_s006617,32.8498,0.8202,1.0,0.6095,1
app_0363,app_s006618,-0.8833,0.0844,0.0,-0.3714,0
app_0098,app_s006619,-0.6395,0.0389,0.0,0.0583,0
app_0385,app_s006620,1.64,0.0437,0.0,0.0248,0
app_0381,app_s006621,-4.36,0.5884,1.0,4.2289,1
app_0220,app_s006622,0.1407,0.1338,0.0,0.1554,0
app_0151,app_s006623,-1.1002,0.0463,0.0,-0.4618,0
app_0247,app_s006624,1.1194,0.0101,0.0,-0.1775,0
app_0271,app_s006625,-1.6792,0.0295,0.0,-0.1254,0
app_0310,app_s006626,-0.866,0.6445,0.0,-0.4464,0
app_0140,app_s006627,0.0266,0.6195,0.0,-0.2786,0
app_0142,app_s006628,0.4029,0.02,0.0,1.8429,0
app_0304,app_s006629,-2.5585,0.0073,0.0,-0.2565,0
app_0385,app_s006630,-0.5104,0.6521,1.0,-0.4375,0
app_0448,app_s006631,-1.549,0.4247,0.0,-0.4696,0
app_0133,app_s006632,-0.6181,0.0222,0.0,-0.4305,0
app_0198,app_s006633,0.8845,0.0328,0.0,1.067,0
app_0180,app_s006634,0.2078,0.0077,0.0,-0.3115,0
app_0083,app_s006635,-2.1048,0.0647,0.0,-0.2478,0
app_0143,app_s006636,0.4344,0.0507,0.0,-0.0828,0
app_0314,app_s006637,0.2194,0.444,1.0,1.3641,0
app_0415,app_s006638,-1.0665,0.0192,0.0,-0.3575,0
app_0381,app_s006639,-3.0898,0.5766,0.0,-0.3195,0
app_0019,app_s006640,0.1742,0.0082,0.0,-0.2506,0
app_0327,app_s006641,-1.1108,0.4252,0.0,-0.3936,0
app_0125,app_s006642,0.0334,0.0732,0.0,-0.412,0
app_0398,app_s006643,0.8708,0.0397,0.0,-0.4419,0
app_0123,app_s006644,0.3296,0.3261,0.0,1.5903,0
app_0248,app_s006645,1.0578,0.6047,0.0,0.0196,0
app_0104,app_s006646,-0.7934,0.0156,1.0,-0.0624,0
app_0147,app_s006647,-0.4903,0.7058,0.0,1.7606,0
app_0345,app_s006648,2.4751,0.7514,0.0,-0.4354,0
app_0121,app_s006649,-0.3332,0.064,0.0,0.3974,0
app_0153,app_s006650,0.6116,0.0086,1.0,-0.3571,0
app_0258,app_s006651,0.2623,0.1787,0.0,-0.1578,0
app_0045,app_s006652,-0.92,0.0124,1.0,-0.448,0
app_0097,app_s006653,0.8877,0.0993,0.0,-0.3481,0
app_0004,app_s006654,1.7498,0.027,0.0,-0.4497,0
app_0112,app_s006655,1.4189,0.1967,0.0,-0.4617,0
app_0270,app_s006656,-2.8062,0.1463,0.0,-0.4371,0
app_0073,app_s006657,0.2751,0.1925,0.0,2.0148,0
app_0407,app_s006658,-0.0462,0.8374,0.0,21.0318,0
app_0260,app_s006659,-0.4719,0.7232,1.0,-0.3319,0
app_0423,app_s006660,1.4646,0.0145,0.0,0.3696,0
app_0180,app_s006661,-0.9473,0.1094,0.0,0.5673,0
app_0252,app_s006662,-1.7216,0.0344,1.0,0.4776,0
app_0416,app_s006663,0.3737,0.0714,0.0,0.4211,0
app_0084,app_s006664,-0.8131,0.0074,0.0,-0.4192,0
app_0124,app_s006665,0.3223,0.1151,0.0,-0.2901,0
app_0410,app_s006666,0.5576,0.0114,0.0,-0.3167,0
app_0218,app_s006667,1.8035,0.0007,0.0,-0.0218,0
app_0242,app_s006668,-0.5811,0.0508,0.0,-0.3105,0
app_0355,app_s006669,1.2879,0.0006,0.0,1.1757,0
app_0078,app_s006670,-1.1769,0.0,0.0,0.002,0
app_0410,app_s006671,-11.9491,0.687,1.0,5.5016,1
app_0304,app_s006672,-0.2252,0.2863,1.0,0.1082,0
app_0370,app_s006673,-0.7156,0.5,0.0,0.5483,0
app_0170,app_s006674,-0.1089,0.1558,0.0,0.0102,0
app_0249,app_s006675,-11.3447,0.8203,0.0,1.6052,1
app_0255,app_s006676,-0.355,0.1158,0.0,-0.3682,0
app_0245,app_s006677,1.0991,0.0517,0.0,-0.3164,0
app_0065,app_s006678,1.5581,0.7183,0.0,-0.2203,0
app_0278,app_s006679,0.758,0.0513,0.0,0.9823,0
app_0095,app_s006680,0.5196,0.0323,0.0,-0.4319,0
app_0409,app_s006681,0.6795,0.547,0.0,-0.2643,0
app_0303,app_s006682,-1.1507,0.5528,0.0,-0.3803,0
app_0417,app_s006683,-0.5847,0.4064,0.0,-0.2535,0
app_0349,app_s006684,0.746,0.5517,0.0,-0.0811,0
app_0396,app_s006685,-0.9913,0.6814,0.0,0.3719,0
app_0265,app_s006686,-1.1009,0.101,0.0,-0.2667,0
app_0041,app_s006687,-1.2363,0.0017,0.0,-0.076,0
app_0020,app_s006688,-0.8935,0.8823,1.0,2.5134,0
app_0309,app_s006689,1.3579,0.0319,1.0,-0.0945,0
app_0255,app_s006690,0.4755,0.1325,0.0,0.0211,0
app_0220,app_s006691,9.2011,0.8535,1.0,1.3477,1
app_0045,app_s006692,-0.2761,0.4953,0.0,-0.1351,0
app_0050,app_s006693,1.9446,0.2231,0.0,-0.3554,0
app_0096,app_s006694,-0.5418,0.0789,0.0,-0.1894,0
app_0277,app_s006695,-2.2545,0.0591,0.0,-0.4791,0
app_0199,app_s006696,-1.8094,0.4275,0.0,-0.0356,0
app_0265,app_s006697,1.299,0.051,0.0,0.1677,0
app_0049,app_s006698,0.4634,0.2141,1.0,0.0042,0
app_0196,app_s006699,0.7931,0.0728,0.0,0.6584,0
app_0157,app_s006700,-0.1115,0.336,0.0,-0.4118,0
app_0186,app_s006701,-0.7902,0.6417,0.0,-0.3711,0
app_0268,app_s006702,0.935,0.8289,0.0,-0.4632,0
app_0311,app_s006703,1.801,0.5647,0.0,-0.4609,0
app_0000,app_s006704,2.5265,0.8208,0.0,-0.3278,0
app_0280,app_s006705,-1.1382,0.1185,0.0,-0.2896,0
app_0384,app_s006706,-0.5612,0.0932,0.0,-0.1779,0
app_0125,app_s006707,-0.4707,0.0401,0.0,-0.3277,0
app_0268,app_s006708,0.9102,0.4297,0.0,-0.4219,0
app_0235,app_s006709,-0.0294,0.0848,0.0,-0.3608,0
app_0314,app_s006710,-1.0271,0.4597,0.0,-0.415,0
app_0323,app_s006711,-0.1434,0.1513,0.0,-0.2226,0
app_0133,app_s006712,-0.6763,0.0605,0.0,-0.2477,0
app_0292,app_s006713,0.1409,0.1307,0.0,1.0677,0
app_0037,app_s006714,-1.7657,0.0064,0.0,-0.4521,0
app_0368,app_s006715,0.2504,0.0341,0.0,-0.2816,0
app_0173,app_s006716,-0.4938,0.0931,0.0,-0.3637,0
app_0201,app_s006717,1.1538,0.0223,0.0,-0.267,0
app_0123,app_s006718,0.6314,0.0933,0.0,-0.0858,0
app_0428,app_s006719,-0.297,0.064,0.0,0.1056,0
app_0347,app_s006720,1.5798,0.0094,0.0,-0.406,0
app_0032,app_s006721,0.7502,0.4322,0.0,-0.0334,0
app_0030,app_s006722,-0.5524,0.3078,0.0,-0.2389,0
app_0231,app_s006723,2.4189,0.0234,1.0,-0.1433,0
app_0395,app_s006724,0.0497,0.1324,0.0,18.6649,0
app_0054,app_s006725,-0.5215,0.0239,0.0,-0.4136,0
app_0337,app_s006726,-0.5209,0.0795,0.0,0.133,0
app_0040,app_s006727,0.0405,0.6367,0.0,-0.421,0
app_0425,app_s006728,-1.8296,0.2787,0.0,0.1801,0
app_0232,app_s006729,-0.2974,0.1446,1.0,-0.4068,0
app_0306,app_s006730,-0.9017,0.0659,0.0,1.2702,0
app_0274,app_s006731,-0.6853,0.0629,0.0,-0.2318,0
app_0045,app_s006732,-0.4765,0.5794,0.0,0.2754,0
app_0243,app_s006733,-0.5844,0.0278,0.0,-0.4014,0
app_0307,app_s006734,-1.3702,0.6181,0.0,-0.2263,0
app_0326,app_s006735,-0.5722,0.1965,0.0,0.0713,0
app_0437,app_s006736,-0.4045,0.0319,0.0,-0.4379,0
app_0266,app_s006737,1.086,0.0068,0.0,-0.1909,0
app_0404,app_s006738,1.0676,0.1366,0.0,2.0506,0
app_0309,app_s006739,-1.0699,0.0122,0.0,0.2556,0
app_0089,app_s006740,-0.3807,0.0509,0.0,0.2742,0
app_0179,app_s006741,-0.5521,0.0224,0.0,-0.1703,0
app_0163,app_s006742,-1.3438,0.0159,0.0,-0.2731,0
app_0004,app_s006743,0.924,0.1937,1.0,0.7928,0
app_0338,app_s006744,0.4083,0.0851,0.0,-0.2106,0
app_0416,app_s006745,0.0923,0.6187,0.0,-0.0133,0
app_0237,app_s006746,-1.2219,0.6566,0.0,-0.2975,0
app_0080,app_s006747,-0.8273,0.0551,1.0,0.0373,0
app_0350,app_s006748,-0.3609,0.1118,0.0,-0.1759,0
app_0245,app_s006749,-2.1185,0.1025,0.0,-0.4659,0
app_0216,app_s006750,-0.1909,0.016,1.0,2.1586,0
app_0307,app_s006751,0.2835,0.0867,0.0,-0.2282,0
app_0285,app_s006752,1.9041,0.0417,0.0,0.1381,0
app_0341,app_s006753,-0.1691,0.0197,0.0,0.2282,0
app_0289,app_s006754,-0.5048,0.0307,0.0,-0.3759,0
app_0319,app_s006755,-0.3354,0.1726,0.0,-0.4357,0
app_0280,app_s006756,0.0824,0.0473,0.0,-0.1,0
app_0215,app_s006757,-0.0982,0.0577,0.0,-0.3735,0
app_0155,app_s006758,1.3817,0.1479,0.0,-0.3012,0
app_0131,app_s006759,0.1172,0.3204,0.0,-0.3678,0
app_0282,app_s006760,1.0938,0.7047,0.0,-0.3432,0
app_0200,app_s006761,-0.2673,0.1261,0.0,-0.437,0
app_0057,app_s006762,0.8058,0.4028,0.0,0.0192,0
app_0388,app_s006763,0.4404,0.0192,0.0,-0.4663,0
app_0112,app_s006764,-1.1454,0.0305,0.0,0.2321,0
app_0059,app_s006765,0.551,0.1875,1.0,-0.2327,0
app_0127,app_s006766,-0.08,0.3316,0.0,0.2666,0
app_0344,app_s006767,-0.8664,0.0536,0.0,-0.415,0
app_0141,app_s006768,0.7825,0.0441,0.0,-0.4369,0
app_0052,app_s006769,-1.2662,0.0442,1.0,-0.3962,0
app_0069,app_s006770,0.8644,0.4991,0.0,-0.451,0
app_0208,app_s006771,1.2685,0.0203,0.0,0.4891,0
app_0276,app_s006772,-1.4231,0.13,1.0,-0.4742,0
app_0105,app_s006773,1.5827,0.0961,0.0,-0.2879,0
app_0165,app_s006774,1.0768,0.6192,0.0,0.3606,0
app_0073,app_s006775,0.7781,0.0671,0.0,-0.303,0
app_0102,app_s006776,1.6925,0.6287,0.0,-0.2115,0
app_0391,app_s006777,-0.1259,0.3308,0.0,-0.4038,0
app_0026,app_s006778,1.2531,0.124,0.0,-0.2567,0
app_0204,app_s006779,1.3516,0.0664,0.0,-0.32,0
app_0062,app_s006780,-0.198,0.0378,0.0,-0.441,0
app_0335,app_s006781,0.0705,0.057,0.0,-0.2656,0
app_0249,app_s006782,-0.1876,0.7037,1.0,2.9455,0
app_0338,app_s006783,-0.292,0.0208,0.0,-0.1844,0
app_0344,app_s006784,1.0245,0.0071,1.0,0.3676,0
app_0119,app_s006785,2.3641,0.4554,0.0,-0.3928,0
app_0091,app_s006786,0.4519,0.0063,0.0,0.0638,0
app_0331,app_s006787,-0.1034,0.3546,1.0,-0.389,0
app_0421,app_s006788,-15.4777,0.6606,1.0,4.969,1
app_0351,app_s006789,-0.3915,0.0193,0.0,-0.3744,0
app_0327,app_s006790,1.7744,0.0906,0.0,-0.4329,0
app_0370,app_s006791,-0.649,0.1191,0.0,0.8262,0
app_0298,app_s006792,0.7976,0.4872,0.0,-0.449,0
app_0060,app_s006793,-1.8933,0.7027,0.0,-0.4179,0
app_0081,app_s006794,1.2474,0.0135,0.0,-0.4806,0
app_0179,app_s006795,0.1707,0.0144,0.0,-0.4469,0
app_0249,app_s006796,-0.1556,0.6043,0.0,-0.2484,0
app_0111,app_s006797,-0.0458,0.1551,0.0,-0.4072,0
app_0280,app_s006798,0.3182,0.124,0.0,8.2537,0
app_0292,app_s006799,0.2445,0.249,0.0,0.0802,0
app_0194,app_s006800,-0.1816,0.0027,1.0,-0.298,0
app_0297,app_s006801,-0.4479,0.101,0.0,-0.4535,0
app_0129,app_s006802,1.7879,0.1389,0.0,-0.4354,0
app_0416,app_s006803,0.0993,0.0968,0.0,-0.0777,0
app_0025,app_s006804,-0.2045,0.3904,0.0,-0.3809,0
app_0250,app_s006805,-9.6673,0.63,1.0,1.2922,1
app_0360,app_s006806,-0.3317,0.7902,0.0,-0.3923,0
app_0429,app_s006807,-1.4919,0.0165,0.0,0.8744,0
app_0379,app_s006808,0.892,0.0498,0.0,-0.364,0
app_0294,app_s006809,-0.4667,0.0581,0.0,0.3546,0
app_0005,app_s006810,-0.6634,0.1048,0.0,-0.43,0
app_0387,app_s006811,-0.3105,0.0535,0.0,-0.3276,0
app_0150,app_s006812,0.5986,0.1613,0.0,-0.2431,0
app_0038,app_s006813,-0.1452,0.1331,0.0,-0.409,0
app_0188,app_s006814,-0.8211,0.7711,0.0,-0.4114,0
app_0043,app_s006815,0.1941,0.0258,1.0,-0.1345,0
app_0311,app_s006816,0.3263,0.0024,0.0,-0.1463,0
app_0318,app_s006817,0.1068,0.1786,0.0,-0.3833,0
app_0255,app_s006818,-0.0838,0.0477,1.0,-0.4034,0
app_0308,app_s006819,-0.1007,0.0058,0.0,-0.276,0
app_0192,app_s006820,-0.6556,0.3035,0.0,-0.4392,0
app_0340,app_s006821,1.9244,0.0193,0.0,-0.4115,0
app_0322,app_s006822,-1.9421,0.0198,0.0,-0.3883,0
app_0357,app_s006823,-1.7948,0.631,0.0,-0.2756,0
app_0032,app_s006824,-1.094,0.0118,1.0,-0.4386,0
app_0265,app_s006825,1.2774,0.0009,0.0,-0.1891,0
app_0144,app_s006826,0.925,0.0066,0.0,0.0864,0
app_0153,app_s006827,1.9394,0.0141,0.0,0.8225,0
app_0228,app_s006828,0.8731,0.0971,0.0,-0.329,0
app_0439,app_s006829,1.5683,0.0055,0.0,1.5752,0
app_0276,app_s006830,-1.3683,0.1472,0.0,-0.0387,0
app_0142,app_s006831,1.3686,0.0017,0.0,-0.3787,0
app_0079,app_s006832,-0.6754,0.1379,0.0,-0.4395,0
app_0292,app_s006833,-1.3921,0.0236,0.0,-0.3077,0
app_0124,app_s006834,1.4792,0.0071,0.0,-0.4217,0
app_0442,app_s006835,-0.8076,0.207,1.0,-0.1258,0
app_0194,app_s006836,0.3566,0.172,0.0,-0.0423,0
app_0406,app_s006837,-0.188,0.2347,0.0,-0.2059,0
app_0397,app_s006838,1.0514,0.0153,0.0,-0.0261,0
app_0410,app_s006839,0.2199,0.0176,0.0,-0.2444,0
app_0085,app_s006840,0.881,0.3258,0.0,-0.3798,0
app_0111,app_s006841,2.6393,0.5496,0.0,0.2102,0
app_0404,app_s006842,0.3062,0.0533,0.0,-0.14,0
app_0359,app_s006843,-2.0273,0.88,0.0,-0.0907,0
app_0211,app_s006844,-0.4463,0.1805,0.0,0.5784,0
app_0265,app_s006845,0.6188,0.0069,0.0,-0.4086,0
app_0355,app_s006846,-0.4557,0.0739,0.0,-0.1713,0
app_0276,app_s006847,-1.2635,0.7022,0.0,-0.4324,0
app_0103,app_s006848,0.6481,0.0485,0.0,-0.3296,0
app_0298,app_s006849,-0.3985,0.1176,0.0,-0.248,0
app_0054,app_s006850,-0.3483,0.6803,0.0,-0.4756,0
app_0019,app_s006851,2.756,0.006,0.0,-0.4328,0
app_0172,app_s006852,-1.3301,0.5245,1.0,-0.3992,0
app_0222,app_s006853,0.4738,0.1723,1.0,-0.4676,0
app_0159,app_s006854,0.5956,0.0433,0.0,0.0105,0
app_0423,app_s006855,0.43,0.5512,1.0,-0.4194,0
app_0088,app_s006856,-0.7326,0.0658,0.0,-0.2642,0
app_0394,app_s006857,0.9616,0.3194,0.0,-0.1687,0
app_0080,app_s006858,0.7827,0.0294,0.0,-0.4677,0
app_0286,app_s006859,-0.1404,0.0395,1.0,-0.3397,0
app_0005,app_s006860,-1.1156,0.0383,1.0,-0.1654,0
app_0201,app_s006861,-1.0983,0.0154,0.0,-0.4084,0
app_0264,app_s006862,0.2357,0.0771,1.0,-0.4441,0
app_0280,app_s006863,1.247,0.5087,0.0,-0.3199,0
app_0129,app_s006864,21.4789,0.6759,1.0,1.041,1
app_0220,app_s006865,1.9879,0.0591,0.0,-0.2231,0
app_0367,app_s006866,-0.3698,0.0055,0.0,0.006,0
app_0024,app_s006867,-9.7403,0.1617,1.0,1.6945,1
app_0114,app_s006868,-1.6012,0.0879,0.0,2.2083,0
app_0046,app_s006869,0.3239,0.5175,1.0,-0.0077,0
app_0300,app_s006870,1.3743,0.5885,0.0,-0.3204,0
app_0203,app_s006871,-0.2573,0.836,0.0,-0.399,0
app_0360,app_s006872,-0.0012,0.1072,1.0,-0.4107,0
app_0190,app_s006873,0.0611,0.0516,0.0,0.2053,0
app_0364,app_s006874,-0.9011,0.0527,0.0,-0.1025,0
app_0045,app_s006875,-0.9049,0.5687,0.0,0.9521,0
app_0431,app_s006876,-0.9608,0.6147,0.0,-0.2829,0
app_0132,app_s006877,0.7452,0.5535,0.0,-0.1854,0
app_0180,app_s006878,2.1428,0.3101,0.0,-0.357,0
app_0241,app_s006879,-0.5714,0.066,0.0,1.8753,0
app_0074,app_s006880,-1.1356,0.7459,0.0,-0.3365,0
app_0119,app_s006881,1.077,0.0194,0.0,-0.3134,0
app_0148,app_s006882,-0.3098,0.0796,0.0,-0.4345,0
app_0376,app_s006883,1.1861,0.3868,0.0,-0.4161,0
app_0217,app_s006884,-0.8035,0.0233,0.0,0.3969,0
app_0431,app_s006885,-0.6517,0.049,1.0,-0.0603,0
app_0101,app_s006886,-0.8429,0.0241,0.0,3.6652,0
app_0123,app_s006887,-1.2762,0.0613,1.0,-0.41,0
app_0132,app_s006888,0.0503,0.0734,0.0,-0.4574,0
app_0125,app_s006889,-0.5497,0.36,0.0,0.5831,0
app_0307,app_s006890,1.0554,0.0487,1.0,-0.3027,0
app_0220,app_s006891,0.99,0.4803,0.0,-0.3579,0
app_0155,app_s006892,-0.5477,0.4032,0.0,-0.4008,0
app_0370,app_s006893,-1.4513,0.0301,0.0,-0.3536,0
app_0256,app_s006894,-1.5755,0.3451,1.0,-0.0791,0
app_0161,app_s006895,0.8475,0.0598,0.0,-0.068,0
app_0387,app_s006896,-0.0287,0.1543,0.0,-0.3862,0
app_0024,app_s006897,2.2064,0.03,0.0,-0.0561,0
app_0090,app_s006898,-1.0648,0.1748,0.0,3.2598,0
app_0329,app_s006899,0.7052,0.2397,0.0,-0.2877,0
app_0030,app_s006900,10.596,0.0372,1.0,11.3496,1
app_0018,app_s006901,-4.4423,0.623,0.0,2.6889,1
app_0350,app_s006902,-0.8544,0.5655,0.0,-0.2621,0
app_0170,app_s006903,-0.6469,0.0099,0.0,-0.3825,0
app_0127,app_s006904,-0.7293,0.0224,0.0,-0.2442,0
app_0116,app_s006905,-0.524,0.0145,0.0,-0.3919,0
app_0091,app_s006906,0.8965,0.0628,0.0,-0.4392,0
app_0008,app_s006907,0.3688,0.0735,0.0,-0.2081,0
app_0310,app_s006908,1.3382,0.0154,0.0,-0.4079,0
app_0424,app_s006909,-0.8987,0.0557,1.0,-0.4473,0
app_0001,app_s006910,0.3075,0.0808,0.0,-0.3041,0
app_0006,app_s006911,1.0722,0.2215,0.0,-0.1213,0
app_0317,app_s006912,0.3058,0.0747,0.0,-0.462,0
app_0233,app_s006913,0.8351,0.4082,0.0,-0.0867,0
app_0154,app_s006914,-1.5153,0.0165,0.0,-0.1336,0
app_0332,app_s006915,1.3407,0.0057,0.0,-0.2484,0
app_0245,app_s006916,-0.6383,0.4378,0.0,0.6095,0
app_0013,app_s006917,-0.109,0.103,0.0,-0.2958,0
app_0317,app_s006918,0.9569,0.5011,0.0,-0.1547,0
app_0065,app_s006919,-0.6679,0.1267,0.0,-0.3375,0
app_0329,app_s006920,-0.8622,0.2831,0.0,-0.3211,0
app_0040,app_s006921,1.9322,0.0192,1.0,-0.4506,0
app_0347,app_s006922,-0.0347,0.0558,0.0,1.828,0
app_0244,app_s006923,-0.2971,0.0357,0.0,-0.1233,0
app_0314,app_s006924,-1.0914,0.1144,0.0,-0.4748,0
app_0219,app_s006925,0.9439,0.0509,0.0,0.4696,0
app_0109,app_s006926,0.4607,0.0267,0.0,0.7457,0
app_0397,app_s006927,-1.2034,0.1179,0.0,0.2643,0
app_0329,app_s006928,0.4896,0.0235,0.0,-0.3679,0
app_0200,app_s006929,0.665,0.5801,0.0,-0.3902,0
app_0255,app_s006930,0.4724,0.1354,0.0,0.4065,0
app_0298,app_s006931,-0.0563,0.0397,0.0,-0.245,0
app_0421,app_s006932,-1.2402,0.0758,0.0,-0.3768,0
app_0282,app_s006933,-0.7354,0.0116,0.0,-0.4515,0
app_0402,app_s006934,-0.9352,0.1244,0.0,0.275,0
app_0102,app_s006935,-0.6534,0.4577,0.0,-0.3799,0
app_0286,app_s006936,0.6566,0.3028,0.0,-0.423,0
app_0370,app_s006937,-0.3697,0.3733,0.0,0.662,0
app_0163,app_s006938,-0.345,0.3764,0.0,-0.3221,0
app_0183,app_s006939,0.2743,0.0227,0.0,-0.2677,0
app_0030,app_s006940,1.1668,0.0593,0.0,-0.306,0
app_0361,app_s006941,-0.1344,0.0757,0.0,-0.0917,0
app_0164,app_s006942,-0.4753,0.5577,0.0,-0.1615,0
app_0384,app_s006943,0.686,0.0528,0.0,0.0367,0
app_0317,app_s006944,-0.5071,0.4853,0.0,2.3341,0
app_0081,app_s006945,-0.2879,0.0216,1.0,-0.2784,0
app_0149,app_s006946,0.3898,0.5555,1.0,-0.427,0
app_0445,app_s006947,-1.8021,0.3888,1.0,-0.1341,0
app_0002,app_s006948,-0.233,0.0139,0.0,1.2811,0
app_0447,app_s006949,-0.4151,0.6177,0.0,-0.0062,0
app_0379,app_s006950,0.0374,0.0767,0.0,-0.2725,0
app_0072,app_s006951,-0.8845,0.006,1.0,-0.3261,0
app_0215,app_s006952,1.1047,0.0003,1.0,-0.1603,0
app_0096,app_s006953,-0.2693,0.0057,0.0,-0.3651,0
app_0322,app_s006954,-0.4278,0.1158,0.0,-0.0574,0
app_0280,app_s006955,-2.0487,0.0933,0.0,-0.3376,0
app_0223,app_s006956,-1.1753,0.0898,0.0,-0.4233,0
app_0333,app_s006957,0.1439,0.0003,0.0,-0.3767,0
app_0363,app_s006958,-0.3904,0.0702,0.0,-0.4688,0
app_0334,app_s006959,1.4571,0.0704,0.0,-0.4704,0
app_0142,app_s006960,-0.1167,0.8154,0.0,0.5676,0
app_0182,app_s006961,-1.3031,0.558,0.0,-0.3929,0
app_0274,app_s006962,1.0413,0.4814,0.0,-0.3343,0
app_0121,app_s006963,0.4936,0.0123,0.0,-0.3733,0
app_0286,app_s006964,0.461,0.5294,0.0,0.4954,0
app_0018,app_s006965,0.713,0.4579,0.0,-0.3905,0
app_0121,app_s006966,-8.7098,0.5575,0.0,2.8373,1
app_0296,app_s006967,0.0061,0.0648,1.0,0.9193,0
app_0259,app_s006968,0.4405,0.0675,1.0,-0.4491,0
app_0012,app_s006969,0.3008,0.4815,0.0,-0.1103,0
app_0247,app_s006970,0.5633,0.0825,0.0,0.2531,0
app_0222,app_s006971,0.5646,0.019,0.0,-0.4453,0
app_0402,app_s006972,-0.1946,0.031,0.0,1.1088,0
app_0087,app_s006973,0.8837,0.0097,0.0,-0.0232,0
app_0194,app_s006974,-0.9936,0.1073,0.0,-0.4653,0
app_0264,app_s006975,0.1239,0.3761,0.0,3.1213,0
app_0331,app_s006976,-0.5792,0.6335,0.0,0.2395,0
app_0332,app_s006977,-0.0755,0.0031,0.0,-0.2927,0
app_0362,app_s006978,-0.6961,0.2424,0.0,-0.0167,0
app_0228,app_s006979,0.6563,0.0034,0.0,-0.3274,0
app_0093,app_s006980,0.6942,0.101,0.0,-0.1854,0
app_0249,app_s006981,0.7156,0.067,0.0,0.7282,0
app_0009,app_s006982,-0.4099,0.4689,0.0,2.1031,0
app_0213,app_s006983,-0.141,0.4758,0.0,-0.0233,0
app_0280,app_s006984,1.37,0.1186,0.0,-0.3732,0
app_0148,app_s006985,-1.6806,0.078,1.0,0.2287,0
app_0161,app_s006986,-2.5132,0.1256,0.0,-0.2178,0
app_0141,app_s006987,-0.3005,0.2035,1.0,1.0526,0
app_0238,app_s006988,1.4707,0.5529,0.0,0.1757,0
app_0015,app_s006989,0.8456,0.0015,0.0,-0.1933,0
app_0376,app_s006990,0.1718,0.3123,0.0,-0.355,0
app_0201,app_s006991,0.6875,0.0556,0.0,-0.4586,0
app_0171,app_s006992,-1.9935,0.0932,0.0,-0.4613,0
app_0178,app_s006993,0.7547,0.1109,0.0,16.0798,0
app_0039,app_s006994,0.0719,0.1051,1.0,-0.2698,0
app_0106,app_s006995,-0.148,0.0032,1.0,-0.1524,0
app_0278,app_s006996,-0.8901,0.0334,0.0,-0.2444,0
app_0252,app_s006997,0.4038,0.0241,0.0,-0.4255,0
app_0449,app_s006998,1.3697,0.8558,0.0,0.1774,0
app_0026,app_s006999,1.1686,0.1265,0.0,-0.4257,0
app_0039,app_s007000,1.6764,0.0027,1.0,-0.4584,0
app_0109,app_s007001,-0.1268,0.8123,0.0,-0.4403,0
app_0265,app_s007002,0.6672,0.0911,0.0,-0.3766,0
app_0414,app_s007003,2.0446,0.0514,1.0,-0.2196,0
app_0072,app_s007004,0.4961,0.0746,0.0,-0.421,0
app_0222,app_s007005,-1.438,0.3653,0.0,-0.3631,0
app_0387,app_s007006,-1.8588,0.0223,0.0,4.1725,0
app_0346,app_s007007,0.0341,0.3901,0.0,-0.3849,0
app_0010,app_s007008,-0.1076,0.7161,0.0,-0.2551,0
app_0140,app_s007009,-1.2224,0.2346,0.0,-0.3329,0
app_0318,app_s007010,0.5885,0.3021,0.0,-0.4311,0
app_0346,app_s007011,-0.4386,0.3937,0.0,-0.2635,0
app_0439,app_s007012,-1.1891,0.1009,0.0,-0.4395,0
app_0134,app_s007013,-0.1926,0.3224,0.0,-0.3155,0
app_0258,app_s007014,-0.4923,0.1267,1.0,-0.415,0
app_0022,app_s007015,0.5766,0.0446,1.0,2.3313,0
app_0073,app_s007016,-0.8692,0.0273,0.0,-0.405,0
app_0414,app_s007017,-1.09,0.7446,0.0,-0.2863,0
app_0156,app_s007018,1.217,0.0,1.0,-0.4026,0
app_0281,app_s007019,1.7767,0.3653,0.0,0.5984,0
app_0227,app_s007020,-1.182,0.0502,0.0,-0.4148,0
app_0356,app_s007021,1.2544,0.75,0.0,-0.3523,0
app_0015,app_s007022,-0.6818,0.0051,0.0,0.8464,0
app_0259,app_s007023,-0.5424,0.0223,0.0,-0.3903,0
app_0250,app_s007024,-1.6447,0.0327,0.0,0.1344,0
app_0082,app_s007025,-0.2698,0.0491,0.0,-0.3768,0
app_0340,app_s007026,0.81,0.0169,0.0,-0.4019,0
app_0403,app_s007027,0.5641,0.0299,0.0,0.2398,0
app_0175,app_s007028,0.0648,0.0373,0.0,-0.4778,0
app_0159,app_s007029,0.4006,0.5004,0.0,-0.1095,0
app_0123,app_s007030,1.3859,0.0335,0.0,-0.4333,0
app_0049,app_s007031,-0.6425,0.0584,0.0,-0.3253,0
app_0073,app_s007032,0.6917,0.0268,0.0,0.2686,0
app_0048,app_s007033,-1.2198,0.5419,1.0,-0.4057,0
app_0440,app_s007034,1.0795,0.5144,0.0,-0.2796,0
app_0209,app_s007035,1.1314,0.0206,0.0,-0.338,0
app_0386,app_s007036,0.224,0.2689,0.0,-0.07,0
app_0150,app_s007037,-1.6541,0.5794,1.0,-0.3929,0
app_0431,app_s007038,-1.2126,0.4635,0.0,2.1111,0
app_0227,app_s007039,-0.273,0.2298,0.0,-0.3548,0
app_0406,app_s007040,-0.1944,0.0093,0.0,0.8662,0
app_0046,app_s007041,0.3108,0.1241,0.0,-0.2499,0
app_0275,app_s007042,-0.4573,0.0135,0.0,-0.32,0
app_0164,app_s007043,-0.2713,0.0497,0.0,-0.2743,0
app_0403,app_s007044,0.5694,0.022,0.0,-0.1931,0
app_0279,app_s007045,-0.9572,0.4158,0.0,-0.0459,0
app_0345,app_s007046,0.4601,0.0266,0.0,-0.4161,0
app_0441,app_s007047,-0.5758,0.3225,1.0,-0.1116,0
app_0426,app_s007048,0.668,0.6338,0.0,-0.4412,0
app_0370,app_s007049,-0.4525,0.0307,0.0,-0.2902,0
app_0235,app_s007050,-1.0708,0.0959,0.0,-0.2884,0
app_0288,app_s007051,-0.2632,0.381,0.0,-0.382,0
app_0437,app_s007052,-0.8836,0.0201,0.0,-0.387,0
app_0034,app_s007053,-0.0842,0.6533,1.0,-0.2339,0
app_0246,app_s007054,-10.2958,0.0978,1.0,1.2725,1
app_0338,app_s007055,0.1383,0.0236,0.0,-0.1474,0
app_0181,app_s007056,1.4346,0.4418,1.0,0.6937,0
app_0298,app_s007057,-8.3349,0.0643,0.0,8.5372,1
app_0316,app_s007058,0.56,0.0522,0.0,-0.3566,0
app_0148,app_s007059,2.0118,0.5953,0.0,-0.1175,0
app_0358,app_s007060,-0.5407,0.0728,0.0,-0.2199,0
app_0025,app_s007061,-0.6684,0.6784,0.0,-0.3477,0
app_0306,app_s007062,1.8881,0.1699,0.0,-0.3803,0
app_0073,app_s007063,-0.1482,0.033,0.0,-0.0024,0
app_0313,app_s007064,-0.211,0.0468,0.0,-0.4524,0
app_0264,app_s007065,-1.1319,0.8437,0.0,0.0063,0
app_0285,app_s007066,-0.5469,0.0427,0.0,0.1661,0
app_0238,app_s007067,0.2529,0.0114,0.0,-0.4244,0
app_0414,app_s007068,0.1941,0.3705,1.0,-0.1849,0
app_0380,app_s007069,1.3525,0.393,0.0,1.0315,0
app_0026,app_s007070,-0.8778,0.0213,0.0,-0.3741,0
app_0120,app_s007071,0.2917,0.5892,0.0,1.841,0
app_0233,app_s007072,1.0893,0.0014,0.0,-0.4628,0
app_0267,app_s007073,0.8412,0.0255,0.0,0.2305,0
app_0059,app_s007074,-0.8081,0.0724,0.0,-0.2848,0
app_0397,app_s007075,-0.9975,0.0897,0.0,-0.1468,0
app_0005,app_s007076,-0.17,0.5423,0.0,-0.1004,0
app_0034,app_s007077,0.1902,0.042,0.0,-0.0382,0
app_0062,app_s007078,-0.13,0.6121,0.0,0.0194,0
app_0173,app_s007079,2.0905,0.0118,0.0,-0.3011,0
app_0224,app_s007080,-0.3638,0.162,0.0,-0.3643,0
app_0015,app_s007081,1.1052,0.3861,0.0,-0.3201,0
app_0003,app_s007082,-1.2917,0.6297,0.0,-0.4573,0
app_0042,app_s007083,-0.2202,0.038,0.0,-0.1585,0
app_0242,app_s007084,0.0399,0.0819,0.0,-0.33,0
app_0333,app_s007085,0.6544,0.6452,0.0,0.0817,0
app_0202,app_s007086,-0.4295,0.0242,0.0,-0.3841,0
app_0197,app_s007087,-1.0665,0.6009,0.0,-0.2632,0
app_0024,app_s007088,-0.0755,0.2145,1.0,-0.4661,0
app_0152,app_s007089,-1.5713,0.204,0.0,-0.4223,0
app_0225,app_s007090,0.8546,0.0502,0.0,0.1509,0
app_0108,app_s007091,-0.3109,0.0869,0.0,-0.156,0
app_0112,app_s007092,-0.5582,0.052,0.0,-0.2883,0
app_0070,app_s007093,-0.3207,0.0405,0.0,-0.4555,0
app_0136,app_s007094,-0.5063,0.1066,0.0,0.3119,0
app_0247,app_s007095,1.2646,0.0816,0.0,-0.4182,0
app_0148,app_s007096,0.2029,0.3636,0.0,-0.3106,0
app_0077,app_s007097,0.7486,0.1017,0.0,0.3129,0
app_0385,app_s007098,-1.2883,0.0361,0.0,-0.4152,0
app_0227,app_s007099,-0.1841,0.2763,0.0,-0.3203,0
app_0007,app_s007100,0.7455,0.3374,0.0,-0.3954,0
app_0106,app_s007101,-0.5523,0.2903,0.0,-0.1919,0
app_0133,app_s007102,-0.3752,0.0179,0.0,0.8585,0
app_0414,app_s007103,-1.2822,0.1542,0.0,-0.0227,0
app_0382,app_s007104,0.5498,0.0652,0.0,0.862,0
app_0229,app_s007105,-0.5338,0.2089,0.0,-0.2761,0
app_0433,app_s007106,-0.7774,0.5701,0.0,-0.3786,0
app_0370,app_s007107,-0.4422,0.462,0.0,-0.4191,0
app_0285,app_s007108,-0.2066,0.4128,0.0,-0.4567,0
app_0296,app_s007109,0.2519,0.0156,0.0,-0.2965,0
app_0403,app_s007110,-0.7516,0.0028,1.0,-0.4505,0
app_0316,app_s007111,-4.5554,0.5788,0.0,1.3096,1
app_0193,app_s007112,1.0734,0.0545,0.0,-0.166,0
app_0360,app_s007113,-0.4542,0.0221,0.0,-0.3326,0
app_0431,app_s007114,0.4147,0.0753,0.0,-0.4168,0
app_0124,app_s007115,-1.6402,0.1152,0.0,-0.45,0
app_0431,app_s007116,0.4739,0.4193,0.0,-0.4271,0
app_0236,app_s007117,1.3289,0.3226,0.0,-0.2089,0
app_0056,app_s007118,0.3598,0.0776,0.0,-0.337,0
app_0353,app_s007119,1.1983,0.0139,0.0,0.3319,0
app_0044,app_s007120,0.6277,0.0898,0.0,0.7791,0
app_0367,app_s007121,1.0841,0.0842,0.0,0.2938,0
app_0375,app_s007122,-1.0699,0.6375,0.0,-0.2945,0
app_0422,app_s007123,0.3523,0.2469,0.0,-0.3261,0
app_0001,app_s007124,0.5496,0.8211,0.0,-0.3567,0
app_0057,app_s007125,0.398,0.2964,0.0,-0.4267,0
app_0124,app_s007126,-1.1056,0.0935,0.0,-0.467,0
app_0202,app_s007127,0.0426,0.5886,0.0,2.6744,0
app_0009,app_s007128,-1.3785,0.166,0.0,-0.2664,0
app_0290,app_s007129,-2.3312,0.008,0.0,-0.3987,0
app_0266,app_s007130,1.1697,0.0249,0.0,-0.2138,0
app_0235,app_s007131,-1.0313,0.5911,0.0,-0.345,0
app_0283,app_s007132,0.1782,0.0156,0.0,-0.4491,0
app_0146,app_s007133,1.4795,0.364,0.0,-0.2303,0
app_0111,app_s007134,0.9237,0.0589,1.0,-0.4463,0
app_0227,app_s007135,1.6925,0.0004,0.0,-0.4094,0
app_0124,app_s007136,0.1291,0.0295,1.0,-0.4684,0
app_0289,app_s007137,1.4081,0.0133,0.0,-0.4024,0
app_0447,app_s007138,0.6433,0.1414,0.0,-0.3058,0
app_0027,app_s007139,1.2711,0.0592,0.0,0.3678,0
app_0447,app_s007140,0.2376,0.0306,0.0,-0.2747,0
app_0366,app_s007141,0.499,0.0203,0.0,-0.0917,0
app_0386,app_s007142,1.0021,0.5583,0.0,-0.1966,0
app_0289,app_s007143,0.9883,0.1963,1.0,-0.3603,0
app_0226,app_s007144,-0.9153,0.0435,0.0,0.1752,0
app_0182,app_s007145,-0.0356,0.6121,0.0,-0.1303,0
app_0401,app_s007146,0.6605,0.0788,0.0,-0.3639,0
app_0031,app_s007147,-1.2314,0.579,0.0,-0.4403,0
app_0178,app_s007148,-0.4123,0.1005,0.0,-0.2358,0
app_0337,app_s007149,0.7171,0.1491,0.0,0.06,0
app_0084,app_s007150,0.067,0.336,0.0,-0.0141,0
app_0086,app_s007151,-10.1931,0.42,0.0,9.6791,1
app_0304,app_s007152,-2.2504,0.0364,0.0,-0.1973,0
app_0291,app_s007153,6.9711,0.0987,1.0,2.959,1
app_0276,app_s007154,1.2661,0.0649,1.0,-0.4363,0
app_0325,app_s007155,0.383,0.2012,1.0,0.0059,0
app_0248,app_s007156,-0.3919,0.0316,0.0,-0.0943,0
app_0291,app_s007157,1.021,0.0413,0.0,-0.3719,0
app_0205,app_s007158,-0.9326,0.0242,0.0,0.0133,0
app_0273,app_s007159,-1.2796,0.0105,0.0,-0.4043,0
app_0207,app_s007160,-1.9323,0.0794,0.0,-0.0394,0
app_0425,app_s007161,-0.1234,0.0514,0.0,1.1411,0
app_0192,app_s007162,0.1679,0.0579,0.0,-0.351,0
app_0099,app_s007163,0.0942,0.6415,1.0,-0.2756,0
app_0082,app_s007164,-2.8548,0.1235,0.0,0.6901,0
app_0172,app_s007165,22.8137,0.8009,1.0,4.1388,1
app_0072,app_s007166,-0.519,0.0615,0.0,-0.4002,0
app_0220,app_s007167,-1.043,0.1645,0.0,-0.4338,0
app_0173,app_s007168,-2.9231,0.0006,0.0,-0.3218,0
app_0269,app_s007169,1.2862,0.0268,0.0,-0.325,0
app_0226,app_s007170,0.4328,0.8139,0.0,0.0275,0
app_0346,app_s007171,-0.5663,0.1799,0.0,0.3154,0
app_0237,app_s007172,0.5776,0.1527,0.0,0.1108,0
app_0097,app_s007173,-0.0352,0.0154,0.0,-0.4169,0
app_0151,app_s007174,0.6842,0.0425,0.0,0.4015,0
app_0031,app_s007175,0.1869,0.6395,0.0,-0.4128,0
app_0314,app_s007176,-0.1989,0.1981,0.0,-0.4673,0
app_0053,app_s007177,-0.7627,0.0134,1.0,-0.3114,0
app_0233,app_s007178,-0.3768,0.5894,0.0,0.0097,0
app_0189,app_s007179,-1.2882,0.6835,1.0,-0.3185,0
app_0022,app_s007180,0.7745,0.0258,0.0,0.1191,0
app_0164,app_s007181,-0.9865,0.0303,0.0,-0.3115,0
app_0309,app_s007182,0.604,0.001,0.0,-0.4765,0
app_0191,app_s007183,0.6712,0.072,0.0,-0.3045,0
app_0119,app_s007184,-1.0001,0.0185,0.0,-0.0315,0
app_0104,app_s007185,-9.7596,0.114,0.0,2.3223,1
app_0314,app_s007186,-0.5991,0.0112,0.0,-0.2681,0
app_0398,app_s007187,-0.186,0.1686,0.0,0.5557,0
app_0305,app_s007188,1.4781,0.6192,0.0,-0.4479,0
app_0266,app_s007189,22.4085,0.4807,0.0,2.3027,1
app_0109,app_s007190,-0.3435,0.0018,0.0,-0.4305,0
app_0377,app_s007191,-11.1256,0.5543,0.0,6.1398,1
app_0152,app_s007192,-0.9758,0.7317,0.0,-0.1059,0
app_0376,app_s007193,-0.7518,0.6518,0.0,0.3802,0
app_0152,app_s007194,0.7619,0.4175,0.0,-0.444,0
app_0327,app_s007195,1.5369,0.0246,1.0,-0.3812,0
app_0138,app_s007196,0.856,0.027,0.0,-0.217,0
app_0008,app_s007197,-1.5481,0.7176,0.0,-0.086,0
app_0008,app_s007198,1.9405,0.0203,0.0,-0.4098,0
app_0376,app_s007199,1.6381,0.1383,1.0,-0.3123,0
app_0202,app_s007200,0.6636,0.2823,0.0,6.2212,0
app_0010,app_s007201,-0.3189,0.1775,0.0,-0.1794,0
app_0041,app_s007202,-1.368,0.0871,0.0,-0.3179,0
app_0101,app_s007203,-0.3995,0.0652,0.0,-0.3339,0
app_0448,app_s007204,1.1954,0.0239,0.0,0.1769,0
app_0277,app_s007205,2.483,0.0056,0.0,-0.3529,0
app_0006,app_s007206,0.4722,0.0314,0.0,-0.4791,0
app_0383,app_s007207,0.6668,0.6566,0.0,-0.3001,0
app_0176,app_s007208,0.198,0.0195,0.0,-0.1772,0
app_0105,app_s007209,2.4085,0.3469,0.0,-0.1915,0
app_0188,app_s007210,1.0126,0.0008,1.0,-0.4451,0
app_0290,app_s007211,-1.1489,0.0566,0.0,-0.056,0
app_0167,app_s007212,0.4911,0.1964,0.0,-0.0372,0
app_0125,app_s007213,0.814,0.0986,0.0,-0.0793,0
app_0338,app_s007214,-1.1611,0.2882,0.0,1.4604,0
app_0053,app_s007215,-0.5597,0.114,0.0,-0.2619,0
app_0167,app_s007216,0.3596,0.5705,1.0,-0.4447,0
app_0241,app_s007217,-1.0269,0.026,0.0,0.0355,0
app_0351,app_s007218,7.1856,0.0699,0.0,6.6115,1
app_0107,app_s007219,0.206,0.0426,0.0,-0.2824,0
app_0179,app_s007220,-0.0996,0.2426,0.0,-0.2867,0
app_0114,app_s007221,-0.7529,0.1218,0.0,-0.386,0
app_0394,app_s007222,0.6066,0.1215,0.0,0.0911,0
app_0165,app_s007223,-0.4164,0.0379,0.0,-0.4486,0
app_0078,app_s007224,0.9929,0.0304,0.0,0.9178,0
app_0413,app_s007225,26.4764,0.0693,1.0,5.2996,1
app_0364,app_s007226,-0.3684,0.0035,0.0,0.0067,0
app_0427,app_s007227,0.5933,0.135,0.0,-0.3661,0
app_0361,app_s007228,-1.4566,0.5412,0.0,-0.3192,0
app_0438,app_s007229,1.4734,0.0925,0.0,-0.3502,0
app_0336,app_s007230,-1.2463,0.074,0.0,0.4113,0
app_0302,app_s007231,-0.8036,0.077,0.0,2.6291,0
app_0380,app_s007232,-0.4495,0.5575,0.0,0.392,0
app_0351,app_s007233,2.6618,0.005,0.0,-0.0673,0
app_0441,app_s007234,-2.0594,0.61,0.0,-0.3056,0
app_0181,app_s007235,-0.2621,0.001,0.0,-0.3002,0
app_0440,app_s007236,1.7761,0.5682,0.0,-0.3381,0
app_0401,app_s007237,-0.1164,0.0515,0.0,-0.452,0
app_0262,app_s007238,0.3267,0.0243,1.0,-0.4677,0
app_0097,app_s007239,0.4313,0.0061,0.0,-0.179,0
app_0369,app_s007240,0.0403,0.0518,0.0,0.049,0
app_0185,app_s007241,-0.3675,0.039,0.0,-0.1765,0
app_0065,app_s007242,1.6285,0.0282,0.0,-0.365,0
app_0328,app_s007243,0.9229,0.0697,0.0,1.336,0
app_0425,app_s007244,0.9675,0.0764,0.0,-0.2244,0
app_0091,app_s007245,0.396,0.2133,0.0,-0.4375,0
app_0347,app_s007246,-1.2657,0.3361,1.0,-0.386,0
app_0447,app_s007247,1.2435,0.0346,0.0,1.586,0
app_0223,app_s007248,-1.001,0.3363,0.0,-0.4641,0
app_0181,app_s007249,-9.6898,0.2067,0.0,2.0321,1
app_0349,app_s007250,1.4997,0.1055,0.0,-0.2026,0
app_0231,app_s007251,0.235,0.0636,0.0,-0.2516,0
app_0258,app_s007252,-0.1025,0.0679,0.0,-0.2462,0
app_0090,app_s007253,-0.2557,0.5524,0.0,-0.3711,0
app_0132,app_s007254,0.0442,0.0174,0.0,-0.2509,0
app_0411,app_s007255,1.1753,0.4544,0.0,-0.4775,0
app_0071,app_s007256,0.327,0.1847,0.0,-0.3157,0
app_0249,app_s007257,-1.5318,0.1029,0.0,-0.389,0
app_0353,app_s007258,0.4256,0.4353,0.0,0.4489,0
app_0441,app_s007259,0.8264,0.0151,0.0,-0.2486,0
app_0314,app_s007260,-0.3427,0.115,0.0,-0.2934,0
app_0036,app_s007261,-1.6414,0.0868,0.0,0.8414,0
app_0168,app_s007262,-0.4921,0.0608,0.0,-0.4542,0
app_0383,app_s007263,-0.4028,0.0185,0.0,-0.3392,0
app_0143,app_s007264,0.9108,0.123,0.0,-0.4549,0
app_0152,app_s007265,0.1294,0.4423,0.0,-0.3249,0
app_0260,app_s007266,0.6148,0.0261,0.0,-0.1932,0
app_0020,app_s007267,-0.3593,0.0897,0.0,-0.2655,0
app_0079,app_s007268,0.9212,0.001,0.0,0.1805,0
app_0055,app_s007269,0.3779,0.0279,0.0,0.0755,0
app_0182,app_s007270,-11.4013,0.1128,0.0,5.8154,1
app_0092,app_s007271,-0.2171,0.5205,0.0,-0.4709,0
app_0268,app_s007272,1.2142,0.7735,0.0,-0.158,0
app_0027,app_s007273,0.7322,0.0077,0.0,-0.3518,0
app_0157,app_s007274,1.8085,0.7091,1.0,-0.4029,0
app_0308,app_s007275,0.9893,0.621,0.0,2.7201,0
app_0233,app_s007276,1.1372,0.1175,0.0,1.5826,0
app_0027,app_s007277,-0.2167,0.6249,0.0,-0.2459,0
app_0042,app_s007278,-0.3308,0.6805,0.0,-0.4492,0
app_0398,app_s007279,0.8864,0.0048,0.0,-0.1337,0
app_0203,app_s007280,0.7927,0.2701,1.0,-0.4616,0
app_0008,app_s007281,-2.2961,0.1489,0.0,0.1871,0
app_0063,app_s007282,0.1113,0.5269,1.0,19.0841,0
app_0099,app_s007283,-0.4021,0.0613,0.0,-0.4303,0
app_0015,app_s007284,-0.4407,0.0332,0.0,0.2082,0
app_0268,app_s007285,0.4346,0.4578,0.0,-0.1947,0
app_0413,app_s007286,0.7465,0.0289,0.0,-0.4057,0
app_0007,app_s007287,-0.8728,0.3076,1.0,-0.1145,0
app_0360,app_s007288,-0.1993,0.0568,0.0,-0.4682,0
app_0395,app_s007289,0.3632,0.0368,0.0,-0.427,0
app_0270,app_s007290,-0.5663,0.1237,0.0,-0.3481,0
app_0161,app_s007291,-0.9773,0.1394,0.0,0.0045,0
app_0235,app_s007292,-1.0505,0.0585,0.0,-0.1025,0
app_0250,app_s007293,0.9605,0.6534,1.0,-0.3377,0
app_0072,app_s007294,0.1969,0.5859,0.0,-0.146,0
app_0014,app_s007295,-0.7235,0.0597,0.0,-0.3736,0
app_0324,app_s007296,2.4282,0.0687,0.0,0.2961,0
app_0198,app_s007297,-0.2072,0.4972,0.0,-0.3834,0
app_0250,app_s007298,0.9329,0.0217,0.0,-0.3195,0
app_0260,app_s007299,-0.7203,0.0005,0.0,12.4265,0
app_0175,app_s007300,1.5529,0.0015,0.0,-0.4368,0
app_0181,app_s007301,0.2331,0.0591,0.0,-0.1542,0
app_0387,app_s007302,1.3329,0.1409,0.0,-0.2778,0
app_0062,app_s007303,-0.8225,0.0968,0.0,-0.4446,0
app_0108,app_s007304,-1.2189,0.0799,0.0,-0.3858,0
app_0305,app_s007305,0.9412,0.123,0.0,-0.3107,0
app_0220,app_s007306,-0.4313,0.0043,0.0,-0.4347,0
app_0248,app_s007307,0.1945,0.6908,0.0,0.0015,0
app_0016,app_s007308,-0.7721,0.193,0.0,1.1569,0
app_0270,app_s007309,0.8702,0.0137,0.0,-0.2758,0
app_0350,app_s007310,-0.5103,0.0984,0.0,-0.4525,0
app_0288,app_s007311,0.121,0.0679,0.0,0.1229,0
app_0320,app_s007312,1.971,0.0122,0.0,-0.33,0
app_0054,app_s007313,1.4444,0.302,0.0,-0.4595,0
app_0281,app_s007314,0.1867,0.1506,0.0,-0.4687,0
app_0113,app_s007315,-1.1677,0.6585,0.0,-0.217,0
app_0363,app_s007316,-1.266,0.6875,0.0,-0.3988,0
app_0075,app_s007317,-1.8027,0.7658,0.0,-0.3662,0
app_0055,app_s007318,-1.2799,0.7699,0.0,-0.2164,0
app_0319,app_s007319,-0.0039,0.0163,0.0,-0.1632,0
app_0108,app_s007320,0.0348,0.0652,0.0,-0.4297,0
app_0384,app_s007321,0.6974,0.0247,0.0,-0.4045,0
app_0378,app_s007322,0.3149,0.8284,0.0,0.8798,0
app_0355,app_s007323,-0.3117,0.7784,0.0,-0.3789,0
app_0060,app_s007324,-0.0787,0.2732,0.0,-0.3529,0
app_0024,app_s007325,-1.9568,0.1369,0.0,-0.3706,0
app_0196,app_s007326,-0.0548,0.012,0.0,-0.4701,0
app_0215,app_s007327,-0.7818,0.0433,0.0,-0.2569,0
app_0192,app_s007328,-0.111,0.6731,0.0,-0.0851,0
app_0156,app_s007329,-1.1579,0.1552,0.0,-0.397,0
app_0152,app_s007330,0.3562,0.1043,1.0,-0.1891,0
app_0311,app_s007331,-0.0693,0.0095,0.0,-0.3113,0
app_0238,app_s007332,1.3096,0.284,0.0,-0.3315,0
app_0397,app_s007333,0.4918,0.4339,0.0,-0.3722,0
app_0449,app_s007334,-12.2892,0.7866,1.0,4.455,1
app_0068,app_s007335,0.5859,0.289,1.0,-0.0709,0
app_0305,app_s007336,1.3429,0.0309,1.0,-0.4544,0
app_0110,app_s007337,0.4163,0.4003,1.0,-0.1241,0
app_0226,app_s007338,-0.3926,0.059,0.0,-0.313,0
app_0189,app_s007339,-0.2719,0.1577,0.0,-0.475,0
app_0041,app_s007340,-0.0384,0.6999,0.0,0.5386,0
app_0320,app_s007341,-0.1637,0.2697,0.0,-0.2894,0
app_0237,app_s007342,0.639,0.0317,0.0,-0.4177,0
app_0381,app_s007343,0.9166,0.3195,1.0,-0.2798,0
app_0339,app_s007344,-0.6224,0.002,0.0,-0.3052,0
app_0392,app_s007345,0.5864,0.0204,0.0,-0.2843,0
app_0373,app_s007346,0.1627,0.0018,0.0,0.7916,0
app_0263,app_s007347,0.8358,0.0219,0.0,-0.4632,0
app_0426,app_s007348,0.8676,0.2782,0.0,-0.3151,0
app_0073,app_s007349,0.4964,0.027,0.0,-0.3951,0
app_0158,app_s007350,-1.3815,0.6379,0.0,-0.4573,0
app_0375,app_s007351,-1.0385,0.0551,0.0,-0.4617,0
app_0326,app_s007352,0.9296,0.0215,0.0,-0.3595,0
app_0426,app_s007353,-0.9507,0.4587,0.0,-0.4642,0
app_0394,app_s007354,1.0707,0.904,0.0,-0.4528,0
app_0351,app_s007355,0.6068,0.0083,0.0,0.6682,0
app_0299,app_s007356,-9.3122,0.3477,1.0,2.9266,1
app_0354,app_s007357,-1.5638,0.6331,0.0,0.2026,0
app_0020,app_s007358,1.6491,0.0226,0.0,-0.2545,0
app_0061,app_s007359,0.612,0.0606,1.0,-0.4213,0
app_0147,app_s007360,2.3349,0.3974,0.0,1.1338,0
app_0076,app_s007361,-0.6946,0.7104,0.0,7.0128,0
app_0240,app_s007362,0.3381,0.0584,0.0,-0.3964,0
app_0433,app_s007363,0.978,0.1052,0.0,0.17,0
app_0264,app_s007364,0.8793,0.053,0.0,-0.3209,0
app_0074,app_s007365,1.2146,0.2941,0.0,0.1859,0
app_0445,app_s007366,0.3712,0.0252,1.0,0.5861,0
app_0404,app_s007367,0.5465,0.0611,0.0,-0.392,0
app_0026,app_s007368,0.8112,0.0012,0.0,0.1092,0
app_0343,app_s007369,-1.9577,0.2273,0.0,-0.2598,0
app_0430,app_s007370,1.1016,0.6254,0.0,-0.2548,0
app_0387,app_s007371,0.1702,0.5211,0.0,-0.2202,0
app_0088,app_s007372,-0.5441,0.0252,1.0,-0.4191,0
app_0151,app_s007373,0.9665,0.531,0.0,-0.312,0
app_0206,app_s007374,-0.4046,0.1492,0.0,0.237,0
app_0161,app_s007375,-1.2516,0.4397,0.0,-0.3209,0
app_0356,app_s007376,-0.3069,0.0225,0.0,-0.379,0
app_0091,app_s007377,-0.1678,0.6664,0.0,-0.2561,0
app_0251,app_s007378,-0.3745,0.4043,0.0,-0.4399,0
app_0275,app_s007379,0.3718,0.7042,0.0,1.0399,0
app_0119,app_s007380,0.1165,0.1041,0.0,-0.3968,0
app_0335,app_s007381,0.8307,0.1498,0.0,-0.4387,0
app_0310,app_s007382,-0.1898,0.6726,0.0,-0.2257,0
app_0158,app_s007383,-0.7822,0.0823,0.0,-0.4508,0
app_0241,app_s007384,1.0273,0.0371,0.0,-0.3464,0
app_0126,app_s007385,2.0054,0.1195,0.0,-0.3795,0
app_0300,app_s007386,-2.0671,0.4725,0.0,-0.2723,0
app_0234,app_s007387,1.4603,0.4237,0.0,-0.3714,0
app_0309,app_s007388,-0.0821,0.0112,0.0,-0.3374,0
app_0255,app_s007389,1.322,0.0012,0.0,-0.2188,0
app_0169,app_s007390,-0.1686,0.0312,0.0,-0.2592,0
app_0282,app_s007391,0.7909,0.0219,0.0,-0.1882,0
app_0149,app_s007392,1.402,0.1954,0.0,-0.1797,0
app_0204,app_s007393,0.5526,0.01,1.0,-0.4112,0
app_0085,app_s007394,-0.4558,0.5639,0.0,-0.0329,0
app_0449,app_s007395,0.4903,0.3831,0.0,0.0122,0
app_0435,app_s007396,0.452,0.636,0.0,0.2174,0
app_0156,app_s007397,-0.2304,0.0732,0.0,-0.4493,0
app_0373,app_s007398,1.3072,0.0101,0.0,-0.373,0
app_0038,app_s007399,0.3288,0.0521,1.0,-0.3529,0
app_0263,app_s007400,-0.1243,0.05,0.0,0.6604,0
app_0141,app_s007401,0.153,0.0546,0.0,-0.4634,0
app_0172,app_s007402,1.4238,0.0179,0.0,-0.1652,0
app_0444,app_s007403,-1.3421,0.1074,0.0,-0.2229,0
app_0312,app_s007404,-0.0252,0.0264,0.0,-0.3524,0
app_0255,app_s007405,25.7704,0.9445,1.0,2.3008,1
app_0195,app_s007406,0.2797,0.0341,0.0,-0.3332,0
app_0188,app_s007407,2.1808,0.4232,1.0,-0.361,0
app_0186,app_s007408,-0.7788,0.0614,0.0,-0.3801,0
app_0029,app_s007409,-3.16,0.0444,0.0,0.0069,0
app_0133,app_s007410,0.7548,0.0198,0.0,-0.4724,0
app_0067,app_s007411,-0.1351,0.2834,0.0,-0.102,0
app_0020,app_s007412,-0.8888,0.0598,1.0,-0.4766,0
app_0268,app_s007413,0.6205,0.167,0.0,-0.1177,0
app_0035,app_s007414,0.4758,0.054,0.0,-0.2934,0
app_0261,app_s007415,-0.149,0.4986,0.0,-0.3526,0
app_0207,app_s007416,1.3141,0.0205,0.0,-0.1318,0
app_0390,app_s007417,-1.7039,0.5032,0.0,-0.4355,0
app_0367,app_s007418,0.2747,0.0704,0.0,5.109,0
app_0368,app_s007419,0.9599,0.0292,0.0,0.1051,0
app_0128,app_s007420,0.1121,0.0149,0.0,0.4441,0
app_0389,app_s007421,1.2014,0.0153,0.0,-0.29,0
app_0136,app_s007422,0.105,0.533,0.0,-0.3331,0
app_0135,app_s007423,-0.0783,0.3659,0.0,-0.3261,0
app_0387,app_s007424,-0.053,0.5037,0.0,-0.3546,0
app_0131,app_s007425,1.4521,0.0066,0.0,-0.4577,0
app_0244,app_s007426,2.2289,0.7168,0.0,-0.0984,0
app_0365,app_s007427,-0.2964,0.8773,0.0,-0.441,0
app_0254,app_s007428,0.1272,0.0159,0.0,0.1961,0
app_0011,app_s007429,-1.9498,0.0936,0.0,-0.4613,0
app_0187,app_s007430,-0.3545,0.0376,0.0,-0.248,0
app_0120,app_s007431,-0.6269,0.1449,1.0,-0.3306,0
app_0060,app_s007432,-9.752,0.7892,0.0,8.0703,1
app_0101,app_s007433,-0.7355,0.023,0.0,-0.294,0
app_0307,app_s007434,0.1704,0.1596,0.0,0.1725,0
app_0120,app_s007435,-1.5762,0.0386,0.0,-0.4707,0
app_0338,app_s007436,-0.1103,0.4184,0.0,-0.2407,0
app_0376,app_s007437,1.1892,0.6496,0.0,-0.4359,0
app_0308,app_s007438,0.7651,0.0487,0.0,-0.1932,0
app_0252,app_s007439,0.1863,0.3033,0.0,-0.4634,0
app_0247,app_s007440,15.5666,0.8184,0.0,8.8022,1
app_0127,app_s007441,0.5908,0.1269,1.0,-0.4198,0
app_0329,app_s007442,-0.0243,0.0062,0.0,0.0369,0
app_0411,app_s007443,-0.8642,0.0195,0.0,-0.3954,0
app_0291,app_s007444,0.1884,0.1205,1.0,-0.362,0
app_0089,app_s007445,1.0153,0.0308,0.0,-0.0432,0
app_0198,app_s007446,-0.5715,0.7155,1.0,-0.48,0
app_0119,app_s007447,0.1538,0.0355,1.0,-0.4631,0
app_0218,app_s007448,-0.2718,0.2955,1.0,-0.3906,0
app_0363,app_s007449,-1.497,0.0815,0.0,-0.4022,0
app_0256,app_s007450,-0.5756,0.5998,0.0,0.2028,0
app_0319,app_s007451,-0.7054,0.3355,0.0,-0.4174,0
app_0397,app_s007452,0.1348,0.187,0.0,0.3429,0
app_0381,app_s007453,0.2089,0.5403,0.0,0.4221,0
app_0303,app_s007454,-0.6763,0.4654,0.0,-0.0275,0
app_0221,app_s007455,1.2638,0.121,0.0,-0.3449,0
app_0172,app_s007456,-1.3316,0.1116,0.0,0.0599,0
app_0409,app_s007457,-3.1988,0.047,0.0,-0.4522,0
app_0084,app_s007458,-2.1692,0.0084,0.0,-0.3439,0
app_0398,app_s007459,-0.5183,0.0641,0.0,-0.1627,0
app_0316,app_s007460,-0.3961,0.4308,0.0,-0.4161,0
app_0173,app_s007461,1.0879,0.6377,0.0,-0.2212,0
app_0284,app_s007462,-0.1341,0.1249,0.0,-0.3722,0
app_0448,app_s007463,-0.6092,0.5226,0.0,-0.1655,0
app_0257,app_s007464,1.3013,0.6964,0.0,-0.3068,0
app_0094,app_s007465,-0.7016,0.6818,0.0,-0.4392,0
app_0260,app_s007466,0.0692,0.0136,0.0,-0.3143,0
app_0340,app_s007467,-0.303,0.023,0.0,-0.3461,0
app_0150,app_s007468,-11.5297,0.5644,0.0,2.8498,1
app_0111,app_s007469,0.6448,0.0631,0.0,-0.0771,0
app_0072,app_s007470,1.3453,0.0272,0.0,-0.0018,0
app_0226,app_s007471,-0.7693,0.299,1.0,-0.4405,0
app_0197,app_s007472,0.3765,0.0462,0.0,-0.3821,0
app_0296,app_s007473,0.2249,0.0255,0.0,1.7695,0
app_0055,app_s007474,1.2435,0.1819,0.0,0.1108,0
app_0200,app_s007475,-0.5776,0.0499,0.0,-0.2991,0
app_0035,app_s007476,-1.5515,0.0815,0.0,-0.4004,0
app_0196,app_s007477,-0.1377,0.6598,0.0,-0.428,0
app_0286,app_s007478,0.259,0.002,0.0,-0.2158,0
app_0437,app_s007479,-12.0033,0.7663,1.0,3.0665,1
app_0110,app_s007480,0.0117,0.1881,0.0,-0.3711,0
app_0401,app_s007481,-0.5161,0.1291,0.0,0.2385,0
app_0196,app_s007482,-0.856,0.0813,0.0,-0.45,0
app_0133,app_s007483,-0.7727,0.0305,0.0,-0.1965,0
app_0096,app_s007484,-1.8214,0.1652,0.0,-0.1947,0
app_0324,app_s007485,-0.362,0.1141,0.0,1.3423,0
app_0332,app_s007486,-1.4404,0.1788,0.0,-0.3503,0
app_0256,app_s007487,-0.2497,0.7893,0.0,0.561,0
app_0067,app_s007488,-0.0063,0.7398,0.0,-0.2097,0
app_0377,app_s007489,-0.2051,0.0059,0.0,0.0776,0
app_0077,app_s007490,0.8758,0.4014,0.0,-0.2704,0
app_0410,app_s007491,1.6419,0.0205,0.0,-0.4206,0
app_0372,app_s007492,0.7733,0.4834,0.0,-0.1916,0
app_0119,app_s007493,-0.5279,0.4647,0.0,-0.2605,0
app_0135,app_s007494,0.3074,0.0255,0.0,-0.3827,0
app_0153,app_s007495,-1.1831,0.0263,0.0,-0.4285,0
app_0297,app_s007496,-1.026,0.1384,0.0,3.6439,0
app_0004,app_s007497,-0.5369,0.0525,0.0,-0.1884,0
app_0326,app_s007498,-0.8797,0.5273,0.0,-0.1085,0
app_0242,app_s007499,1.2736,0.0611,0.0,-0.2766,0
app_0041,app_s007500,0.6774,0.178,0.0,-0.3859,0
app_0064,app_s007501,0.2374,0.0638,0.0,-0.1285,0
app_0123,app_s007502,0.9692,0.0368,0.0,-0.2084,0
app_0406,app_s007503,-0.1776,0.6082,0.0,0.0557,0
app_0247,app_s007504,-0.1124,0.4742,0.0,0.3412,0
app_0222,app_s007505,-1.7998,0.093,0.0,0.978,0
app_0186,app_s007506,2.2913,0.0603,0.0,0.7565,0
app_0015,app_s007507,2.6219,0.5725,0.0,6.4458,0
app_0301,app_s007508,-2.0108,0.0453,0.0,-0.0618,0
app_0169,app_s007509,0.7902,0.22,0.0,-0.4663,0
app_0078,app_s007510,0.0221,0.1958,0.0,0.1404,0
app_0348,app_s007511,-0.7015,0.7675,0.0,-0.0672,0
app_0157,app_s007512,-0.2323,0.0416,0.0,1.1733,0
app_0158,app_s007513,-0.1131,0.3682,0.0,-0.0102,0
app_0439,app_s007514,-0.2857,0.3607,0.0,-0.4394,0
app_0262,app_s007515,1.2611,0.0874,0.0,-0.4588,0
app_0058,app_s007516,1.3467,0.6863,0.0,-0.4705,0
app_0058,app_s007517,-0.6589,0.1288,0.0,0.0366,0
app_0443,app_s007518,-0.0585,0.0406,1.0,-0.166,0
app_0428,app_s007519,2.4825,0.0021,1.0,-0.3177,0
app_0422,app_s007520,-10.8895,0.6122,1.0,3.6654,1
app_0210,app_s007521,-1.097,0.2874,0.0,-0.4586,0
app_0437,app_s007522,-0.5804,0.5581,0.0,-0.2196,0
app_0208,app_s007523,0.916,0.0099,0.0,0.1535,0
app_0007,app_s007524,-1.0046,0.5907,0.0,-0.0112,0
app_0115,app_s007525,1.0247,0.0786,0.0,-0.1934,0
app_0221,app_s007526,0.261,0.123,1.0,-0.0262,0
app_0382,app_s007527,0.1083,0.1238,0.0,1.1961,0
app_0135,app_s007528,11.0513,0.2509,1.0,9.1111,1
app_0213,app_s007529,-1.8631,0.5942,1.0,0.8972,0
app_0318,app_s007530,-0.3694,0.0068,0.0,-0.3899,0
app_0083,app_s007531,0.9943,0.0561,0.0,0.0465,0
app_0214,app_s007532,1.6844,0.1096,0.0,-0.2273,0
app_0286,app_s007533,-0.6697,0.033,0.0,-0.4443,0
app_0218,app_s007534,-9.492,0.4628,1.0,3.2656,1
app_0045,app_s007535,-0.3148,0.1709,0.0,0.6846,0
app_0099,app_s007536,-0.6283,0.0428,0.0,-0.4244,0
app_0153,app_s007537,0.0518,0.6644,0.0,-0.2045,0
app_0263,app_s007538,0.5559,0.586,0.0,-0.3483,0
app_0238,app_s007539,2.5828,0.4445,1.0,-0.3057,0
app_0409,app_s007540,-0.5053,0.0189,1.0,-0.4137,0
app_0401,app_s007541,0.5542,0.3632,0.0,-0.3252,0
app_0448,app_s007542,0.745,0.0442,0.0,0.3666,0
app_0069,app_s007543,-0.0078,0.0155,1.0,-0.4022,0
app_0246,app_s007544,0.4133,0.004,0.0,-0.4668,0
app_0013,app_s007545,1.1051,0.0073,0.0,-0.4295,0
app_0376,app_s007546,-0.882,0.0628,0.0,-0.4199,0
app_0122,app_s007547,-0.0956,0.0211,0.0,-0.4803,0
app_0360,app_s007548,1.4901,0.4937,0.0,-0.3708,0
app_0173,app_s007549,-0.6648,0.0509,0.0,-0.4028,0
app_0253,app_s007550,-1.0968,0.0126,0.0,-0.4022,0
app_0186,app_s007551,0.2598,0.268,0.0,0.5512,0
app_0011,app_s007552,0.6314,0.7042,0.0,-0.2951,0
app_0397,app_s007553,-0.2099,0.1676,0.0,-0.2219,0
app_0315,app_s007554,1.9578,0.0311,0.0,-0.4594,0
app_0327,app_s007555,1.8085,0.6025,0.0,0.1936,0
app_0395,app_s007556,-3.3751,0.0931,0.0,-0.3918,0
app_0271,app_s007557,-0.1423,0.005,0.0,0.4208,0
app_0283,app_s007558,-0.2567,0.0343,1.0,-0.2518,0
app_0335,app_s007559,-1.0642,0.0337,1.0,-0.3783,0
app_0238,app_s007560,1.1537,0.0939,0.0,0.927,0
app_0024,app_s007561,0.9626,0.0754,0.0,0.1396,0
app_0388,app_s007562,-0.4558,0.0493,0.0,0.0324,0
app_0018,app_s007563,-1.6456,0.534,0.0,-0.3196,0
app_0167,app_s007564,0.5409,0.0676,0.0,-0.4103,0
app_0068,app_s007565,-1.0795,0.02,0.0,0.453,0
app_0369,app_s007566,-1.1082,0.1579,0.0,0.1529,0
app_0416,app_s007567,-0.1724,0.6177,0.0,-0.4607,0
app_0065,app_s007568,-1.242,0.798,1.0,-0.1811,0
app_0396,app_s007569,0.9607,0.074,1.0,-0.327,0
app_0214,app_s007570,1.8243,0.0036,1.0,0.0358,0
app_0200,app_s007571,0.201,0.0629,0.0,-0.3512,0
app_0277,app_s007572,-0.4015,0.0344,0.0,0.2017,0
app_0251,app_s007573,1.2809,0.0552,0.0,-0.3934,0
app_0081,app_s007574,0.9407,0.037,0.0,-0.4106,0
app_0431,app_s007575,-0.2901,0.3493,1.0,-0.1336,0
app_0312,app_s007576,0.1535,0.8047,1.0,2.261,0
app_0036,app_s007577,-0.5304,0.028,0.0,-0.4574,0
app_0301,app_s007578,0.5171,0.0342,0.0,-0.0412,0
app_0210,app_s007579,0.5374,0.3941,0.0,-0.1833,0
app_0364,app_s007580,0.8255,0.7436,0.0,0.2038,0
app_0196,app_s007581,17.2723,0.3499,1.0,4.383,1
app_0089,app_s007582,-1.5734,0.1615,0.0,-0.0998,0
app_0309,app_s007583,-0.0684,0.1235,0.0,2.4215,0
app_0089,app_s007584,0.3404,0.25,0.0,0.1859,0
app_0333,app_s007585,0.0772,0.0626,0.0,-0.2487,0
app_0242,app_s007586,-1.1199,0.0223,0.0,-0.2333,0
app_0448,app_s007587,-1.7216,0.6469,0.0,-0.4142,0
app_0448,app_s007588,0.9473,0.035,0.0,0.0431,0
app_0101,app_s007589,5.3035,0.5324,1.0,4.5306,1
app_0420,app_s007590,-0.2237,0.0096,0.0,1.596,0
app_0280,app_s007591,0.4051,0.587,0.0,-0.0369,0
app_0287,app_s007592,-9.7716,0.4844,1.0,5.7339,1
app_0243,app_s007593,0.4327,0.501,0.0,0.2053,0
app_0189,app_s007594,0.0759,0.0149,0.0,-0.4478,0
app_0231,app_s007595,0.3922,0.0391,0.0,-0.4244,0
app_0308,app_s007596,0.5471,0.7318,0.0,-0.2965,0
app_0170,app_s007597,-0.4235,0.0384,0.0,-0.158,0
app_0292,app_s007598,-0.733,0.0018,0.0,-0.4379,0
app_0205,app_s007599,0.2832,0.0607,0.0,-0.1475,0
app_0075,app_s007600,0.6464,0.2147,0.0,-0.0435,0
app_0354,app_s007601,0.417,0.4338,0.0,-0.0857,0
app_0238,app_s007602,1.0065,0.079,0.0,-0.1811,0
app_0062,app_s007603,-0.7959,0.0622,0.0,-0.3463,0
app_0204,app_s007604,-1.0424,0.1292,0.0,0.4193,0
app_0323,app_s007605,-0.7398,0.1533,0.0,-0.3938,0
app_0249,app_s007606,-0.5696,0.0882,0.0,-0.3745,0
app_0303,app_s007607,0.9887,0.0387,0.0,-0.3331,0
app_0054,app_s007608,-0.0779,0.6146,0.0,-0.4349,0
app_0206,app_s007609,1.8837,0.8963,0.0,-0.1343,0
app_0218,app_s007610,-0.0985,0.0022,0.0,0.156,0
app_0217,app_s007611,-5.4109,0.5857,1.0,3.0035,1
app_0356,app_s007612,0.1548,0.0395,0.0,-0.4559,0
app_0123,app_s007613,0.7377,0.024,1.0,-0.3514,0
app_0001,app_s007614,-1.3024,0.0012,1.0,-0.423,0
app_0266,app_s007615,0.621,0.0195,0.0,-0.4624,0
app_0333,app_s007616,0.582,0.0638,0.0,-0.1322,0
app_0140,app_s007617,0.4648,0.016,0.0,3.1556,0
app_0355,app_s007618,-0.0136,0.1485,0.0,2.2089,0
app_0318,app_s007619,0.9824,0.0027,0.0,-0.2869,0
app_0241,app_s007620,-2.1502,0.5609,0.0,-0.1567,0
app_0271,app_s007621,0.3337,0.0059,0.0,-0.1196,0
app_0226,app_s007622,1.0129,0.0293,0.0,-0.1545,0
app_0169,app_s007623,-0.7703,0.0528,0.0,-0.2639,0
app_0166,app_s007624,0.8282,0.0099,0.0,-0.279,0
app_0091,app_s007625,0.5602,0.3775,0.0,0.5282,0
app_0396,app_s007626,1.8078,0.673,0.0,-0.464,0
app_0291,app_s007627,0.7759,0.0619,0.0,-0.4723,0
app_0049,app_s007628,-0.8888,0.221,0.0,0.0652,0
app_0254,app_s007629,0.2336,0.6985,0.0,-0.0513,0
app_0078,app_s007630,1.3428,0.6012,0.0,-0.4132,0
app_0065,app_s007631,1.008,0.4129,0.0,-0.3725,0
app_0360,app_s007632,-1.516,0.0611,0.0,-0.2693,0
app_0257,app_s007633,-0.7801,0.1754,0.0,-0.472,0
app_0329,app_s007634,0.3077,0.0155,1.0,0.1326,0
app_0013,app_s007635,0.1946,0.0033,0.0,-0.1459,0
app_0087,app_s007636,-6.0596,0.0164,0.0,2.032,1
app_0439,app_s007637,-11.383,0.5731,0.0,7.2484,1
app_0288,app_s007638,-9.3259,0.1212,1.0,3.5637,1
app_0368,app_s007639,-0.2227,0.1285,0.0,-0.3088,0
app_0098,app_s007640,1.5214,0.0191,0.0,0.1583,0
app_0222,app_s007641,-0.2845,0.0145,0.0,0.4059,0
app_0420,app_s007642,0.263,0.3879,0.0,-0.2335,0
app_0006,app_s007643,-0.6175,0.6568,0.0,-0.3486,0
app_0199,app_s007644,0.1696,0.3382,0.0,-0.4774,0
app_0249,app_s007645,0.3093,0.724,0.0,-0.3814,0
app_0310,app_s007646,1.251,0.0034,0.0,0.0433,0
app_0317,app_s007647,0.8971,0.0395,0.0,1.4094,0
app_0137,app_s007648,1.2689,0.0593,0.0,-0.3104,0
app_0249,app_s007649,-0.6892,0.3677,0.0,-0.1545,0
app_0170,app_s007650,-0.9994,0.0297,0.0,-0.4481,0
app_0303,app_s007651,0.1437,0.5217,0.0,0.4027,0
app_0001,app_s007652,1.0795,0.2986,0.0,-0.3782,0
app_0029,app_s007653,-0.1334,0.0347,0.0,-0.3822,0
app_0359,app_s007654,0.8547,0.3804,0.0,0.1677,0
app_0318,app_s007655,-1.1417,0.1917,0.0,-0.293,0
app_0272,app_s007656,0.1787,0.0028,0.0,-0.3736,0
app_0020,app_s007657,-0.7711,0.1922,0.0,-0.3941,0
app_0402,app_s007658,-1.1433,0.1654,0.0,0.8195,0
app_0162,app_s007659,-0.1514,0.0206,0.0,-0.4323,0
app_0134,app_s007660,-0.1913,0.0246,0.0,-0.2943,0
app_0401,app_s007661,-0.5096,0.3975,0.0,0.0083,0
app_0180,app_s007662,0.7109,0.0044,0.0,-0.0173,0
app_0188,app_s007663,0.3227,0.2072,0.0,-0.2993,0
app_0128,app_s007664,-0.7848,0.0178,0.0,0.3986,0
app_0427,app_s007665,-0.1471,0.5055,1.0,-0.0734,0
app_0067,app_s007666,0.3961,0.166,0.0,1.6482,0
app_0053,app_s007667,0.2428,0.0932,0.0,-0.3944,0
app_0063,app_s007668,0.4195,0.0196,1.0,0.1175,0
app_0395,app_s007669,0.6335,0.0811,0.0,-0.4405,0
app_0233,app_s007670,2.3824,0.0382,0.0,-0.2957,0
app_0093,app_s007671,0.9564,0.1288,0.0,-0.4479,0
app_0322,app_s007672,-0.1409,0.0743,0.0,-0.0087,0
app_0387,app_s007673,-0.0672,0.0454,1.0,-0.1771,0
app_0409,app_s007674,0.92,0.7404,0.0,-0.4085,0
app_0425,app_s007675,0.1315,0.5612,0.0,-0.2369,0
app_0090,app_s007676,0.2246,0.0038,0.0,-0.257,0
app_0320,app_s007677,-0.1704,0.0076,0.0,0.1538,0
app_0373,app_s007678,1.803,0.7693,0.0,-0.4096,0
app_0208,app_s007679,-1.713,0.0164,0.0,-0.3875,0
app_0249,app_s007680,0.839,0.0636,0.0,-0.4509,0
app_0371,app_s007681,-0.5067,0.415,0.0,-0.3145,0
app_0382,app_s007682,-0.5306,0.0117,0.0,-0.0111,0
app_0448,app_s007683,0.4831,0.0339,0.0,-0.3572,0
app_0169,app_s007684,-0.768,0.0456,0.0,-0.449,0
app_0292,app_s007685,-0.1424,0.5109,0.0,1.2299,0
app_0336,app_s007686,-2.5024,0.0311,0.0,-0.1734,0
app_0108,app_s007687,-2.619,0.737,0.0,-0.4627,0
app_0422,app_s007688,-0.3853,0.4871,0.0,-0.4519,0
app_0211,app_s007689,-0.8213,0.0142,0.0,-0.4419,0
app_0183,app_s007690,-1.226,0.0959,0.0,-0.1525,0
app_0174,app_s007691,-0.1276,0.6543,0.0,-0.1518,0
app_0212,app_s007692,0.3261,0.0204,0.0,-0.4573,0
app_0146,app_s007693,-9.7456,0.5534,0.0,3.5782,1
app_0118,app_s007694,-1.6041,0.0568,0.0,0.1912,0
app_0289,app_s007695,-12.4402,0.7305,1.0,6.2282,1
app_0070,app_s007696,-1.2651,0.0157,0.0,-0.3923,0
app_0304,app_s007697,-0.8117,0.0093,0.0,10.7942,0
app_0122,app_s007698,-0.391,0.0876,0.0,-0.4217,0
app_0391,app_s007699,1.055,0.1058,0.0,-0.3783,0
app_0449,app_s007700,1.0417,0.658,0.0,-0.2261,0
app_0167,app_s007701,0.2084,0.6379,0.0,-0.05,0
app_0186,app_s007702,0.5817,0.1544,0.0,-0.4159,0
app_0310,app_s007703,0.4608,0.0269,0.0,0.4021,0
app_0044,app_s007704,0.2201,0.3599,0.0,-0.4624,0
app_0156,app_s007705,-0.0478,0.0347,0.0,-0.4346,0
app_0433,app_s007706,-0.6929,0.033,0.0,-0.4382,0
app_0275,app_s007707,0.0526,0.2273,0.0,-0.1592,0
app_0230,app_s007708,-0.128,0.0128,0.0,0.0653,0
app_0305,app_s007709,-0.6971,0.5009,1.0,-0.2837,0
app_0172,app_s007710,0.6054,0.008,0.0,0.5704,0
app_0183,app_s007711,-0.2266,0.3727,0.0,0.4369,0
app_0344,app_s007712,-13.0625,0.469,1.0,2.4276,1
app_0146,app_s007713,-0.5493,0.0079,0.0,-0.4321,0
app_0031,app_s007714,2.5108,0.013,0.0,-0.2786,0
app_0131,app_s007715,-11.0041,0.6635,0.0,2.9729,1
app_0437,app_s007716,-0.6163,0.0434,0.0,-0.4198,0
app_0412,app_s007717,0.3167,0.4896,1.0,-0.0374,0
app_0109,app_s007718,20.994,0.0181,1.0,1.5576,1
app_0004,app_s007719,0.3567,0.1184,0.0,-0.2912,0
app_0140,app_s007720,1.7682,0.178,0.0,-0.4648,0
app_0434,app_s007721,-1.4211,0.0298,1.0,-0.036,0
app_0040,app_s007722,-0.3388,0.0841,0.0,1.1393,0
app_0233,app_s007723,-1.5555,0.021,0.0,-0.4646,0
app_0433,app_s007724,0.5382,0.0884,0.0,0.2267,0
app_0018,app_s007725,1.0278,0.7675,0.0,-0.3414,0
app_0316,app_s007726,-1.0157,0.1018,0.0,-0.4551,0
app_0242,app_s007727,-1.6968,0.0407,0.0,-0.4617,0
app_0093,app_s007728,0.4423,0.6262,0.0,0.027,0
app_0081,app_s007729,-1.0723,0.0842,1.0,0.0144,0
app_0240,app_s007730,-0.935,0.0521,1.0,0.4188,0
app_0033,app_s007731,-0.5521,0.4564,0.0,-0.3243,0
app_0204,app_s007732,-0.1302,0.0217,0.0,3.8426,0
app_0024,app_s007733,1.0475,0.1027,0.0,-0.4521,0
app_0078,app_s007734,0.2571,0.6991,0.0,-0.0656,0
app_0447,app_s007735,0.75,0.1126,1.0,0.2005,0
app_0395,app_s007736,-0.2443,0.388,0.0,-0.2201,0
app_0105,app_s007737,0.7125,0.386,0.0,-0.0235,0
app_0381,app_s007738,0.6056,0.4842,0.0,-0.3899,0
app_0139,app_s007739,-0.6329,0.2443,0.0,-0.323,0
app_0082,app_s007740,-0.4965,0.0078,0.0,-0.4773,0
app_0444,app_s007741,-0.6947,0.2389,0.0,-0.3318,0
app_0188,app_s007742,0.6752,0.5503,0.0,-0.2588,0
app_0400,app_s007743,1.5122,0.4593,1.0,-0.1151,0
app_0085,app_s007744,0.1091,0.4892,0.0,-0.4737,0
app_0000,app_s007745,1.1201,0.0386,0.0,-0.353,0
app_0155,app_s007746,0.2366,0.0436,0.0,0.748,0
app_0056,app_s007747,0.5151,0.0339,0.0,-0.3083,0
app_0152,app_s007748,-0.5137,0.023,0.0,0.0516,0
app_0337,app_s007749,-1.8548,0.0121,0.0,-0.2348,0
app_0354,app_s007750,1.1568,0.0296,0.0,1.4063,0
app_0252,app_s007751,0.5846,0.1101,0.0,-0.4614,0
app_0293,app_s007752,-0.4003,0.075,0.0,1.4801,0
app_0122,app_s007753,-0.8194,0.2139,0.0,-0.3162,0
app_0120,app_s007754,0.0688,0.4253,0.0,-0.4443,0
app_0423,app_s007755,-0.1545,0.0315,0.0,-0.4437,0
app_0081,app_s007756,0.7369,0.0609,0.0,5.3714,0
app_0411,app_s007757,0.6735,0.0937,0.0,0.3434,0
app_0172,app_s007758,3.1157,0.7664,0.0,0.1923,0
app_0188,app_s007759,0.8397,0.0252,0.0,0.6315,0
app_0056,app_s007760,21.583,0.582,0.0,3.6628,1
app_0336,app_s007761,-1.5935,0.2336,0.0,0.3855,0
app_0270,app_s007762,0.9824,0.027,0.0,-0.3808,0
app_0397,app_s007763,0.1404,0.0677,0.0,-0.1668,0
app_0200,app_s007764,0.6907,0.6279,0.0,-0.4455,0
app_0210,app_s007765,-0.0813,0.0576,0.0,-0.4035,0
app_0168,app_s007766,0.2462,0.0023,0.0,2.4922,0
app_0365,app_s007767,-0.4072,0.0842,0.0,-0.0239,0
app_0324,app_s007768,0.759,0.1344,0.0,-0.365,0
app_0248,app_s007769,-0.1882,0.5287,0.0,0.4064,0
app_0181,app_s007770,0.7125,0.578,0.0,-0.4036,0
app_0372,app_s007771,0.1357,0.0105,0.0,-0.4364,0
app_0007,app_s007772,0.0181,0.022,0.0,0.3524,0
app_0204,app_s007773,-1.0665,0.5207,0.0,-0.1905,0
app_0191,app_s007774,0.1512,0.0503,0.0,0.9208,0
app_0423,app_s007775,-0.873,0.4404,0.0,-0.2166,0
app_0096,app_s007776,-1.5172,0.1106,0.0,-0.3701,0
app_0071,app_s007777,0.0342,0.173,0.0,-0.3385,0
app_0426,app_s007778,1.1675,0.0222,0.0,-0.3977,0
app_0444,app_s007779,-0.176,0.5067,0.0,0.3316,0
app_0114,app_s007780,-0.7478,0.0133,0.0,-0.3468,0
app_0062,app_s007781,-0.4904,0.0342,0.0,-0.2826,0
app_0363,app_s007782,1.1484,0.0283,0.0,-0.2748,0
app_0117,app_s007783,-9.3613,0.2064,1.0,3.7521,1
app_0445,app_s007784,0.265,0.0596,0.0,-0.4515,0
app_0287,app_s007785,0.2641,0.3999,0.0,-0.181,0
app_0251,app_s007786,0.2585,0.0237,0.0,-0.3734,0
app_0316,app_s007787,0.8613,0.0094,0.0,-0.2794,0
app_0232,app_s007788,-0.14,0.8458,1.0,-0.4498,0
app_0410,app_s007789,-0.889,0.0239,0.0,0.3766,0
app_0240,app_s007790,-2.0476,0.0463,0.0,-0.1686,0
app_0264,app_s007791,-0.0544,0.0421,0.0,-0.3982,0
app_0209,app_s007792,0.6664,0.0222,0.0,0.2846,0
app_0122,app_s007793,-0.0874,0.0257,0.0,-0.2047,0
app_0332,app_s007794,1.5899,0.0457,1.0,2.3385,0
app_0400,app_s007795,-0.009,0.0544,0.0,-0.3027,0
app_0264,app_s007796,-0.9971,0.0994,0.0,0.4098,0
app_0185,app_s007797,1.0148,0.3797,0.0,-0.1223,0
app_0252,app_s007798,-0.6732,0.0245,0.0,-0.2555,0
app_0248,app_s007799,-0.1906,0.0213,0.0,-0.4464,0
app_0180,app_s007800,-2.3922,0.0697,1.0,-0.1696,0
app_0436,app_s007801,-0.6675,0.4611,0.0,-0.1263,0
app_0161,app_s007802,-0.3783,0.0975,0.0,0.0465,0
app_0083,app_s007803,-0.666,0.1429,1.0,0.0021,0
app_0022,app_s007804,1.4586,0.0059,0.0,-0.3038,0
app_0296,app_s007805,0.7394,0.0211,0.0,-0.4694,0
app_0246,app_s007806,1.5447,0.5097,0.0,-0.1827,0
app_0116,app_s007807,-1.0375,0.4343,1.0,-0.4447,0
app_0143,app_s007808,-0.7254,0.4283,0.0,-0.4671,0
app_0449,app_s007809,0.4782,0.3127,0.0,-0.4154,0
app_0196,app_s007810,1.2246,0.0222,1.0,-0.215,0
app_0390,app_s007811,0.507,0.0365,0.0,-0.2151,0
app_0433,app_s007812,-0.072,0.7653,0.0,-0.1238,0
app_0071,app_s007813,-0.0912,0.0032,0.0,1.2088,0
app_0041,app_s007814,0.6166,0.5966,0.0,-0.1357,0
app_0230,app_s007815,-0.6578,0.2385,0.0,-0.0722,0
app_0001,app_s007816,-0.3941,0.1054,0.0,-0.2771,0
app_0202,app_s007817,1.9263,0.059,1.0,-0.3307,0
app_0255,app_s007818,0.1509,0.0231,0.0,-0.0954,0
app_0378,app_s007819,0.7965,0.0432,0.0,-0.4414,0
app_0028,app_s007820,1.6676,0.4223,0.0,-0.2054,0
app_0001,app_s007821,-2.1817,0.0209,0.0,-0.2952,0
app_0366,app_s007822,2.2385,0.002,0.0,-0.3633,0
app_0278,app_s007823,-0.5123,0.0035,0.0,-0.2722,0
app_0382,app_s007824,0.8723,0.0663,0.0,-0.3537,0
app_0075,app_s007825,-0.3141,0.1612,0.0,-0.0772,0
app_0384,app_s007826,-0.1628,0.0098,1.0,-0.2781,0
app_0233,app_s007827,-0.0307,0.0135,0.0,-0.2933,0
app_0210,app_s007828,1.4975,0.0452,0.0,0.5208,0
app_0294,app_s007829,-1.5425,0.0535,0.0,0.2985,0
app_0104,app_s007830,-1.393,0.0227,0.0,5.6036,0
app_0096,app_s007831,2.1491,0.7818,0.0,-0.1108,0
app_0363,app_s007832,0.4361,0.2521,0.0,-0.0844,0
app_0444,app_s007833,-0.1549,0.0115,0.0,-0.4555,0
app_0092,app_s007834,-0.8173,0.8764,0.0,-0.4219,0
app_0125,app_s007835,-0.5062,0.0918,0.0,-0.3651,0
app_0194,app_s007836,-1.5556,0.1002,0.0,-0.2677,0
app_0137,app_s007837,0.2087,0.5091,0.0,-0.2856,0
app_0361,app_s007838,1.3799,0.1392,0.0,-0.2758,0
app_0415,app_s007839,0.7653,0.6545,0.0,-0.47,0
app_0389,app_s007840,-1.271,0.0172,0.0,-0.4693,0
app_0091,app_s007841,1.0586,0.0591,0.0,-0.4313,0
app_0340,app_s007842,2.3943,0.0241,0.0,-0.2575,0
app_0291,app_s007843,0.4823,0.346,0.0,-0.4627,0
app_0044,app_s007844,0.7485,0.187,0.0,0.9926,0
app_0112,app_s007845,0.3521,0.1557,0.0,-0.4531,0
app_0359,app_s007846,-0.0638,0.8181,0.0,-0.4464,0
app_0057,app_s007847,0.8012,0.056,0.0,-0.162,0
app_0235,app_s007848,-0.2326,0.7244,0.0,-0.3494,0
app_0186,app_s007849,-1.7142,0.001,0.0,-0.354,0
app_0408,app_s007850,0.7783,0.4278,0.0,0.2728,0
app_0370,app_s007851,1.4968,0.1439,0.0,1.4439,0
app_0175,app_s007852,0.8185,0.17,0.0,-0.3137,0
app_0233,app_s007853,2.274,0.007,0.0,-0.3927,0
app_0179,app_s007854,1.0251,0.0943,0.0,-0.0863,0
app_0270,app_s007855,0.9264,0.203,0.0,-0.3045,0
app_0058,app_s007856,-2.3453,0.58,0.0,0.3884,0
app_0418,app_s007857,1.516,0.0632,0.0,-0.1444,0
app_0376,app_s007858,-1.1435,0.0279,1.0,-0.3093,0
app_0059,app_s007859,0.6118,0.0491,0.0,-0.4236,0
app_0228,app_s007860,-0.1363,0.136,0.0,-0.311,0
app_0308,app_s007861,0.0584,0.2365,0.0,-0.385,0
app_0152,app_s007862,-0.1748,0.5825,0.0,-0.326,0
app_0140,app_s007863,-0.3928,0.0605,0.0,-0.3622,0
app_0313,app_s007864,-0.1833,0.3626,0.0,-0.2608,0
app_0347,app_s007865,-0.8952,0.6188,0.0,0.1521,0
app_0208,app_s007866,-0.4505,0.4471,0.0,-0.442,0
app_0285,app_s007867,-8.784,0.3394,1.0,2.9925,1
app_0080,app_s007868,6.7768,0.0131,1.0,3.5378,1
app_0246,app_s007869,-0.7232,0.0498,0.0,-0.2785,0
app_0162,app_s007870,0.1189,0.0775,0.0,7.7754,0
app_0404,app_s007871,0.167,0.717,0.0,-0.3436,0
app_0376,app_s007872,0.2663,0.8445,0.0,-0.4816,0
app_0298,app_s007873,-0.8413,0.0292,0.0,0.2815,0
app_0021,app_s007874,-1.0855,0.0439,0.0,-0.2928,0
app_0321,app_s007875,0.4064,0.0035,0.0,-0.4358,0
app_0008,app_s007876,0.2845,0.0529,0.0,-0.385,0
app_0039,app_s007877,1.0883,0.0251,0.0,-0.1296,0
app_0351,app_s007878,0.6332,0.2771,0.0,0.5073,0
app_0335,app_s007879,-0.9652,0.0852,0.0,-0.4578,0
app_0007,app_s007880,0.184,0.0914,0.0,-0.0065,0
app_0416,app_s007881,0.217,0.1201,0.0,-0.3624,0
app_0426,app_s007882,-0.5436,0.0605,1.0,0.6572,0
app_0303,app_s007883,-0.6586,0.6728,0.0,-0.4284,0
app_0251,app_s007884,-0.228,0.6725,0.0,-0.4109,0
app_0100,app_s007885,-1.404,0.0182,0.0,0.0038,0
app_0122,app_s007886,0.7345,0.1999,0.0,9.7878,0
app_0196,app_s007887,-0.9443,0.1433,0.0,-0.1954,0
app_0112,app_s007888,-0.4145,0.0185,0.0,-0.0326,0
app_0259,app_s007889,-0.9653,0.0208,0.0,-0.3387,0
app_0192,app_s007890,-0.2498,0.5488,0.0,0.0025,0
app_0414,app_s007891,-1.4663,0.0224,0.0,-0.014,0
app_0022,app_s007892,0.5094,0.0447,0.0,-0.4605,0
app_0211,app_s007893,-0.7797,0.0715,0.0,-0.2497,0
app_0396,app_s007894,0.343,0.2091,0.0,-0.3394,0
app_0102,app_s007895,-1.8791,0.1086,0.0,-0.4247,0
app_0029,app_s007896,-0.7092,0.0106,0.0,-0.0742,0
app_0229,app_s007897,0.9048,0.0232,0.0,-0.3416,0
app_0043,app_s007898,2.0116,0.3174,0.0,-0.3066,0
app_0393,app_s007899,-0.483,0.0139,0.0,-0.047,0
app_0259,app_s007900,0.7722,0.2482,0.0,-0.4679,0
app_0296,app_s007901,-1.3526,0.5015,0.0,-0.2775,0
app_0116,app_s007902,-0.7093,0.0389,0.0,-0.3972,0
app_0207,app_s007903,0.1552,0.4896,0.0,0.6882,0
app_0211,app_s007904,1.9641,0.158,0.0,-0.3284,0
app_0300,app_s007905,-0.8874,0.0196,0.0,-0.2353,0
app_0131,app_s007906,-0.3687,0.0141,0.0,-0.4163,0
app_0037,app_s007907,-0.4956,0.0428,0.0,-0.3598,0
app_0124,app_s007908,0.4472,0.018,0.0,-0.377,0
app_0444,app_s007909,0.3278,0.1463,0.0,0.0332,0
app_0198,app_s007910,-0.6631,0.0229,0.0,0.3187,0
app_0209,app_s007911,-1.221,0.0532,0.0,0.7175,0
app_0109,app_s007912,-0.7953,0.0164,0.0,-0.092,0
app_0355,app_s007913,0.3901,0.0894,0.0,-0.1589,0
app_0267,app_s007914,0.1843,0.0886,1.0,-0.3475,0
app_0048,app_s007915,1.1034,0.586,0.0,0.2412,0
app_0093,app_s007916,-0.5913,0.5804,0.0,-0.3398,0
app_0386,app_s007917,-0.2441,0.4436,0.0,-0.3552,0
app_0104,app_s007918,-0.0736,0.0077,0.0,-0.2758,0
app_0351,app_s007919,-4.2372,0.7845,1.0,3.1455,1
app_0120,app_s007920,-0.1375,0.1511,1.0,2.0276,0
app_0366,app_s007921,0.8888,0.0245,0.0,1.0011,0
app_0275,app_s007922,0.9957,0.1457,0.0,-0.4057,0
app_0363,app_s007923,2.1413,0.3762,0.0,-0.2776,0
app_0094,app_s007924,-0.1205,0.6237,1.0,-0.4433,0
app_0329,app_s007925,0.9476,0.376,0.0,-0.246,0
app_0331,app_s007926,2.0585,0.0113,0.0,-0.4079,0
app_0005,app_s007927,-0.392,0.093,0.0,-0.0648,0
app_0299,app_s007928,-0.3099,0.0491,0.0,-0.165,0
app_0442,app_s007929,0.2474,0.011,0.0,0.5404,0
app_0233,app_s007930,-2.0303,0.04,1.0,-0.4164,0
app_0443,app_s007931,-0.3377,0.0999,0.0,-0.1648,0
app_0106,app_s007932,-1.1904,0.0252,0.0,1.4159,0
app_0115,app_s007933,1.4939,0.3487,0.0,-0.4097,0
app_0200,app_s007934,-0.2944,0.7999,0.0,-0.3555,0
app_0433,app_s007935,0.5293,0.1676,0.0,-0.2995,0
app_0158,app_s007936,2.5923,0.0198,0.0,-0.3006,0
app_0390,app_s007937,-0.0943,0.0471,0.0,-0.3599,0
app_0432,app_s007938,-0.9283,0.0621,0.0,-0.2617,0
app_0111,app_s007939,-0.2888,0.8008,0.0,-0.3001,0
app_0142,app_s007940,-0.7598,0.0657,1.0,-0.07,0
app_0198,app_s007941,-0.2707,0.0118,1.0,-0.4317,0
app_0059,app_s007942,-1.2749,0.1706,0.0,-0.2966,0
app_0115,app_s007943,0.9556,0.0068,0.0,-0.4026,0
app_0164,app_s007944,0.2006,0.7594,0.0,0.2547,0
app_0286,app_s007945,1.0788,0.0715,0.0,-0.0741,0
app_0030,app_s007946,-0.499,0.0272,1.0,-0.3253,0
app_0337,app_s007947,0.5092,0.0056,0.0,0.5139,0
app_0437,app_s007948,0.355,0.4696,0.0,-0.308,0
app_0369,app_s007949,0.2679,0.4543,0.0,-0.2932,0
app_0361,app_s007950,-2.5856,0.135,0.0,1.7112,0
app_0096,app_s007951,0.017,0.0036,1.0,-0.3212,0
app_0322,app_s007952,-0.5911,0.1042,0.0,-0.285,0
app_0422,app_s007953,-0.9522,0.4309,0.0,-0.353,0
app_0262,app_s007954,0.9429,0.0342,0.0,-0.4085,0
app_0280,app_s007955,-2.2094,0.0708,0.0,-0.4175,0
app_0264,app_s007956,-0.5758,0.0058,0.0,-0.4037,0
app_0040,app_s007957,-1.129,0.1893,0.0,-0.1995,0
app_0033,app_s007958,-0.4922,0.7213,0.0,0.0257,0
app_0403,app_s007959,-0.242,0.0591,0.0,-0.4511,0
app_0351,app_s007960,-1.4793,0.0048,0.0,-0.2944,0
app_0352,app_s007961,-0.7827,0.0342,1.0,-0.2215,0
app_0018,app_s007962,-0.34,0.5581,0.0,0.3251,0
app_0105,app_s007963,-1.5128,0.2995,0.0,-0.3182,0
app_0260,app_s007964,0.4624,0.0979,0.0,-0.4453,0
app_0205,app_s007965,0.8999,0.0075,0.0,-0.4397,0
app_0165,app_s007966,2.068,0.5103,0.0,-0.1556,0
app_0345,app_s007967,1.0976,0.0014,0.0,-0.4112,0
app_0171,app_s007968,-0.6115,0.7133,0.0,0.4469,0
app_0408,app_s007969,-0.8614,0.48,0.0,-0.0985,0
app_0307,app_s007970,-1.5825,0.0512,0.0,-0.3426,0
app_0170,app_s007971,-0.5143,0.4682,0.0,-0.2285,0
app_0429,app_s007972,0.1184,0.0369,0.0,0.0767,0
app_0371,app_s007973,2.0783,0.0702,0.0,-0.3579,0
app_0177,app_s007974,-0.2847,0.0007,0.0,-0.3945,0
app_0201,app_s007975,0.7235,0.0517,0.0,-0.4536,0
app_0221,app_s007976,-0.3362,0.0926,0.0,-0.4111,0
app_0277,app_s007977,0.9296,0.1786,0.0,-0.4129,0
app_0293,app_s007978,0.7417,0.0083,0.0,0.9297,0
app_0124,app_s007979,-0.4621,0.0756,0.0,-0.4086,0
app_0039,app_s007980,-1.4205,0.0783,0.0,-0.3424,0
app_0057,app_s007981,-0.7223,0.0002,0.0,-0.356,0
app_0221,app_s007982,-0.0033,0.0064,0.0,0.2256,0
app_0228,app_s007983,-1.629,0.6026,0.0,0.6779,0
app_0423,app_s007984,-0.304,0.0554,0.0,-0.4375,0
app_0272,app_s007985,-1.1845,0.4079,0.0,-0.4235,0
app_0384,app_s007986,-1.8861,0.4808,1.0,-0.3881,0
app_0424,app_s007987,0.4478,0.0426,1.0,-0.4638,0
app_0032,app_s007988,0.809,0.2731,0.0,0.8351,0
app_0085,app_s007989,0.2552,0.6259,0.0,-0.3413,0
app_0415,app_s007990,0.7798,0.0531,0.0,-0.4228,0
app_0345,app_s007991,0.8775,0.0104,0.0,0.4042,0
app_0255,app_s007992,0.7331,0.7089,0.0,-0.4573,0
app_0365,app_s007993,1.3282,0.0409,0.0,-0.3015,0
app_0394,app_s007994,-4.2133,0.1143,1.0,6.1283,1
app_0072,app_s007995,0.1498,0.0977,1.0,-0.4088,0
app_0057,app_s007996,-0.599,0.1156,0.0,-0.2438,0
app_0317,app_s007997,18.9368,0.0575,0.0,4.2969,1
app_0157,app_s007998,0.6267,0.0004,0.0,-0.2701,0
app_0132,app_s007999,-0.7646,0.0171,0.0,-0.3238,0
app_0151,app_s008000,-0.1918,0.1416,0.0,-0.3908,0
app_0229,app_s008001,1.0325,0.4195,0.0,-0.4175,0
app_0425,app_s008002,1.3465,0.6331,0.0,-0.344,0
app_0070,app_s008003,0.4836,0.8468,1.0,1.8667,0
app_0335,app_s008004,0.7224,0.1026,0.0,-0.4125,0
app_0433,app_s008005,-0.1101,0.4637,0.0,-0.2621,0
app_0046,app_s008006,-0.5428,0.041,0.0,-0.1775,0
app_0259,app_s008007,-0.5914,0.0121,0.0,-0.4744,0
app_0244,app_s008008,0.9628,0.0087,0.0,2.7282,0
app_0317,app_s008009,1.1745,0.4306,0.0,-0.4229,0
app_0136,app_s008010,-1.1917,0.1283,0.0,-0.4779,0
app_0286,app_s008011,0.5157,0.1177,0.0,1.9309,0
app_0240,app_s008012,0.0021,0.7367,0.0,1.8947,0
app_0405,app_s008013,0.2638,0.1481,0.0,0.3382,0
app_0311,app_s008014,0.2349,0.0192,0.0,-0.2444,0
app_0258,app_s008015,1.6201,0.3769,0.0,-0.2048,0
app_0230,app_s008016,1.6813,0.5167,0.0,-0.2669,0
app_0382,app_s008017,0.484,0.2879,0.0,0.1601,0
app_0082,app_s008018,0.8397,0.7797,0.0,-0.1707,0
app_0366,app_s008019,-3.7072,0.0351,1.0,2.8635,1
app_0359,app_s008020,0.8244,0.0239,0.0,-0.2784,0
app_0321,app_s008021,0.154,0.0066,0.0,-0.3743,0
app_0180,app_s008022,-0.4371,0.0526,0.0,-0.1701,0
app_0137,app_s008023,-1.9732,0.097,1.0,1.634,0
app_0199,app_s008024,0.2742,0.2317,0.0,-0.1713,0
app_0133,app_s008025,0.0143,0.0921,0.0,0.3744,0
app_0393,app_s008026,-1.2311,0.6883,0.0,-0.1577,0
app_0073,app_s008027,-0.5759,0.0161,0.0,-0.4218,0
app_0430,app_s008028,0.1522,0.0387,0.0,-0.4666,0
app_0253,app_s008029,0.9099,0.0713,0.0,-0.287,0
app_0265,app_s008030,1.6921,0.0941,0.0,-0.4529,0
app_0319,app_s008031,-1.6797,0.1799,1.0,-0.4016,0
app_0155,app_s008032,0.7226,0.697,0.0,-0.477,0
app_0269,app_s008033,1.4973,0.1706,0.0,0.9861,0
app_0017,app_s008034,-1.6043,0.0847,0.0,-0.407,0
app_0174,app_s008035,0.4337,0.0357,0.0,-0.3945,0
app_0053,app_s008036,0.4269,0.0729,0.0,-0.4663,0
app_0064,app_s008037,0.1986,0.6628,0.0,-0.2457,0
app_0139,app_s008038,0.8377,0.0535,0.0,-0.4056,0
app_0217,app_s008039,-0.3216,0.0777,0.0,-0.3331,0
app_0076,app_s008040,-0.218,0.6484,0.0,3.2963,0
app_0310,app_s008041,0.1385,0.0063,0.0,-0.4604,0
app_0439,app_s008042,-2.7527,0.0035,0.0,-0.3231,0
app_0294,app_s008043,1.2763,0.6633,0.0,-0.2892,0
app_0283,app_s008044,0.5568,0.0548,0.0,0.2844,0
app_0414,app_s008045,-0.2863,0.4518,0.0,-0.2662,0
app_0192,app_s008046,1.2236,0.0039,1.0,-0.2827,0
app_0319,app_s008047,-1.0182,0.1079,0.0,-0.2975,0
app_0022,app_s008048,-11.4172,0.666,1.0,1.6561,1
app_0228,app_s008049,-0.0723,0.1068,1.0,1.2493,0
app_0381,app_s008050,-0.7212,0.0683,0.0,-0.2635,0
app_0069,app_s008051,-0.6661,0.4891,0.0,-0.1364,0
app_0300,app_s008052,0.3705,0.0124,0.0,-0.0745,0
app_0066,app_s008053,-0.6503,0.0257,0.0,0.1215,0
app_0010,app_s008054,0.0932,0.0286,1.0,0.1151,0
app_0212,app_s008055,-0.9565,0.1469,1.0,-0.2925,0
app_0210,app_s008056,-2.1896,0.1756,0.0,-0.4178,0
app_0023,app_s008057,0.4415,0.0052,0.0,-0.455,0
app_0222,app_s008058,0.2973,0.5072,0.0,0.4147,0
app_0086,app_s008059,-0.1363,0.4755,0.0,-0.4084,0
app_0393,app_s008060,0.8311,0.3766,1.0,0.3129,0
app_0331,app_s008061,-0.5932,0.3215,0.0,-0.4717,0
app_0433,app_s008062,0.7523,0.0425,0.0,0.21,0
app_0070,app_s008063,-0.8828,0.0294,0.0,-0.4276,0
app_0351,app_s008064,0.9524,0.4402,0.0,-0.2443,0
app_0265,app_s008065,0.0935,0.3872,0.0,2.2785,0
app_0113,app_s008066,-1.351,0.2891,0.0,0.1642,0
app_0229,app_s008067,-1.3111,0.0185,0.0,-0.2545,0
app_0338,app_s008068,-1.2428,0.1227,0.0,-0.0482,0
app_0129,app_s008069,2.0849,0.1055,1.0,-0.1481,0
app_0082,app_s008070,-0.2806,0.0474,1.0,-0.1062,0
app_0331,app_s008071,0.1761,0.2137,0.0,-0.3531,0
app_0360,app_s008072,0.8017,0.4181,0.0,-0.4742,0
app_0312,app_s008073,1.1768,0.3884,0.0,-0.1902,0
app_0148,app_s008074,1.2436,0.1573,0.0,-0.4037,0
app_0329,app_s008075,0.2455,0.0159,0.0,-0.3637,0
app_0013,app_s008076,-0.6175,0.0495,1.0,0.4734,0
app_0139,app_s008077,0.5655,0.0191,0.0,-0.2994,0
app_0108,app_s008078,2.0879,0.203,0.0,0.8657,0
app_0334,app_s008079,0.9525,0.4935,0.0,-0.3457,0
app_0342,app_s008080,-1.3898,0.1096,0.0,-0.4089,0
app_0422,app_s008081,1.6349,0.039,0.0,-0.4135,0
app_0057,app_s008082,-0.2896,0.0139,0.0,-0.3449,0
app_0015,app_s008083,-1.4008,0.0876,0.0,-0.4669,0
app_0170,app_s008084,0.7433,0.0533,0.0,-0.2061,0
app_0174,app_s008085,-1.5279,0.0141,0.0,-0.4108,0
app_0143,app_s008086,-0.3747,0.0975,0.0,-0.207,0
app_0185,app_s008087,2.6246,0.0065,1.0,-0.4479,0
app_0262,app_s008088,-2.5061,0.1371,0.0,-0.3317,0
app_0359,app_s008089,-0.9419,0.0437,0.0,-0.2187,0
app_0245,app_s008090,-0.185,0.2037,0.0,-0.4377,0
app_0125,app_s008091,-0.7588,0.0511,1.0,0.5333,0
app_0151,app_s008092,-0.4728,0.5891,0.0,-0.3074,0
app_0012,app_s008093,-0.0577,0.1082,0.0,-0.4554,0
app_0275,app_s008094,-0.0819,0.0818,0.0,0.2341,0
app_0340,app_s008095,0.4597,0.0555,0.0,-0.3478,0
app_0039,app_s008096,0.2298,0.0716,0.0,-0.4539,0
app_0168,app_s008097,-0.2205,0.6757,0.0,-0.039,0
app_0118,app_s008098,-1.8961,0.571,0.0,-0.1849,0
app_0146,app_s008099,-0.6077,0.2602,0.0,0.2585,0
app_0395,app_s008100,1.9525,0.3034,0.0,-0.2563,0
app_0419,app_s008101,-1.4216,0.0096,0.0,-0.4707,0
app_0437,app_s008102,-10.1348,0.7245,1.0,6.9967,1
app_0398,app_s008103,-0.2193,0.0254,0.0,-0.4232,0
app_0280,app_s008104,-0.0742,0.8559,0.0,-0.271,0
app_0395,app_s008105,0.7516,0.7721,0.0,-0.2115,0
app_0291,app_s008106,-1.3307,0.0409,0.0,-0.3079,0
app_0398,app_s008107,0.2949,0.0189,0.0,-0.4631,0
app_0290,app_s008108,-0.1394,0.0196,0.0,0.1149,0
app_0061,app_s008109,1.6725,0.2598,1.0,-0.3826,0
app_0393,app_s008110,0.3226,0.0669,0.0,-0.4223,0
app_0379,app_s008111,0.8871,0.1017,0.0,0.3423,0
app_0437,app_s008112,-0.2648,0.1096,0.0,-0.3577,0
app_0250,app_s008113,-0.5898,0.398,0.0,-0.1246,0
app_0241,app_s008114,0.2889,0.033,0.0,0.2623,0
app_0444,app_s008115,-0.2811,0.0003,0.0,-0.3733,0
app_0438,app_s008116,-11.8213,0.6792,1.0,4.7746,1
app_0408,app_s008117,0.6862,0.8081,0.0,0.1486,0
app_0121,app_s008118,-2.3292,0.0109,0.0,-0.4362,0
app_0371,app_s008119,0.5047,0.0291,0.0,-0.3801,0
app_0388,app_s008120,-0.8735,0.0556,0.0,-0.3428,0
app_0258,app_s008121,0.6238,0.507,0.0,0.2456,0
app_0053,app_s008122,1.1192,0.0567,0.0,-0.2279,0
app_0093,app_s008123,-1.0349,0.7823,0.0,-0.1781,0
app_0383,app_s008124,-1.4265,0.0429,0.0,0.0479,0
app_0385,app_s008125,-0.7825,0.0666,0.0,-0.4066,0
app_0129,app_s008126,1.8548,0.062,0.0,-0.3192,0
app_0328,app_s008127,0.0245,0.7004,0.0,-0.4447,0
app_0387,app_s008128,0.6589,0.1109,0.0,-0.4483,0
app_0158,app_s008129,-0.0574,0.0899,0.0,-0.2238,0
app_0297,app_s008130,-0.4447,0.728,0.0,-0.0548,0
app_0320,app_s008131,-1.175,0.1223,0.0,-0.4538,0
app_0351,app_s008132,-0.6674,0.4177,0.0,0.0562,0
app_0235,app_s008133,2.0224,0.5161,0.0,3.207,0
app_0044,app_s008134,1.9795,0.0136,1.0,0.1408,0
app_0273,app_s008135,1.1512,0.0171,0.0,-0.459,0
app_0376,app_s008136,-1.2867,0.1017,0.0,-0.4426,0
app_0437,app_s008137,0.6758,0.5934,0.0,-0.2885,0
app_0164,app_s008138,-1.1659,0.0727,0.0,0.5497,0
app_0118,app_s008139,1.3811,0.0147,0.0,-0.1371,0
app_0141,app_s008140,1.2477,0.3167,0.0,0.477,0
app_0193,app_s008141,-0.2325,0.5789,0.0,-0.4204,0
app_0076,app_s008142,-1.2927,0.7036,0.0,-0.2083,0
app_0169,app_s008143,-1.278,0.7968,1.0,-0.4731,0
app_0068,app_s008144,-0.2466,0.1135,0.0,0.171,0
app_0075,app_s008145,1.227,0.1165,0.0,-0.177,0
app_0213,app_s008146,-1.4001,0.029,1.0,-0.4547,0
app_0412,app_s008147,1.3521,0.028,0.0,-0.4566,0
app_0277,app_s008148,-0.5643,0.0775,0.0,-0.3737,0
app_0143,app_s008149,0.086,0.0421,0.0,-0.4207,0
app_0138,app_s008150,-0.5759,0.0756,0.0,-0.4391,0
app_0060,app_s008151,0.8843,0.2438,0.0,-0.0369,0
app_0401,app_s008152,-0.455,0.0129,0.0,-0.4007,0
app_0167,app_s008153,0.119,0.0002,0.0,-0.0736,0
app_0299,app_s008154,-1.1905,0.0371,0.0,-0.3123,0
app_0288,app_s008155,-0.8242,0.1205,0.0,1.5715,0
app_0298,app_s008156,-2.6988,0.4635,0.0,0.7593,0
app_0263,app_s008157,0.5811,0.4656,0.0,-0.3672,0
app_0408,app_s008158,1.7949,0.0031,0.0,-0.4238,0
app_0294,app_s008159,0.373,0.2925,0.0,-0.3749,0
app_0365,app_s008160,-13.0904,0.07,1.0,9.3629,1
app_0173,app_s008161,1.191,0.0061,0.0,-0.3392,0
app_0116,app_s008162,0.5601,0.5033,0.0,-0.2348,0
app_0174,app_s008163,2.088,0.4233,0.0,-0.4381,0
app_0368,app_s008164,-0.5163,0.0635,0.0,-0.3569,0
app_0428,app_s008165,0.8718,0.1224,0.0,-0.4146,0
app_0321,app_s008166,0.4699,0.1513,1.0,0.3152,0
app_0113,app_s008167,0.3136,0.5238,0.0,-0.0493,0
app_0040,app_s008168,-0.3431,0.0948,0.0,-0.4151,0
app_0403,app_s008169,-0.2386,0.0132,0.0,0.1543,0
app_0231,app_s008170,1.2909,0.044,0.0,-0.3707,0
app_0356,app_s008171,-1.1052,0.049,0.0,-0.379,0
app_0219,app_s008172,0.4703,0.0001,0.0,5.7773,0
app_0218,app_s008173,1.2438,0.8793,0.0,0.9171,0
app_0062,app_s008174,-0.674,0.4947,0.0,-0.4676,0
app_0139,app_s008175,1.854,0.2889,0.0,-0.1083,0
app_0345,app_s008176,1.3584,0.1165,0.0,-0.4073,0
app_0205,app_s008177,-1.6086,0.0589,0.0,-0.2536,0
app_0373,app_s008178,-0.4949,0.7522,0.0,-0.4483,0
app_0076,app_s008179,0.7287,0.0748,0.0,-0.399,0
app_0402,app_s008180,-0.5887,0.0668,0.0,-0.4774,0
app_0345,app_s008181,1.1967,0.0298,0.0,4.9095,0
app_0436,app_s008182,-1.0371,0.1785,0.0,-0.2555,0
app_0400,app_s008183,0.5581,0.3958,0.0,-0.3941,0
app_0049,app_s008184,-1.4212,0.1161,0.0,0.1477,0
app_0362,app_s008185,-9.253,0.6433,1.0,4.4746,1
app_0342,app_s008186,0.5932,0.0025,0.0,-0.1661,0
app_0405,app_s008187,0.335,0.1798,0.0,0.0881,0
app_0303,app_s008188,-2.2394,0.0403,0.0,-0.2827,0
app_0283,app_s008189,1.2768,0.5633,1.0,-0.2613,0
app_0096,app_s008190,0.3325,0.4298,0.0,1.8612,0
app_0148,app_s008191,-11.4332,0.6519,0.0,1.5454,1
app_0361,app_s008192,0.8094,0.6426,0.0,0.484,0
app_0351,app_s008193,-0.9633,0.0079,0.0,-0.4013,0
app_0352,app_s008194,-1.1998,0.0883,1.0,-0.0788,0
app_0095,app_s008195,0.1048,0.0242,0.0,-0.3302,0
app_0208,app_s008196,-0.7423,0.0679,0.0,-0.4041,0
app_0359,app_s008197,-1.1892,0.682,0.0,-0.327,0
app_0235,app_s008198,1.8093,0.0388,1.0,0.0865,0
app_0023,app_s008199,0.0415,0.0239,0.0,-0.3692,0
app_0065,app_s008200,-0.3878,0.5682,0.0,-0.3649,0
app_0153,app_s008201,-0.2336,0.3777,0.0,-0.2698,0
app_0152,app_s008202,1.6729,0.0009,0.0,-0.4202,0
app_0221,app_s008203,-1.4964,0.0221,0.0,-0.3155,0
app_0401,app_s008204,-0.8219,0.0006,0.0,-0.3292,0
app_0050,app_s008205,0.1251,0.0158,0.0,-0.2048,0
app_0180,app_s008206,-0.0134,0.4421,0.0,-0.0648,0
app_0342,app_s008207,-0.4204,0.0662,0.0,8.1611,0
app_0219,app_s008208,-2.4122,0.7071,0.0,0.4951,0
app_0177,app_s008209,0.272,0.213,0.0,-0.2595,0
app_0425,app_s008210,-0.105,0.6819,0.0,-0.2921,0
app_0219,app_s008211,-0.5403,0.943,0.0,-0.1719,0
app_0141,app_s008212,-0.564,0.2345,0.0,0.1501,0
app_0232,app_s008213,-0.9122,0.0418,1.0,-0.1356,0
app_0263,app_s008214,-0.7564,0.2069,0.0,0.8197,0
app_0042,app_s008215,1.1392,0.4815,0.0,-0.4353,0
app_0028,app_s008216,-0.2028,0.0398,0.0,-0.4644,0
app_0442,app_s008217,-1.6039,0.1836,1.0,-0.4594,0
app_0004,app_s008218,2.1347,0.623,0.0,0.873,0
app_0027,app_s008219,1.1588,0.3353,0.0,-0.1228,0
app_0077,app_s008220,-0.5046,0.1126,0.0,-0.3243,0
app_0022,app_s008221,-0.2909,0.0284,1.0,-0.2146,0
app_0148,app_s008222,0.2212,0.7889,1.0,-0.2553,0
app_0012,app_s008223,-0.6815,0.0355,0.0,-0.3128,0
app_0375,app_s008224,-1.0834,0.0294,0.0,-0.3459,0
app_0342,app_s008225,-0.1936,0.8125,0.0,-0.2409,0
app_0013,app_s008226,-1.6002,0.2083,0.0,-0.4499,0
app_0141,app_s008227,1.3886,0.0552,0.0,-0.3351,0
app_0125,app_s008228,0.3507,0.0292,0.0,-0.0341,0
app_0405,app_s008229,0.7803,0.0058,0.0,-0.3109,0
app_0075,app_s008230,2.3769,0.0095,0.0,-0.4303,0
app_0353,app_s008231,0.2077,0.0518,0.0,-0.2293,0
app_0326,app_s008232,-0.759,0.8305,0.0,-0.3911,0
app_0290,app_s008233,-0.4438,0.0123,1.0,-0.2089,0
app_0353,app_s008234,-1.1834,0.2249,0.0,0.1421,0
app_0397,app_s008235,0.5691,0.0558,0.0,-0.4075,0
app_0403,app_s008236,0.0673,0.7016,0.0,-0.3953,0
app_0334,app_s008237,2.6452,0.0397,0.0,-0.4149,0
app_0343,app_s008238,15.898,0.7937,1.0,4.3568,1
app_0309,app_s008239,-0.2581,0.0288,0.0,0.4459,0
app_0232,app_s008240,-0.2902,0.1672,0.0,-0.307,0
app_0421,app_s008241,0.2099,0.0442,0.0,-0.3027,0
app_0389,app_s008242,-12.9427,0.8507,1.0,1.1238,1
app_0123,app_s008243,-0.5464,0.0332,0.0,-0.2627,0
app_0313,app_s008244,-1.968,0.3201,1.0,0.0139,0
app_0365,app_s008245,-1.3159,0.0263,0.0,0.8033,0
app_0116,app_s008246,0.9194,0.7044,0.0,0.5993,0
app_0123,app_s008247,-0.9467,0.347,0.0,1.1257,0
app_0106,app_s008248,-0.8866,0.0213,0.0,-0.3275,0
app_0390,app_s008249,0.4155,0.4387,0.0,0.5012,0
app_0181,app_s008250,0.6778,0.2671,0.0,-0.374,0
app_0112,app_s008251,-1.2533,0.039,0.0,-0.4621,0
app_0376,app_s008252,0.9254,0.0058,0.0,-0.4358,0
app_0128,app_s008253,2.7151,0.4252,0.0,-0.2952,0
app_0383,app_s008254,-0.98,0.0809,0.0,0.7565,0
app_0108,app_s008255,-0.2435,0.3716,0.0,-0.3832,0
app_0382,app_s008256,0.3628,0.0779,0.0,-0.4763,0
app_0247,app_s008257,1.4461,0.3977,0.0,-0.1409,0
app_0417,app_s008258,2.429,0.0553,0.0,-0.3981,0
app_0103,app_s008259,-0.57,0.0035,0.0,-0.2082,0
app_0245,app_s008260,-0.452,0.1078,0.0,-0.4608,0
app_0249,app_s008261,-2.0319,0.0391,0.0,-0.4214,0
app_0263,app_s008262,-0.6114,0.2839,1.0,-0.4243,0
app_0423,app_s008263,1.7354,0.7053,0.0,-0.1917,0
app_0315,app_s008264,-0.2444,0.3152,0.0,-0.4427,0
app_0320,app_s008265,1.5862,0.0089,0.0,-0.0944,0
app_0280,app_s008266,-2.5768,0.1354,0.0,-0.3829,0
app_0067,app_s008267,0.2838,0.0262,0.0,-0.2926,0
app_0291,app_s008268,-0.1516,0.0832,0.0,-0.3635,0
app_0268,app_s008269,-1.2766,0.704,0.0,0.2817,0
app_0055,app_s008270,-0.0655,0.0003,0.0,-0.4015,0
app_0312,app_s008271,-0.5268,0.0166,0.0,-0.3798,0
app_0158,app_s008272,-0.5611,0.1306,0.0,1.1632,0
app_0004,app_s008273,-2.2185,0.4392,1.0,-0.2135,0
app_0241,app_s008274,0.1066,0.4993,0.0,-0.3346,0
app_0404,app_s008275,-0.5743,0.5106,0.0,0.0485,0
app_0222,app_s008276,0.0764,0.6212,0.0,-0.3915,0
app_0306,app_s008277,1.6469,0.028,0.0,-0.1296,0
app_0422,app_s008278,0.7357,0.3026,0.0,0.04,0
app_0444,app_s008279,1.5241,0.0965,0.0,-0.3362,0
app_0441,app_s008280,1.6903,0.1493,0.0,-0.463,0
app_0349,app_s008281,-0.0183,0.0229,0.0,-0.275,0
app_0425,app_s008282,-0.4472,0.3678,0.0,0.043,0
app_0416,app_s008283,1.0289,0.4083,0.0,-0.4489,0
app_0349,app_s008284,0.1122,0.0284,0.0,-0.2565,0
app_0261,app_s008285,-1.0827,0.0836,0.0,-0.4569,0
app_0138,app_s008286,0.4374,0.0076,0.0,-0.4686,0
app_0146,app_s008287,-1.5082,0.0404,0.0,-0.4347,0
app_0282,app_s008288,-0.3204,0.6599,0.0,-0.4709,0
app_0326,app_s008289,1.2095,0.0927,0.0,-0.1327,0
app_0309,app_s008290,0.6873,0.678,0.0,0.3737,0
app_0134,app_s008291,-0.8528,0.0052,0.0,1.9357,0
app_0134,app_s008292,0.2087,0.3393,0.0,-0.4707,0
app_0182,app_s008293,-1.749,0.0039,0.0,-0.4354,0
app_0194,app_s008294,0.1336,0.5874,0.0,-0.4347,0
app_0442,app_s008295,0.8949,0.111,0.0,-0.4292,0
app_0387,app_s008296,1.8064,0.1289,0.0,0.4928,0
app_0021,app_s008297,1.401,0.2669,0.0,-0.2651,0
app_0202,app_s008298,2.2016,0.1074,1.0,-0.2296,0
app_0449,app_s008299,0.7262,0.5825,1.0,0.1602,0
app_0316,app_s008300,-1.042,0.0189,0.0,-0.3908,0
app_0051,app_s008301,0.9588,0.0547,0.0,0.1316,0
app_0297,app_s008302,-0.4554,0.1133,0.0,-0.4665,0
app_0105,app_s008303,2.6541,0.0728,1.0,-0.3057,0
app_0102,app_s008304,0.9006,0.0058,0.0,-0.3426,0
app_0045,app_s008305,10.4092,0.0256,1.0,12.2973,1
app_0419,app_s008306,-0.7188,0.0564,0.0,-0.4344,0
app_0083,app_s008307,-0.0826,0.0191,0.0,-0.4081,0
app_0385,app_s008308,0.9116,0.0995,0.0,-0.3218,0
app_0137,app_s008309,-1.3415,0.0228,0.0,-0.3745,0
app_0021,app_s008310,-1.6212,0.1035,0.0,-0.2568,0
app_0118,app_s008311,-0.8969,0.0534,0.0,-0.3769,0
app_0219,app_s008312,-0.5796,0.2935,0.0,-0.1523,0
app_0356,app_s008313,0.626,0.0004,0.0,2.8942,0
app_0136,app_s008314,-0.9111,0.0712,0.0,-0.2281,0
app_0106,app_s008315,0.7152,0.371,0.0,-0.1858,0
app_0109,app_s008316,-0.6875,0.0959,0.0,-0.4603,0
app_0275,app_s008317,-0.4297,0.2544,0.0,-0.104,0
app_0252,app_s008318,0.303,0.0093,0.0,-0.2078,0
app_0356,app_s008319,-2.7092,0.0343,1.0,0.571,0
app_0103,app_s008320,0.6982,0.0141,1.0,-0.4414,0
app_0030,app_s008321,0.9363,0.0092,0.0,-0.4282,0
app_0331,app_s008322,0.1582,0.2535,0.0,-0.3365,0
app_0229,app_s008323,0.802,0.0225,0.0,-0.3935,0
app_0268,app_s008324,1.2196,0.4704,0.0,-0.3483,0
app_0068,app_s008325,0.3675,0.6966,0.0,-0.4596,0
app_0370,app_s008326,-0.199,0.0419,1.0,-0.2171,0
app_0119,app_s008327,1.396,0.4809,0.0,-0.325,0
app_0368,app_s008328,-0.518,0.0319,0.0,1.7363,0
app_0203,app_s008329,-1.4345,0.6547,0.0,-0.3866,0
app_0001,app_s008330,-0.2869,0.2989,0.0,-0.2273,0
app_0393,app_s008331,0.0467,0.0083,1.0,-0.4067,0
app_0143,app_s008332,-0.0826,0.2188,0.0,-0.4541,0
app_0412,app_s008333,1.0177,0.0507,0.0,-0.1731,0
app_0045,app_s008334,0.8954,0.0633,0.0,-0.001,0
app_0247,app_s008335,0.7114,0.3003,0.0,1.2793,0
app_0372,app_s008336,-0.3644,0.5483,0.0,2.5144,0
app_0105,app_s008337,-0.227,0.0115,1.0,0.3692,0
app_0444,app_s008338,-0.0278,0.2545,0.0,-0.2395,0
app_0294,app_s008339,1.3722,0.0448,0.0,1.8548,0
app_0427,app_s008340,1.8673,0.1316,0.0,-0.429,0
app_0219,app_s008341,0.5922,0.8282,0.0,1.2604,0
app_0178,app_s008342,-0.5511,0.6815,0.0,-0.2518,0
app_0231,app_s008343,1.0447,0.0834,0.0,1.3092,0
app_0309,app_s008344,-1.7451,0.5417,0.0,-0.3691,0
app_0288,app_s008345,0.8984,0.6397,0.0,-0.3137,0
app_0240,app_s008346,0.5985,0.4009,0.0,-0.4709,0
app_0307,app_s008347,-0.7041,0.0296,0.0,-0.4264,0
app_0274,app_s008348,1.2173,0.001,0.0,-0.4686,0
app_0327,app_s008349,1.8657,0.0204,0.0,-0.4474,0
app_0213,app_s008350,-0.4223,0.016,0.0,-0.131,0
app_0135,app_s008351,1.5498,0.684,0.0,-0.0301,0
app_0261,app_s008352,1.626,0.4689,0.0,-0.4272,0
app_0406,app_s008353,-0.3158,0.1123,0.0,-0.4311,0
app_0062,app_s008354,0.6227,0.0813,1.0,-0.4633,0
app_0147,app_s008355,0.069,0.2485,0.0,-0.2351,0
app_0372,app_s008356,-0.5739,0.0091,0.0,-0.4551,0
app_0432,app_s008357,-0.2337,0.7055,0.0,-0.2359,0
app_0286,app_s008358,19.9828,0.312,1.0,2.6779,1
app_0192,app_s008359,-10.584,0.6426,1.0,5.9884,1
app_0113,app_s008360,0.5517,0.1263,1.0,-0.4525,0
app_0308,app_s008361,-1.2692,0.0128,0.0,-0.2918,0
app_0003,app_s008362,-0.5715,0.0749,0.0,-0.3178,0
app_0194,app_s008363,0.7477,0.1251,0.0,0.2747,0
app_0049,app_s008364,-0.974,0.5413,0.0,-0.1458,0
app_0065,app_s008365,0.7611,0.0193,0.0,-0.4191,0
app_0357,app_s008366,0.497,0.5964,0.0,-0.4071,0
app_0117,app_s008367,-0.9277,0.5954,0.0,-0.3854,0
app_0344,app_s008368,-0.5964,0.0022,0.0,-0.4394,0
app_0166,app_s008369,-1.5194,0.0516,1.0,0.1462,0
app_0059,app_s008370,-1.7056,0.0279,0.0,0.135,0
app_0267,app_s008371,0.5759,0.1126,0.0,1.7204,0
app_0132,app_s008372,0.1029,0.1281,1.0,-0.1062,0
app_0204,app_s008373,0.356,0.0327,0.0,-0.3696,0
app_0295,app_s008374,0.1615,0.0871,0.0,-0.3998,0
app_0173,app_s008375,1.6453,0.429,1.0,0.1446,0
app_0442,app_s008376,-0.0628,0.7771,0.0,-0.2489,0
app_0151,app_s008377,-0.2259,0.0401,0.0,-0.4317,0
app_0243,app_s008378,-1.5241,0.4536,0.0,-0.4343,0
app_0437,app_s008379,-0.3017,0.888,0.0,0.1587,0
app_0360,app_s008380,-1.0117,0.4817,0.0,-0.4096,0
app_0356,app_s008381,1.4763,0.0007,0.0,0.5426,0
app_0364,app_s008382,13.6985,0.1022,1.0,0.8552,1
app_0355,app_s008383,1.7187,0.1727,1.0,-0.3661,0
app_0158,app_s008384,0.3455,0.0063,0.0,-0.2326,0
app_0113,app_s008385,1.2282,0.022,1.0,-0.4704,0
app_0016,app_s008386,-0.1041,0.3774,0.0,-0.3048,0
app_0261,app_s008387,-0.0696,0.3982,0.0,-0.3614,0
app_0043,app_s008388,-1.8081,0.0061,0.0,-0.4495,0
app_0003,app_s008389,0.8265,0.8363,1.0,-0.1073,0
app_0046,app_s008390,0.8183,0.101,1.0,3.3344,0
app_0233,app_s008391,-0.6915,0.0444,0.0,-0.4576,0
app_0342,app_s008392,-0.2488,0.0723,0.0,-0.4484,0
app_0000,app_s008393,0.9766,0.3881,0.0,-0.468,0
app_0280,app_s008394,1.774,0.3425,0.0,-0.4056,0
app_0063,app_s008395,0.7297,0.0403,0.0,-0.4602,0
app_0247,app_s008396,-0.8254,0.1543,0.0,-0.4409,0
app_0156,app_s008397,1.6318,0.0497,0.0,-0.3966,0
app_0212,app_s008398,-0.3356,0.0917,0.0,-0.3478,0
app_0288,app_s008399,1.8977,0.1282,1.0,-0.4563,0
app_0197,app_s008400,0.8896,0.0531,0.0,-0.3531,0
app_0414,app_s008401,-1.8207,0.0178,0.0,-0.1542,0
app_0338,app_s008402,-1.2362,0.0122,0.0,-0.2822,0
app_0177,app_s008403,-1.3716,0.1038,0.0,-0.4252,0
app_0017,app_s008404,-0.8385,0.0131,0.0,0.0752,0
app_0411,app_s008405,-2.4142,0.0427,0.0,-0.2872,0
app_0107,app_s008406,-1.6091,0.7176,0.0,-0.3635,0
app_0018,app_s008407,1.5229,0.1252,0.0,0.8601,0
app_0216,app_s008408,0.3949,0.6521,0.0,-0.459,0
app_0283,app_s008409,0.2928,0.0567,0.0,0.138,0
app_0092,app_s008410,-1.1675,0.4066,0.0,-0.4402,0
app_0073,app_s008411,-0.3463,0.0796,1.0,-0.4004,0
app_0192,app_s008412,0.7357,0.0429,0.0,-0.4678,0
app_0088,app_s008413,1.4169,0.612,0.0,3.4311,0
app_0131,app_s008414,1.4608,0.0172,0.0,-0.3308,0
app_0179,app_s008415,-0.6297,0.008,0.0,-0.4586,0
app_0009,app_s008416,0.3163,0.7951,0.0,-0.2167,0
app_0045,app_s008417,1.4562,0.5699,0.0,-0.3505,0
app_0017,app_s008418,0.287,0.1749,0.0,-0.096,0
app_0443,app_s008419,0.758,0.0855,0.0,-0.4067,0
app_0071,app_s008420,-0.5716,0.0039,0.0,-0.3826,0
app_0069,app_s008421,-0.4427,0.6763,0.0,4.2583,0
app_0360,app_s008422,-0.4992,0.0896,0.0,1.4169,0
app_0362,app_s008423,-0.7935,0.6913,0.0,0.4213,0
app_0211,app_s008424,-1.5135,0.5967,0.0,-0.4159,0
app_0402,app_s008425,-1.1803,0.0988,0.0,-0.1909,0
app_0182,app_s008426,0.132,0.0592,0.0,-0.4621,0
app_0027,app_s008427,-0.1278,0.6064,1.0,-0.4642,0
app_0320,app_s008428,-0.3213,0.0185,0.0,-0.2796,0
app_0327,app_s008429,-1.3012,0.8487,0.0,-0.3082,0
app_0112,app_s008430,3.027,0.0591,0.0,1.3368,0
app_0194,app_s008431,-0.9669,0.5559,0.0,0.0945,0
app_0143,app_s008432,1.5615,0.0077,0.0,0.1868,0
app_0414,app_s008433,-0.358,0.0496,1.0,-0.0193,0
app_0004,app_s008434,-12.662,0.0581,1.0,3.7765,1
app_0000,app_s008435,0.3904,0.1611,0.0,-0.2903,0
app_0217,app_s008436,-0.5349,0.0003,0.0,0.1296,0
app_0195,app_s008437,-0.8911,0.0512,0.0,-0.22,0
app_0338,app_s008438,-0.1157,0.0349,0.0,1.224,0
app_0295,app_s008439,-0.9757,0.535,0.0,-0.3263,0
app_0143,app_s008440,-0.207,0.0262,1.0,-0.281,0
app_0251,app_s008441,1.8092,0.3962,0.0,-0.3388,0
app_0401,app_s008442,0.3182,0.0069,0.0,-0.3724,0
app_0013,app_s008443,0.3526,0.1533,0.0,-0.4331,0
app_0210,app_s008444,16.5565,0.1014,1.0,5.009,1
app_0087,app_s008445,1.0185,0.3974,1.0,-0.4572,0
app_0160,app_s008446,-2.0701,0.0577,1.0,-0.0826,0
app_0409,app_s008447,0.895,0.0842,0.0,-0.358,0
app_0032,app_s008448,0.9377,0.5057,0.0,-0.2479,0
app_0362,app_s008449,1.0955,0.0557,0.0,-0.0649,0
app_0160,app_s008450,-1.0073,0.2172,0.0,-0.3709,0
app_0427,app_s008451,0.4536,0.0462,0.0,-0.18,0
app_0271,app_s008452,-0.6149,0.6846,0.0,0.0578,0
app_0175,app_s008453,1.1293,0.0474,1.0,-0.0521,0
app_0211,app_s008454,-0.3807,0.0642,0.0,-0.4002,0
app_0286,app_s008455,-0.4363,0.0816,0.0,-0.0316,0
app_0111,app_s008456,0.8112,0.0418,0.0,-0.1294,0
app_0044,app_s008457,0.3238,0.448,0.0,-0.3109,0
app_0081,app_s008458,-0.7512,0.0594,0.0,0.0787,0
app_0188,app_s008459,-0.1763,0.1245,1.0,-0.0804,0
app_0113,app_s008460,-1.9019,0.015,0.0,-0.3735,0
app_0296,app_s008461,-0.167,0.0063,0.0,-0.4018,0
app_0162,app_s008462,0.347,0.4449,0.0,-0.4142,0
app_0283,app_s008463,-0.6267,0.0621,1.0,0.9782,0
app_0050,app_s008464,0.3624,0.0961,0.0,-0.1577,0
app_0235,app_s008465,-1.4637,0.1946,0.0,-0.1421,0
app_0159,app_s008466,0.0785,0.0009,0.0,-0.2478,0
app_0207,app_s008467,-1.2521,0.1496,0.0,-0.4459,0
app_0318,app_s008468,0.183,0.0061,0.0,-0.3263,0
app_0028,app_s008469,-1.6953,0.5009,0.0,-0.4177,0
app_0235,app_s008470,1.5353,0.0658,0.0,-0.066,0
app_0176,app_s008471,-0.9531,0.5833,0.0,-0.1952,0
app_0085,app_s008472,-10.3172,0.2021,1.0,3.8527,1
app_0326,app_s008473,-0.0133,0.0951,0.0,-0.3556,0
app_0010,app_s008474,0.3866,0.0649,0.0,-0.4498,0
app_0350,app_s008475,-11.26,0.5744,1.0,2.9474,1
app_0115,app_s008476,-1.2096,0.6008,0.0,-0.4098,0
app_0086,app_s008477,-0.4309,0.0496,0.0,-0.4513,0
app_0171,app_s008478,-0.081,0.171,0.0,-0.4643,0
app_0292,app_s008479,-1.397,0.4983,1.0,-0.1882,0
app_0428,app_s008480,-0.1824,0.038,1.0,-0.3774,0
app_0289,app_s008481,0.1142,0.0069,0.0,-0.3482,0
app_0300,app_s008482,0.1807,0.0683,0.0,-0.2467,0
app_0009,app_s008483,-0.4707,0.0232,0.0,0.6705,0
app_0183,app_s008484,-8.7884,0.79,0.0,1.517,1
app_0272,app_s008485,-0.0156,0.0606,0.0,-0.3587,0
app_0441,app_s008486,1.7145,0.372,0.0,-0.3057,0
app_0406,app_s008487,1.2679,0.2856,1.0,-0.2335,0
app_0142,app_s008488,0.5392,0.2258,0.0,-0.3155,0
app_0070,app_s008489,1.0417,0.035,0.0,-0.3253,0
app_0312,app_s008490,-1.4688,0.1308,0.0,-0.3871,0
app_0150,app_s008491,-0.4716,0.7947,0.0,6.3737,0
app_0139,app_s008492,0.4976,0.1142,0.0,-0.313,0
app_0333,app_s008493,-0.473,0.1065,0.0,-0.0863,0
app_0229,app_s008494,-2.0052,0.494,0.0,-0.3636,0
app_0347,app_s008495,0.4582,0.017,0.0,-0.0737,0
app_0051,app_s008496,-0.2473,0.0177,0.0,-0.3208,0
app_0416,app_s008497,0.6548,0.1231,0.0,-0.323,0
app_0379,app_s008498,0.4551,0.0503,0.0,3.8995,0
app_0339,app_s008499,1.3744,0.0312,0.0,-0.3214,0
app_0050,app_s008500,-0.5199,0.0053,0.0,-0.4148,0
app_0101,app_s008501,-4.8199,0.4016,0.0,2.5693,1
app_0196,app_s008502,-2.0421,0.3707,0.0,-0.1334,0
app_0260,app_s008503,1.2903,0.1626,0.0,-0.3976,0
app_0227,app_s008504,0.0154,0.4163,0.0,-0.25,0
app_0067,app_s008505,0.4476,0.0674,0.0,-0.2097,0
app_0239,app_s008506,1.656,0.0977,0.0,-0.1553,0
app_0126,app_s008507,-0.3734,0.5915,1.0,0.3977,0
app_0283,app_s008508,-1.5032,0.103,0.0,-0.4191,0
app_0328,app_s008509,-0.1346,0.0492,0.0,1.9564,0
app_0343,app_s008510,-0.1467,0.1793,1.0,-0.0164,0
app_0443,app_s008511,-0.4772,0.0834,0.0,-0.2909,0
app_0205,app_s008512,-0.0517,0.0608,0.0,-0.2672,0
app_0003,app_s008513,33.1044,0.7555,1.0,3.194,1
app_0336,app_s008514,-1.0751,0.0375,0.0,-0.3293,0
app_0309,app_s008515,0.9634,0.1275,0.0,-0.0763,0
app_0071,app_s008516,0.9506,0.0483,0.0,-0.3439,0
app_0325,app_s008517,22.3974,0.6434,1.0,2.9855,1
app_0289,app_s008518,0.5052,0.7713,0.0,-0.4653,0
app_0424,app_s008519,0.7304,0.0856,0.0,0.1345,0
app_0269,app_s008520,0.7281,0.1286,0.0,0.1629,0
app_0147,app_s008521,-1.5211,0.2308,0.0,0.4186,0
app_0347,app_s008522,-0.0439,0.163,0.0,-0.4194,0
app_0080,app_s008523,-1.6764,0.0276,0.0,-0.3512,0
app_0230,app_s008524,-0.3042,0.0791,0.0,-0.3444,0
app_0415,app_s008525,-2.5604,0.7243,0.0,-0.3747,0
app_0214,app_s008526,-0.0374,0.0371,0.0,-0.4085,0
app_0101,app_s008527,0.2728,0.8064,0.0,-0.4074,0
app_0260,app_s008528,-0.4233,0.1491,0.0,-0.2873,0
app_0005,app_s008529,-0.0176,0.0571,0.0,-0.3694,0
app_0051,app_s008530,-0.0252,0.5245,0.0,0.794,0
app_0341,app_s008531,1.7486,0.0074,0.0,-0.2055,0
app_0197,app_s008532,-1.8457,0.0015,1.0,-0.407,0
app_0216,app_s008533,-0.9842,0.0015,0.0,0.0291,0
app_0157,app_s008534,2.2407,0.6215,0.0,-0.3351,0
app_0213,app_s008535,15.0307,0.0252,1.0,2.0228,1
app_0290,app_s008536,0.5386,0.0293,0.0,-0.4673,0
app_0441,app_s008537,1.0229,0.3249,0.0,-0.2963,0
app_0056,app_s008538,0.2282,0.8804,0.0,-0.2494,0
app_0129,app_s008539,-1.3322,0.0051,0.0,-0.3111,0
app_0238,app_s008540,-0.5816,0.0692,0.0,0.1948,0
app_0288,app_s008541,0.0155,0.0499,0.0,-0.3682,0
app_0170,app_s008542,-0.3801,0.6341,0.0,-0.3806,0
app_0117,app_s008543,-0.935,0.029,0.0,-0.3979,0
app_0139,app_s008544,-0.5829,0.1122,0.0,-0.3377,0
app_0125,app_s008545,-1.9773,0.4392,0.0,-0.4761,0
app_0097,app_s008546,0.0757,0.2703,0.0,-0.0755,0
app_0266,app_s008547,-0.0744,0.6338,0.0,-0.1103,0
app_0308,app_s008548,1.6153,0.0254,0.0,-0.2918,0
app_0448,app_s008549,-0.8116,0.4293,0.0,-0.3131,0
app_0296,app_s008550,0.2061,0.0337,0.0,-0.2092,0
app_0269,app_s008551,0.7882,0.5817,0.0,1.0631,0
app_0213,app_s008552,1.2091,0.1771,1.0,0.4186,0
app_0128,app_s008553,-1.5358,0.0294,0.0,-0.4351,0
app_0235,app_s008554,-0.0898,0.0123,0.0,0.8565,0
app_0020,app_s008555,0.0715,0.5837,0.0,-0.4559,0
app_0431,app_s008556,0.8157,0.0375,0.0,-0.0962,0
app_0350,app_s008557,1.4161,0.0117,0.0,0.4572,0
app_0211,app_s008558,-0.9654,0.7638,0.0,-0.3708,0
app_0354,app_s008559,0.4718,0.0751,0.0,-0.3851,0
app_0128,app_s008560,0.0974,0.0522,0.0,0.9034,0
app_0203,app_s008561,1.4678,0.4736,0.0,0.1049,0
app_0046,app_s008562,-8.8486,0.0059,0.0,4.1244,1
app_0230,app_s008563,-5.0202,0.089,1.0,2.5852,1
app_0006,app_s008564,-1.2061,0.0496,0.0,-0.3267,0
app_0422,app_s008565,0.583,0.0481,0.0,-0.0736,0
app_0096,app_s008566,0.8664,0.0022,0.0,3.2161,0
app_0163,app_s008567,-1.1721,0.0777,0.0,6.3477,0
app_0415,app_s008568,0.7813,0.1909,0.0,-0.2423,0
app_0359,app_s008569,1.9251,0.6542,0.0,-0.4117,0
app_0412,app_s008570,0.1551,0.0618,0.0,-0.1446,0
app_0275,app_s008571,0.0529,0.0486,0.0,0.6751,0
app_0029,app_s008572,-0.1962,0.0923,0.0,-0.302,0
app_0102,app_s008573,-0.3139,0.7841,0.0,0.0432,0
app_0442,app_s008574,-0.2908,0.2204,0.0,-0.3871,0
app_0048,app_s008575,0.4573,0.6249,0.0,0.0009,0
app_0069,app_s008576,0.2644,0.0107,1.0,-0.3536,0
app_0334,app_s008577,0.0378,0.0063,0.0,-0.3542,0
app_0406,app_s008578,-1.5518,0.098,0.0,-0.417,0
app_0274,app_s008579,0.7906,0.5584,0.0,-0.2993,0
app_0442,app_s008580,-0.1355,0.39,0.0,-0.4172,0
app_0356,app_s008581,-0.1703,0.0361,0.0,1.0999,0
app_0359,app_s008582,-0.4424,0.145,0.0,-0.2619,0
app_0421,app_s008583,0.4399,0.0353,0.0,-0.2853,0
app_0082,app_s008584,0.9367,0.0231,0.0,-0.4598,0
app_0009,app_s008585,-2.1508,0.4542,0.0,-0.1206,0
app_0402,app_s008586,0.8583,0.1222,0.0,-0.2934,0
app_0398,app_s008587,-1.3522,0.0267,0.0,-0.2414,0
app_0085,app_s008588,-0.7302,0.051,0.0,-0.2047,0
app_0045,app_s008589,-0.3703,0.0382,0.0,-0.3394,0
app_0433,app_s008590,-8.3801,0.0802,1.0,4.2169,1
app_0132,app_s008591,0.6343,0.7863,0.0,-0.0718,0
app_0226,app_s008592,-0.2705,0.0854,0.0,-0.4783,0
app_0043,app_s008593,1.4781,0.0336,0.0,-0.06,0
app_0293,app_s008594,1.1601,0.512,0.0,-0.1829,0
app_0242,app_s008595,2.7851,0.0117,0.0,-0.2588,0
app_0257,app_s008596,-0.6559,0.0233,0.0,-0.305,0
app_0005,app_s008597,0.1194,0.0394,0.0,-0.4768,0
app_0298,app_s008598,0.4356,0.2936,0.0,0.386,0
app_0007,app_s008599,-1.6426,0.0226,0.0,-0.2389,0
app_0200,app_s008600,-0.6794,0.0019,0.0,-0.0055,0
app_0094,app_s008601,1.643,0.008,0.0,-0.3252,0
app_0267,app_s008602,1.318,0.0644,0.0,0.0968,0
app_0370,app_s008603,1.5206,0.0317,0.0,-0.3405,0
app_0254,app_s008604,-0.3529,0.1433,0.0,-0.2681,0
app_0396,app_s008605,-1.3805,0.1208,0.0,0.7436,0
app_0392,app_s008606,1.5829,0.1101,0.0,2.2937,0
app_0118,app_s008607,0.1947,0.0387,0.0,-0.1309,0
app_0272,app_s008608,-0.6893,0.1544,0.0,0.3323,0
app_0011,app_s008609,-0.0651,0.0542,1.0,0.0509,0
app_0364,app_s008610,0.5612,0.6337,1.0,-0.3919,0
app_0186,app_s008611,0.0721,0.0566,0.0,-0.2557,0
app_0284,app_s008612,-1.942,0.4417,0.0,0.172,0
app_0430,app_s008613,0.2991,0.552,0.0,-0.3608,0
app_0240,app_s008614,0.9308,0.0637,0.0,-0.4334,0
app_0082,app_s008615,0.6351,0.041,0.0,-0.2799,0
app_0266,app_s008616,0.4729,0.9426,1.0,2.802,0
app_0334,app_s008617,1.2653,0.5518,0.0,-0.2614,0
app_0346,app_s008618,-2.6115,0.115,0.0,-0.4116,0
app_0043,app_s008619,-0.2992,0.0211,0.0,-0.4368,0
app_0032,app_s008620,-0.3689,0.4938,0.0,-0.3989,0
app_0101,app_s008621,-0.8008,0.542,0.0,-0.3443,0
app_0445,app_s008622,-1.0815,0.2401,1.0,-0.2592,0
app_0066,app_s008623,-0.3851,0.1642,0.0,-0.162,0
app_0278,app_s008624,1.3299,0.3111,0.0,-0.4332,0
app_0204,app_s008625,-0.7477,0.0058,0.0,-0.181,0
app_0157,app_s008626,0.0414,0.0903,0.0,-0.0947,0
app_0304,app_s008627,0.1566,0.0056,0.0,12.4515,0
app_0173,app_s008628,2.2593,0.0515,0.0,-0.4662,0
app_0413,app_s008629,-0.1658,0.0847,0.0,-0.1375,0
app_0347,app_s008630,-1.9189,0.3251,0.0,-0.3527,0
app_0002,app_s008631,0.3505,0.7627,0.0,-0.1123,0
app_0392,app_s008632,0.7292,0.1739,1.0,-0.3939,0
app_0277,app_s008633,1.2743,0.6927,0.0,-0.4664,0
app_0031,app_s008634,-0.4499,0.0364,0.0,-0.3832,0
app_0052,app_s008635,13.1948,0.7893,1.0,1.3437,1
app_0175,app_s008636,0.0613,0.0045,0.0,-0.3317,0
app_0410,app_s008637,-10.2472,0.6791,0.0,7.0182,1
app_0117,app_s008638,-0.4747,0.053,0.0,-0.3141,0
app_0181,app_s008639,1.7517,0.0172,0.0,0.2697,0
app_0357,app_s008640,-1.5376,0.7121,0.0,-0.3643,0
app_0274,app_s008641,0.0614,0.0704,0.0,-0.1502,0
app_0017,app_s008642,1.3363,0.7512,0.0,0.1502,0
app_0310,app_s008643,-0.4047,0.0111,0.0,-0.411,0
app_0267,app_s008644,0.5507,0.8104,0.0,-0.3547,0
app_0356,app_s008645,0.6384,0.0443,0.0,-0.4283,0
app_0270,app_s008646,0.826,0.0274,0.0,-0.0947,0
app_0133,app_s008647,-0.2662,0.4248,0.0,0.0102,0
app_0202,app_s008648,0.2008,0.0145,0.0,-0.3369,0
app_0440,app_s008649,-0.3425,0.0757,0.0,-0.3509,0
app_0105,app_s008650,0.4386,0.1569,0.0,0.7605,0
app_0351,app_s008651,-0.6997,0.0778,0.0,-0.4576,0
app_0393,app_s008652,-1.0827,0.001,0.0,3.2181,0
app_0065,app_s008653,-0.8675,0.0117,0.0,-0.1581,0
app_0122,app_s008654,0.3313,0.0042,0.0,-0.2891,0
app_0350,app_s008655,-0.0711,0.0071,0.0,2.8782,0
app_0012,app_s008656,-0.2548,0.6173,0.0,-0.1651,0
app_0117,app_s008657,-0.7902,0.0764,1.0,-0.4328,0
app_0246,app_s008658,0.3644,0.0243,0.0,1.0377,0
app_0171,app_s008659,1.4032,0.2347,0.0,-0.2916,0
app_0078,app_s008660,-0.2602,0.2463,0.0,-0.3765,0
app_0385,app_s008661,-0.8257,0.0635,0.0,0.143,0
app_0303,app_s008662,-0.3337,0.2523,0.0,-0.025,0
app_0193,app_s008663,0.6681,0.3755,0.0,-0.4281,0
app_0288,app_s008664,-0.8968,0.0835,0.0,0.2671,0
app_0098,app_s008665,0.8138,0.0683,0.0,-0.0552,0
app_0122,app_s008666,-0.0445,0.5388,0.0,-0.4229,0
app_0087,app_s008667,1.4898,0.0152,0.0,-0.2779,0
app_0277,app_s008668,-1.1034,0.1095,0.0,-0.4767,0
app_0053,app_s008669,-0.3714,0.0095,1.0,-0.054,0
app_0128,app_s008670,-0.4637,0.1043,0.0,-0.4072,0
app_0032,app_s008671,-0.2436,0.1031,0.0,-0.258,0
app_0294,app_s008672,0.5445,0.0111,0.0,-0.4628,0
app_0129,app_s008673,2.3044,0.2778,0.0,-0.3132,0
app_0260,app_s008674,0.361,0.0182,0.0,-0.2421,0
app_0246,app_s008675,-0.8219,0.0773,0.0,-0.234,0
app_0283,app_s008676,1.1303,0.0768,0.0,-0.252,0
app_0391,app_s008677,-0.5281,0.0024,0.0,-0.4387,0
app_0065,app_s008678,-0.6072,0.1159,0.0,-0.482,0
app_0022,app_s008679,0.5649,0.6069,0.0,-0.1465,0
app_0319,app_s008680,-0.5882,0.3932,0.0,0.6551,0
app_0314,app_s008681,-1.0183,0.2778,0.0,-0.3677,0
app_0030,app_s008682,-0.8236,0.0664,0.0,-0.4672,0
app_0030,app_s008683,-0.3505,0.6815,0.0,-0.4358,0
app_0328,app_s008684,-1.2948,0.0023,1.0,-0.3874,0
app_0171,app_s008685,0.5498,0.0874,0.0,0.2476,0
app_0409,app_s008686,-0.1096,0.0039,0.0,0.742,0
app_0430,app_s008687,-1.4147,0.0892,0.0,-0.3978,0
app_0346,app_s008688,0.0446,0.014,0.0,-0.0759,0
app_0122,app_s008689,0.2426,0.0298,0.0,-0.4649,0
app_0390,app_s008690,1.1018,0.7202,0.0,0.0526,0
app_0068,app_s008691,1.6315,0.0328,0.0,-0.3777,0
app_0289,app_s008692,-0.6926,0.047,0.0,-0.3804,0
app_0189,app_s008693,1.531,0.0253,1.0,0.0767,0
app_0180,app_s008694,-0.8979,0.0493,0.0,-0.2105,0
app_0151,app_s008695,-0.0822,0.2693,1.0,-0.1341,0
app_0407,app_s008696,1.0056,0.047,0.0,4.7396,0
app_0358,app_s008697,-1.6018,0.0862,0.0,0.3778,0
app_0044,app_s008698,15.6618,0.6452,1.0,6.5937,1
app_0216,app_s008699,-1.0442,0.2258,0.0,-0.3394,0
app_0292,app_s008700,-1.5088,0.3682,0.0,-0.4546,0
app_0009,app_s008701,0.1951,0.628,0.0,-0.2246,0
app_0162,app_s008702,0.4321,0.4835,0.0,-0.3857,0
app_0385,app_s008703,0.1837,0.0526,0.0,-0.3854,0
app_0178,app_s008704,-1.0764,0.7695,0.0,-0.4433,0
app_0273,app_s008705,0.0813,0.0616,0.0,0.2351,0
app_0305,app_s008706,-1.1533,0.023,0.0,-0.3319,0
app_0343,app_s008707,1.2149,0.0624,0.0,0.436,0
app_0193,app_s008708,-0.3273,0.3763,0.0,-0.4453,0
app_0143,app_s008709,0.3037,0.1287,0.0,-0.3805,0
app_0441,app_s008710,-0.1482,0.0495,0.0,-0.3571,0
app_0114,app_s008711,-0.0524,0.0542,0.0,2.7372,0
app_0119,app_s008712,0.1726,0.0838,0.0,0.9464,0
app_0377,app_s008713,-0.8372,0.1286,1.0,-0.4539,0
app_0146,app_s008714,0.1457,0.0118,1.0,-0.0537,0
app_0008,app_s008715,0.1959,0.0516,0.0,-0.3648,0
app_0279,app_s008716,-0.5845,0.1322,0.0,0.8362,0
app_0419,app_s008717,-0.6136,0.0104,0.0,-0.4171,0
app_0112,app_s008718,0.8493,0.1277,0.0,-0.4804,0
app_0405,app_s008719,-0.0324,0.0257,0.0,0.2164,0
app_0412,app_s008720,0.7052,0.0034,0.0,-0.2299,0
app_0397,app_s008721,-0.5293,0.1043,0.0,-0.3627,0
app_0224,app_s008722,0.3477,0.6642,0.0,0.9917,0
app_0044,app_s008723,-12.527,0.7548,1.0,6.4014,1
app_0175,app_s008724,-0.3309,0.0249,0.0,-0.4596,0
app_0107,app_s008725,0.1968,0.3067,0.0,-0.4286,0
app_0316,app_s008726,1.4368,0.0024,0.0,-0.2401,0
app_0161,app_s008727,1.8796,0.6008,0.0,-0.4157,0
app_0059,app_s008728,0.963,0.0086,0.0,0.5514,0
app_0108,app_s008729,0.7662,0.87,0.0,0.4935,0
app_0009,app_s008730,-0.28,0.1573,0.0,-0.0176,0
app_0149,app_s008731,-0.6743,0.5346,1.0,-0.1509,0
app_0125,app_s008732,-1.6131,0.0041,0.0,-0.428,0
app_0276,app_s008733,-0.3375,0.4504,0.0,-0.4598,0
app_0211,app_s008734,0.8389,0.0572,0.0,-0.0091,0
app_0199,app_s008735,0.9405,0.0813,0.0,-0.4072,0
app_0312,app_s008736,-0.67,0.6171,0.0,-0.4432,0
app_0214,app_s008737,1.5291,0.0038,0.0,-0.484,0
app_0321,app_s008738,-2.5439,0.0734,0.0,-0.3124,0
app_0058,app_s008739,-0.8055,0.3135,0.0,-0.3494,0
app_0316,app_s008740,0.3878,0.1945,1.0,1.1068,0
app_0180,app_s008741,28.0099,0.0871,1.0,0.9745,1
app_0101,app_s008742,0.4586,0.1612,0.0,-0.3381,0
app_0191,app_s008743,0.1484,0.5242,1.0,-0.249,0
app_0090,app_s008744,-1.1812,0.0352,0.0,-0.4667,0
app_0258,app_s008745,0.1416,0.0533,0.0,-0.2899,0
app_0215,app_s008746,0.418,0.3963,0.0,2.9047,0
app_0331,app_s008747,1.1752,0.6236,0.0,-0.4108,0
app_0162,app_s008748,-0.1444,0.2079,0.0,-0.4143,0
app_0198,app_s008749,-1.6555,0.4355,0.0,-0.0646,0
app_0234,app_s008750,-0.9585,0.0989,0.0,-0.3811,0
app_0400,app_s008751,-1.7447,0.0496,1.0,-0.0286,0
app_0299,app_s008752,0.7681,0.6833,0.0,-0.378,0
app_0179,app_s008753,1.2606,0.8788,0.0,-0.1388,0
app_0426,app_s008754,-0.339,0.0061,0.0,-0.4696,0
app_0297,app_s008755,-0.9323,0.0359,1.0,0.1192,0
app_0340,app_s008756,-0.9001,0.0922,0.0,-0.0925,0
app_0088,app_s008757,0.401,0.0205,0.0,0.2439,0
app_0041,app_s008758,-0.6187,0.0204,0.0,0.0608,0
app_0232,app_s008759,0.9286,0.0193,0.0,-0.347,0
app_0242,app_s008760,1.8431,0.109,0.0,-0.0733,0
app_0411,app_s008761,0.7904,0.0477,0.0,1.0396,0
app_0184,app_s008762,0.6833,0.6474,0.0,-0.1689,0
app_0305,app_s008763,-0.28,0.5382,0.0,0.3874,0
app_0014,app_s008764,-0.1099,0.5308,0.0,-0.4422,0
app_0011,app_s008765,0.4601,0.2549,0.0,-0.4161,0
app_0201,app_s008766,0.0624,0.4095,0.0,-0.2438,0
app_0197,app_s008767,-1.4076,0.1111,0.0,0.012,0
app_0014,app_s008768,-0.635,0.5871,0.0,-0.3731,0
app_0046,app_s008769,0.4475,0.1081,0.0,-0.2058,0
app_0099,app_s008770,-0.691,0.4215,0.0,2.6178,0
app_0292,app_s008771,13.8452,0.3579,1.0,3.2241,1
app_0259,app_s008772,-0.7778,0.0393,0.0,-0.4068,0
app_0172,app_s008773,-0.9623,0.1497,1.0,-0.4102,0
app_0125,app_s008774,-4.4656,0.8059,1.0,4.9912,1
app_0255,app_s008775,-0.8741,0.0811,0.0,-0.2094,0
app_0314,app_s008776,-0.0102,0.0665,0.0,0.0712,0
app_0230,app_s008777,-0.0702,0.0804,0.0,-0.2178,0
app_0212,app_s008778,-0.6815,0.4612,0.0,-0.281,0
app_0024,app_s008779,-1.1949,0.0939,0.0,0.0263,0
app_0386,app_s008780,0.1417,0.545,0.0,-0.4394,0
app_0216,app_s008781,-0.4505,0.029,1.0,-0.468,0
app_0328,app_s008782,-0.1299,0.5768,0.0,-0.3754,0
app_0405,app_s008783,-0.8356,0.0531,0.0,-0.3352,0
app_0032,app_s008784,-0.7844,0.0416,0.0,0.1326,0
app_0304,app_s008785,1.0266,0.025,1.0,1.0797,0
app_0153,app_s008786,0.5679,0.239,0.0,0.3884,0
app_0270,app_s008787,0.8091,0.0276,0.0,-0.3777,0
app_0287,app_s008788,-0.2369,0.0332,0.0,-0.0012,0
app_0400,app_s008789,-1.2669,0.0214,0.0,-0.412,0
app_0141,app_s008790,-0.8051,0.5748,0.0,1.3388,0
app_0148,app_s008791,0.8552,0.5562,0.0,-0.4448,0
app_0041,app_s008792,-0.3246,0.4974,0.0,0.2993,0
app_0421,app_s008793,0.5729,0.1127,0.0,-0.207,0
app_0334,app_s008794,-0.7366,0.4878,1.0,0.0447,0
app_0204,app_s008795,-0.4018,0.0624,0.0,0.0133,0
app_0359,app_s008796,-0.7742,0.0111,1.0,-0.2965,0
app_0432,app_s008797,1.0823,0.0265,0.0,0.159,0
app_0252,app_s008798,-0.2272,0.3532,0.0,0.7609,0
app_0349,app_s008799,-0.4136,0.3807,0.0,-0.2156,0
app_0025,app_s008800,0.2211,0.267,0.0,0.2712,0
app_0330,app_s008801,-1.6269,0.5358,1.0,-0.1925,0
app_0382,app_s008802,0.3021,0.1595,0.0,-0.4502,0
app_0320,app_s008803,0.7745,0.494,0.0,1.6718,0
app_0195,app_s008804,0.3863,0.2533,1.0,-0.4561,0
app_0445,app_s008805,-1.2659,0.0291,0.0,0.0681,0
app_0098,app_s008806,1.08,0.2464,0.0,-0.1087,0
app_0410,app_s008807,-1.0005,0.0154,1.0,-0.3298,0
app_0081,app_s008808,-0.5833,0.0193,0.0,-0.0104,0
app_0295,app_s008809,-0.0899,0.0266,1.0,-0.4472,0
app_0382,app_s008810,-0.9415,0.109,1.0,-0.4383,0
app_0397,app_s008811,0.5156,0.0538,0.0,-0.0812,0
app_0389,app_s008812,-0.0362,0.4738,0.0,-0.0284,0
app_0221,app_s008813,-0.2479,0.4357,1.0,-0.0153,0
app_0362,app_s008814,0.6861,0.0021,0.0,-0.4532,0
app_0343,app_s008815,0.4378,0.0347,1.0,-0.4095,0
app_0139,app_s008816,1.2243,0.5929,0.0,0.1979,0
app_0142,app_s008817,0.8659,0.0196,0.0,-0.4057,0
app_0243,app_s008818,-1.2347,0.4237,0.0,-0.4241,0
app_0370,app_s008819,-0.4061,0.284,0.0,-0.1406,0
app_0066,app_s008820,21.3407,0.7151,0.0,3.7095,1
app_0241,app_s008821,1.3768,0.4766,0.0,0.1784,0
app_0387,app_s008822,-1.1497,0.0285,0.0,-0.3669,0
app_0039,app_s008823,-0.2303,0.0547,0.0,-0.4409,0
app_0349,app_s008824,-1.0419,0.0497,0.0,-0.477,0
app_0076,app_s008825,2.1359,0.0117,0.0,-0.3116,0
app_0258,app_s008826,-3.0827,0.0647,0.0,-0.0852,0
app_0111,app_s008827,1.4435,0.475,0.0,-0.3211,0
app_0169,app_s008828,0.1931,0.0484,0.0,-0.4343,0
app_0391,app_s008829,0.2795,0.5738,0.0,0.342,0
app_0259,app_s008830,0.326,0.2904,0.0,-0.2331,0
app_0282,app_s008831,0.087,0.4716,0.0,-0.254,0
app_0174,app_s008832,-1.4731,0.1173,0.0,-0.4287,0
app_0304,app_s008833,-0.079,0.4005,0.0,-0.464,0
app_0160,app_s008834,-0.5543,0.0247,0.0,-0.2521,0
app_0116,app_s008835,-11.3945,0.1394,1.0,4.489,1
app_0292,app_s008836,0.1126,0.1864,0.0,-0.4367,0
app_0275,app_s008837,0.0086,0.0875,0.0,-0.4634,0
app_0286,app_s008838,-1.8537,0.2198,0.0,0.8016,0
app_0119,app_s008839,0.3931,0.8542,1.0,-0.2738,0
app_0195,app_s008840,2.1147,0.0948,0.0,-0.3109,0
app_0336,app_s008841,-0.0559,0.0059,0.0,0.6911,0
app_0119,app_s008842,1.5864,0.0624,0.0,-0.4461,0
app_0028,app_s008843,-10.5481,0.5265,0.0,4.5332,1
app_0341,app_s008844,-0.4127,0.0665,0.0,-0.4633,0
app_0019,app_s008845,0.3895,0.0634,1.0,-0.4613,0
app_0208,app_s008846,17.0938,0.5915,1.0,17.5028,1
app_0304,app_s008847,-0.269,0.0054,0.0,0.8803,0
app_0244,app_s008848,-0.4859,0.423,0.0,0.044,0
app_0346,app_s008849,-0.4329,0.0112,0.0,0.105,0
app_0271,app_s008850,-0.1336,0.1392,0.0,0.5484,0
app_0322,app_s008851,-0.6749,0.6467,0.0,-0.4232,0
app_0343,app_s008852,-0.9705,0.1372,0.0,-0.4162,0
app_0440,app_s008853,-1.3011,0.0892,1.0,0.2988,0
app_0184,app_s008854,-0.7327,0.4875,1.0,3.8521,0
app_0143,app_s008855,0.4453,0.066,0.0,-0.3673,0
app_0441,app_s008856,-0.5651,0.0378,0.0,-0.4214,0
app_0027,app_s008857,-1.7652,0.0685,0.0,-0.2645,0
app_0102,app_s008858,-1.8804,0.0329,0.0,-0.3119,0
app_0390,app_s008859,-0.716,0.0495,0.0,0.0026,0
app_0001,app_s008860,-0.4235,0.0756,0.0,0.3428,0
app_0091,app_s008861,-10.404,0.5109,1.0,5.5176,1
app_0377,app_s008862,-0.988,0.0854,0.0,-0.1326,0
app_0310,app_s008863,-0.2391,0.7375,0.0,-0.2069,0
app_0133,app_s008864,-0.8011,0.3848,0.0,-0.1941,0
app_0114,app_s008865,-0.8929,0.0127,0.0,-0.4436,0
app_0297,app_s008866,1.3065,0.481,0.0,-0.1853,0
app_0166,app_s008867,0.6611,0.1127,0.0,-0.1467,0
app_0116,app_s008868,-1.8801,0.0662,0.0,-0.283,0
app_0382,app_s008869,0.3309,0.0096,0.0,0.4449,0
app_0427,app_s008870,1.8501,0.013,0.0,-0.2584,0
app_0405,app_s008871,-1.068,0.0805,0.0,-0.241,0
app_0289,app_s008872,1.393,0.206,0.0,0.0633,0
app_0171,app_s008873,0.3869,0.482,0.0,-0.4128,0
app_0313,app_s008874,-0.0369,0.0205,0.0,-0.3447,0
app_0256,app_s008875,-4.6774,0.6538,1.0,2.4212,1
app_0194,app_s008876,-1.7124,0.0287,0.0,-0.2539,0
app_0025,app_s008877,0.8784,0.1226,0.0,0.2007,0
app_0269,app_s008878,-0.5792,0.027,0.0,-0.1793,0
app_0302,app_s008879,0.3053,0.2357,1.0,-0.477,0
app_0287,app_s008880,-0.3365,0.6967,0.0,-0.426,0
app_0432,app_s008881,-0.1519,0.0833,0.0,-0.236,0
app_0409,app_s008882,0.4894,0.4604,0.0,-0.3583,0
app_0083,app_s008883,-0.9748,0.02,1.0,0.3398,0
app_0171,app_s008884,0.5822,0.8334,0.0,0.5075,0
app_0106,app_s008885,-0.3262,0.014,0.0,1.2523,0
app_0009,app_s008886,-0.4562,0.2185,0.0,-0.4253,0
app_0284,app_s008887,-1.6156,0.0228,0.0,-0.4036,0
app_0022,app_s008888,0.0353,0.0383,0.0,0.1807,0
app_0420,app_s008889,-0.7548,0.0608,0.0,0.0889,0
app_0422,app_s008890,-1.1411,0.0951,0.0,0.4175,0
app_0044,app_s008891,-1.626,0.0342,1.0,-0.3906,0
app_0448,app_s008892,0.1529,0.0433,1.0,-0.4611,0
app_0427,app_s008893,-10.6388,0.1665,0.0,2.1654,1
app_0181,app_s008894,1.0128,0.3574,0.0,-0.2498,0
app_0191,app_s008895,1.453,0.0122,0.0,-0.4503,0
app_0312,app_s008896,-0.0855,0.2892,0.0,0.909,0
app_0317,app_s008897,-0.8472,0.1807,0.0,-0.3067,0
app_0270,app_s008898,0.8064,0.0512,0.0,-0.3507,0
app_0413,app_s008899,-0.8056,0.1507,0.0,1.7619,0
app_0040,app_s008900,0.2399,0.6253,1.0,0.5236,0
app_0396,app_s008901,1.8215,0.0946,0.0,-0.3419,0
app_0192,app_s008902,-0.6533,0.0823,0.0,-0.2071,0
app_0140,app_s008903,0.2574,0.4959,0.0,-0.4108,0
app_0257,app_s008904,-0.8779,0.0789,0.0,0.325,0
app_0343,app_s008905,-0.518,0.071,0.0,-0.3914,0
app_0052,app_s008906,1.0832,0.0082,0.0,6.0334,0
app_0302,app_s008907,-1.2584,0.6156,0.0,-0.3867,0
app_0389,app_s008908,1.2219,0.579,1.0,-0.3843,0
app_0346,app_s008909,0.1203,0.3944,0.0,-0.1232,0
app_0158,app_s008910,0.1772,0.0526,0.0,-0.3449,0
app_0443,app_s008911,1.0399,0.1419,0.0,-0.3798,0
app_0348,app_s008912,0.0994,0.2397,0.0,-0.2003,0
app_0096,app_s008913,0.9069,0.1057,0.0,0.8615,0
app_0137,app_s008914,-0.6316,0.0362,0.0,-0.4164,0
app_0375,app_s008915,0.0638,0.3319,0.0,-0.1929,0
app_0279,app_s008916,2.1063,0.277,0.0,-0.4202,0
app_0056,app_s008917,-0.3265,0.1667,0.0,0.4566,0
app_0286,app_s008918,27.5927,0.9479,1.0,3.0032,1
app_0342,app_s008919,1.9287,0.0055,0.0,0.0164,0
app_0065,app_s008920,-1.5198,0.0568,1.0,-0.0228,0
app_0344,app_s008921,-1.4285,0.6694,1.0,-0.382,0
app_0398,app_s008922,0.2933,0.0685,0.0,-0.3338,0
app_0064,app_s008923,-1.3123,0.6111,0.0,-0.2716,0
app_0093,app_s008924,0.4075,0.1772,0.0,-0.1979,0
app_0151,app_s008925,0.0089,0.6312,0.0,-0.2787,0
app_0232,app_s008926,-0.1285,0.0472,0.0,-0.4246,0
app_0436,app_s008927,0.9862,0.0573,0.0,1.4539,0
app_0377,app_s008928,-0.6778,0.7039,1.0,-0.2371,0
app_0080,app_s008929,-0.0724,0.0205,0.0,0.085,0
app_0056,app_s008930,-1.3259,0.0367,0.0,0.1226,0
app_0361,app_s008931,-1.1885,0.1459,0.0,-0.4348,0
app_0124,app_s008932,-1.6185,0.0469,0.0,1.0582,0
app_0068,app_s008933,-0.7364,0.0445,0.0,-0.4595,0
app_0305,app_s008934,0.481,0.0844,0.0,0.2973,0
app_0259,app_s008935,-1.3403,0.8005,0.0,-0.4286,0
app_0153,app_s008936,0.4837,0.0457,0.0,-0.3555,0
app_0003,app_s008937,-0.058,0.0271,0.0,-0.2837,0
app_0335,app_s008938,-0.1287,0.0326,0.0,-0.3698,0
app_0168,app_s008939,0.139,0.0325,0.0,-0.0783,0
app_0402,app_s008940,0.3588,0.3997,0.0,-0.3172,0
app_0196,app_s008941,-0.82,0.0093,0.0,6.1552,0
app_0259,app_s008942,-0.8231,0.0398,1.0,-0.4806,0
app_0253,app_s008943,-12.6658,0.2246,1.0,2.6727,1
app_0313,app_s008944,0.2142,0.6983,0.0,0.1493,0
app_0061,app_s008945,0.5164,0.2752,0.0,-0.2826,0
app_0428,app_s008946,0.7235,0.2903,0.0,-0.3763,0
app_0199,app_s008947,1.2511,0.1435,0.0,0.0882,0
app_0027,app_s008948,-1.3705,0.1246,0.0,-0.3536,0
app_0368,app_s008949,0.0059,0.5628,0.0,-0.4471,0
app_0053,app_s008950,-0.0941,0.0011,0.0,-0.0707,0
app_0115,app_s008951,-0.026,0.0289,0.0,-0.3728,0
app_0264,app_s008952,-0.7346,0.1128,0.0,-0.1687,0
app_0030,app_s008953,0.2845,0.502,0.0,-0.0914,0
app_0202,app_s008954,-2.7633,0.2817,0.0,0.1089,0
app_0316,app_s008955,0.1902,0.0472,0.0,-0.4419,0
app_0124,app_s008956,-0.682,0.0569,0.0,-0.2468,0
app_0385,app_s008957,1.0883,0.097,0.0,-0.3824,0
app_0121,app_s008958,0.5018,0.2366,0.0,0.3614,0
app_0330,app_s008959,0.2572,0.1401,0.0,-0.2184,0
app_0032,app_s008960,0.3771,0.0969,0.0,-0.2955,0
app_0274,app_s008961,-0.5693,0.0726,0.0,-0.2983,0
app_0334,app_s008962,-0.4731,0.2007,0.0,0.5909,0
app_0355,app_s008963,-11.6374,0.418,0.0,1.7503,1
app_0269,app_s008964,-0.4477,0.0243,0.0,-0.0632,0
app_0010,app_s008965,0.3978,0.5289,0.0,0.1058,0
app_0021,app_s008966,0.1804,0.1255,0.0,-0.1671,0
app_0340,app_s008967,-0.6616,0.1913,0.0,-0.2476,0
app_0299,app_s008968,-0.1375,0.0198,0.0,-0.4185,0
app_0408,app_s008969,0.4094,0.26,0.0,-0.4545,0
app_0387,app_s008970,-0.8396,0.1933,1.0,2.852,0
app_0292,app_s008971,-0.121,0.0044,0.0,-0.3251,0
app_0331,app_s008972,-0.5423,0.6238,0.0,-0.2985,0
app_0176,app_s008973,-0.2314,0.7596,0.0,-0.4314,0
app_0369,app_s008974,0.0194,0.5189,0.0,-0.1996,0
app_0180,app_s008975,1.3826,0.5407,0.0,-0.2442,0
app_0333,app_s008976,0.556,0.0588,0.0,-0.4209,0
app_0439,app_s008977,-0.1307,0.354,0.0,-0.3724,0
app_0259,app_s008978,-1.6142,0.3115,0.0,0.5064,0
app_0043,app_s008979,-1.4796,0.6977,0.0,-0.1597,0
app_0283,app_s008980,0.9569,0.0489,0.0,-0.4181,0
app_0411,app_s008981,-0.6944,0.074,1.0,1.127,0
app_0308,app_s008982,-0.2768,0.5466,0.0,-0.0952,0
app_0093,app_s008983,-0.1469,0.8507,0.0,-0.1975,0
app_0256,app_s008984,0.395,0.1631,0.0,-0.3233,0
app_0307,app_s008985,-0.1614,0.0253,0.0,-0.4176,0
app_0361,app_s008986,-0.7185,0.1182,0.0,-0.2255,0
app_0375,app_s008987,0.5433,0.4923,0.0,-0.3512,0
app_0114,app_s008988,1.6545,0.0429,0.0,-0.4749,0
app_0444,app_s008989,0.145,0.0981,0.0,-0.4579,0
app_0264,app_s008990,0.3288,0.0432,0.0,1.3767,0
app_0331,app_s008991,0.1056,0.0804,0.0,-0.3722,0
app_0101,app_s008992,-0.4884,0.7898,0.0,-0.4065,0
app_0193,app_s008993,-3.4431,0.075,0.0,0.1844,0
app_0047,app_s008994,23.3536,0.4962,1.0,2.9305,1
app_0047,app_s008995,0.6115,0.2078,0.0,-0.3504,0
app_0161,app_s008996,1.2066,0.0163,0.0,-0.2812,0
app_0098,app_s008997,-0.2771,0.0233,0.0,-0.4222,0
app_0346,app_s008998,0.5099,0.0381,0.0,-0.4692,0
app_0315,app_s008999,0.8386,0.0149,0.0,0.2043,0
app_0236,app_s009000,-1.8564,0.1333,0.0,0.1336,0
app_0323,app_s009001,0.4406,0.0016,0.0,2.1727,0
app_0221,app_s009002,-0.4515,0.799,0.0,-0.0164,0
app_0196,app_s009003,0.1793,0.5521,0.0,-0.4217,0
app_0301,app_s009004,-0.7178,0.1418,0.0,0.2765,0
app_0062,app_s009005,-12.1813,0.0397,1.0,1.7144,1
app_0430,app_s009006,-1.4071,0.1262,0.0,-0.3796,0
app_0015,app_s009007,0.6274,0.613,0.0,-0.1563,0
app_0154,app_s009008,-0.0034,0.0369,0.0,-0.3539,0
app_0057,app_s009009,-1.9204,0.0581,0.0,0.1447,0
app_0029,app_s009010,0.2109,0.0596,0.0,-0.4705,0
app_0334,app_s009011,-0.0518,0.3112,0.0,1.2352,0
app_0170,app_s009012,-0.7348,0.0285,0.0,-0.1747,0
app_0133,app_s009013,1.6359,0.0227,0.0,-0.1012,0
app_0170,app_s009014,-0.5057,0.0913,0.0,-0.3668,0
app_0099,app_s009015,-0.1471,0.0244,0.0,-0.2061,0
app_0326,app_s009016,1.038,0.1052,0.0,-0.1909,0
app_0110,app_s009017,-1.6889,0.4658,0.0,-0.4137,0
app_0277,app_s009018,0.5388,0.144,0.0,-0.2044,0
app_0039,app_s009019,-0.043,0.0484,0.0,-0.2927,0
app_0067,app_s009020,-0.1062,0.2973,0.0,-0.4252,0
app_0030,app_s009021,-1.2023,0.7488,0.0,0.6238,0
app_0289,app_s009022,0.8404,0.636,0.0,-0.3812,0
app_0210,app_s009023,1.8686,0.006,0.0,-0.3941,0
app_0426,app_s009024,0.2796,0.1916,0.0,0.6738,0
app_0104,app_s009025,-1.5168,0.0273,1.0,0.0978,0
app_0173,app_s009026,-0.7242,0.028,0.0,0.6868,0
app_0215,app_s009027,-0.6082,0.4656,0.0,-0.4543,0
app_0326,app_s009028,-1.7552,0.115,0.0,-0.3625,0
app_0126,app_s009029,2.2713,0.0616,1.0,-0.244,0
app_0104,app_s009030,-0.0971,0.5304,0.0,-0.3735,0
app_0268,app_s009031,0.393,0.034,0.0,-0.316,0
app_0371,app_s009032,0.1855,0.0496,0.0,-0.3548,0
app_0420,app_s009033,0.953,0.0556,1.0,-0.4331,0
app_0324,app_s009034,0.8604,0.165,0.0,0.0519,0
app_0389,app_s009035,0.2117,0.6452,0.0,-0.4189,0
app_0148,app_s009036,0.5279,0.2502,0.0,0.6178,0
app_0262,app_s009037,0.8959,0.1002,1.0,-0.4446,0
app_0215,app_s009038,1.4953,0.0417,0.0,-0.3574,0
app_0034,app_s009039,-0.5267,0.1088,0.0,-0.4812,0
app_0443,app_s009040,0.4109,0.0807,0.0,-0.0347,0
app_0411,app_s009041,-0.9426,0.0583,0.0,0.0648,0
app_0331,app_s009042,-0.6126,0.5338,0.0,-0.1608,0
app_0288,app_s009043,0.3762,0.6215,0.0,-0.0338,0
app_0406,app_s009044,-0.9136,0.5009,0.0,0.747,0
app_0431,app_s009045,-0.748,0.0387,0.0,-0.3826,0
app_0415,app_s009046,-0.3282,0.024,0.0,-0.3815,0
app_0404,app_s009047,1.5014,0.0078,0.0,-0.4009,0
app_0213,app_s009048,-0.7702,0.0034,0.0,-0.4191,0
app_0223,app_s009049,0.1833,0.0071,0.0,-0.319,0
app_0448,app_s009050,-0.5035,0.0025,0.0,-0.1351,0
app_0139,app_s009051,-0.6635,0.0563,0.0,-0.4255,0
app_0148,app_s009052,-0.2195,0.1677,0.0,-0.435,0
app_0125,app_s009053,0.705,0.5839,0.0,-0.3395,0
app_0430,app_s009054,-2.5185,0.8795,0.0,-0.3071,0
app_0019,app_s009055,-0.3456,0.1839,0.0,-0.3022,0
app_0164,app_s009056,1.5712,0.0067,0.0,-0.3168,0
app_0431,app_s009057,-0.4272,0.0863,1.0,-0.1848,0
app_0063,app_s009058,1.2076,0.0005,0.0,0.177,0
app_0401,app_s009059,1.599,0.012,0.0,-0.4315,0
app_0148,app_s009060,-0.8061,0.5716,0.0,-0.0756,0
app_0356,app_s009061,-1.6195,0.0124,0.0,-0.0691,0
app_0375,app_s009062,-0.1428,0.0388,0.0,-0.3487,0
app_0059,app_s009063,-0.6384,0.0647,0.0,-0.2767,0
app_0069,app_s009064,-0.6804,0.0431,0.0,0.8633,0
app_0044,app_s009065,-0.3479,0.1335,0.0,-0.4307,0
app_0356,app_s009066,0.935,0.0212,0.0,-0.2935,0
app_0116,app_s009067,0.5749,0.6515,0.0,-0.3546,0
app_0021,app_s009068,-1.0276,0.1715,0.0,-0.3619,0
app_0023,app_s009069,0.2667,0.6304,0.0,-0.1825,0
app_0347,app_s009070,0.9077,0.0615,0.0,0.2995,0
app_0041,app_s009071,0.7197,0.1465,0.0,-0.4266,0
app_0148,app_s009072,-1.6723,0.0571,0.0,-0.1919,0
app_0207,app_s009073,0.0702,0.0823,0.0,1.2104,0
app_0180,app_s009074,-0.9078,0.1244,0.0,0.6755,0
app_0209,app_s009075,1.216,0.046,1.0,-0.3346,0
app_0138,app_s009076,1.2541,0.0223,1.0,0.0316,0
app_0400,app_s009077,-0.5845,0.5054,0.0,-0.3543,0
app_0329,app_s009078,-15.4231,0.6753,1.0,13.594,1
app_0126,app_s009079,-1.2558,0.0128,0.0,-0.4374,0
app_0389,app_s009080,-0.3329,0.042,0.0,0.4439,0
app_0279,app_s009081,-1.1371,0.5872,0.0,-0.2833,0
app_0178,app_s009082,-0.961,0.3582,0.0,-0.3785,0
app_0359,app_s009083,0.8616,0.3045,1.0,-0.4766,0
app_0044,app_s009084,-0.9242,0.3702,0.0,-0.2677,0
app_0019,app_s009085,-1.3168,0.0458,0.0,-0.4199,0
app_0254,app_s009086,-9.7011,0.6824,0.0,3.9061,1
app_0214,app_s009087,26.3344,0.0068,1.0,4.2293,1
app_0405,app_s009088,-0.0436,0.0007,0.0,-0.4677,0
app_0401,app_s009089,-0.3149,0.1095,0.0,-0.4435,0
app_0021,app_s009090,1.1612,0.1698,0.0,0.0084,0
app_0327,app_s009091,0.245,0.6757,0.0,-0.4155,0
app_0351,app_s009092,-1.9482,0.0112,0.0,-0.3804,0
app_0258,app_s009093,-0.5102,0.031,0.0,-0.4159,0
app_0233,app_s009094,-0.7499,0.0281,0.0,-0.3607,0
app_0121,app_s009095,-0.4944,0.3111,0.0,-0.2656,0
app_0109,app_s009096,0.5497,0.0743,0.0,-0.438,0
app_0322,app_s009097,0.1728,0.7991,0.0,-0.2735,0
app_0045,app_s009098,1.6655,0.2752,0.0,-0.2148,0
app_0444,app_s009099,-0.6509,0.0367,0.0,-0.405,0
app_0209,app_s009100,-0.9723,0.0452,0.0,-0.4492,0
app_0446,app_s009101,1.8016,0.0137,1.0,-0.2446,0
app_0128,app_s009102,-2.0202,0.0884,0.0,0.108,0
app_0136,app_s009103,-0.7096,0.7973,0.0,8.0661,0
app_0080,app_s009104,-1.7579,0.6844,0.0,-0.3485,0
app_0388,app_s009105,-1.0063,0.0129,1.0,-0.4532,0
app_0085,app_s009106,-0.2181,0.6655,0.0,-0.3895,0
app_0247,app_s009107,0.7504,0.4794,0.0,-0.4172,0
app_0372,app_s009108,0.6839,0.7173,0.0,-0.2229,0
app_0159,app_s009109,-0.2595,0.5966,0.0,-0.3798,0
app_0411,app_s009110,-0.2213,0.1764,1.0,-0.447,0
app_0384,app_s009111,17.3291,0.9254,1.0,2.6287,1
app_0070,app_s009112,-1.7124,0.0402,0.0,0.2666,0
app_0214,app_s009113,0.3306,0.2205,0.0,-0.3298,0
app_0040,app_s009114,-7.5572,0.0014,1.0,2.8755,1
app_0076,app_s009115,-0.0695,0.246,0.0,-0.3673,0
app_0428,app_s009116,0.3408,0.0664,0.0,0.6949,0
app_0059,app_s009117,-0.7006,0.1543,0.0,-0.1786,0
app_0156,app_s009118,-0.4881,0.0318,0.0,-0.038,0
app_0355,app_s009119,0.4464,0.5247,0.0,0.2038,0
app_0335,app_s009120,1.826,0.2256,1.0,-0.3244,0
app_0159,app_s009121,-0.3766,0.4142,0.0,-0.3172,0
app_0111,app_s009122,-0.9631,0.1039,0.0,-0.4363,0
app_0303,app_s009123,25.0623,0.5035,0.0,3.568,1
app_0266,app_s009124,0.4703,0.6333,0.0,0.0175,0
app_0243,app_s009125,1.4155,0.6367,0.0,2.2207,0
app_0062,app_s009126,-0.9832,0.4427,0.0,-0.4731,0
app_0091,app_s009127,-0.8979,0.0337,0.0,-0.4408,0
app_0063,app_s009128,1.5879,0.1306,0.0,-0.4482,0
app_0373,app_s009129,-0.1675,0.3662,0.0,-0.4309,0
app_0400,app_s009130,0.209,0.0123,1.0,-0.1354,0
app_0221,app_s009131,0.6125,0.0196,0.0,-0.0236,0
app_0132,app_s009132,0.5792,0.0454,0.0,-0.4595,0
app_0065,app_s009133,-0.8847,0.004,0.0,0.303,0
app_0046,app_s009134,-0.4509,0.1338,0.0,-0.1827,0
app_0207,app_s009135,0.4651,0.659,0.0,-0.0951,0
app_0065,app_s009136,1.5293,0.7746,0.0,-0.3743,0
app_0208,app_s009137,-1.2572,0.0806,0.0,0.7788,0
app_0170,app_s009138,-0.5414,0.1184,0.0,-0.369,0
app_0140,app_s009139,-1.6322,0.0233,0.0,-0.3547,0
app_0172,app_s009140,0.4467,0.1368,0.0,-0.4386,0
app_0245,app_s009141,0.9,0.5636,0.0,-0.3924,0
app_0434,app_s009142,-1.2578,0.7394,0.0,0.3819,0
app_0141,app_s009143,-0.264,0.2151,0.0,-0.4193,0
app_0161,app_s009144,0.5013,0.0324,0.0,-0.4124,0
app_0412,app_s009145,0.5421,0.0202,0.0,-0.4434,0
app_0010,app_s009146,-0.4965,0.0647,0.0,-0.2792,0
app_0244,app_s009147,-0.0571,0.3807,0.0,-0.2626,0
app_0362,app_s009148,0.7941,0.0688,0.0,-0.415,0
app_0045,app_s009149,-1.032,0.0623,0.0,-0.2385,0
app_0026,app_s009150,-1.9976,0.6936,0.0,-0.4748,0
app_0393,app_s009151,0.0362,0.4189,0.0,-0.4483,0
app_0061,app_s009152,-10.2785,0.187,1.0,5.4431,1
app_0221,app_s009153,-1.6912,0.0145,0.0,-0.4455,0
app_0310,app_s009154,1.24,0.1738,0.0,-0.3773,0
app_0080,app_s009155,-0.896,0.0008,0.0,-0.2339,0
app_0383,app_s009156,1.9268,0.0575,0.0,-0.3566,0
app_0106,app_s009157,0.5026,0.1227,1.0,-0.1487,0
app_0305,app_s009158,-0.8696,0.0604,0.0,-0.3843,0
app_0060,app_s009159,0.8745,0.0248,0.0,-0.389,0
app_0101,app_s009160,0.9112,0.5438,0.0,-0.3241,0
app_0059,app_s009161,14.0165,0.0478,1.0,1.2095,1
app_0031,app_s009162,0.3185,0.746,0.0,0.5954,0
app_0211,app_s009163,0.5631,0.0081,0.0,-0.3999,0
app_0187,app_s009164,-8.6403,0.0758,1.0,2.4152,1
app_0137,app_s009165,0.2729,0.0652,1.0,-0.2646,0
app_0352,app_s009166,-0.5693,0.0562,0.0,-0.431,0
app_0204,app_s009167,-0.0335,0.0008,0.0,-0.3996,0
app_0228,app_s009168,0.643,0.5273,0.0,-0.4524,0
app_0349,app_s009169,-1.4323,0.3562,0.0,-0.4082,0
app_0110,app_s009170,-0.1137,0.0066,0.0,3.5595,0
app_0237,app_s009171,-1.4423,0.5617,0.0,-0.3733,0
app_0434,app_s009172,0.099,0.0359,0.0,0.1454,0
app_0252,app_s009173,1.3364,0.1471,0.0,-0.3289,0
app_0022,app_s009174,2.1034,0.0795,0.0,-0.2516,0
app_0348,app_s009175,-1.547,0.6284,0.0,-0.4533,0
app_0197,app_s009176,1.5674,0.0177,0.0,-0.4477,0
app_0185,app_s009177,0.778,0.0005,0.0,0.1477,0
app_0093,app_s009178,-10.9527,0.7663,1.0,1.9205,1
app_0311,app_s009179,2.0079,0.4766,0.0,0.7621,0
app_0305,app_s009180,1.0867,0.1043,1.0,-0.2809,0
app_0232,app_s009181,-0.1426,0.0325,0.0,-0.0425,0
app_0178,app_s009182,-0.4298,0.7542,0.0,0.0253,0
app_0416,app_s009183,0.6613,0.0214,0.0,2.1723,0
app_0077,app_s009184,-0.0735,0.0457,1.0,4.5616,0
app_0053,app_s009185,11.281,0.1564,1.0,5.1793,1
app_0170,app_s009186,0.3423,0.0396,0.0,-0.2642,0
app_0052,app_s009187,-0.8936,0.0769,0.0,-0.4644,0
app_0426,app_s009188,1.2274,0.197,0.0,-0.3327,0
app_0422,app_s009189,-0.7592,0.0416,0.0,-0.4134,0
app_0125,app_s009190,0.0336,0.082,0.0,0.1671,0
app_0317,app_s009191,-0.4076,0.0228,0.0,-0.2288,0
app_0075,app_s009192,-0.6693,0.1482,1.0,-0.469,0
app_0169,app_s009193,0.1756,0.0161,1.0,-0.453,0
app_0426,app_s009194,-1.0068,0.0338,0.0,-0.2447,0
app_0332,app_s009195,-0.8837,0.0128,0.0,-0.1562,0
app_0049,app_s009196,-1.3023,0.7128,0.0,-0.1572,0
app_0336,app_s009197,1.8669,0.0864,0.0,1.5398,0
app_0001,app_s009198,0.6544,0.0132,0.0,-0.3947,0
app_0268,app_s009199,-1.2046,0.0837,0.0,-0.4036,0
app_0362,app_s009200,-0.6987,0.095,0.0,-0.3964,0
app_0249,app_s009201,-1.2538,0.0681,1.0,-0.31,0
app_0381,app_s009202,1.8726,0.0352,0.0,-0.3882,0
app_0239,app_s009203,-0.7801,0.2527,0.0,-0.1974,0
app_0382,app_s009204,-0.8433,0.0512,0.0,0.0052,0
app_0086,app_s009205,-0.5065,0.3837,0.0,1.981,0
app_0030,app_s009206,-1.4148,0.1075,0.0,0.0389,0
app_0346,app_s009207,0.9577,0.1509,0.0,-0.31,0
app_0040,app_s009208,2.7335,0.0334,0.0,-0.3308,0
app_0192,app_s009209,0.0308,0.0753,0.0,-0.3658,0
app_0445,app_s009210,-0.1469,0.0885,0.0,-0.4634,0
app_0143,app_s009211,2.3297,0.018,0.0,0.6092,0
app_0193,app_s009212,-0.7984,0.0031,0.0,-0.4778,0
app_0313,app_s009213,-1.4305,0.0068,0.0,1.1349,0
app_0007,app_s009214,2.2008,0.0614,0.0,-0.3231,0
app_0009,app_s009215,0.9285,0.1719,0.0,0.2988,0
app_0077,app_s009216,-5.1794,0.051,0.0,6.3109,1
app_0191,app_s009217,-0.3049,0.0381,0.0,-0.2431,0
app_0281,app_s009218,0.6036,0.0443,1.0,1.4316,0
app_0267,app_s009219,1.2811,0.4077,0.0,0.4395,0
app_0050,app_s009220,0.6179,0.0536,0.0,1.3022,0
app_0307,app_s009221,1.4824,0.025,0.0,-0.421,0
app_0151,app_s009222,-0.6352,0.0678,0.0,5.4406,0
app_0167,app_s009223,-0.9766,0.0286,0.0,-0.4119,0
app_0401,app_s009224,-0.8622,0.0842,0.0,-0.0152,0
app_0180,app_s009225,-0.516,0.5489,0.0,-0.1609,0
app_0291,app_s009226,1.4633,0.0408,0.0,-0.3509,0
app_0393,app_s009227,-0.8134,0.0273,0.0,-0.1888,0
app_0114,app_s009228,-0.0811,0.0775,1.0,-0.1823,0
app_0166,app_s009229,0.1004,0.3227,0.0,0.4119,0
app_0329,app_s009230,-2.5875,0.0395,0.0,-0.4418,0
app_0109,app_s009231,1.8634,0.0007,0.0,-0.2668,0
app_0402,app_s009232,-0.9221,0.0338,0.0,-0.3161,0
app_0350,app_s009233,-0.9123,0.0216,0.0,-0.4701,0
app_0085,app_s009234,-0.3943,0.0417,0.0,-0.1706,0
app_0207,app_s009235,0.3918,0.0565,0.0,0.4355,0
app_0060,app_s009236,0.3593,0.5485,0.0,-0.3527,0
app_0044,app_s009237,-0.4866,0.0637,0.0,-0.4579,0
app_0032,app_s009238,-0.1448,0.0104,0.0,-0.3287,0
app_0255,app_s009239,-0.1084,0.0492,0.0,-0.4098,0
app_0076,app_s009240,1.1138,0.0055,0.0,-0.4527,0
app_0304,app_s009241,-0.99,0.2544,0.0,-0.4079,0
app_0077,app_s009242,0.2805,0.0328,0.0,-0.4685,0
app_0303,app_s009243,2.4572,0.2468,0.0,0.7358,0
app_0434,app_s009244,0.1663,0.0129,0.0,0.2666,0
app_0300,app_s009245,0.3082,0.627,1.0,1.1632,0
app_0177,app_s009246,-0.4553,0.0288,0.0,1.3528,0
app_0302,app_s009247,-10.3493,0.0386,1.0,1.9923,1
app_0436,app_s009248,-1.2413,0.0938,0.0,-0.4102,0
app_0106,app_s009249,0.5688,0.0461,0.0,-0.3642,0
app_0423,app_s009250,0.0797,0.1242,0.0,-0.2944,0
app_0204,app_s009251,0.0635,0.0932,0.0,-0.3084,0
app_0431,app_s009252,-1.135,0.0729,1.0,-0.127,0
app_0258,app_s009253,0.5558,0.418,0.0,-0.3014,0
app_0383,app_s009254,0.84,0.3112,0.0,-0.2781,0
app_0175,app_s009255,-1.1917,0.5544,0.0,-0.3789,0
app_0127,app_s009256,0.8078,0.4137,0.0,-0.3919,0
app_0394,app_s009257,-0.9242,0.1935,0.0,-0.4021,0
app_0390,app_s009258,-0.79,0.453,0.0,-0.2357,0
app_0149,app_s009259,-1.2671,0.1501,0.0,-0.0153,0
app_0273,app_s009260,-0.631,0.0523,0.0,-0.243,0
app_0022,app_s009261,-0.7223,0.0645,0.0,0.3247,0
app_0055,app_s009262,0.7593,0.2678,0.0,0.676,0
app_0156,app_s009263,-1.2821,0.0003,0.0,-0.4621,0
app_0307,app_s009264,-1.3126,0.0082,0.0,3.2237,0
app_0116,app_s009265,2.2181,0.0213,0.0,0.0819,0
app_0282,app_s009266,16.6506,0.5837,1.0,1.0094,1
app_0298,app_s009267,0.1398,0.0887,0.0,-0.3805,0
app_0225,app_s009268,0.5443,0.0004,0.0,-0.3605,0
app_0023,app_s009269,-0.9884,0.0762,0.0,0.0456,0
app_0317,app_s009270,-0.2977,0.0733,0.0,-0.4415,0
app_0056,app_s009271,0.6206,0.1487,0.0,1.0426,0
app_0192,app_s009272,1.0526,0.054,0.0,-0.3348,0
app_0399,app_s009273,1.3575,0.0223,0.0,0.2244,0
app_0079,app_s009274,-0.8453,0.1082,0.0,3.4791,0
app_0025,app_s009275,-1.6881,0.0166,0.0,-0.4321,0
app_0141,app_s009276,1.0503,0.3051,0.0,-0.4633,0
app_0365,app_s009277,-0.4861,0.0731,0.0,25.3263,0
app_0004,app_s009278,-0.6553,0.0259,0.0,-0.3934,0
app_0036,app_s009279,-1.348,0.6248,0.0,0.5323,0
app_0189,app_s009280,1.4857,0.0401,0.0,0.6615,0
app_0180,app_s009281,0.6838,0.4143,0.0,-0.3226,0
app_0305,app_s009282,-0.2501,0.0016,0.0,0.7473,0
app_0138,app_s009283,-0.7257,0.3085,0.0,-0.3015,0
app_0252,app_s009284,-1.2897,0.0962,0.0,0.2557,0
app_0247,app_s009285,2.1162,0.0773,0.0,-0.0738,0
app_0354,app_s009286,0.8458,0.7573,1.0,-0.0993,0
app_0273,app_s009287,2.1199,0.0433,0.0,-0.3038,0
app_0201,app_s009288,-0.5979,0.6177,0.0,0.0959,0
app_0370,app_s009289,0.5192,0.0934,1.0,-0.1064,0
app_0175,app_s009290,-0.1212,0.1143,0.0,-0.4598,0
app_0403,app_s009291,1.0011,0.0163,0.0,0.2088,0
app_0081,app_s009292,0.4352,0.2826,0.0,0.0687,0
app_0096,app_s009293,-0.3456,0.1635,0.0,-0.0718,0
app_0180,app_s009294,0.307,0.1412,0.0,2.694,0
app_0150,app_s009295,-2.4871,0.0355,0.0,0.5842,0
app_0404,app_s009296,-2.3727,0.4251,0.0,4.6134,0
app_0189,app_s009297,0.2565,0.0545,0.0,-0.419,0
app_0290,app_s009298,1.0424,0.0427,0.0,-0.3498,0
app_0239,app_s009299,-0.9241,0.4192,0.0,-0.4248,0
app_0438,app_s009300,-0.5187,0.0803,0.0,-0.3849,0
app_0269,app_s009301,-9.1928,0.024,1.0,3.7029,1
app_0062,app_s009302,0.4585,0.0106,0.0,-0.1884,0
app_0110,app_s009303,-1.7484,0.0185,0.0,0.106,0
app_0100,app_s009304,-1.3663,0.151,0.0,0.208,0
app_0157,app_s009305,-1.7118,0.0046,1.0,-0.4754,0
app_0354,app_s009306,0.8801,0.8777,0.0,0.4334,0
app_0096,app_s009307,0.0695,0.0238,0.0,-0.1066,0
app_0442,app_s009308,-1.1104,0.1119,0.0,-0.069,0
app_0376,app_s009309,1.2765,0.6149,0.0,-0.4194,0
app_0188,app_s009310,2.0298,0.0264,0.0,-0.3421,0
app_0280,app_s009311,-0.3545,0.1426,0.0,-0.4423,0
app_0366,app_s009312,-0.6905,0.0604,0.0,-0.3565,0
app_0160,app_s009313,1.2196,0.5653,0.0,-0.2799,0
app_0368,app_s009314,-0.1307,0.0208,0.0,-0.4531,0
app_0401,app_s009315,-0.9088,0.5825,0.0,0.2245,0
app_0264,app_s009316,-0.4249,0.0415,0.0,4.3228,0
app_0024,app_s009317,0.7514,0.672,0.0,-0.2311,0
app_0264,app_s009318,0.3638,0.0602,0.0,-0.459,0
app_0099,app_s009319,1.3959,0.6182,1.0,-0.4699,0
app_0046,app_s009320,-0.6166,0.3805,0.0,1.076,0
app_0035,app_s009321,0.6619,0.1556,0.0,-0.2514,0
app_0439,app_s009322,-1.3231,0.2486,0.0,-0.355,0
app_0018,app_s009323,-0.0057,0.0931,0.0,-0.3411,0
app_0085,app_s009324,-0.5337,0.5081,0.0,0.7562,0
app_0445,app_s009325,-0.3834,0.0196,0.0,-0.0348,0
app_0376,app_s009326,-0.1406,0.0216,0.0,-0.1479,0
app_0350,app_s009327,-9.6293,0.6622,1.0,1.45,1
app_0001,app_s009328,0.1508,0.0663,0.0,-0.2072,0
app_0033,app_s009329,0.8625,0.1633,0.0,0.0319,0
app_0244,app_s009330,-0.5986,0.0046,0.0,0.4264,0
app_0320,app_s009331,-0.7247,0.052,0.0,-0.4433,0
app_0413,app_s009332,0.6839,0.5322,0.0,0.0573,0
app_0051,app_s009333,-0.5846,0.2566,0.0,-0.4482,0
app_0285,app_s009334,0.4803,0.0067,0.0,-0.4283,0
app_0447,app_s009335,0.2023,0.028,0.0,-0.4132,0
app_0084,app_s009336,-1.3263,0.1926,0.0,-0.3604,0
app_0041,app_s009337,0.7829,0.0761,0.0,-0.4273,0
app_0267,app_s009338,-1.935,0.0608,0.0,0.3046,0
app_0103,app_s009339,-1.3499,0.0979,0.0,-0.3968,0
app_0329,app_s009340,-1.4449,0.0498,0.0,-0.4165,0
app_0147,app_s009341,-0.8559,0.1192,0.0,0.0589,0
app_0446,app_s009342,-0.8708,0.051,0.0,1.4705,0
app_0412,app_s009343,-1.181,0.1352,1.0,-0.3603,0
app_0338,app_s009344,0.1128,0.0823,0.0,0.9059,0
app_0410,app_s009345,-2.1917,0.0837,0.0,-0.0407,0
app_0266,app_s009346,0.7575,0.4726,0.0,-0.4588,0
app_0026,app_s009347,1.7277,0.0726,0.0,-0.2351,0
app_0438,app_s009348,-12.6702,0.6277,1.0,2.1446,1
app_0331,app_s009349,-0.4245,0.4993,0.0,0.6318,0
app_0250,app_s009350,0.7854,0.2045,0.0,0.317,0
app_0085,app_s009351,-0.6281,0.0541,0.0,-0.2507,0
app_0205,app_s009352,0.0339,0.0358,0.0,-0.3748,0
app_0075,app_s009353,-0.5134,0.0884,0.0,-0.145,0
app_0045,app_s009354,0.8169,0.1347,0.0,-0.3999,0
app_0353,app_s009355,1.2627,0.0626,0.0,-0.1029,0
app_0358,app_s009356,0.8554,0.0415,0.0,-0.3431,0
app_0443,app_s009357,0.7314,0.6437,0.0,-0.2859,0
app_0301,app_s009358,-0.0835,0.0781,0.0,0.1082,0
app_0056,app_s009359,20.9126,0.458,1.0,2.7964,1
app_0045,app_s009360,-1.5697,0.0115,0.0,-0.0457,0
app_0211,app_s009361,1.5424,0.0705,0.0,-0.3269,0
app_0109,app_s009362,0.174,0.5147,0.0,-0.4577,0
app_0336,app_s009363,-0.5025,0.0121,1.0,-0.4227,0
app_0200,app_s009364,-1.2297,0.0094,0.0,4.4216,0
app_0115,app_s009365,-1.8874,0.0682,0.0,-0.3528,0
app_0009,app_s009366,-0.205,0.0704,0.0,0.0963,0
app_0442,app_s009367,-1.3587,0.1434,0.0,-0.3982,0
app_0294,app_s009368,0.9895,0.8052,0.0,-0.4283,0
app_0367,app_s009369,-1.4457,0.3377,0.0,0.0137,0
app_0351,app_s009370,-1.0454,0.0092,0.0,-0.2354,0
app_0019,app_s009371,-0.0378,0.1629,0.0,0.1168,0
app_0209,app_s009372,-2.1536,0.4448,0.0,-0.0379,0
app_0422,app_s009373,1.4206,0.4351,1.0,-0.4456,0
app_0176,app_s009374,1.8564,0.0301,0.0,0.0806,0
app_0169,app_s009375,-0.5002,0.1496,0.0,-0.4409,0
app_0258,app_s009376,-7.8047,0.138,1.0,2.4583,1
app_0223,app_s009377,1.8593,0.173,0.0,-0.3373,0
app_0322,app_s009378,2.0987,0.3185,0.0,-0.1911,0
app_0369,app_s009379,-0.4244,0.0859,0.0,-0.154,0
app_0167,app_s009380,-0.4447,0.0159,0.0,-0.1524,0
app_0209,app_s009381,-1.1771,0.1284,0.0,-0.0106,0
app_0051,app_s009382,1.5386,0.0162,1.0,-0.274,0
app_0053,app_s009383,-1.0094,0.0211,0.0,-0.2982,0
app_0408,app_s009384,-0.2765,0.7351,0.0,-0.4371,0
app_0275,app_s009385,-0.9396,0.0473,0.0,-0.1266,0
app_0108,app_s009386,-0.4834,0.0135,0.0,-0.2551,0
app_0330,app_s009387,0.5848,0.2629,0.0,-0.1,0
app_0323,app_s009388,-0.0771,0.0154,0.0,-0.1191,0
app_0197,app_s009389,1.756,0.5475,0.0,-0.3755,0
app_0435,app_s009390,1.658,0.0189,0.0,-0.4278,0
app_0366,app_s009391,-4.1396,0.0147,0.0,3.6473,1
app_0296,app_s009392,-0.6027,0.0421,0.0,0.4556,0
app_0117,app_s009393,-0.4948,0.0217,0.0,-0.0952,0
app_0158,app_s009394,0.3445,0.1906,0.0,-0.2452,0
app_0212,app_s009395,1.7285,0.047,1.0,-0.4239,0
app_0280,app_s009396,-0.2164,0.1789,0.0,-0.4248,0
app_0308,app_s009397,-0.8298,0.066,0.0,-0.4528,0
app_0417,app_s009398,0.3732,0.2621,0.0,1.4898,0
app_0407,app_s009399,0.713,0.2761,0.0,-0.3032,0
app_0385,app_s009400,0.321,0.0861,0.0,-0.2769,0
app_0438,app_s009401,-0.9363,0.1647,0.0,-0.2794,0
app_0084,app_s009402,1.9355,0.1114,0.0,-0.2338,0
app_0385,app_s009403,-2.1787,0.2827,0.0,0.0948,0
app_0146,app_s009404,0.5689,0.3565,0.0,-0.4371,0
app_0050,app_s009405,-0.5322,0.0604,0.0,-0.3551,0
app_0063,app_s009406,0.2487,0.0099,0.0,-0.3434,0
app_0317,app_s009407,0.4571,0.0272,0.0,-0.1214,0
app_0124,app_s009408,1.5495,0.0049,0.0,-0.0064,0
app_0144,app_s009409,0.8815,0.007,0.0,-0.4376,0
app_0203,app_s009410,-0.0434,0.077,0.0,-0.4345,0
app_0052,app_s009411,0.7457,0.0517,0.0,0.5112,0
app_0178,app_s009412,0.9173,0.3225,0.0,0.2511,0
app_0278,app_s009413,-0.1752,0.2172,0.0,0.1465,0
app_0336,app_s009414,0.2148,0.0321,0.0,0.2973,0
app_0175,app_s009415,0.2845,0.0436,0.0,-0.4172,0
app_0109,app_s009416,0.5407,0.6324,0.0,-0.2807,0
app_0235,app_s009417,-0.5364,0.0044,0.0,-0.3181,0
app_0406,app_s009418,-1.4143,0.0221,0.0,-0.3919,0
app_0341,app_s009419,-0.3775,0.0759,0.0,-0.3377,0
app_0121,app_s009420,-0.1212,0.019,0.0,0.3174,0
app_0416,app_s009421,-0.2863,0.0186,0.0,-0.459,0
app_0281,app_s009422,15.3429,0.3893,0.0,3.2917,1
app_0435,app_s009423,0.8186,0.0162,0.0,-0.1413,0
app_0082,app_s009424,1.4055,0.0069,1.0,0.3035,0
app_0299,app_s009425,-0.5849,0.0395,0.0,0.1412,0
app_0320,app_s009426,-1.4575,0.011,0.0,-0.3777,0
app_0304,app_s009427,-0.3617,0.3481,0.0,-0.4314,0
app_0399,app_s009428,-0.6416,0.0887,0.0,0.409,0
app_0037,app_s009429,-0.7178,0.0273,0.0,-0.3079,0
app_0377,app_s009430,-1.0584,0.0803,0.0,-0.1833,0
app_0252,app_s009431,1.1032,0.0127,1.0,-0.4364,0
app_0203,app_s009432,-1.3375,0.0793,0.0,-0.2762,0
app_0416,app_s009433,-1.8877,0.0209,0.0,-0.3129,0
app_0018,app_s009434,-0.2341,0.0091,0.0,-0.1499,0
app_0119,app_s009435,-1.3113,0.3604,0.0,0.4484,0
app_0222,app_s009436,-1.8946,0.0874,1.0,-0.2876,0
app_0228,app_s009437,1.1743,0.3763,0.0,0.1124,0
app_0297,app_s009438,-0.3614,0.5985,1.0,-0.2054,0
app_0076,app_s009439,-0.9639,0.3133,0.0,-0.4051,0
app_0266,app_s009440,-1.4901,0.0577,0.0,0.2209,0
app_0288,app_s009441,-0.3726,0.0934,0.0,-0.4577,0
app_0114,app_s009442,-0.7698,0.0711,0.0,-0.3643,0
app_0365,app_s009443,1.6745,0.2651,0.0,-0.4202,0
app_0291,app_s009444,-1.6847,0.0906,0.0,-0.4205,0
app_0121,app_s009445,-2.6471,0.4786,0.0,-0.3934,0
app_0270,app_s009446,-0.1323,0.6147,1.0,-0.0409,0
app_0124,app_s009447,0.9536,0.1572,0.0,-0.092,0
app_0138,app_s009448,-10.7569,0.7863,1.0,3.1816,1
app_0098,app_s009449,1.2698,0.0253,0.0,-0.1681,0
app_0412,app_s009450,-1.8763,0.1205,0.0,-0.3961,0
app_0136,app_s009451,0.1679,0.0519,0.0,0.0785,0
app_0158,app_s009452,0.174,0.021,0.0,0.3296,0
app_0308,app_s009453,0.4555,0.1417,0.0,-0.2619,0
app_0380,app_s009454,0.0086,0.689,0.0,-0.4466,0
app_0314,app_s009455,0.2755,0.0252,0.0,-0.4401,0
app_0206,app_s009456,1.1093,0.0692,0.0,1.3891,0
app_0096,app_s009457,-1.1317,0.4507,0.0,-0.3425,0
app_0107,app_s009458,-0.7505,0.039,0.0,-0.4012,0
app_0353,app_s009459,0.2569,0.0234,0.0,-0.059,0
app_0368,app_s009460,-0.3477,0.5562,0.0,-0.2779,0
app_0086,app_s009461,-11.0533,0.0339,0.0,8.0252,1
app_0389,app_s009462,-1.2734,0.1226,0.0,1.1947,0
app_0033,app_s009463,0.3699,0.3688,0.0,0.0261,0
app_0152,app_s009464,-0.6972,0.5302,0.0,-0.4391,0
app_0283,app_s009465,-1.084,0.881,0.0,1.1837,0
app_0426,app_s009466,1.6154,0.2699,0.0,-0.4118,0
app_0212,app_s009467,0.9391,0.7143,0.0,-0.2746,0
app_0188,app_s009468,-0.4888,0.1298,0.0,-0.1172,0
app_0175,app_s009469,-0.999,0.2074,0.0,0.5877,0
app_0026,app_s009470,0.6201,0.0133,0.0,-0.3802,0
app_0190,app_s009471,-1.745,0.1316,0.0,0.5494,0
app_0037,app_s009472,1.1466,0.0002,0.0,-0.4237,0
app_0179,app_s009473,-0.9608,0.0333,0.0,-0.15,0
app_0195,app_s009474,0.9576,0.3064,0.0,-0.4626,0
app_0422,app_s009475,-0.5907,0.0475,0.0,-0.3935,0
app_0385,app_s009476,0.816,0.0339,0.0,-0.2178,0
app_0270,app_s009477,-0.2169,0.0219,0.0,-0.4623,0
app_0326,app_s009478,-2.9048,0.0019,0.0,-0.3628,0
app_0403,app_s009479,0.6511,0.3848,0.0,-0.4023,0
app_0162,app_s009480,0.9971,0.4461,0.0,-0.3802,0
app_0033,app_s009481,-1.0869,0.0189,1.0,-0.3253,0
app_0343,app_s009482,27.3922,0.4855,1.0,5.3396,1
app_0187,app_s009483,-0.0848,0.0451,1.0,-0.3362,0
app_0027,app_s009484,-1.7781,0.3081,0.0,-0.1186,0
app_0267,app_s009485,0.9037,0.1853,0.0,-0.145,0
app_0271,app_s009486,-0.2436,0.1186,0.0,-0.2541,0
app_0437,app_s009487,-0.1541,0.0438,0.0,-0.4619,0
app_0080,app_s009488,1.6067,0.0201,0.0,-0.4462,0
app_0287,app_s009489,-0.3339,0.0965,0.0,-0.3338,0
app_0062,app_s009490,0.8543,0.0509,0.0,-0.4603,0
app_0001,app_s009491,0.7237,0.0599,0.0,4.2308,0
app_0065,app_s009492,0.3449,0.2971,0.0,0.0246,0
app_0194,app_s009493,-0.6355,0.0366,0.0,-0.2263,0
app_0333,app_s009494,-1.1968,0.2025,0.0,-0.2529,0
app_0329,app_s009495,0.243,0.0164,0.0,-0.1764,0
app_0131,app_s009496,-1.3692,0.3961,0.0,3.4753,0
app_0336,app_s009497,1.3311,0.2065,0.0,0.1999,0
app_0349,app_s009498,0.0625,0.0336,0.0,-0.4064,0
app_0050,app_s009499,-0.0727,0.0474,0.0,-0.2139,0
app_0022,app_s009500,-0.917,0.0088,0.0,-0.2629,0
app_0390,app_s009501,1.0765,0.2032,0.0,-0.3987,0
app_0017,app_s009502,0.927,0.5933,0.0,-0.4018,0
app_0367,app_s009503,-0.5252,0.0008,0.0,-0.4397,0
app_0147,app_s009504,-0.7792,0.5411,0.0,-0.4624,0
app_0103,app_s009505,-9.6041,0.0604,0.0,1.5382,1
app_0198,app_s009506,0.3133,0.0172,0.0,-0.4047,0
app_0240,app_s009507,-0.0686,0.0333,0.0,-0.1478,0
app_0228,app_s009508,0.645,0.0512,0.0,-0.2777,0
app_0000,app_s009509,0.2221,0.0193,0.0,-0.4341,0
app_0048,app_s009510,-0.7622,0.0316,0.0,-0.0089,0
app_0095,app_s009511,-0.3228,0.0047,0.0,-0.3988,0
app_0150,app_s009512,-0.5874,0.094,0.0,-0.3483,0
app_0045,app_s009513,-1.1318,0.5768,0.0,-0.1887,0
app_0193,app_s009514,0.4812,0.092,0.0,-0.2554,0
app_0068,app_s009515,0.7826,0.2957,1.0,-0.4265,0
app_0392,app_s009516,0.1071,0.0391,0.0,-0.4301,0
app_0228,app_s009517,-1.2897,0.2106,1.0,0.3653,0
app_0057,app_s009518,-5.6285,0.4022,0.0,3.2731,1
app_0008,app_s009519,1.1392,0.3198,0.0,-0.3146,0
app_0175,app_s009520,-0.1311,0.0173,0.0,-0.2632,0
app_0194,app_s009521,-0.4368,0.5007,0.0,-0.362,0
app_0101,app_s009522,1.4623,0.4869,0.0,-0.1553,0
app_0165,app_s009523,-0.2278,0.0343,0.0,-0.2706,0
app_0269,app_s009524,-7.3981,0.0525,1.0,2.6291,1
app_0230,app_s009525,0.4215,0.4906,0.0,0.2193,0
app_0345,app_s009526,-1.2475,0.0869,0.0,0.0491,0
app_0221,app_s009527,-0.4625,0.0032,0.0,-0.3693,0
app_0091,app_s009528,-2.0095,0.0126,0.0,-0.2818,0
app_0299,app_s009529,0.0954,0.3113,0.0,-0.2446,0
app_0433,app_s009530,1.1257,0.8774,0.0,0.389,0
app_0030,app_s009531,-1.5491,0.1008,1.0,-0.4177,0
app_0015,app_s009532,-1.7914,0.0318,0.0,-0.3712,0
app_0436,app_s009533,-0.5994,0.0429,0.0,-0.4152,0
app_0119,app_s009534,-0.721,0.004,0.0,-0.3435,0
app_0239,app_s009535,-0.268,0.1804,0.0,1.6229,0
app_0230,app_s009536,-0.6299,0.0061,0.0,2.2243,0
app_0448,app_s009537,1.148,0.0309,0.0,-0.3354,0
app_0160,app_s009538,-0.7226,0.0192,0.0,-0.1543,0
app_0161,app_s009539,-1.3538,0.2419,0.0,-0.3269,0
app_0233,app_s009540,0.0094,0.0213,0.0,-0.1718,0
app_0209,app_s009541,-1.1331,0.0279,0.0,-0.4095,0
app_0168,app_s009542,2.2156,0.039,0.0,-0.08,0
app_0098,app_s009543,0.7172,0.0518,0.0,-0.2602,0
app_0082,app_s009544,-0.4068,0.4213,0.0,-0.3905,0
app_0164,app_s009545,0.4945,0.7972,1.0,-0.3307,0
app_0223,app_s009546,-1.1119,0.0269,0.0,-0.1987,0
app_0131,app_s009547,0.7091,0.0632,0.0,-0.4239,0
app_0005,app_s009548,0.6057,0.3256,0.0,-0.1898,0
app_0424,app_s009549,-2.1319,0.0761,0.0,0.2003,0
app_0277,app_s009550,-0.58,0.0554,1.0,1.4302,0
app_0127,app_s009551,1.1248,0.0792,0.0,-0.0287,0
app_0263,app_s009552,0.4887,0.2841,0.0,-0.1176,0
app_0146,app_s009553,0.0129,0.3042,0.0,0.387,0
app_0212,app_s009554,0.6086,0.0778,0.0,-0.4647,0
app_0195,app_s009555,-0.5129,0.0127,0.0,-0.0737,0
app_0344,app_s009556,-0.271,0.0429,0.0,0.2859,0
app_0099,app_s009557,-0.2634,0.6558,0.0,-0.4046,0
app_0441,app_s009558,1.4848,0.0339,0.0,-0.2739,0
app_0032,app_s009559,-0.3843,0.019,0.0,-0.3835,0
app_0099,app_s009560,-0.3294,0.7489,0.0,-0.0603,0
app_0098,app_s009561,0.7007,0.0062,0.0,2.5267,0
app_0122,app_s009562,0.1897,0.0254,0.0,-0.4366,0
app_0265,app_s009563,-0.7376,0.0471,1.0,0.3879,0
app_0206,app_s009564,21.7749,0.5691,1.0,10.4848,1
app_0370,app_s009565,-0.2494,0.0131,0.0,-0.3424,0
app_0414,app_s009566,0.691,0.0294,0.0,-0.4417,0
app_0234,app_s009567,0.6525,0.0382,0.0,0.3412,0
app_0343,app_s009568,0.737,0.0663,0.0,0.4936,0
app_0016,app_s009569,0.1967,0.478,0.0,-0.3781,0
app_0168,app_s009570,-0.8795,0.0997,0.0,0.6087,0
app_0329,app_s009571,1.5255,0.0711,0.0,-0.3124,0
app_0278,app_s009572,0.9149,0.4784,0.0,-0.3408,0
app_0434,app_s009573,-3.0248,0.2883,1.0,0.4108,0
app_0183,app_s009574,-0.0754,0.0546,0.0,-0.287,0
app_0261,app_s009575,1.3802,0.6526,0.0,-0.1944,0
app_0179,app_s009576,-0.1159,0.2214,0.0,-0.4418,0
app_0054,app_s009577,0.5857,0.1213,1.0,-0.4562,0
app_0025,app_s009578,1.5987,0.3456,0.0,2.7043,0
app_0034,app_s009579,0.8438,0.6073,0.0,-0.4664,0
app_0057,app_s009580,-0.0885,0.0545,0.0,0.0284,0
app_0429,app_s009581,0.537,0.0456,0.0,-0.3184,0
app_0047,app_s009582,0.2577,0.8077,0.0,-0.4698,0
app_0210,app_s009583,0.1429,0.0608,0.0,0.0275,0
app_0313,app_s009584,0.4052,0.0681,0.0,0.3437,0
app_0178,app_s009585,0.0695,0.0118,0.0,-0.4143,0
app_0443,app_s009586,0.2928,0.1793,0.0,0.7516,0
app_0353,app_s009587,-0.1427,0.0586,0.0,0.1098,0
app_0419,app_s009588,0.7267,0.0074,0.0,0.7583,0
app_0092,app_s009589,-3.8358,0.0291,0.0,7.7312,1
app_0295,app_s009590,-0.7737,0.4052,0.0,-0.0753,0
app_0221,app_s009591,-0.8148,0.2449,0.0,1.74,0
app_0024,app_s009592,0.4884,0.1216,1.0,-0.4643,0
app_0441,app_s009593,-0.8425,0.0526,1.0,1.9936,0
app_0301,app_s009594,-0.3205,0.1,0.0,-0.4077,0
app_0246,app_s009595,0.147,0.5343,0.0,1.2751,0
app_0156,app_s009596,1.3414,0.3937,0.0,-0.123,0
app_0329,app_s009597,-0.3039,0.7556,0.0,-0.4721,0
app_0440,app_s009598,1.1007,0.5672,0.0,-0.3819,0
app_0133,app_s009599,1.296,0.0055,0.0,0.2104,0
app_0359,app_s009600,0.0599,0.1116,0.0,0.0738,0
app_0005,app_s009601,-0.6799,0.6275,0.0,1.9848,0
app_0223,app_s009602,1.1527,0.2676,0.0,-0.2796,0
app_0422,app_s009603,-1.4497,0.0762,1.0,-0.4375,0
app_0430,app_s009604,-0.3501,0.1708,0.0,0.1248,0
app_0291,app_s009605,-0.8518,0.0488,0.0,-0.3326,0
app_0111,app_s009606,-0.1817,0.0024,0.0,-0.4184,0
app_0032,app_s009607,0.8594,0.7195,0.0,-0.3625,0
app_0403,app_s009608,1.073,0.2501,0.0,-0.4503,0
app_0383,app_s009609,1.1197,0.0736,0.0,0.4606,0
app_0055,app_s009610,-2.0487,0.4674,0.0,0.8936,0
app_0218,app_s009611,0.6671,0.1021,0.0,-0.3615,0
app_0116,app_s009612,-0.0842,0.388,0.0,-0.4025,0
app_0022,app_s009613,-0.6424,0.1007,1.0,-0.0105,0
app_0216,app_s009614,1.9153,0.0605,0.0,-0.3004,0
app_0263,app_s009615,0.1573,0.0547,0.0,-0.3114,0
app_0132,app_s009616,0.6254,0.5716,0.0,-0.1919,0
app_0211,app_s009617,1.0409,0.2652,0.0,-0.2827,0
app_0240,app_s009618,-2.0867,0.6618,0.0,-0.0241,0
app_0323,app_s009619,-1.3333,0.0064,0.0,-0.2347,0
app_0129,app_s009620,2.725,0.0208,0.0,-0.2318,0
app_0101,app_s009621,-0.2277,0.0028,0.0,-0.2013,0
app_0078,app_s009622,0.9849,0.0958,0.0,-0.3687,0
app_0059,app_s009623,-1.9227,0.5373,0.0,-0.4575,0
app_0297,app_s009624,0.9318,0.0005,0.0,-0.4064,0
app_0069,app_s009625,1.0543,0.0459,0.0,-0.3871,0
app_0046,app_s009626,-1.0171,0.3794,0.0,-0.3116,0
app_0258,app_s009627,-0.3112,0.0009,0.0,-0.1237,0
app_0380,app_s009628,-0.9977,0.0743,0.0,1.2462,0
app_0268,app_s009629,-2.034,0.094,1.0,-0.1866,0
app_0439,app_s009630,-1.8724,0.056,0.0,-0.3783,0
app_0213,app_s009631,-0.3891,0.1665,0.0,-0.2803,0
app_0247,app_s009632,-0.194,0.0429,0.0,-0.1535,0
app_0072,app_s009633,1.6452,0.0262,0.0,-0.3279,0
app_0261,app_s009634,-1.2142,0.3419,0.0,-0.0909,0
app_0124,app_s009635,-4.992,0.6248,1.0,2.6677,1
app_0204,app_s009636,-0.8502,0.1182,0.0,-0.3409,0
app_0142,app_s009637,-0.2885,0.0458,0.0,0.2434,0
app_0399,app_s009638,0.8089,0.1011,0.0,-0.3656,0
app_0056,app_s009639,-10.9536,0.0468,0.0,5.194,1
app_0132,app_s009640,1.0567,0.452,0.0,-0.3823,0
app_0011,app_s009641,-0.433,0.5508,0.0,-0.3557,0
app_0280,app_s009642,-1.2044,0.0337,0.0,-0.3926,0
app_0100,app_s009643,-0.3707,0.6798,0.0,-0.2655,0
app_0291,app_s009644,-0.6789,0.2822,0.0,-0.1172,0
app_0148,app_s009645,-0.3714,0.691,0.0,0.2122,0
app_0024,app_s009646,-12.6415,0.6142,1.0,6.7592,1
app_0384,app_s009647,0.3778,0.0326,0.0,-0.4116,0
app_0357,app_s009648,0.3293,0.4122,0.0,-0.4373,0
app_0131,app_s009649,-0.6682,0.0024,0.0,-0.1377,0
app_0071,app_s009650,-0.2998,0.0793,0.0,0.2835,0
app_0446,app_s009651,-0.021,0.0377,0.0,-0.3403,0
app_0132,app_s009652,-0.1739,0.0042,0.0,-0.4367,0
app_0321,app_s009653,-0.4401,0.1162,0.0,-0.2033,0
app_0132,app_s009654,1.1084,0.5359,0.0,-0.477,0
app_0019,app_s009655,0.387,0.0321,1.0,-0.239,0
app_0161,app_s009656,0.2009,0.8749,1.0,-0.4533,0
app_0300,app_s009657,-1.3074,0.671,0.0,-0.4616,0
app_0377,app_s009658,0.5805,0.0523,0.0,0.0493,0
app_0337,app_s009659,0.8584,0.5007,0.0,-0.0803,0
app_0438,app_s009660,-1.1618,0.0524,1.0,1.6828,0
app_0197,app_s009661,0.2835,0.7952,1.0,-0.2004,0
app_0399,app_s009662,-0.9323,0.487,0.0,-0.4712,0
app_0340,app_s009663,-0.4736,0.8929,1.0,-0.1188,0
app_0192,app_s009664,0.9304,0.3276,0.0,-0.3839,0
app_0414,app_s009665,-0.6972,0.0002,0.0,-0.4542,0
app_0386,app_s009666,0.8069,0.0697,0.0,-0.344,0
app_0215,app_s009667,0.6776,0.2635,0.0,-0.263,0
app_0206,app_s009668,0.4379,0.0624,0.0,0.0126,0
app_0225,app_s009669,-0.6212,0.1185,0.0,-0.4408,0
app_0085,app_s009670,-0.3927,0.4511,1.0,-0.1779,0
app_0061,app_s009671,0.0984,0.0038,0.0,0.012,0
app_0398,app_s009672,1.2128,0.3616,0.0,-0.2079,0
app_0129,app_s009673,1.5237,0.0844,0.0,0.5119,0
app_0335,app_s009674,-0.8016,0.4691,0.0,0.4351,0
app_0435,app_s009675,-0.2326,0.0573,0.0,1.0467,0
app_0013,app_s009676,0.1464,0.0442,0.0,-0.359,0
app_0347,app_s009677,-10.7682,0.0967,1.0,6.2963,1
app_0278,app_s009678,-0.2958,0.4834,0.0,-0.2792,0
app_0284,app_s009679,-0.7988,0.4374,1.0,-0.2871,0
app_0207,app_s009680,-0.2551,0.3317,0.0,-0.4361,0
app_0319,app_s009681,-0.6879,0.0959,0.0,-0.0605,0
app_0006,app_s009682,0.7861,0.1705,0.0,-0.435,0
app_0256,app_s009683,0.6121,0.044,0.0,-0.2863,0
app_0335,app_s009684,-1.1925,0.5076,0.0,0.7978,0
app_0192,app_s009685,-8.86,0.0038,1.0,2.7121,1
app_0100,app_s009686,0.0805,0.4054,0.0,-0.1154,0
app_0060,app_s009687,-1.5508,0.1124,0.0,-0.4474,0
app_0339,app_s009688,-2.9045,0.0885,0.0,-0.3146,0
app_0087,app_s009689,-1.0179,0.0759,0.0,0.2518,0
app_0205,app_s009690,-4.4311,0.6001,0.0,3.6897,1
app_0437,app_s009691,0.6732,0.4599,1.0,0.3779,0
app_0341,app_s009692,1.2004,0.7814,0.0,1.3995,0
app_0219,app_s009693,2.0398,0.1048,0.0,-0.2785,0
app_0281,app_s009694,-1.162,0.573,0.0,-0.0257,0
app_0258,app_s009695,0.5485,0.0848,0.0,-0.2981,0
app_0363,app_s009696,1.411,0.0665,0.0,-0.2315,0
app_0298,app_s009697,-1.7703,0.2704,0.0,-0.4432,0
app_0321,app_s009698,-0.482,0.0675,0.0,0.1065,0
app_0053,app_s009699,0.8012,0.5398,0.0,-0.2392,0
app_0040,app_s009700,15.0238,0.0077,1.0,2.7236,1
app_0270,app_s009701,-0.7616,0.3997,0.0,0.7723,0
app_0385,app_s009702,0.5353,0.0454,0.0,-0.3239,0
app_0133,app_s009703,-1.5908,0.0389,0.0,-0.1887,0
app_0355,app_s009704,-2.0409,0.096,0.0,-0.2103,0
app_0029,app_s009705,1.1633,0.0133,0.0,0.1411,0
app_0030,app_s009706,1.4314,0.6838,0.0,-0.0694,0
app_0439,app_s009707,0.181,0.0203,0.0,-0.2992,0
app_0289,app_s009708,-0.3873,0.1225,1.0,-0.4358,0
app_0281,app_s009709,-1.312,0.4814,0.0,0.6054,0
app_0008,app_s009710,1.1113,0.0631,0.0,-0.0358,0
app_0047,app_s009711,26.1067,0.7461,0.0,1.1172,1
app_0375,app_s009712,0.4697,0.0274,0.0,-0.2571,0
app_0449,app_s009713,-0.8075,0.0321,0.0,-0.1207,0
app_0253,app_s009714,-0.4108,0.0155,1.0,-0.4114,0
app_0380,app_s009715,-0.3548,0.178,0.0,-0.0816,0
app_0073,app_s009716,1.6522,0.0084,0.0,-0.329,0
app_0205,app_s009717,0.1323,0.0832,0.0,-0.4661,0
app_0107,app_s009718,-0.5596,0.0961,0.0,-0.4167,0
app_0444,app_s009719,-2.5108,0.0731,0.0,-0.3013,0
app_0414,app_s009720,0.6645,0.735,1.0,2.4275,0
app_0048,app_s009721,0.4887,0.4756,1.0,0.1622,0
app_0415,app_s009722,1.4947,0.7361,0.0,0.2766,0
app_0103,app_s009723,0.8116,0.0585,0.0,-0.2655,0
app_0350,app_s009724,0.3129,0.6535,0.0,-0.0921,0
app_0034,app_s009725,1.4956,0.0734,1.0,0.6639,0
app_0204,app_s009726,0.7581,0.0692,0.0,-0.0323,0
app_0104,app_s009727,-1.4272,0.2568,0.0,-0.2707,0
app_0219,app_s009728,-0.2911,0.1888,0.0,-0.472,0
app_0077,app_s009729,-0.0335,0.0952,0.0,-0.1138,0
app_0102,app_s009730,1.3037,0.7146,0.0,0.0864,0
app_0132,app_s009731,-0.931,0.0848,0.0,-0.3468,0
app_0111,app_s009732,1.4615,0.5871,1.0,-0.3951,0
app_0329,app_s009733,-0.7895,0.0443,0.0,-0.1559,0
app_0422,app_s009734,-2.5135,0.1394,0.0,-0.3289,0
app_0021,app_s009735,0.2893,0.05,0.0,-0.1728,0
app_0198,app_s009736,1.8601,0.0079,0.0,-0.2093,0
app_0404,app_s009737,0.0188,0.4831,0.0,-0.4257,0
app_0276,app_s009738,-0.1639,0.8065,0.0,-0.3956,0
app_0359,app_s009739,-0.2494,0.0266,0.0,0.6939,0
app_0039,app_s009740,-0.4111,0.5464,0.0,-0.3571,0
app_0445,app_s009741,-1.6223,0.2876,0.0,0.1628,0
app_0118,app_s009742,-0.0923,0.0843,0.0,-0.1728,0
app_0446,app_s009743,-0.1587,0.0462,0.0,-0.2925,0
app_0369,app_s009744,-0.2836,0.0108,0.0,-0.4496,0
app_0192,app_s009745,0.2807,0.0172,0.0,-0.304,0
app_0056,app_s009746,-0.4477,0.0052,0.0,-0.2163,0
app_0408,app_s009747,-0.2443,0.0597,0.0,-0.4238,0
app_0417,app_s009748,-1.2166,0.1391,0.0,-0.2567,0
app_0173,app_s009749,0.519,0.1593,0.0,-0.4067,0
app_0125,app_s009750,-1.7084,0.2094,0.0,0.2379,0
app_0169,app_s009751,0.3238,0.0083,0.0,0.1098,0
app_0102,app_s009752,1.2259,0.5274,0.0,-0.231,0
app_0129,app_s009753,-0.0519,0.1026,0.0,-0.3658,0
app_0292,app_s009754,-0.0132,0.0356,0.0,-0.3711,0
app_0101,app_s009755,-0.0892,0.0701,0.0,-0.3358,0
app_0293,app_s009756,-0.5008,0.0927,0.0,0.0842,0
app_0098,app_s009757,0.2436,0.4373,0.0,-0.4507,0
app_0159,app_s009758,0.4058,0.0446,0.0,-0.4622,0
app_0308,app_s009759,-0.9943,0.2554,0.0,-0.4587,0
app_0119,app_s009760,-1.5943,0.0593,0.0,-0.1265,0
app_0429,app_s009761,-1.1717,0.0919,0.0,-0.4002,0
app_0009,app_s009762,0.2105,0.0205,0.0,-0.4664,0
app_0001,app_s009763,-0.0676,0.5962,0.0,-0.3712,0
app_0191,app_s009764,-1.3268,0.5441,0.0,-0.1627,0
app_0213,app_s009765,-1.2849,0.0041,0.0,0.5521,0
app_0017,app_s009766,-8.5895,0.1458,1.0,10.787,1
app_0316,app_s009767,-0.9768,0.0634,0.0,-0.4466,0
app_0377,app_s009768,0.1439,0.0147,0.0,-0.1992,0
app_0118,app_s009769,0.439,0.1117,0.0,1.2547,0
app_0188,app_s009770,-10.8988,0.85,1.0,4.1838,1
app_0336,app_s009771,-0.6407,0.0301,0.0,-0.4104,0
app_0155,app_s009772,-0.5935,0.0133,0.0,0.2605,0
app_0390,app_s009773,1.0041,0.0818,0.0,-0.3436,0
app_0121,app_s009774,-9.1382,0.0366,1.0,2.8909,1
app_0238,app_s009775,-0.7663,0.0639,0.0,-0.3303,0
app_0358,app_s009776,-0.178,0.056,0.0,-0.2903,0
app_0116,app_s009777,-1.5368,0.0734,0.0,-0.377,0
app_0318,app_s009778,0.0347,0.074,0.0,-0.2044,0
app_0225,app_s009779,-0.1682,0.0688,0.0,-0.1682,0
app_0282,app_s009780,0.6418,0.0146,1.0,-0.4019,0
app_0086,app_s009781,-3.1099,0.6003,0.0,0.1136,0
app_0391,app_s009782,-1.0053,0.6528,0.0,-0.2973,0
app_0386,app_s009783,0.0656,0.024,0.0,1.0997,0
app_0425,app_s009784,-1.4497,0.3715,0.0,-0.3928,0
app_0270,app_s009785,0.8007,0.1336,0.0,-0.4606,0
app_0036,app_s009786,-0.6453,0.0244,0.0,0.9213,0
app_0436,app_s009787,-0.9918,0.0946,1.0,-0.1975,0
app_0259,app_s009788,0.2565,0.0817,0.0,-0.0986,0
app_0078,app_s009789,-0.0416,0.0368,0.0,-0.1817,0
app_0340,app_s009790,-0.9431,0.0405,0.0,-0.3562,0
app_0316,app_s009791,-0.7569,0.3856,0.0,0.3907,0
app_0193,app_s009792,2.0395,0.0875,0.0,0.6028,0
app_0449,app_s009793,-1.1151,0.1193,0.0,-0.4049,0
app_0405,app_s009794,-0.4977,0.0208,0.0,-0.2132,0
app_0281,app_s009795,0.2382,0.0872,0.0,-0.1649,0
app_0309,app_s009796,-1.073,0.0076,0.0,-0.427,0
app_0418,app_s009797,-1.5223,0.0929,0.0,-0.0221,0
app_0203,app_s009798,1.353,0.0258,0.0,-0.3531,0
app_0243,app_s009799,0.2845,0.0988,0.0,-0.4467,0
app_0182,app_s009800,-0.2775,0.1579,0.0,-0.4423,0
app_0337,app_s009801,0.7931,0.2821,0.0,-0.1207,0
app_0295,app_s009802,-0.1044,0.7163,0.0,-0.1552,0
app_0299,app_s009803,0.137,0.1076,0.0,0.387,0
app_0227,app_s009804,0.6267,0.3799,0.0,4.8513,0
app_0146,app_s009805,0.723,0.0952,0.0,-0.1215,0
app_0387,app_s009806,0.4098,0.047,0.0,-0.3733,0
app_0439,app_s009807,-8.7768,0.8366,0.0,3.2696,1
app_0201,app_s009808,0.9065,0.7163,0.0,-0.3594,0
app_0421,app_s009809,-0.1893,0.0096,0.0,-0.3372,0
app_0058,app_s009810,0.2613,0.1362,0.0,3.1805,0
app_0303,app_s009811,1.2746,0.5983,0.0,0.2768,0
app_0216,app_s009812,0.127,0.1569,0.0,-0.302,0
app_0142,app_s009813,-0.212,0.0758,0.0,0.8638,0
app_0091,app_s009814,-0.6786,0.0368,0.0,-0.0023,0
app_0170,app_s009815,0.9315,0.0001,0.0,-0.2976,0
app_0379,app_s009816,2.2058,0.2596,0.0,-0.3596,0
app_0079,app_s009817,1.7436,0.0085,0.0,-0.4151,0
app_0078,app_s009818,-8.8951,0.8434,0.0,9.7073,1
app_0409,app_s009819,-0.7485,0.6263,0.0,-0.4353,0
app_0123,app_s009820,0.5329,0.1631,0.0,-0.01,0
app_0410,app_s009821,0.0796,0.5567,0.0,0.2796,0
app_0220,app_s009822,-1.0582,0.7109,0.0,0.6367,0
app_0016,app_s009823,-0.2037,0.2644,1.0,-0.4245,0
app_0120,app_s009824,-1.9217,0.0033,0.0,-0.3755,0
app_0439,app_s009825,1.3201,0.0002,1.0,-0.3504,0
app_0136,app_s009826,-0.0502,0.2209,0.0,-0.4193,0
app_0397,app_s009827,0.4777,0.1114,0.0,-0.1128,0
app_0107,app_s009828,-1.3377,0.0554,0.0,0.7279,0
app_0213,app_s009829,-0.0792,0.0443,0.0,0.6076,0
app_0266,app_s009830,1.4384,0.2754,0.0,-0.4468,0
app_0438,app_s009831,-1.0933,0.624,0.0,-0.0273,0
app_0204,app_s009832,-1.0191,0.1062,0.0,0.8752,0
app_0031,app_s009833,0.3087,0.77,0.0,-0.1066,0
app_0237,app_s009834,-0.0018,0.3882,0.0,-0.3766,0
app_0438,app_s009835,0.7683,0.0192,0.0,-0.475,0
app_0433,app_s009836,-8.9665,0.6881,1.0,8.3895,1
app_0355,app_s009837,-0.0644,0.0706,0.0,-0.4041,0
app_0349,app_s009838,-0.3642,0.0137,0.0,0.2551,0
app_0399,app_s009839,0.9741,0.0863,0.0,0.0232,0
app_0226,app_s009840,-10.1966,0.0425,1.0,3.73,1
app_0188,app_s009841,30.9539,0.5327,1.0,12.8727,1
app_0321,app_s009842,0.8531,0.533,0.0,-0.3947,0
app_0377,app_s009843,1.0428,0.1346,0.0,-0.4509,0
app_0291,app_s009844,-0.031,0.4469,0.0,-0.4271,0
app_0102,app_s009845,0.0058,0.6812,0.0,-0.4596,0
app_0312,app_s009846,-1.0597,0.0305,0.0,-0.4192,0
app_0397,app_s009847,-1.2994,0.4815,0.0,-0.3837,0
app_0091,app_s009848,-2.2955,0.0441,0.0,-0.4338,0
app_0078,app_s009849,-0.7953,0.0301,0.0,-0.324,0
app_0097,app_s009850,-0.061,0.0527,0.0,-0.2349,0
app_0373,app_s009851,0.6019,0.6392,1.0,-0.4185,0
app_0298,app_s009852,0.0014,0.6638,0.0,-0.3206,0
app_0397,app_s009853,1.2885,0.2746,0.0,-0.3561,0
app_0416,app_s009854,-0.543,0.3516,0.0,-0.2473,0
app_0362,app_s009855,-1.4821,0.4221,0.0,-0.3559,0
app_0333,app_s009856,-1.8615,0.7887,0.0,-0.2135,0
app_0381,app_s009857,0.1764,0.6059,0.0,-0.364,0
app_0382,app_s009858,-0.9377,0.4361,0.0,0.1801,0
app_0093,app_s009859,-2.2146,0.1009,0.0,-0.4737,0
app_0213,app_s009860,-0.3109,0.6287,0.0,0.4443,0
app_0433,app_s009861,-1.3599,0.4242,0.0,-0.4447,0
app_0297,app_s009862,-0.5937,0.0448,1.0,-0.4668,0
app_0119,app_s009863,-0.4404,0.1396,1.0,-0.3397,0
app_0339,app_s009864,-0.5072,0.0758,0.0,0.0205,0
app_0034,app_s009865,-1.5852,0.7868,0.0,-0.2943,0
app_0132,app_s009866,1.2507,0.1908,0.0,-0.0296,0
app_0099,app_s009867,-0.4235,0.3772,0.0,-0.3451,0
app_0371,app_s009868,-0.5022,0.0067,1.0,-0.2083,0
app_0342,app_s009869,-0.1389,0.0598,0.0,0.0171,0
app_0371,app_s009870,1.9118,0.0226,0.0,-0.4664,0
app_0158,app_s009871,-0.088,0.9167,0.0,0.4711,0
app_0003,app_s009872,-0.8354,0.4447,0.0,-0.2832,0
app_0366,app_s009873,1.7686,0.3855,0.0,-0.3288,0
app_0209,app_s009874,0.4855,0.6491,0.0,-0.1646,0
app_0211,app_s009875,0.6724,0.0874,1.0,0.2423,0
app_0409,app_s009876,0.592,0.0567,0.0,0.068,0
app_0325,app_s009877,-1.6802,0.5636,0.0,-0.3647,0
app_0052,app_s009878,-0.2269,0.7409,0.0,-0.3191,0
app_0313,app_s009879,-0.9572,0.0579,0.0,-0.3024,0
app_0334,app_s009880,0.3194,0.8061,0.0,0.5566,0
app_0035,app_s009881,-0.2433,0.0236,0.0,-0.1754,0
app_0359,app_s009882,0.8759,0.288,0.0,0.6092,0
app_0141,app_s009883,1.0988,0.0576,1.0,-0.186,0
app_0084,app_s009884,-0.495,0.081,0.0,-0.4586,0
app_0236,app_s009885,-0.7777,0.1065,0.0,3.6282,0
app_0124,app_s009886,-1.5348,0.1012,0.0,-0.4175,0
app_0117,app_s009887,-1.879,0.0385,0.0,0.1347,0
app_0182,app_s009888,-1.1405,0.0018,0.0,-0.0583,0
app_0169,app_s009889,-0.2563,0.109,0.0,-0.4041,0
app_0099,app_s009890,2.164,0.7518,0.0,0.5735,0
app_0241,app_s009891,-1.5769,0.4608,0.0,1.6664,0
app_0203,app_s009892,0.7786,0.0456,0.0,-0.3631,0
app_0154,app_s009893,0.2365,0.3837,0.0,-0.3389,0
app_0108,app_s009894,-1.5685,0.1159,0.0,-0.4485,0
app_0022,app_s009895,0.0214,0.0269,0.0,-0.2993,0
app_0211,app_s009896,1.333,0.8967,0.0,-0.1631,0
app_0272,app_s009897,-1.112,0.0191,0.0,1.4935,0
app_0403,app_s009898,0.3278,0.4627,0.0,0.8195,0
app_0035,app_s009899,0.6791,0.095,0.0,0.2367,0
app_0248,app_s009900,0.1684,0.0491,0.0,-0.0733,0
app_0170,app_s009901,-0.0413,0.1175,0.0,-0.1514,0
app_0186,app_s009902,-0.3955,0.0913,0.0,0.2294,0
app_0263,app_s009903,-0.9367,0.227,0.0,0.1904,0
app_0047,app_s009904,-0.1731,0.0298,0.0,-0.4709,0
app_0306,app_s009905,0.2201,0.5091,0.0,0.3792,0
app_0026,app_s009906,0.1113,0.5281,0.0,-0.4082,0
app_0142,app_s009907,-1.8963,0.0272,0.0,-0.3318,0
app_0017,app_s009908,0.1004,0.0842,0.0,-0.3884,0
app_0154,app_s009909,-0.4585,0.0198,0.0,-0.453,0
app_0293,app_s009910,13.4429,0.6097,1.0,5.3156,1
app_0035,app_s009911,0.3471,0.2542,0.0,-0.2834,0
app_0387,app_s009912,1.4697,0.3816,0.0,-0.4557,0
app_0131,app_s009913,-0.9463,0.004,0.0,-0.1886,0
app_0292,app_s009914,0.9562,0.2191,0.0,-0.0306,0
app_0184,app_s009915,-0.6,0.0018,0.0,-0.4525,0
app_0188,app_s009916,0.7812,0.0549,0.0,-0.0613,0
app_0061,app_s009917,-0.3817,0.1792,0.0,-0.4717,0
app_0190,app_s009918,0.0387,0.3817,0.0,1.5212,0
app_0308,app_s009919,-2.1435,0.1103,0.0,-0.2745,0
app_0057,app_s009920,-0.3825,0.5141,0.0,0.2733,0
app_0192,app_s009921,0.4553,0.0143,0.0,-0.2074,0
app_0167,app_s009922,1.9593,0.1242,0.0,-0.2896,0
app_0205,app_s009923,0.2494,0.0613,0.0,-0.4256,0
app_0351,app_s009924,0.8835,0.01,1.0,-0.0539,0
app_0230,app_s009925,-0.0424,0.1562,0.0,0.7209,0
app_0086,app_s009926,0.4795,0.8112,0.0,0.2027,0
app_0342,app_s009927,1.2005,0.9122,1.0,-0.2385,0
app_0379,app_s009928,-0.5341,0.0007,0.0,0.017,0
app_0352,app_s009929,-0.7403,0.0154,0.0,0.256,0
app_0212,app_s009930,0.228,0.0319,0.0,-0.4176,0
app_0247,app_s009931,-0.7662,0.0767,0.0,-0.2734,0
app_0431,app_s009932,0.2555,0.1622,0.0,-0.1029,0
app_0319,app_s009933,0.0068,0.0404,0.0,0.0834,0
app_0424,app_s009934,1.4596,0.2422,0.0,-0.1394,0
app_0144,app_s009935,-0.5109,0.6588,0.0,-0.3012,0
app_0277,app_s009936,-0.3878,0.0428,0.0,0.2679,0
app_0099,app_s009937,-0.212,0.6901,0.0,-0.1036,0
app_0445,app_s009938,0.7679,0.6339,0.0,-0.4725,0
app_0007,app_s009939,0.5326,0.0434,0.0,-0.3839,0
app_0322,app_s009940,0.6908,0.0269,0.0,-0.3915,0
app_0119,app_s009941,0.5592,0.0138,0.0,-0.286,0
app_0018,app_s009942,1.0791,0.0382,0.0,-0.262,0
app_0252,app_s009943,-1.1225,0.0746,0.0,-0.4407,0
app_0352,app_s009944,0.7336,0.8907,0.0,-0.3814,0
app_0383,app_s009945,-1.8837,0.0298,0.0,0.5817,0
app_0344,app_s009946,-9.202,0.3732,1.0,3.9561,1
app_0280,app_s009947,-0.0368,0.3246,0.0,-0.4485,0
app_0209,app_s009948,-0.5707,0.3652,0.0,0.2062,0
app_0366,app_s009949,0.0814,0.1957,0.0,-0.2326,0
app_0349,app_s009950,0.9797,0.0361,1.0,-0.4286,0
app_0078,app_s009951,-0.8944,0.0474,0.0,-0.1557,0
app_0179,app_s009952,-0.3832,0.146,0.0,-0.3338,0
app_0107,app_s009953,1.7967,0.0233,0.0,-0.4631,0
app_0361,app_s009954,1.7864,0.0429,0.0,-0.4199,0
app_0009,app_s009955,-0.1176,0.0125,1.0,-0.4189,0
app_0383,app_s009956,-0.7593,0.0619,0.0,0.081,0
app_0322,app_s009957,1.4994,0.0502,0.0,-0.4516,0
app_0259,app_s009958,-2.053,0.0901,0.0,-0.4711,0
app_0180,app_s009959,-0.8998,0.4139,0.0,-0.4588,0
app_0074,app_s009960,-0.4376,0.0316,0.0,0.0492,0
app_0049,app_s009961,1.6069,0.0098,0.0,-0.0274,0
app_0153,app_s009962,-1.0846,0.1432,0.0,-0.3504,0
app_0243,app_s009963,1.0098,0.0887,0.0,-0.0108,0
app_0035,app_s009964,-8.9717,0.7916,1.0,1.889,1
app_0341,app_s009965,0.4298,0.5886,1.0,-0.3789,0
app_0152,app_s009966,-0.6529,0.6345,0.0,-0.416,0
app_0289,app_s009967,1.1984,0.5594,0.0,-0.4521,0
app_0176,app_s009968,-0.7176,0.0006,0.0,-0.1979,0
app_0212,app_s009969,-2.537,0.4825,0.0,-0.4203,0
app_0130,app_s009970,-0.0311,0.364,0.0,-0.3471,0
app_0240,app_s009971,0.7037,0.5036,0.0,0.308,0
app_0386,app_s009972,0.0248,0.0823,0.0,1.3514,0
app_0340,app_s009973,-0.6033,0.3634,0.0,-0.3764,0
app_0395,app_s009974,21.7521,0.7689,0.0,3.5049,1
app_0296,app_s009975,0.6281,0.1751,0.0,-0.3562,0
app_0209,app_s009976,-0.141,0.0404,0.0,-0.3433,0
app_0116,app_s009977,-1.196,0.0077,0.0,-0.138,0
app_0025,app_s009978,-1.3112,0.1547,0.0,-0.33,0
app_0123,app_s009979,0.4987,0.0648,0.0,-0.4392,0
app_0187,app_s009980,-1.7505,0.1888,0.0,-0.3555,0
app_0443,app_s009981,1.3642,0.006,0.0,-0.3245,0
app_0106,app_s009982,-0.2724,0.4662,0.0,-0.2797,0
app_0109,app_s009983,-0.7336,0.1643,1.0,-0.4479,0
app_0113,app_s009984,-0.9817,0.0566,0.0,-0.1736,0
app_0305,app_s009985,-1.7842,0.4729,0.0,-0.4716,0
app_0046,app_s009986,-1.83,0.0153,0.0,-0.4472,0
app_0141,app_s009987,-0.1482,0.0523,0.0,-0.1797,0
app_0236,app_s009988,1.1189,0.0307,0.0,-0.0923,0
app_0068,app_s009989,-0.5389,0.0249,0.0,-0.3655,0
app_0197,app_s009990,0.8277,0.0176,0.0,-0.4501,0
app_0098,app_s009991,1.1084,0.6212,0.0,-0.3991,0
app_0343,app_s009992,-0.3153,0.7916,0.0,0.3996,0
app_0387,app_s009993,0.7425,0.0277,0.0,-0.3458,0
app_0006,app_s009994,1.2525,0.6622,0.0,-0.3902,0
app_0100,app_s009995,0.3126,0.5589,0.0,0.8899,0
app_0109,app_s009996,-1.0799,0.0857,0.0,-0.2502,0
app_0024,app_s009997,1.6332,0.0269,0.0,-0.2367,0
app_0423,app_s009998,1.8104,0.1981,0.0,-0.4128,0
app_0196,app_s009999,0.0078,0.0318,0.0,-0.286,0
