user_id,session_id,amount_deviation,time_of_day_deviation,session_retry_deviation,sim_swap_risk,label
ussd_0391,ussd_s000000,-0.4619,1.4859,0.9844,0.0,0
ussd_0185,ussd_s000001,-0.1168,0.1665,-0.3021,0.0,0
ussd_0400,ussd_s000002,0.0089,1.3413,-0.3969,0.0,0
ussd_0353,ussd_s000003,-0.2967,0.9345,0.2066,0.0,0
ussd_0358,ussd_s000004,0.2169,0.2005,-0.1161,0.0,0
ussd_0418,ussd_s000005,-0.8801,2.0102,1.5491,0.0,0
ussd_0408,ussd_s000006,-0.322,1.2775,-0.5987,0.0,0
ussd_0310,ussd_s000007,-0.5435,1.1577,-0.0456,0.0,0
ussd_0079,ussd_s000008,-0.4197,0.6208,-0.463,0.0,0
ussd_0238,ussd_s000009,1.462,0.0798,-0.1474,0.0,0
ussd_0101,ussd_s000010,0.4099,0.1011,-0.3326,0.0,0
ussd_0179,ussd_s000011,-0.5313,1.3432,-0.5309,0.0,0
ussd_0263,ussd_s000012,4.039,2.2768,-0.1377,0.0,0
ussd_0213,ussd_s000013,0.0199,1.0445,-0.4046,0.0,0
ussd_0063,ussd_s000014,-0.8977,0.2948,-0.1743,0.0,0
ussd_0078,ussd_s000015,1.6041,0.0708,-0.6109,0.0,0
ussd_0400,ussd_s000016,1.9229,0.6567,-0.3969,0.0,0
ussd_0075,ussd_s000017,-0.3971,0.8798,-0.174,0.0,0
ussd_0333,ussd_s000018,-0.3827,2.1419,-0.3544,0.0,0
ussd_0239,ussd_s000019,-0.5516,0.7279,-0.1055,0.0,0
ussd_0152,ussd_s000020,-0.2783,1.8143,0.3175,0.0,0
ussd_0365,ussd_s000021,-0.8533,0.5098,1.7862,0.0,0
ussd_0062,ussd_s000022,-0.7931,0.038,-0.5987,0.0,0
ussd_0252,ussd_s000023,-0.4362,0.9011,-0.1521,0.0,0
ussd_0184,ussd_s000024,2.0853,1.6806,0.8751,0.8107,1
ussd_0412,ussd_s000025,-0.3908,0.3618,0.541,0.0,0
ussd_0061,ussd_s000026,1.9141,1.1086,-0.5219,0.8677,0
ussd_0000,ussd_s000027,-0.1043,1.3767,1.2123,0.3567,0
ussd_0092,ussd_s000028,10.1941,0.8522,4.7397,0.944,1
ussd_0137,ussd_s000029,-0.3164,0.5658,-0.3588,0.0,0
ussd_0277,ussd_s000030,-0.4092,0.204,0.1378,0.9062,0
ussd_0402,ussd_s000031,0.7272,1.0222,-0.1808,0.9386,0
ussd_0161,ussd_s000032,2.0181,1.3286,-0.2694,0.0,0
ussd_0232,ussd_s000033,0.4152,1.4873,-0.5171,0.0,0
ussd_0181,ussd_s000034,-0.6372,1.6122,-0.2,0.7457,0
ussd_0402,ussd_s000035,0.5257,1.2582,-0.1808,0.9386,0
ussd_0005,ussd_s000036,7.5479,1.0915,7.7495,0.7811,1
ussd_0080,ussd_s000037,0.0175,0.849,-0.3273,0.0,0
ussd_0073,ussd_s000038,-0.4344,2.1014,-0.6339,0.0,0
ussd_0442,ussd_s000039,-0.9176,0.6325,-0.17,0.0,0
ussd_0381,ussd_s000040,-0.5806,1.2427,-0.1529,0.0,0
ussd_0024,ussd_s000041,-0.4651,2.247,-0.042,0.9298,0
ussd_0362,ussd_s000042,-0.3099,0.5389,-0.3611,0.0,0
ussd_0229,ussd_s000043,3.7996,0.7069,-0.2275,0.582,0
ussd_0088,ussd_s000044,0.6243,2.1564,-0.0345,0.0,0
ussd_0400,ussd_s000045,-0.0848,2.6074,-0.3969,0.0,0
ussd_0241,ussd_s000046,-0.8562,1.1102,-0.4608,0.0,0
ussd_0094,ussd_s000047,-0.2794,0.9751,-0.2243,0.0,0
ussd_0278,ussd_s000048,-0.601,0.3016,0.5333,0.0,0
ussd_0158,ussd_s000049,0.1619,0.4619,-0.162,0.9214,0
ussd_0118,ussd_s000050,1.0534,0.8674,-0.639,0.0,0
ussd_0427,ussd_s000051,0.5701,0.2559,-0.0144,0.8555,0
ussd_0384,ussd_s000052,-0.3203,0.8768,0.6801,0.8505,0
ussd_0049,ussd_s000053,-0.8022,1.4715,-0.1461,0.0,0
ussd_0165,ussd_s000054,0.2932,0.6247,-0.2922,0.0,0
ussd_0276,ussd_s000055,8.7922,2.3474,6.979,0.8277,1
ussd_0392,ussd_s000056,-0.5246,0.9373,0.7247,0.9428,0
ussd_0314,ussd_s000057,0.7403,1.9739,-0.2413,0.9397,0
ussd_0242,ussd_s000058,-0.5798,0.791,-0.3228,0.0,0
ussd_0065,ussd_s000059,1.7493,2.0593,2.0967,0.8128,1
ussd_0283,ussd_s000060,-0.5956,0.4445,-0.4815,0.0953,0
ussd_0214,ussd_s000061,0.297,0.7089,0.3787,0.663,0
ussd_0158,ussd_s000062,3.462,0.9583,-0.162,0.9214,0
ussd_0153,ussd_s000063,-0.252,0.304,-0.2831,0.0,0
ussd_0111,ussd_s000064,-0.6587,0.1218,-0.5595,0.3775,0
ussd_0189,ussd_s000065,1.1204,0.3989,-0.4537,0.0,0
ussd_0022,ussd_s000066,0.8891,1.8145,-0.2967,0.0,0
ussd_0143,ussd_s000067,0.5931,0.3091,-0.6482,0.0,0
ussd_0429,ussd_s000068,-0.3486,0.3736,1.6278,0.0,0
ussd_0405,ussd_s000069,0.1675,0.0282,-0.1595,0.0,0
ussd_0072,ussd_s000070,0.1717,2.8001,-0.0655,0.0,0
ussd_0320,ussd_s000071,-0.1453,1.597,-0.3343,0.0802,0
ussd_0217,ussd_s000072,-0.8159,0.0349,-0.4684,0.0,0
ussd_0382,ussd_s000073,-0.3997,0.9794,-0.4871,0.0,0
ussd_0235,ussd_s000074,-0.0782,1.3651,-0.4061,0.0,0
ussd_0296,ussd_s000075,-0.4761,1.7408,1.576,0.0,0
ussd_0417,ussd_s000076,-0.6024,0.9428,-0.1046,0.0,0
ussd_0096,ussd_s000077,0.0399,2.5286,-0.2509,0.9419,0
ussd_0397,ussd_s000078,-0.172,1.9918,0.7515,0.0,0
ussd_0099,ussd_s000079,-0.5907,0.1306,-0.0273,0.0,0
ussd_0032,ussd_s000080,-0.4846,0.0202,-0.1019,0.0,0
ussd_0274,ussd_s000081,5.6481,0.2787,3.4672,0.0,1
ussd_0024,ussd_s000082,-0.4191,2.0915,-0.042,0.9298,0
ussd_0204,ussd_s000083,-0.4748,0.3779,1.2148,0.0,0
ussd_0310,ussd_s000084,-0.324,0.6401,-0.0456,0.0,0
ussd_0343,ussd_s000085,-0.5588,0.1732,-0.1302,0.0,0
ussd_0331,ussd_s000086,-0.8647,1.5716,-0.2283,0.0,0
ussd_0425,ussd_s000087,0.3431,0.282,-0.4279,0.0,0
ussd_0270,ussd_s000088,-0.7901,0.1483,-0.3367,0.0,0
ussd_0052,ussd_s000089,-0.4476,0.7062,-0.2057,0.5566,0
ussd_0181,ussd_s000090,-0.4288,0.3921,-0.2,0.7457,0
ussd_0321,ussd_s000091,-0.5307,0.3908,-0.019,0.0,0
ussd_0352,ussd_s000092,2.6635,0.0998,2.0607,0.0,1
ussd_0255,ussd_s000093,-0.631,1.1144,1.0087,0.0,0
ussd_0290,ussd_s000094,-0.3342,0.7519,-0.4046,0.0,0
ussd_0374,ussd_s000095,0.0179,1.2902,-0.3138,0.0,0
ussd_0308,ussd_s000096,-0.9134,1.9531,0.5547,0.0,0
ussd_0447,ussd_s000097,-0.5389,0.3299,0.7747,0.0,0
ussd_0397,ussd_s000098,0.2569,0.5143,-0.4162,0.0,0
ussd_0348,ussd_s000099,-0.1422,1.7768,-0.2464,0.0,0
ussd_0090,ussd_s000100,0.0646,0.9251,-0.3926,0.0165,0
ussd_0084,ussd_s000101,0.5668,0.983,-0.443,0.0,0
ussd_0346,ussd_s000102,-0.9346,1.2538,-0.4477,0.0,0
ussd_0378,ussd_s000103,0.4164,0.1137,-0.3986,0.0,0
ussd_0442,ussd_s000104,-0.656,0.4773,-0.17,0.0,0
ussd_0318,ussd_s000105,1.4203,1.0172,-0.2747,0.5436,0
ussd_0013,ussd_s000106,7.2899,0.5932,6.4345,0.7016,1
ussd_0292,ussd_s000107,6.4848,0.7604,-0.3993,0.0,0
ussd_0017,ussd_s000108,-0.3116,1.1384,-0.1648,0.0,0
ussd_0180,ussd_s000109,0.042,0.9283,-0.2644,0.0,0
ussd_0219,ussd_s000110,-0.6121,3.1814,-0.4967,0.0,0
ussd_0146,ussd_s000111,0.1358,0.3124,-0.1106,0.0,0
ussd_0193,ussd_s000112,-0.6201,1.1616,-0.6907,0.0,0
ussd_0331,ussd_s000113,-0.2122,0.534,-0.2283,0.0,0
ussd_0033,ussd_s000114,0.5288,1.4175,-0.1989,0.0,0
ussd_0120,ussd_s000115,-0.6631,0.7334,-0.2178,0.0,0
ussd_0375,ussd_s000116,-0.2934,0.6635,-0.2101,0.5622,0
ussd_0091,ussd_s000117,-0.3958,0.5802,-0.1477,0.0,0
ussd_0337,ussd_s000118,1.3394,0.348,-0.1851,0.5151,0
ussd_0135,ussd_s000119,-0.6449,0.4683,-0.1157,0.0,0
ussd_0389,ussd_s000120,-0.2705,1.649,2.2283,0.7365,0
ussd_0413,ussd_s000121,11.8987,0.1617,3.7085,0.1418,1
ussd_0092,ussd_s000122,-0.6009,0.9738,-0.18,0.0,0
ussd_0124,ussd_s000123,1.513,1.2052,-0.443,0.0,0
ussd_0168,ussd_s000124,-0.1659,0.7662,-0.6184,0.1778,0
ussd_0311,ussd_s000125,6.068,2.0867,4.9294,0.0,1
ussd_0267,ussd_s000126,-0.0159,0.4493,-0.3244,0.8579,0
ussd_0430,ussd_s000127,-0.4403,0.654,-0.4448,0.2721,0
ussd_0165,ussd_s000128,-0.1289,1.4744,-0.2922,0.0,0
ussd_0127,ussd_s000129,-0.2531,1.3032,-0.294,0.0,0
ussd_0432,ussd_s000130,-0.112,2.921,-0.2825,0.0,0
ussd_0117,ussd_s000131,3.5012,0.1978,-0.1106,0.0,0
ussd_0398,ussd_s000132,-0.7456,0.1991,-0.3386,0.0,0
ussd_0325,ussd_s000133,-0.8313,1.0812,-0.1796,0.0,0
ussd_0306,ussd_s000134,-0.7766,0.2965,-0.029,0.6558,0
ussd_0157,ussd_s000135,-0.5477,0.7054,-0.1299,0.0,0
ussd_0174,ussd_s000136,-0.6106,1.1125,-0.0646,0.8039,0
ussd_0339,ussd_s000137,-0.567,0.4183,-0.0323,0.4612,0
ussd_0140,ussd_s000138,-0.8938,0.9132,1.5535,0.0,0
ussd_0131,ussd_s000139,-0.4616,0.5829,1.7707,0.0,0
ussd_0303,ussd_s000140,0.2416,0.8136,-0.1899,0.8018,0
ussd_0382,ussd_s000141,8.9123,2.1719,5.6677,0.9374,1
ussd_0178,ussd_s000142,-0.5464,1.781,0.8055,0.0,0
ussd_0219,ussd_s000143,-0.3162,0.5549,-0.4967,0.0,0
ussd_0408,ussd_s000144,10.6135,0.4338,-0.5987,0.0,1
ussd_0167,ussd_s000145,-0.7375,1.0631,-0.618,0.0,0
ussd_0032,ussd_s000146,-0.3381,1.1688,-0.1019,0.0,0
ussd_0082,ussd_s000147,3.2802,0.132,-0.4217,0.0,0
ussd_0142,ussd_s000148,-0.8244,0.4874,-0.4466,0.0,0
ussd_0066,ussd_s000149,1.4669,0.1103,-0.5095,0.515,0
ussd_0135,ussd_s000150,-0.9405,1.4583,-0.1157,0.0,0
ussd_0306,ussd_s000151,-0.5821,1.3788,-0.029,0.6558,0
ussd_0444,ussd_s000152,0.3776,0.3113,-0.356,0.0,0
ussd_0231,ussd_s000153,-0.2753,0.5143,0.7063,0.0,0
ussd_0347,ussd_s000154,-0.5485,1.2389,-0.3832,0.0,0
ussd_0316,ussd_s000155,0.0937,1.5074,-0.0791,0.0,0
ussd_0446,ussd_s000156,-0.7279,1.2208,-0.164,0.0,0
ussd_0306,ussd_s000157,-0.5698,0.5086,-0.029,0.6558,0
ussd_0140,ussd_s000158,0.8195,0.261,-0.1488,0.0,0
ussd_0152,ussd_s000159,-0.0633,0.6062,0.3175,0.0,0
ussd_0154,ussd_s000160,-0.7383,0.3049,1.2543,0.0,0
ussd_0301,ussd_s000161,-0.9303,0.7569,-0.2198,0.9322,0
ussd_0389,ussd_s000162,-0.4165,0.3573,0.937,0.7365,0
ussd_0167,ussd_s000163,0.7876,0.3212,-0.618,0.0,0
ussd_0088,ussd_s000164,-0.2834,0.371,-0.0345,0.0,0
ussd_0207,ussd_s000165,-0.6261,0.24,-0.1689,0.2923,0
ussd_0313,ussd_s000166,-0.8441,1.2232,-0.0473,0.0,0
ussd_0149,ussd_s000167,-0.5815,0.5909,-0.2069,0.0,0
ussd_0013,ussd_s000168,0.9467,0.5418,-0.3241,0.0,0
ussd_0306,ussd_s000169,-0.4391,1.5453,-0.029,0.6558,0
ussd_0378,ussd_s000170,-0.6008,0.5507,-0.3986,0.0,0
ussd_0161,ussd_s000171,-0.6609,1.4371,-0.2694,0.0,0
ussd_0353,ussd_s000172,-0.0505,1.1753,-0.5978,0.0,0
ussd_0435,ussd_s000173,-0.4028,0.7649,-0.2939,0.679,0
ussd_0152,ussd_s000174,-0.2426,0.1498,-0.5608,0.0,0
ussd_0093,ussd_s000175,-0.8175,0.7032,-0.1136,0.7111,0
ussd_0294,ussd_s000176,0.0903,1.2649,1.5584,0.0,0
ussd_0143,ussd_s000177,-0.8577,1.0964,-0.6482,0.0,0
ussd_0218,ussd_s000178,-0.5427,1.338,-0.0704,0.6736,0
ussd_0098,ussd_s000179,-0.8406,0.253,-0.1481,0.0,0
ussd_0336,ussd_s000180,-0.3341,0.5078,-0.4944,0.0,0
ussd_0213,ussd_s000181,2.0273,0.4564,-0.4046,0.0,0
ussd_0080,ussd_s000182,-0.712,1.4598,-0.3273,0.0,0
ussd_0392,ussd_s000183,-0.6678,0.0007,1.8744,0.9428,0
ussd_0193,ussd_s000184,3.6187,1.0412,3.639,0.0,1
ussd_0101,ussd_s000185,0.583,0.0288,-0.3326,0.0,0
ussd_0165,ussd_s000186,0.6343,0.0299,-0.2922,0.0,0
ussd_0227,ussd_s000187,-0.1817,0.5081,-0.0417,0.0,0
ussd_0078,ussd_s000188,0.3521,0.0533,-0.6109,0.0,0
ussd_0407,ussd_s000189,-0.8917,1.5738,-0.6884,0.0,0
ussd_0140,ussd_s000190,-0.6694,0.8854,-0.1488,0.0,0
ussd_0124,ussd_s000191,-0.0915,0.8641,0.671,0.0,0
ussd_0348,ussd_s000192,-0.8453,1.0107,-0.2464,0.0,0
ussd_0389,ussd_s000193,0.5315,0.7483,0.937,0.7365,0
ussd_0120,ussd_s000194,-0.1088,2.7189,-0.2178,0.0,0
ussd_0226,ussd_s000195,0.1834,0.6892,-0.425,0.0,0
ussd_0201,ussd_s000196,0.808,0.2084,0.9333,0.0,0
ussd_0096,ussd_s000197,-0.5276,0.078,-0.2509,0.9419,0
ussd_0193,ussd_s000198,0.2078,0.1444,-0.0722,0.0,0
ussd_0074,ussd_s000199,0.1999,1.0888,0.1464,0.0,0
ussd_0307,ussd_s000200,-0.6568,0.1678,0.1645,0.0,0
ussd_0128,ussd_s000201,-0.4881,0.0544,-0.0275,0.0,0
ussd_0385,ussd_s000202,0.1958,1.2672,-0.2846,0.772,0
ussd_0256,ussd_s000203,-0.8314,0.0047,-0.2859,0.5648,0
ussd_0352,ussd_s000204,2.8479,0.2851,-0.6599,0.0,0
ussd_0099,ussd_s000205,1.1249,0.0281,-0.0273,0.0,0
ussd_0290,ussd_s000206,-0.0651,0.1944,1.9772,0.0,0
ussd_0164,ussd_s000207,0.1784,0.7164,-0.4743,0.0,0
ussd_0001,ussd_s000208,-0.7208,0.6922,-0.2033,0.0,0
ussd_0007,ussd_s000209,1.0342,0.1135,-0.4364,0.0,0
ussd_0117,ussd_s000210,0.2867,0.0236,-0.1106,0.0,0
ussd_0182,ussd_s000211,-0.6958,0.4821,1.6745,0.9517,0
ussd_0061,ussd_s000212,5.903,2.6986,0.4344,0.8677,1
ussd_0133,ussd_s000213,-0.7284,0.6521,-0.3497,0.531,0
ussd_0384,ussd_s000214,-0.1069,0.733,-0.44,0.8505,0
ussd_0441,ussd_s000215,-0.7328,0.4235,-0.3002,0.0,0
ussd_0427,ussd_s000216,-0.4966,1.3735,-0.0144,0.8555,0
ussd_0295,ussd_s000217,-0.3925,0.1757,-0.1366,0.0,0
ussd_0112,ussd_s000218,-0.1133,0.706,0.5978,0.7593,0
ussd_0023,ussd_s000219,-0.0023,0.7864,0.7422,0.0,0
ussd_0299,ussd_s000220,-0.2437,1.2589,-0.2227,0.0,0
ussd_0014,ussd_s000221,-0.6595,0.3305,-0.3953,0.0,0
ussd_0265,ussd_s000222,-0.2463,1.0508,-0.2231,0.0,0
ussd_0395,ussd_s000223,-0.5674,0.8802,-0.4302,0.0,0
ussd_0193,ussd_s000224,-0.0413,0.9537,-0.0722,0.0,0
ussd_0114,ussd_s000225,0.7988,1.067,-0.1616,0.6154,0
ussd_0254,ussd_s000226,0.3405,0.5288,-0.0603,0.0,0
ussd_0368,ussd_s000227,0.8732,0.2638,-0.0781,0.0,0
ussd_0446,ussd_s000228,-0.4572,0.9535,-0.164,0.0,0
ussd_0098,ussd_s000229,-0.2854,0.0307,-0.1481,0.0,0
ussd_0169,ussd_s000230,-0.2493,1.5446,-0.702,0.0,0
ussd_0355,ussd_s000231,-0.8649,0.1637,-0.4131,0.0,0
ussd_0200,ussd_s000232,1.514,0.7773,1.1978,0.9146,0
ussd_0245,ussd_s000233,-0.5889,0.4315,-0.2456,0.0,0
ussd_0134,ussd_s000234,-0.439,1.9622,1.1078,0.0,0
ussd_0182,ussd_s000235,0.1953,0.0545,0.1462,0.9517,0
ussd_0334,ussd_s000236,3.3344,2.3967,1.8849,0.6973,1
ussd_0129,ussd_s000237,0.2644,0.5988,-0.4407,0.9109,0
ussd_0030,ussd_s000238,0.7751,1.3224,2.7487,0.0,0
ussd_0299,ussd_s000239,-0.2868,0.1775,-0.2227,0.0,0
ussd_0044,ussd_s000240,-0.5234,0.3106,0.8015,0.8935,0
ussd_0277,ussd_s000241,-0.1624,0.7064,-0.6207,0.9062,0
ussd_0137,ussd_s000242,0.2465,0.6255,0.9235,0.0,0
ussd_0257,ussd_s000243,-0.3346,0.0704,-0.0849,0.0,0
ussd_0028,ussd_s000244,-0.0942,1.2209,-0.5506,0.0,0
ussd_0255,ussd_s000245,2.6512,0.5815,-0.3304,0.0,0
ussd_0339,ussd_s000246,-0.6315,1.1815,-0.0323,0.4612,0
ussd_0366,ussd_s000247,-0.7117,0.5366,-0.2035,0.0,0
ussd_0255,ussd_s000248,-0.7345,0.4789,1.0087,0.0,0
ussd_0121,ussd_s000249,-0.4738,0.5953,0.1845,0.3602,0
ussd_0212,ussd_s000250,-0.7897,0.244,-0.0421,0.0,0
ussd_0338,ussd_s000251,8.7887,1.1726,8.6507,0.0,1
ussd_0424,ussd_s000252,-0.0912,1.019,-0.3623,0.1979,0
ussd_0393,ussd_s000253,-0.5604,1.5324,-0.5382,0.0,0
ussd_0157,ussd_s000254,-0.4835,1.8035,-0.1299,0.0,0
ussd_0187,ussd_s000255,-0.911,0.0381,-0.1047,0.822,0
ussd_0306,ussd_s000256,7.229,1.2106,3.8549,0.7173,1
ussd_0354,ussd_s000257,2.046,0.9785,0.8583,0.0,0
ussd_0002,ussd_s000258,-0.3936,1.3592,-0.064,0.7461,0
ussd_0374,ussd_s000259,0.235,2.0907,-0.3138,0.0,0
ussd_0211,ussd_s000260,-0.5516,1.3475,0.7656,0.0,0
ussd_0434,ussd_s000261,-0.3793,1.0377,-0.2715,0.0,0
ussd_0315,ussd_s000262,-0.6288,1.4351,-0.1627,0.0,0
ussd_0083,ussd_s000263,3.1253,0.1032,2.1969,0.0,0
ussd_0023,ussd_s000264,-0.668,1.2823,0.7422,0.0,0
ussd_0131,ussd_s000265,0.8045,1.953,-0.0764,0.0,0
ussd_0218,ussd_s000266,0.0229,1.5959,-0.0704,0.6736,0
ussd_0014,ussd_s000267,-0.7581,0.9378,-0.3953,0.0,0
ussd_0106,ussd_s000268,-0.381,1.7128,-0.4215,0.783,0
ussd_0396,ussd_s000269,1.4987,0.4155,-0.2678,0.0,0
ussd_0336,ussd_s000270,-0.1603,0.0787,-0.4944,0.0,0
ussd_0149,ussd_s000271,-0.3729,2.0887,-0.2069,0.0,0
ussd_0100,ussd_s000272,1.6755,0.3789,-0.2924,0.0,0
ussd_0143,ussd_s000273,-0.3986,1.1806,1.4626,0.0,0
ussd_0234,ussd_s000274,0.3176,2.3018,-0.2617,0.0,0
ussd_0419,ussd_s000275,-0.7022,0.1067,0.8749,0.0,0
ussd_0251,ussd_s000276,-0.3699,0.3429,-0.0513,0.0,0
ussd_0251,ussd_s000277,1.2181,0.1625,-0.6838,0.0,0
ussd_0413,ussd_s000278,-0.0963,0.6224,0.5695,0.1418,0
ussd_0362,ussd_s000279,0.1483,0.0872,-0.3611,0.0,0
ussd_0225,ussd_s000280,-0.7637,0.5925,-0.0297,0.0,0
ussd_0092,ussd_s000281,-0.4132,1.6409,1.4599,0.0,0
ussd_0050,ussd_s000282,0.0937,0.5603,0.0871,0.0,0
ussd_0177,ussd_s000283,-0.134,0.6411,1.653,0.0,0
ussd_0061,ussd_s000284,-0.6854,0.1269,0.4344,0.8677,0
ussd_0136,ussd_s000285,-0.7946,0.4755,-0.6764,0.2943,0
ussd_0061,ussd_s000286,3.8969,0.3605,1.3906,0.8677,0
ussd_0115,ussd_s000287,4.7922,0.8483,0.6591,0.5235,0
ussd_0437,ussd_s000288,-0.0876,1.1482,1.7312,0.0,0
ussd_0388,ussd_s000289,1.9116,0.193,-0.1792,0.8787,0
ussd_0007,ussd_s000290,-0.6744,1.3806,0.6908,0.0,0
ussd_0306,ussd_s000291,-0.4016,0.2228,-0.029,0.6558,0
ussd_0363,ussd_s000292,0.3602,1.4604,-0.0892,0.9519,0
ussd_0325,ussd_s000293,-0.624,0.4342,1.4612,0.0,0
ussd_0148,ussd_s000294,-0.884,0.5946,-0.509,0.0,0
ussd_0172,ussd_s000295,1.4472,0.0525,0.9624,0.9157,0
ussd_0286,ussd_s000296,-0.3199,2.6769,-0.4126,0.0,0
ussd_0326,ussd_s000297,-0.4352,1.4337,-0.0673,0.0957,0
ussd_0072,ussd_s000298,0.0899,0.8539,-0.0655,0.0,0
ussd_0410,ussd_s000299,-0.9067,0.2856,-0.6808,0.0,0
ussd_0135,ussd_s000300,0.0551,1.6048,-0.1157,0.0,0
ussd_0362,ussd_s000301,0.9868,0.636,-0.3611,0.0,0
ussd_0197,ussd_s000302,0.1195,1.7893,0.8574,0.0,0
ussd_0373,ussd_s000303,-0.726,0.4717,-0.4251,0.0,0
ussd_0062,ussd_s000304,-0.8484,0.7107,1.0066,0.0,0
ussd_0238,ussd_s000305,-0.3151,0.4268,-0.1474,0.0,0
ussd_0393,ussd_s000306,-0.3814,0.858,-0.5382,0.0,0
ussd_0278,ussd_s000307,-0.1174,0.377,-0.4889,0.0,0
ussd_0361,ussd_s000308,-0.83,0.4449,1.6433,0.0474,0
ussd_0080,ussd_s000309,-0.541,1.4029,-0.3273,0.0,0
ussd_0017,ussd_s000310,-0.1016,0.2589,-0.1648,0.0,0
ussd_0081,ussd_s000311,0.0131,1.5201,1.2721,0.0,0
ussd_0232,ussd_s000312,0.4301,1.8322,0.4486,0.0,0
ussd_0049,ussd_s000313,-0.5379,1.1241,-0.7154,0.0,0
ussd_0404,ussd_s000314,-0.2816,0.3279,-0.5198,0.5724,0
ussd_0131,ussd_s000315,0.8485,0.0965,-0.0764,0.0,0
ussd_0212,ussd_s000316,-0.4346,0.3402,-0.0421,0.0,0
ussd_0078,ussd_s000317,0.7057,0.3656,0.1674,0.0,0
ussd_0228,ussd_s000318,-0.5056,1.6419,0.4009,0.0,0
ussd_0244,ussd_s000319,-0.8083,0.1661,0.0703,0.68,0
ussd_0371,ussd_s000320,-0.2419,0.3733,-0.269,0.0,0
ussd_0266,ussd_s000321,0.4845,1.3786,-0.5966,0.6032,0
ussd_0439,ussd_s000322,-0.8361,0.387,-0.3837,0.5928,0
ussd_0410,ussd_s000323,0.5909,1.6016,0.5959,0.0,0
ussd_0085,ussd_s000324,0.1881,1.8171,1.1443,0.0,0
ussd_0321,ussd_s000325,-0.5547,0.249,-0.019,0.0,0
ussd_0129,ussd_s000326,-0.4457,1.2741,-0.4407,0.9109,0
ussd_0345,ussd_s000327,-0.6425,0.7492,-0.2127,0.0,0
ussd_0324,ussd_s000328,-0.5,0.0734,-0.2742,0.0,0
ussd_0185,ussd_s000329,-0.6987,1.539,-0.3021,0.0,0
ussd_0397,ussd_s000330,-0.6167,1.7838,1.9192,0.0,0
ussd_0296,ussd_s000331,1.374,0.8289,-0.4848,0.0,0
ussd_0183,ussd_s000332,-0.0771,0.4506,-0.239,0.0,0
ussd_0413,ussd_s000333,-0.8657,1.3627,0.5695,0.1418,0
ussd_0091,ussd_s000334,-0.175,2.3055,-0.1477,0.0,0
ussd_0286,ussd_s000335,-0.7968,1.8488,0.7622,0.0,0
ussd_0128,ussd_s000336,-0.5684,0.6629,-0.0275,0.0,0
ussd_0032,ussd_s000337,0.4737,2.2961,-0.1019,0.0,0
ussd_0442,ussd_s000338,1.5591,0.2042,-0.17,0.0,0
ussd_0358,ussd_s000339,1.4558,1.8244,-0.1161,0.0,0
ussd_0111,ussd_s000340,4.9346,0.0781,0.3215,0.3775,0
ussd_0071,ussd_s000341,-0.9232,0.2344,1.3693,0.0,0
ussd_0097,ussd_s000342,1.0561,0.2051,0.5116,0.7079,0
ussd_0387,ussd_s000343,-0.6524,0.7809,-0.3918,0.0,0
ussd_0312,ussd_s000344,-0.7076,1.0459,-0.1891,0.0,0
ussd_0189,ussd_s000345,-0.3083,0.3341,0.6389,0.0,0
ussd_0287,ussd_s000346,-0.508,0.4547,0.8481,0.0,0
ussd_0016,ussd_s000347,-0.8414,0.6095,1.5947,0.0,0
ussd_0326,ussd_s000348,-0.249,1.1882,-0.0673,0.0957,0
ussd_0155,ussd_s000349,0.1489,0.4064,-0.507,0.0,0
ussd_0258,ussd_s000350,-0.9462,0.1383,-0.0176,0.0,0
ussd_0094,ussd_s000351,0.9204,1.0213,-0.2243,0.0,0
ussd_0387,ussd_s000352,-0.6648,1.0039,-0.3918,0.0,0
ussd_0241,ussd_s000353,-0.6592,0.5248,-0.4608,0.0,0
ussd_0291,ussd_s000354,2.0751,1.0408,-0.5623,0.0,0
ussd_0237,ussd_s000355,-0.4599,0.9746,-0.3433,0.0,0
ussd_0368,ussd_s000356,-0.615,0.4022,-0.0781,0.0,0
ussd_0137,ussd_s000357,-0.8537,0.3644,2.2058,0.0,0
ussd_0292,ussd_s000358,-0.7579,0.6188,-0.3993,0.0,0
ussd_0260,ussd_s000359,0.041,0.4968,-0.4123,0.1622,0
ussd_0344,ussd_s000360,-0.5899,0.4852,-0.1112,0.0,0
ussd_0358,ussd_s000361,-0.0975,1.0801,1.6517,0.0,0
ussd_0303,ussd_s000362,-0.0931,2.1193,-0.1899,0.8018,0
ussd_0278,ussd_s000363,-0.5983,2.1256,1.5556,0.0,0
ussd_0176,ussd_s000364,-0.5832,0.2001,-0.0892,0.0,0
ussd_0369,ussd_s000365,-0.3588,0.0659,-0.013,0.5925,0
ussd_0266,ussd_s000366,-0.6272,0.0101,0.2103,0.6032,0
ussd_0259,ussd_s000367,0.5151,0.2837,-0.2506,0.0,0
ussd_0304,ussd_s000368,-0.6635,0.1386,-0.2978,0.0,0
ussd_0398,ussd_s000369,9.3599,0.7508,0.9843,0.0,0
ussd_0327,ussd_s000370,-0.8339,0.8896,-0.4941,0.0,0
ussd_0109,ussd_s000371,-0.7486,0.2,-0.4794,0.9921,0
ussd_0165,ussd_s000372,-0.1976,0.5107,-0.2922,0.0,0
ussd_0068,ussd_s000373,1.4381,0.6052,-0.0713,0.2031,0
ussd_0389,ussd_s000374,0.243,0.6488,0.937,0.7365,0
ussd_0193,ussd_s000375,-0.0539,0.9219,-0.6907,0.0,0
ussd_0220,ussd_s000376,0.0766,1.0611,-0.1229,0.0,0
ussd_0248,ussd_s000377,-0.5847,0.5804,0.2442,0.0,0
ussd_0099,ussd_s000378,-0.8874,0.5319,-0.0273,0.0,0
ussd_0158,ussd_s000379,0.611,1.1169,1.514,0.9214,0
ussd_0308,ussd_s000380,-0.7886,1.6945,1.1766,0.0,0
ussd_0132,ussd_s000381,0.5534,0.3669,-0.2549,0.0,0
ussd_0365,ussd_s000382,0.8434,0.7248,-0.0713,0.0,0
ussd_0144,ussd_s000383,-0.3341,1.4148,-0.2019,0.7224,0
ussd_0029,ussd_s000384,-0.7705,0.6451,-0.5084,0.0,0
ussd_0201,ussd_s000385,-0.2561,1.405,-0.3556,0.0,0
ussd_0255,ussd_s000386,-0.7801,0.6228,-0.3304,0.0,0
ussd_0126,ussd_s000387,-0.7152,1.0286,-0.1537,0.4802,0
ussd_0058,ussd_s000388,1.1068,0.3304,2.4136,0.0,0
ussd_0411,ussd_s000389,-0.4127,1.5225,-0.0558,0.0,0
ussd_0170,ussd_s000390,7.0071,1.1933,3.8925,0.9651,1
ussd_0149,ussd_s000391,-0.0451,1.8719,-0.2069,0.0,0
ussd_0370,ussd_s000392,-0.5076,0.1922,1.0097,0.6778,0
ussd_0186,ussd_s000393,-0.0104,1.7657,-0.4026,0.087,0
ussd_0166,ussd_s000394,-0.6559,0.3534,2.3365,0.0,0
ussd_0262,ussd_s000395,-0.8164,0.3402,-0.0514,0.0,0
ussd_0334,ussd_s000396,7.4845,2.1723,5.7314,0.8482,1
ussd_0039,ussd_s000397,-0.7026,1.5192,0.0448,0.0,0
ussd_0036,ussd_s000398,0.0617,0.0558,0.009,0.1846,0
ussd_0385,ussd_s000399,-0.5641,2.0511,-0.2846,0.772,0
ussd_0327,ussd_s000400,-0.0243,2.1974,-0.4941,0.0,0
ussd_0291,ussd_s000401,-0.3045,0.2323,0.3131,0.0,0
ussd_0317,ussd_s000402,-0.4224,1.4413,0.9796,0.0,0
ussd_0108,ussd_s000403,3.3909,0.4996,0.6076,0.4636,0
ussd_0211,ussd_s000404,-0.8955,1.1271,-0.4115,0.0,0
ussd_0432,ussd_s000405,-0.2606,0.8254,1.1526,0.0,0
ussd_0249,ussd_s000406,-0.9205,0.333,0.4303,0.8893,0
ussd_0160,ussd_s000407,2.5841,0.4596,-0.5504,0.879,0
ussd_0017,ussd_s000408,-0.8062,1.4966,1.5055,0.0,0
ussd_0350,ussd_s000409,-0.6273,0.3701,-0.2522,0.0,0
ussd_0357,ussd_s000410,3.4392,0.2385,-0.2504,0.0,0
ussd_0349,ussd_s000411,6.8612,0.7233,5.6246,0.6806,1
ussd_0411,ussd_s000412,-0.5088,0.3279,-0.0558,0.0,0
ussd_0414,ussd_s000413,19.0677,5.1457,1.908,0.9307,1
ussd_0269,ussd_s000414,0.1438,0.2184,-0.0395,0.0,0
ussd_0236,ussd_s000415,-0.2942,1.3962,-0.2892,0.5753,0
ussd_0275,ussd_s000416,1.4768,2.1173,-0.6116,0.787,0
ussd_0233,ussd_s000417,-0.6885,1.0513,1.2585,0.7872,0
ussd_0290,ussd_s000418,0.0802,0.5688,-0.4046,0.0,0
ussd_0014,ussd_s000419,0.0401,0.8179,-0.3953,0.0,0
ussd_0444,ussd_s000420,-0.7856,1.1084,-0.356,0.0,0
ussd_0436,ussd_s000421,0.4009,2.0358,-0.3421,0.0,0
ussd_0314,ussd_s000422,-0.602,0.1055,-0.2413,0.9397,0
ussd_0425,ussd_s000423,0.7049,0.1931,-0.4279,0.0,0
ussd_0357,ussd_s000424,-0.6439,1.1495,1.2489,0.0,0
ussd_0226,ussd_s000425,-0.6938,0.1125,-0.425,0.0,0
ussd_0146,ussd_s000426,-0.7884,0.7259,-0.1106,0.0,0
ussd_0058,ussd_s000427,-0.1822,0.5563,0.463,0.0,0
ussd_0058,ussd_s000428,1.8968,0.1135,-0.5123,0.0,0
ussd_0309,ussd_s000429,0.2977,0.8691,-0.1466,0.0,0
ussd_0319,ussd_s000430,-0.7138,0.4728,-0.3104,0.5051,0
ussd_0034,ussd_s000431,6.6294,2.9275,1.9861,0.1524,1
ussd_0317,ussd_s000432,-0.4752,1.4379,-0.3401,0.0,0
ussd_0312,ussd_s000433,-0.585,0.2772,1.4327,0.0,0
ussd_0059,ussd_s000434,-0.7008,1.936,0.8238,0.0,0
ussd_0130,ussd_s000435,-0.5722,1.1692,-0.4766,0.0,0
ussd_0056,ussd_s000436,-0.5273,1.5013,-0.3542,0.0,0
ussd_0098,ussd_s000437,4.1302,0.8623,-0.1481,0.0,0
ussd_0198,ussd_s000438,4.0898,0.6432,1.7494,0.738,1
ussd_0001,ussd_s000439,0.5517,0.9306,-0.2033,0.0,0
ussd_0163,ussd_s000440,3.1355,1.2335,-0.1432,0.0,0
ussd_0015,ussd_s000441,2.209,0.2094,-0.112,0.0,0
ussd_0246,ussd_s000442,-0.1145,0.0279,-0.0584,0.8318,0
ussd_0125,ussd_s000443,0.0206,0.4217,-0.2354,0.0,0
ussd_0274,ussd_s000444,-0.4848,0.4834,-0.5036,0.0,0
ussd_0110,ussd_s000445,0.4863,0.3766,-0.3506,0.0,0
ussd_0354,ussd_s000446,-0.5009,0.3663,-0.3806,0.0,0
ussd_0293,ussd_s000447,0.1741,0.6447,-0.1511,0.0,0
ussd_0418,ussd_s000448,-0.1977,0.0003,-0.4902,0.0,0
ussd_0164,ussd_s000449,-0.4425,0.5843,-0.4743,0.0,0
ussd_0396,ussd_s000450,-0.5242,0.7088,-0.2678,0.0,0
ussd_0222,ussd_s000451,0.017,0.6487,0.2474,0.0,0
ussd_0144,ussd_s000452,-0.6019,0.709,0.8621,0.7224,0
ussd_0169,ussd_s000453,1.2068,0.9383,-0.106,0.0,0
ussd_0131,ussd_s000454,-0.3904,0.7519,-0.0764,0.0,0
ussd_0184,ussd_s000455,0.4698,2.2392,-0.375,0.5665,0
ussd_0330,ussd_s000456,-0.3463,2.0311,0.8081,0.0,0
ussd_0268,ussd_s000457,9.0925,2.7074,-0.0551,0.0,1
ussd_0061,ussd_s000458,-0.4779,0.4772,-0.5219,0.8677,0
ussd_0313,ussd_s000459,-0.5304,0.6648,-0.0473,0.0,0
ussd_0255,ussd_s000460,-0.7465,1.6553,-0.3304,0.0,0
ussd_0046,ussd_s000461,-0.6837,0.3641,0.6951,0.0,0
ussd_0087,ussd_s000462,0.4016,0.2424,-0.3481,0.0,0
ussd_0022,ussd_s000463,-0.6085,0.3838,-0.2967,0.0,0
ussd_0224,ussd_s000464,0.2454,0.1929,-0.2677,0.0,0
ussd_0080,ussd_s000465,-0.1931,1.2547,-0.3273,0.0,0
ussd_0334,ussd_s000466,-0.3593,0.8793,-0.0384,0.0,0
ussd_0425,ussd_s000467,4.256,1.0123,0.7164,0.0,0
ussd_0098,ussd_s000468,0.6192,1.3205,-0.1481,0.0,0
ussd_0394,ussd_s000469,-0.4019,0.8618,-0.08,0.0,0
ussd_0135,ussd_s000470,-0.6089,0.2279,-0.1157,0.0,0
ussd_0157,ussd_s000471,1.527,0.8151,-0.1299,0.0,0
ussd_0429,ussd_s000472,0.9048,1.1866,-0.1241,0.0,0
ussd_0001,ussd_s000473,0.2935,0.4992,-0.2033,0.0,0
ussd_0216,ussd_s000474,-0.7366,0.1136,-0.0659,0.0,0
ussd_0438,ussd_s000475,-0.7079,0.4305,-0.2666,0.8982,0
ussd_0087,ussd_s000476,-0.5059,0.1526,2.2595,0.0,0
ussd_0137,ussd_s000477,-0.2407,0.8438,-0.3588,0.0,0
ussd_0310,ussd_s000478,4.4376,3.0893,5.6805,0.9014,1
ussd_0203,ussd_s000479,-0.3832,0.7053,-0.0347,0.0,0
ussd_0090,ussd_s000480,-0.9137,0.3762,2.037,0.0165,0
ussd_0177,ussd_s000481,-0.5923,1.1311,-0.4694,0.0,0
ussd_0368,ussd_s000482,-0.6204,0.7962,-0.0781,0.0,0
ussd_0248,ussd_s000483,-0.03,0.3216,0.2442,0.0,0
ussd_0177,ussd_s000484,1.2907,1.3762,0.5918,0.0,0
ussd_0277,ussd_s000485,-0.9309,1.353,0.1378,0.9062,0
ussd_0051,ussd_s000486,-0.3164,0.1545,-0.297,0.0,0
ussd_0099,ussd_s000487,2.7825,1.0222,-0.0273,0.0,0
ussd_0231,ussd_s000488,0.1191,0.2042,-0.6587,0.0,0
ussd_0179,ussd_s000489,0.9531,1.4484,-0.5309,0.0,0
ussd_0033,ussd_s000490,-0.4204,1.5997,-0.1989,0.0,0
ussd_0084,ussd_s000491,-0.8018,0.1544,-0.443,0.0,0
ussd_0061,ussd_s000492,0.4481,0.062,-0.5219,0.8677,0
ussd_0278,ussd_s000493,0.9551,0.7503,-0.4889,0.0,0
ussd_0166,ussd_s000494,7.7074,0.6196,7.6749,0.8365,1
ussd_0196,ussd_s000495,0.5263,0.1574,-0.4157,0.4478,0
ussd_0104,ussd_s000496,-0.2864,0.4441,-0.0379,0.0,0
ussd_0267,ussd_s000497,-0.3799,0.3733,-0.3244,0.8579,0
ussd_0335,ussd_s000498,0.023,0.5511,1.5418,0.0,0
ussd_0341,ussd_s000499,-0.1894,0.1847,-0.4387,0.0,0
ussd_0234,ussd_s000500,13.8795,1.801,8.5977,0.0,1
ussd_0159,ussd_s000501,0.281,0.8959,-0.0377,0.0,0
ussd_0408,ussd_s000502,0.7548,0.8447,0.2039,0.0,0
ussd_0297,ussd_s000503,0.117,0.5383,-0.3748,0.0,0
ussd_0237,ussd_s000504,-0.0452,0.2115,-0.3433,0.0,0
ussd_0248,ussd_s000505,4.358,0.1703,0.2442,0.9703,1
ussd_0130,ussd_s000506,-0.726,1.6622,-0.4766,0.0,0
ussd_0126,ussd_s000507,-0.2093,0.1454,-0.1537,0.4802,0
ussd_0002,ussd_s000508,-0.5004,0.0277,-0.064,0.7461,0
ussd_0214,ussd_s000509,-0.6511,1.1282,-0.5404,0.663,0
ussd_0190,ussd_s000510,-0.285,0.8483,0.8217,0.0,0
ussd_0387,ussd_s000511,-0.1279,0.7061,-0.3918,0.0,0
ussd_0023,ussd_s000512,-0.465,1.412,1.9037,0.0,0
ussd_0089,ussd_s000513,-0.3619,0.1322,-0.3172,0.0,0
ussd_0313,ussd_s000514,0.6561,0.895,-0.0473,0.0,0
ussd_0265,ussd_s000515,-0.8629,0.7946,-0.2231,0.0,0
ussd_0332,ussd_s000516,10.8991,0.3875,11.9231,0.9944,1
ussd_0383,ussd_s000517,1.0163,0.0313,-0.1407,0.8163,0
ussd_0237,ussd_s000518,-0.0408,0.8867,-0.3433,0.0,0
ussd_0426,ussd_s000519,5.2166,0.0169,3.0244,0.9421,1
ussd_0173,ussd_s000520,-0.344,0.8848,-0.0531,0.0,0
ussd_0287,ussd_s000521,-0.0279,1.1032,0.1089,0.0,0
ussd_0293,ussd_s000522,-0.4654,1.0385,-0.1511,0.0,0
ussd_0192,ussd_s000523,0.0865,0.8196,-0.4069,0.8179,0
ussd_0099,ussd_s000524,-0.0199,0.9739,-0.0273,0.0,0
ussd_0350,ussd_s000525,-0.7668,0.0085,-0.2522,0.0,0
ussd_0304,ussd_s000526,0.0313,0.4366,1.1065,0.0,0
ussd_0045,ussd_s000527,-0.3501,0.6491,0.8043,0.7862,0
ussd_0281,ussd_s000528,-0.0652,0.8444,-0.3218,0.0,0
ussd_0149,ussd_s000529,-0.3646,2.0315,-0.2069,0.0,0
ussd_0314,ussd_s000530,0.3986,0.1907,-0.2413,0.9397,0
ussd_0391,ussd_s000531,-0.6375,0.586,-0.3385,0.0,0
ussd_0173,ussd_s000532,-0.7039,0.6056,-0.0531,0.0,0
ussd_0063,ussd_s000533,-0.1775,3.4272,-0.1743,0.0,0
ussd_0343,ussd_s000534,-0.1569,0.2001,-0.1302,0.0,0
ussd_0141,ussd_s000535,-0.5515,0.6363,0.2081,0.4236,0
ussd_0387,ussd_s000536,0.4199,1.2875,0.8247,0.0,0
ussd_0100,ussd_s000537,-0.7908,1.2892,-0.2924,0.0,0
ussd_0429,ussd_s000538,-0.32,1.3379,-0.1241,0.0,0
ussd_0359,ussd_s000539,4.8452,0.5921,0.458,0.7976,1
ussd_0230,ussd_s000540,-0.5917,0.4724,-0.32,0.0,0
ussd_0130,ussd_s000541,0.485,0.0415,-0.4766,0.0,0
ussd_0323,ussd_s000542,-0.534,1.2932,-0.1924,0.5402,0
ussd_0271,ussd_s000543,0.6833,0.6213,-0.1323,0.6586,0
ussd_0096,ussd_s000544,0.5924,0.5671,-0.2509,0.9419,0
ussd_0224,ussd_s000545,0.7331,0.2062,2.6613,0.0,0
ussd_0204,ussd_s000546,1.6974,1.4721,-0.557,0.0,0
ussd_0407,ussd_s000547,-0.5851,0.7607,0.5581,0.0,0
ussd_0006,ussd_s000548,0.3346,0.9939,-0.0722,0.0,0
ussd_0378,ussd_s000549,-0.4737,0.1156,-0.3986,0.0,0
ussd_0194,ussd_s000550,-0.8057,0.7315,-0.4927,0.6378,0
ussd_0388,ussd_s000551,-0.1229,1.1813,1.4624,0.8787,0
ussd_0261,ussd_s000552,0.019,0.0654,0.8232,0.0,0
ussd_0044,ussd_s000553,-0.8118,0.168,-0.6397,0.8935,0
ussd_0101,ussd_s000554,1.7856,1.1086,-0.3326,0.0,0
ussd_0206,ussd_s000555,-0.1605,1.0674,-0.0379,0.0,0
ussd_0305,ussd_s000556,-0.1557,0.5968,-0.2808,0.0,0
ussd_0182,ussd_s000557,-0.4843,0.7962,0.1462,0.9517,0
ussd_0184,ussd_s000558,-0.5235,1.6858,0.8751,0.5665,0
ussd_0153,ussd_s000559,-0.7013,0.8374,-0.2831,0.0,0
ussd_0125,ussd_s000560,0.2538,1.2046,-0.2354,0.0,0
ussd_0288,ussd_s000561,-0.4664,1.9451,-0.1842,0.0,0
ussd_0435,ussd_s000562,0.4202,0.6173,-0.2939,0.679,0
ussd_0379,ussd_s000563,0.3915,1.706,-0.5394,0.0,0
ussd_0223,ussd_s000564,-0.8557,0.9714,1.7981,0.0,0
ussd_0079,ussd_s000565,-0.4257,0.4786,0.611,0.0,0
ussd_0395,ussd_s000566,1.6876,2.0392,-0.4302,0.0,0
ussd_0291,ussd_s000567,-0.2473,0.401,-0.5623,0.0,0
ussd_0028,ussd_s000568,1.6429,0.5606,-0.5506,0.8983,1
ussd_0122,ussd_s000569,-0.6754,0.1607,-0.1654,0.0,0
ussd_0173,ussd_s000570,-0.4052,0.3012,-0.0531,0.0,0
ussd_0173,ussd_s000571,0.4971,0.0556,-0.0531,0.0,0
ussd_0394,ussd_s000572,0.291,0.6293,-0.08,0.0,0
ussd_0155,ussd_s000573,3.9573,0.4337,-0.507,0.0,0
ussd_0014,ussd_s000574,-0.7381,0.3668,0.8142,0.0,0
ussd_0326,ussd_s000575,-0.8117,0.1971,-0.0673,0.0957,0
ussd_0229,ussd_s000576,0.1663,1.9246,-0.2275,0.582,0
ussd_0374,ussd_s000577,0.2498,0.4617,1.0585,0.0,0
ussd_0183,ussd_s000578,-0.5319,0.8125,-0.239,0.0,0
ussd_0082,ussd_s000579,-0.5097,0.173,-0.4217,0.0,0
ussd_0344,ussd_s000580,-0.1186,0.5425,1.6665,0.0,0
ussd_0193,ussd_s000581,-0.7891,0.612,0.5463,0.0,0
ussd_0147,ussd_s000582,-0.0816,0.4123,0.3435,0.0,0
ussd_0161,ussd_s000583,-0.4618,2.4516,-0.2694,0.0,0
ussd_0270,ussd_s000584,0.1821,1.9502,-0.3367,0.0,0
ussd_0402,ussd_s000585,-0.1284,0.0522,-0.1808,0.9386,0
ussd_0278,ussd_s000586,-0.5231,0.4051,-0.4889,0.0,0
ussd_0422,ussd_s000587,0.2271,1.4075,-0.112,0.7109,0
ussd_0316,ussd_s000588,-0.0748,1.2091,-0.0791,0.0,0
ussd_0215,ussd_s000589,-0.7395,0.5194,1.772,0.0,0
ussd_0449,ussd_s000590,-0.716,0.8271,-0.2688,0.0,0
ussd_0089,ussd_s000591,0.5405,0.4986,-0.3172,0.0,0
ussd_0124,ussd_s000592,2.4107,4.6447,2.899,0.8466,1
ussd_0053,ussd_s000593,-0.6007,0.9239,0.7665,0.0,0
ussd_0381,ussd_s000594,-0.1403,0.465,-0.1529,0.0,0
ussd_0200,ussd_s000595,-0.5241,2.1805,-0.2674,0.9146,0
ussd_0288,ussd_s000596,0.1919,0.0324,-0.1842,0.0,0
ussd_0026,ussd_s000597,-0.4822,0.6071,-0.3359,0.0,0
ussd_0114,ussd_s000598,1.9089,0.6849,-0.1616,0.6154,0
ussd_0059,ussd_s000599,0.1519,2.1193,0.8238,0.0,0
ussd_0413,ussd_s000600,-0.7319,0.2626,-0.4768,0.1418,0
ussd_0065,ussd_s000601,-0.006,0.5886,-0.3807,0.0,0
ussd_0158,ussd_s000602,0.3548,0.2159,-0.162,0.9214,0
ussd_0019,ussd_s000603,-0.1781,0.3561,-0.6024,0.8868,0
ussd_0159,ussd_s000604,-0.2881,0.5462,-0.0377,0.0,0
ussd_0308,ussd_s000605,-0.7367,0.6011,-0.6891,0.0,0
ussd_0011,ussd_s000606,0.0055,0.9203,0.9773,0.9374,0
ussd_0126,ussd_s000607,14.1011,3.6128,1.5388,0.4802,1
ussd_0044,ussd_s000608,0.1391,1.0022,0.0809,0.8935,0
ussd_0297,ussd_s000609,-0.1999,0.4684,-0.3748,0.0,0
ussd_0226,ussd_s000610,0.115,1.3636,-0.425,0.0,0
ussd_0408,ussd_s000611,-0.4632,0.1024,1.0066,0.0,0
ussd_0151,ussd_s000612,0.3728,1.031,0.9509,0.0479,0
ussd_0364,ussd_s000613,-0.4906,0.0038,-0.4906,0.0,0
ussd_0162,ussd_s000614,-0.2504,2.4962,-0.6145,0.9543,0
ussd_0144,ussd_s000615,-0.5913,0.0232,-0.2019,0.7224,0
ussd_0449,ussd_s000616,1.7312,1.4803,-0.2688,0.0,0
ussd_0026,ussd_s000617,-0.658,2.1761,-0.3359,0.0,0
ussd_0108,ussd_s000618,-0.8412,0.8919,0.6076,0.4636,0
ussd_0018,ussd_s000619,-0.8516,2.0831,0.8328,0.0,0
ussd_0344,ussd_s000620,-0.5022,1.5803,-0.1112,0.0,0
ussd_0359,ussd_s000621,-0.5782,1.5873,0.458,0.0,0
ussd_0119,ussd_s000622,-0.9165,0.3153,-0.266,0.0,0
ussd_0428,ussd_s000623,-0.7681,1.0976,-0.204,0.0,0
ussd_0346,ussd_s000624,0.9413,0.5112,-0.4477,0.0,0
ussd_0238,ussd_s000625,0.2518,0.2331,1.5577,0.0,0
ussd_0434,ussd_s000626,-0.214,0.0916,-0.2715,0.0,0
ussd_0230,ussd_s000627,-0.2272,0.5987,-0.32,0.0,0
ussd_0184,ussd_s000628,-0.9021,0.1401,-0.375,0.5665,0
ussd_0411,ussd_s000629,-0.5758,0.4595,-0.0558,0.0,0
ussd_0230,ussd_s000630,1.0543,0.0642,-0.32,0.0,0
ussd_0108,ussd_s000631,-0.7802,0.6777,0.6076,0.4636,0
ussd_0307,ussd_s000632,-0.451,0.0215,-0.7671,0.0,0
ussd_0371,ussd_s000633,1.7085,1.1181,-0.269,0.0,0
ussd_0360,ussd_s000634,-0.0587,1.8097,-0.5311,0.0,0
ussd_0333,ussd_s000635,-0.044,0.421,-0.3544,0.0,0
ussd_0277,ussd_s000636,0.7924,0.2577,1.6548,0.9062,0
ussd_0317,ussd_s000637,-0.8524,1.2274,-0.3401,0.0,0
ussd_0019,ussd_s000638,-0.4689,0.2798,-0.6024,0.8868,0
ussd_0015,ussd_s000639,-0.7172,0.274,-0.112,0.0,0
ussd_0048,ussd_s000640,-0.2138,1.1169,-0.1091,0.0,0
ussd_0017,ussd_s000641,-0.2656,0.7661,-0.1648,0.0,0
ussd_0385,ussd_s000642,-0.4198,1.6259,1.1463,0.772,0
ussd_0276,ussd_s000643,0.6402,1.3698,-0.3862,0.0,0
ussd_0277,ussd_s000644,-0.8083,0.8145,-0.6207,0.9062,0
ussd_0009,ussd_s000645,-0.6805,0.5566,-0.3849,0.8032,0
ussd_0209,ussd_s000646,-0.8299,0.3952,-0.0474,0.0908,0
ussd_0112,ussd_s000647,-0.531,0.5923,0.1413,0.7593,0
ussd_0338,ussd_s000648,0.7994,1.043,-0.1227,0.0,0
ussd_0449,ussd_s000649,1.0446,2.0995,1.1936,0.0,0
ussd_0342,ussd_s000650,-0.6919,2.8317,-0.8039,0.0,0
ussd_0184,ussd_s000651,-0.2277,0.2389,-0.375,0.5665,0
ussd_0060,ussd_s000652,-0.7476,1.0156,0.2763,0.0,0
ussd_0312,ussd_s000653,0.0444,1.1489,-0.1891,0.0,0
ussd_0129,ussd_s000654,0.136,1.2386,-0.4407,0.9109,0
ussd_0208,ussd_s000655,-0.4649,0.4477,-0.518,0.5813,0
ussd_0372,ussd_s000656,0.5957,2.1908,-0.3382,0.0,0
ussd_0322,ussd_s000657,-0.44,0.1865,1.179,0.0,0
ussd_0019,ussd_s000658,-0.5758,0.0402,0.9878,0.8868,0
ussd_0170,ussd_s000659,-0.0362,1.0726,-0.3011,0.0,0
ussd_0311,ussd_s000660,1.0624,0.9839,-0.1529,0.0,0
ussd_0385,ussd_s000661,-0.4706,0.7098,-0.2846,0.772,0
ussd_0057,ussd_s000662,-0.4895,0.7804,-0.1568,0.986,0
ussd_0077,ussd_s000663,18.3814,1.4833,3.5421,0.6712,1
ussd_0250,ussd_s000664,6.7082,1.0046,6.4413,0.9829,1
ussd_0041,ussd_s000665,0.5118,0.929,-0.4636,0.0,0
ussd_0159,ussd_s000666,-0.72,0.4461,-0.0377,0.0,0
ussd_0141,ussd_s000667,-0.8418,0.4811,0.2081,0.4236,0
ussd_0171,ussd_s000668,0.7109,0.5487,0.8955,0.0,0
ussd_0154,ussd_s000669,-0.2827,1.132,-0.5491,0.0,0
ussd_0336,ussd_s000670,-0.5048,0.5259,-0.4944,0.0,0
ussd_0265,ussd_s000671,3.0603,0.747,-0.2231,0.0,0
ussd_0202,ussd_s000672,-0.4501,0.9895,-0.0483,0.0,0
ussd_0020,ussd_s000673,0.439,0.3252,0.3216,0.0,0
ussd_0415,ussd_s000674,-0.739,1.0451,-0.2031,0.0,0
ussd_0093,ussd_s000675,-0.6968,0.3609,-0.1136,0.7111,0
ussd_0079,ussd_s000676,-0.8225,1.5352,0.611,0.0,0
ussd_0013,ussd_s000677,-0.4649,0.2384,-0.3241,0.0,0
ussd_0157,ussd_s000678,-0.8429,0.7088,-0.1299,0.0,0
ussd_0129,ussd_s000679,-0.2436,1.5993,-0.4407,0.9109,0
ussd_0019,ussd_s000680,-0.4,0.8289,-0.6024,0.8868,0
ussd_0166,ussd_s000681,0.395,1.4918,-0.3327,0.0,0
ussd_0341,ussd_s000682,0.3889,0.214,-0.4387,0.0,0
ussd_0424,ussd_s000683,-0.6705,1.4638,-0.3623,0.1979,0
ussd_0322,ussd_s000684,-0.5718,0.9523,-0.2737,0.0,0
ussd_0404,ussd_s000685,0.4311,0.7325,0.4405,0.5724,0
ussd_0223,ussd_s000686,-0.3133,0.468,-0.0673,0.0,0
ussd_0263,ussd_s000687,-0.1654,1.2676,-0.1377,0.0,0
ussd_0136,ussd_s000688,-0.5551,0.1983,0.618,0.2943,0
ussd_0074,ussd_s000689,-0.5561,1.3877,-0.6179,0.0,0
ussd_0215,ussd_s000690,-0.4627,0.5648,-0.4456,0.0,0
ussd_0349,ussd_s000691,-0.6966,2.2724,-0.4904,0.0,0
ussd_0250,ussd_s000692,-0.6945,0.8719,-0.5623,0.6003,0
ussd_0229,ussd_s000693,-0.1333,0.4698,-0.2275,0.582,0
ussd_0263,ussd_s000694,-0.5986,0.3197,-0.1377,0.0,0
ussd_0260,ussd_s000695,-0.5195,0.5012,0.7632,0.1622,0
ussd_0103,ussd_s000696,-0.4654,1.9606,-0.3125,0.0,0
ussd_0017,ussd_s000697,0.6168,0.0245,-0.1648,0.0,0
ussd_0107,ussd_s000698,-0.141,0.7241,-0.4382,0.0,0
ussd_0335,ussd_s000699,-0.6335,1.4259,-0.1527,0.0,0
ussd_0080,ussd_s000700,-0.0206,0.43,-0.3273,0.0,0
ussd_0149,ussd_s000701,-0.2512,0.0603,-0.2069,0.0,0
ussd_0244,ussd_s000702,-0.5341,0.2774,-0.6432,0.68,0
ussd_0438,ussd_s000703,-0.5182,0.4871,-0.2666,0.8982,0
ussd_0147,ussd_s000704,-0.4916,1.2531,1.2391,0.0,0
ussd_0441,ussd_s000705,-0.0914,0.6801,-0.3002,0.0,0
ussd_0348,ussd_s000706,-0.2407,0.4957,1.2609,0.0,0
ussd_0446,ussd_s000707,0.0848,0.7452,-0.164,0.0,0
ussd_0198,ussd_s000708,-0.4272,0.8921,-0.6072,0.8457,0
ussd_0361,ussd_s000709,8.1961,0.7053,5.1678,0.0474,1
ussd_0249,ussd_s000710,1.0087,0.26,0.4303,0.8893,0
ussd_0398,ussd_s000711,0.4424,0.709,0.9843,0.0,0
ussd_0174,ussd_s000712,0.6506,0.2504,-0.0646,0.8039,0
ussd_0052,ussd_s000713,-0.129,0.2951,-0.2057,0.5566,0
ussd_0060,ussd_s000714,-0.047,0.463,-0.5746,0.0,0
ussd_0403,ussd_s000715,1.2822,0.6809,1.0909,0.0,0
ussd_0083,ussd_s000716,1.5711,0.5301,-0.3606,0.0,0
ussd_0444,ussd_s000717,-0.4459,1.0116,-0.356,0.0,0
ussd_0418,ussd_s000718,-0.8438,1.375,1.5491,0.0,0
ussd_0327,ussd_s000719,0.647,0.1711,-0.4941,0.0,0
ussd_0331,ussd_s000720,-0.5324,1.0733,-0.2283,0.0,0
ussd_0413,ussd_s000721,-0.7764,1.1186,0.5695,0.1418,0
ussd_0193,ussd_s000722,0.082,0.3308,-0.0722,0.0,0
ussd_0281,ussd_s000723,-0.3553,0.8899,1.0345,0.0,0
ussd_0144,ussd_s000724,-0.7687,1.4388,-0.734,0.7224,0
ussd_0324,ussd_s000725,-0.5202,1.4469,-0.2742,0.0,0
ussd_0251,ussd_s000726,0.1357,1.4262,0.5812,0.0,0
ussd_0156,ussd_s000727,-0.1326,0.2531,-0.15,0.8076,0
ussd_0286,ussd_s000728,0.0702,0.2499,-0.4126,0.0,0
ussd_0278,ussd_s000729,-0.395,0.1791,1.5556,0.0,0
ussd_0446,ussd_s000730,0.2398,0.0418,-0.164,0.0,0
ussd_0234,ussd_s000731,-0.6084,0.2007,-0.2617,0.0,0
ussd_0162,ussd_s000732,-0.6599,1.024,1.6984,0.9543,0
ussd_0384,ussd_s000733,-0.728,0.9707,-0.44,0.8505,0
ussd_0074,ussd_s000734,2.0332,0.3707,0.1464,0.0,0
ussd_0208,ussd_s000735,0.0257,0.7202,0.4461,0.5813,0
ussd_0107,ussd_s000736,0.1855,0.0223,0.6855,0.0,0
ussd_0317,ussd_s000737,0.8529,0.5175,-0.3401,0.0,0
ussd_0406,ussd_s000738,4.3264,0.1968,-0.1994,0.0,0
ussd_0261,ussd_s000739,0.3115,1.06,0.8232,0.0,0
ussd_0137,ussd_s000740,-0.4736,0.7604,-0.3588,0.0,0
ussd_0202,ussd_s000741,-0.3707,0.6271,-0.0483,0.0,0
ussd_0072,ussd_s000742,1.6137,0.6176,-0.0655,0.0,0
ussd_0325,ussd_s000743,-0.2641,0.9169,-0.1796,0.0,0
ussd_0346,ussd_s000744,0.1109,0.9002,0.657,0.0,0
ussd_0444,ussd_s000745,11.2842,3.3932,0.9319,0.864,1
ussd_0397,ussd_s000746,-0.5044,0.3837,-0.4162,0.0,0
ussd_0362,ussd_s000747,-0.8441,0.2873,-0.3611,0.0,0
ussd_0212,ussd_s000748,-0.165,1.026,-0.0421,0.0,0
ussd_0099,ussd_s000749,-0.0206,1.6911,-0.0273,0.0,0
ussd_0110,ussd_s000750,-0.8905,0.2587,-0.3506,0.0,0
ussd_0120,ussd_s000751,3.2347,1.4778,-0.2178,0.0,0
ussd_0226,ussd_s000752,-0.1336,0.4453,-0.425,0.0,0
ussd_0159,ussd_s000753,-0.6465,0.0014,-0.0377,0.0,0
ussd_0035,ussd_s000754,-0.1503,0.0128,-0.4045,0.0,0
ussd_0393,ussd_s000755,-0.8543,0.8771,-0.5382,0.0,0
ussd_0418,ussd_s000756,2.4669,0.5394,0.5295,0.0,0
ussd_0237,ussd_s000757,-0.54,0.3841,-0.3433,0.0,0
ussd_0021,ussd_s000758,-0.5769,0.6307,-0.4138,0.0,0
ussd_0036,ussd_s000759,-0.0823,0.2663,0.6817,0.1846,0
ussd_0325,ussd_s000760,-0.0685,1.4342,-0.1796,0.0,0
ussd_0280,ussd_s000761,-0.6881,0.6461,-0.2533,0.0,0
ussd_0240,ussd_s000762,-0.685,2.2259,-0.234,0.0,0
ussd_0360,ussd_s000763,-0.3801,0.1813,-0.5311,0.0,0
ussd_0009,ussd_s000764,4.9259,0.4659,-0.3849,0.8032,0
ussd_0135,ussd_s000765,0.1628,2.2582,-0.1157,0.0,0
ussd_0368,ussd_s000766,2.5024,0.7969,-0.0781,0.0,0
ussd_0381,ussd_s000767,-0.4449,0.3954,-0.1529,0.0,0
ussd_0147,ussd_s000768,-0.766,0.6302,0.3435,0.0,0
ussd_0289,ussd_s000769,-0.8084,0.0313,-0.2531,0.9908,0
ussd_0174,ussd_s000770,-0.0557,1.2608,-0.0646,0.8039,0
ussd_0059,ussd_s000771,-0.5416,1.1359,-0.3921,0.0,0
ussd_0130,ussd_s000772,-0.6796,0.0237,-0.4766,0.0,0
ussd_0024,ussd_s000773,-0.4201,1.0557,-0.042,0.9298,0
ussd_0193,ussd_s000774,0.6146,0.6669,-0.0722,0.0,0
ussd_0089,ussd_s000775,-0.2882,0.265,-0.3172,0.0,0
ussd_0386,ussd_s000776,0.6064,1.7811,-0.047,0.5229,0
ussd_0428,ussd_s000777,-0.5278,0.7688,-0.204,0.0,0
ussd_0041,ussd_s000778,0.0455,0.9285,0.6093,0.0,0
ussd_0303,ussd_s000779,-0.7221,0.7428,-0.1899,0.8018,0
ussd_0269,ussd_s000780,1.6597,0.6431,-0.0395,0.0,0
ussd_0023,ussd_s000781,0.5741,0.211,-0.4193,0.0,0
ussd_0141,ussd_s000782,-0.1221,0.5466,1.0134,0.4236,0
ussd_0358,ussd_s000783,7.3476,1.4687,1.6517,0.0,1
ussd_0108,ussd_s000784,0.1866,2.783,-0.4641,0.4636,0
ussd_0333,ussd_s000785,0.0355,0.8662,-0.3544,0.0,0
ussd_0255,ussd_s000786,-0.693,0.6669,-0.3304,0.0,0
ussd_0307,ussd_s000787,-0.5037,0.1392,0.1645,0.0,0
ussd_0272,ussd_s000788,-0.0208,1.0624,0.9081,0.0,0
ussd_0227,ussd_s000789,-0.7338,1.1477,-0.0417,0.0,0
ussd_0426,ussd_s000790,-0.8422,1.4027,-0.4251,0.5158,0
ussd_0437,ussd_s000791,0.4229,2.7459,-0.0896,0.0,0
ussd_0349,ussd_s000792,-0.6918,0.8498,-0.4904,0.0,0
ussd_0133,ussd_s000793,1.3017,0.4938,-0.3497,0.531,0
ussd_0296,ussd_s000794,-0.542,0.0316,-0.4848,0.0,0
ussd_0257,ussd_s000795,0.3476,0.5189,-0.0849,0.0,0
ussd_0086,ussd_s000796,-0.3731,0.6293,-0.554,0.5947,0
ussd_0153,ussd_s000797,-0.8665,2.0088,-0.2831,0.0,0
ussd_0198,ussd_s000798,-0.8597,0.0645,-0.6072,0.8457,0
ussd_0325,ussd_s000799,-0.6257,0.8935,-0.1796,0.0,0
ussd_0403,ussd_s000800,-0.6441,1.3713,-0.303,0.0,0
ussd_0235,ussd_s000801,-0.0823,0.4841,-0.4061,0.0,0
ussd_0317,ussd_s000802,-0.3158,0.6928,-0.3401,0.0,0
ussd_0419,ussd_s000803,1.3901,1.074,-0.375,0.0,0
ussd_0312,ussd_s000804,2.3059,0.8957,-0.1891,0.0,0
ussd_0090,ussd_s000805,-0.1701,0.4061,-0.3926,0.0165,0
ussd_0172,ussd_s000806,-0.0565,0.0605,-0.3459,0.9157,0
ussd_0325,ussd_s000807,0.511,0.3754,-0.1796,0.0,0
ussd_0251,ussd_s000808,-0.5577,1.2764,-0.0513,0.0,0
ussd_0350,ussd_s000809,-0.6634,0.466,-0.2522,0.0,0
ussd_0072,ussd_s000810,-0.2098,1.0191,-0.0655,0.0,0
ussd_0118,ussd_s000811,1.0759,0.6227,-0.639,0.0,0
ussd_0034,ussd_s000812,-0.1987,0.3876,-0.4028,0.1524,0
ussd_0265,ussd_s000813,-0.6008,0.0194,-0.2231,0.0,0
ussd_0105,ussd_s000814,-0.8104,0.9324,0.0454,0.8648,0
ussd_0440,ussd_s000815,0.0345,0.9446,-0.201,0.0,0
ussd_0362,ussd_s000816,1.167,0.2544,-0.3611,0.0,0
ussd_0042,ussd_s000817,0.4006,1.1549,-0.2515,0.0,0
ussd_0405,ussd_s000818,-0.1909,1.212,-0.1595,0.0,0
ussd_0023,ussd_s000819,-0.7629,0.6948,-0.4193,0.0,0
ussd_0155,ussd_s000820,1.9726,1.068,-0.507,0.0,0
ussd_0301,ussd_s000821,-0.872,0.7863,1.3405,0.9322,0
ussd_0427,ussd_s000822,-0.5222,0.8338,-0.0144,0.8555,0
ussd_0249,ussd_s000823,0.5737,2.8574,0.4303,0.8893,0
ussd_0036,ussd_s000824,-0.7477,0.4991,0.009,0.1846,0
ussd_0438,ussd_s000825,0.2863,0.7352,1.2002,0.8982,0
ussd_0034,ussd_s000826,-0.3769,0.4445,-0.4028,0.1524,0
ussd_0164,ussd_s000827,-0.0598,0.8747,0.5771,0.0,0
ussd_0034,ussd_s000828,-0.3952,0.343,0.7917,0.1524,0
ussd_0340,ussd_s000829,-0.3493,1.3724,-0.7349,0.0,0
ussd_0406,ussd_s000830,-0.562,0.8441,-0.1994,0.0,0
ussd_0218,ussd_s000831,4.9478,0.0953,-0.0704,0.6736,0
ussd_0399,ussd_s000832,0.2512,1.5172,-0.031,0.0,0
ussd_0027,ussd_s000833,-0.3835,0.217,2.06,0.0,0
ussd_0369,ussd_s000834,-0.2641,1.0978,-0.013,0.5925,0
ussd_0122,ussd_s000835,-0.2309,0.4824,-0.7218,0.0,0
ussd_0391,ussd_s000836,3.6604,0.9236,-0.3385,0.0,0
ussd_0251,ussd_s000837,7.0653,1.09,0.5812,0.0,0
ussd_0039,ussd_s000838,-0.5008,0.6979,-0.6517,0.0,0
ussd_0328,ussd_s000839,-0.4025,0.8228,-0.5097,0.0,0
ussd_0331,ussd_s000840,0.4087,0.4663,-0.2283,0.0,0
ussd_0304,ussd_s000841,-0.8292,0.7312,-0.2978,0.0,0
ussd_0290,ussd_s000842,0.174,0.5834,0.7863,0.0,0
ussd_0371,ussd_s000843,-0.0695,0.2761,-0.269,0.0,0
ussd_0183,ussd_s000844,-0.4737,0.5346,-0.239,0.0,0
ussd_0310,ussd_s000845,-0.6907,0.0975,-0.0456,0.0,0
ussd_0141,ussd_s000846,0.107,2.6134,-0.5973,0.4236,0
ussd_0235,ussd_s000847,0.5003,0.0362,-0.4061,0.0,0
ussd_0299,ussd_s000848,-0.6134,0.1529,-0.2227,0.0,0
ussd_0351,ussd_s000849,1.257,0.9004,-0.3952,0.0222,0
ussd_0173,ussd_s000850,0.9148,1.3518,-0.0531,0.0,0
ussd_0112,ussd_s000851,-0.7332,0.6022,1.5108,0.7593,0
ussd_0333,ussd_s000852,-0.2913,0.1479,0.9369,0.0,0
ussd_0246,ussd_s000853,-0.6846,0.6524,-0.0584,0.8318,0
ussd_0429,ussd_s000854,-0.6482,0.2921,-0.1241,0.0,0
ussd_0095,ussd_s000855,-0.905,1.4999,-0.3759,0.0,0
ussd_0061,ussd_s000856,-0.26,0.1307,-0.5219,0.8677,0
ussd_0165,ussd_s000857,0.4387,1.3202,1.1234,0.0,0
ussd_0371,ussd_s000858,0.2903,1.0356,-0.269,0.0,0
ussd_0381,ussd_s000859,0.2262,0.3235,-0.1529,0.0,0
ussd_0422,ussd_s000860,2.4296,2.5807,-0.112,0.7109,0
ussd_0223,ussd_s000861,0.0406,0.3997,-0.0673,0.0,0
ussd_0250,ussd_s000862,-0.6032,0.8076,-0.5623,0.6003,0
ussd_0184,ussd_s000863,-0.5464,0.7029,-0.375,0.5665,0
ussd_0049,ussd_s000864,-0.3254,0.5659,-0.1461,0.0,0
ussd_0444,ussd_s000865,0.0176,0.1382,0.9319,0.0,0
ussd_0432,ussd_s000866,0.7632,1.0049,1.1526,0.0,0
ussd_0076,ussd_s000867,-0.1446,2.3686,-0.3912,0.0,0
ussd_0015,ussd_s000868,-0.3176,1.7584,-0.112,0.0,0
ussd_0064,ussd_s000869,-0.2005,0.7742,1.0877,0.0,0
ussd_0109,ussd_s000870,-0.54,0.3413,-0.4794,0.9921,0
ussd_0022,ussd_s000871,1.5779,1.3285,-0.2967,0.0,0
ussd_0028,ussd_s000872,-0.3953,0.9416,0.3483,0.0,0
ussd_0346,ussd_s000873,0.5036,0.8642,-0.4477,0.0,0
ussd_0134,ussd_s000874,0.5242,1.3666,-0.5784,0.0,0
ussd_0268,ussd_s000875,0.6835,0.8258,-0.0551,0.0,0
ussd_0181,ussd_s000876,-0.6961,1.7189,-0.2,0.7457,0
ussd_0347,ussd_s000877,-0.6974,1.3445,-0.3832,0.0,0
ussd_0036,ussd_s000878,-0.7008,0.6628,2.0271,0.1846,0
ussd_0158,ussd_s000879,-0.3477,1.6115,-0.162,0.9214,0
ussd_0121,ussd_s000880,-0.1725,0.5831,-0.6052,0.3602,0
ussd_0073,ussd_s000881,-0.9199,0.5381,0.8305,0.0,0
ussd_0404,ussd_s000882,-0.0578,0.2142,-0.5198,0.5724,0
ussd_0377,ussd_s000883,-0.5217,1.3594,-0.4784,0.0,0
ussd_0274,ussd_s000884,0.814,2.332,-0.5036,0.0,0
ussd_0293,ussd_s000885,-0.3192,0.5675,1.5467,0.0,0
ussd_0284,ussd_s000886,-0.7295,1.56,-0.3243,0.4201,0
ussd_0243,ussd_s000887,-0.6915,0.6153,-0.0974,0.0,0
ussd_0025,ussd_s000888,-0.4672,0.2641,-0.2707,0.0,0
ussd_0197,ussd_s000889,-0.541,2.3685,-0.3809,0.0,0
ussd_0296,ussd_s000890,-0.0792,0.5459,-0.4848,0.0,0
ussd_0380,ussd_s000891,-0.4225,1.109,1.3161,0.697,0
ussd_0268,ussd_s000892,0.1535,0.0171,-0.0551,0.0,0
ussd_0192,ussd_s000893,1.5911,0.3926,-0.4069,0.8179,0
ussd_0196,ussd_s000894,0.2199,0.4499,-0.4157,0.4478,0
ussd_0159,ussd_s000895,0.1607,0.5377,-0.0377,0.0,0
ussd_0161,ussd_s000896,-0.7558,0.3272,-0.2694,0.0,0
ussd_0196,ussd_s000897,0.4225,0.3278,-0.4157,0.4478,0
ussd_0449,ussd_s000898,-0.2276,0.6949,-0.2688,0.0,0
ussd_0120,ussd_s000899,16.3694,0.9778,2.9109,0.0,1
ussd_0058,ussd_s000900,-0.4701,1.2157,0.463,0.0,0
ussd_0212,ussd_s000901,-0.6717,0.4452,-0.0421,0.0,0
ussd_0070,ussd_s000902,-0.7109,0.6912,-0.1596,0.0,0
ussd_0273,ussd_s000903,-0.0331,0.851,-0.3565,0.0,0
ussd_0190,ussd_s000904,-0.4099,1.582,-0.3928,0.0,0
ussd_0238,ussd_s000905,1.4147,1.8403,-0.1474,0.0,0
ussd_0402,ussd_s000906,3.1306,1.0803,-0.1808,0.9386,0
ussd_0162,ussd_s000907,-0.7785,0.6328,0.1564,0.9543,0
ussd_0354,ussd_s000908,1.6307,0.7771,-0.3806,0.0,0
ussd_0444,ussd_s000909,0.1125,1.1387,-0.356,0.0,0
ussd_0045,ussd_s000910,6.2368,2.0519,-0.3986,0.7862,0
ussd_0168,ussd_s000911,-0.5813,0.3486,0.1449,0.1778,0
ussd_0031,ussd_s000912,0.5832,0.2548,-0.4503,0.0,0
ussd_0173,ussd_s000913,-0.6548,0.1639,-0.0531,0.0,0
ussd_0082,ussd_s000914,0.4636,0.2495,0.7348,0.0,0
ussd_0284,ussd_s000915,-0.2638,0.4385,-0.3243,0.4201,0
ussd_0066,ussd_s000916,2.0094,0.5364,0.4714,0.515,0
ussd_0434,ussd_s000917,-0.6034,2.4163,-0.2715,0.0,0
ussd_0399,ussd_s000918,-0.5871,0.1205,-0.031,0.0,0
ussd_0126,ussd_s000919,-0.5975,1.5939,-0.1537,0.4802,0
ussd_0008,ussd_s000920,-0.3267,0.0975,-0.3053,0.0,0
ussd_0380,ussd_s000921,-0.6726,1.7074,1.3161,0.697,0
ussd_0357,ussd_s000922,-0.4706,1.3474,-0.2504,0.0,0
ussd_0149,ussd_s000923,-0.6931,0.5017,-0.2069,0.0,0
ussd_0303,ussd_s000924,-0.2404,0.1779,-0.1899,0.8018,0
ussd_0020,ussd_s000925,0.4866,1.6301,1.2027,0.0,0
ussd_0368,ussd_s000926,0.1764,0.486,-0.0781,0.0,0
ussd_0430,ussd_s000927,-0.0492,0.4253,-0.4448,0.2721,0
ussd_0060,ussd_s000928,0.0845,0.1962,0.2763,0.0,0
ussd_0353,ussd_s000929,-0.2888,0.243,-0.5978,0.0,0
ussd_0105,ussd_s000930,0.9048,0.4255,1.4393,0.8648,0
ussd_0093,ussd_s000931,0.1734,1.0272,1.6591,0.7111,0
ussd_0364,ussd_s000932,-0.7329,0.8048,0.5281,0.0,0
ussd_0139,ussd_s000933,-0.6256,0.401,-0.2769,0.8304,0
ussd_0207,ussd_s000934,0.0769,0.1766,-0.1689,0.2923,0
ussd_0162,ussd_s000935,-0.5865,0.4321,0.1564,0.9543,0
ussd_0397,ussd_s000936,0.0094,0.8236,-0.4162,0.0,0
ussd_0015,ussd_s000937,7.2614,4.1659,5.2157,0.6812,1
ussd_0059,ussd_s000938,-0.1484,0.5636,-0.3921,0.0,0
ussd_0404,ussd_s000939,1.0683,1.2589,-0.5198,0.5724,0
ussd_0284,ussd_s000940,-0.2236,0.0688,-0.3243,0.4201,0
ussd_0372,ussd_s000941,1.1795,0.0111,-0.3382,0.0,0
ussd_0026,ussd_s000942,1.1485,2.3302,-0.3359,0.0,0
ussd_0075,ussd_s000943,-0.7502,1.4743,-0.174,0.0,0
ussd_0365,ussd_s000944,-0.0073,0.9725,-0.0713,0.0,0
ussd_0119,ussd_s000945,-0.2365,2.0112,-0.266,0.0,0
ussd_0218,ussd_s000946,-0.7895,0.1323,-0.0704,0.6736,0
ussd_0368,ussd_s000947,0.1723,1.5734,-0.0781,0.0,0
ussd_0017,ussd_s000948,0.35,1.6579,1.5055,0.0,0
ussd_0449,ussd_s000949,-0.0934,1.3787,-0.2688,0.0,0
ussd_0358,ussd_s000950,0.2517,0.9432,-0.1161,0.0,0
ussd_0252,ussd_s000951,-0.6127,0.1079,-0.1521,0.0,0
ussd_0403,ussd_s000952,1.4348,1.418,1.0909,0.0,0
ussd_0041,ussd_s000953,-0.8053,1.2871,-0.4636,0.0,0
ussd_0402,ussd_s000954,0.3954,0.1341,-0.1808,0.9386,0
ussd_0134,ussd_s000955,0.6343,1.4392,1.1078,0.0,0
ussd_0373,ussd_s000956,0.1749,0.2511,-0.4251,0.0,0
ussd_0149,ussd_s000957,-0.4837,1.0837,-0.2069,0.0,0
ussd_0133,ussd_s000958,-0.1479,0.6841,-0.3497,0.531,0
ussd_0179,ussd_s000959,0.8129,0.6272,0.4074,0.0,0
ussd_0184,ussd_s000960,4.7222,0.3231,-0.375,0.5665,0
ussd_0340,ussd_s000961,-0.4869,0.0651,-0.2047,0.0,0
ussd_0032,ussd_s000962,0.6614,1.7691,-0.1019,0.0,0
ussd_0358,ussd_s000963,4.8991,0.2472,1.6517,0.0,0
ussd_0331,ussd_s000964,0.0325,1.1324,-0.2283,0.0,0
ussd_0134,ussd_s000965,-0.5912,1.2836,0.2647,0.0,0
ussd_0424,ussd_s000966,-0.8747,2.5759,-0.3623,0.1979,0
ussd_0132,ussd_s000967,-0.4795,0.0512,-0.2549,0.0,0
ussd_0111,ussd_s000968,0.4015,0.9405,-0.5595,0.3775,0
ussd_0089,ussd_s000969,-0.7,0.5872,1.0484,0.0,0
ussd_0083,ussd_s000970,0.0308,1.637,-0.3606,0.0,0
ussd_0380,ussd_s000971,-0.4417,0.3847,-0.228,0.697,0
ussd_0321,ussd_s000972,-0.4334,0.2701,-0.019,0.0,0
ussd_0063,ussd_s000973,-0.4017,0.6706,-0.1743,0.0,0
ussd_0318,ussd_s000974,2.197,0.3351,-0.2747,0.5436,0
ussd_0074,ussd_s000975,-0.5448,0.1871,0.1464,0.0,0
ussd_0324,ussd_s000976,0.2481,0.7861,-0.2742,0.0,0
ussd_0379,ussd_s000977,-0.4473,1.1969,-0.5394,0.0,0
ussd_0448,ussd_s000978,-0.7787,0.1681,-0.2068,0.0,0
ussd_0119,ussd_s000979,-0.6637,0.9681,-0.266,0.0,0
ussd_0290,ussd_s000980,0.2968,1.0942,-0.4046,0.0,0
ussd_0046,ussd_s000981,9.063,2.8529,2.9553,0.8757,1
ussd_0128,ussd_s000982,-0.0981,0.1315,-0.0275,0.0,0
ussd_0206,ussd_s000983,-0.5565,0.2589,-0.0379,0.0,0
ussd_0146,ussd_s000984,-0.022,0.446,-0.1106,0.0,0
ussd_0405,ussd_s000985,-0.6548,0.0559,-0.1595,0.0,0
ussd_0249,ussd_s000986,-0.1984,0.9115,-0.5232,0.8893,0
ussd_0189,ussd_s000987,-0.759,0.3745,-0.4537,0.0,0
ussd_0379,ussd_s000988,-0.6953,0.2225,1.303,0.0,0
ussd_0388,ussd_s000989,-0.468,0.9953,-0.1792,0.8787,0
ussd_0162,ussd_s000990,-0.5825,0.8316,-0.6145,0.9543,0
ussd_0047,ussd_s000991,0.653,2.4648,0.8015,0.8009,0
ussd_0230,ussd_s000992,-0.3237,1.0175,1.0399,0.0,0
ussd_0092,ussd_s000993,0.7966,1.6594,-0.18,0.0,0
ussd_0441,ussd_s000994,0.5432,0.288,-0.3002,0.0,0
ussd_0317,ussd_s000995,-0.1603,0.3556,2.2994,0.0,0
ussd_0390,ussd_s000996,-0.4651,1.6871,0.1833,0.0,0
ussd_0209,ussd_s000997,-0.6566,1.034,-0.0474,0.0908,0
ussd_0170,ussd_s000998,0.0403,1.219,-0.3011,0.0,0
ussd_0217,ussd_s000999,-0.3147,1.2483,-0.4684,0.0,0
ussd_0168,ussd_s001000,-0.695,3.1183,0.1449,0.1778,0
ussd_0144,ussd_s001001,0.447,1.5589,0.3301,0.7224,0
ussd_0094,ussd_s001002,0.5576,0.7885,-0.2243,0.0,0
ussd_0216,ussd_s001003,0.617,0.5248,-0.0659,0.0,0
ussd_0380,ussd_s001004,-0.7168,0.0114,-0.228,0.697,0
ussd_0341,ussd_s001005,-0.3879,1.7068,-0.4387,0.0,0
ussd_0026,ussd_s001006,-0.5932,0.7137,-0.3359,0.0,0
ussd_0182,ussd_s001007,-0.4143,0.7266,0.1462,0.9517,0
ussd_0357,ussd_s001008,0.1188,1.3371,-0.2504,0.0,0
ussd_0060,ussd_s001009,-0.2412,0.8467,0.2763,0.0,0
ussd_0409,ussd_s001010,0.1392,0.1037,-0.2406,0.0,0
ussd_0159,ussd_s001011,-0.6396,1.3344,-0.0377,0.0,0
ussd_0279,ussd_s001012,-0.7901,0.9222,-0.3304,0.0,0
ussd_0226,ussd_s001013,0.2339,0.0012,-0.425,0.0,0
ussd_0442,ussd_s001014,-0.754,0.9246,-0.17,0.0,0
ussd_0251,ussd_s001015,-0.3504,1.0784,-0.0513,0.0,0
ussd_0060,ussd_s001016,-0.7095,1.6422,-0.5746,0.0,0
ussd_0241,ussd_s001017,-0.5698,0.6828,-0.4608,0.0,0
ussd_0220,ussd_s001018,6.058,1.8083,5.1395,0.9512,1
ussd_0208,ussd_s001019,0.366,0.7179,-0.518,0.5813,0
ussd_0152,ussd_s001020,2.3702,1.8673,-0.5608,0.0,0
ussd_0035,ussd_s001021,0.1365,1.6534,-0.4045,0.0,0
ussd_0000,ussd_s001022,3.1358,1.1316,-0.5575,0.3567,0
ussd_0166,ussd_s001023,0.9857,1.7195,-0.3327,0.0,0
ussd_0252,ussd_s001024,-0.4493,1.0935,-0.1521,0.0,0
ussd_0037,ussd_s001025,-0.6343,0.6764,-0.5689,0.0,0
ussd_0168,ussd_s001026,-0.8316,1.2734,-0.6184,0.1778,0
ussd_0168,ussd_s001027,-0.2827,0.6671,0.1449,0.1778,0
ussd_0130,ussd_s001028,-0.6637,0.4691,-0.4766,0.0,0
ussd_0199,ussd_s001029,-0.5445,0.4069,-0.1795,0.0,0
ussd_0344,ussd_s001030,-0.6113,1.9081,-0.1112,0.0,0
ussd_0052,ussd_s001031,-0.6383,0.8448,1.3829,0.5566,0
ussd_0323,ussd_s001032,0.2054,2.1771,-0.1924,0.5402,0
ussd_0235,ussd_s001033,-0.7488,0.2633,0.7818,0.0,0
ussd_0293,ussd_s001034,-0.5879,2.9054,-0.1511,0.0,0
ussd_0345,ussd_s001035,-0.5695,0.4435,-0.2127,0.0,0
ussd_0436,ussd_s001036,3.6842,3.7461,7.5531,0.0,1
ussd_0050,ussd_s001037,0.4328,0.4337,-0.6376,0.0,0
ussd_0027,ussd_s001038,-0.6726,0.6487,0.836,0.0,0
ussd_0350,ussd_s001039,0.2866,0.3034,-0.2522,0.0,0
ussd_0142,ussd_s001040,-0.7607,0.3013,-0.4466,0.0,0
ussd_0076,ussd_s001041,-0.8094,0.482,-0.3912,0.0,0
ussd_0216,ussd_s001042,-0.0241,1.9667,-0.0659,0.0,0
ussd_0250,ussd_s001043,0.9578,2.0584,1.1886,0.6003,0
ussd_0174,ussd_s001044,-0.0458,0.4018,-0.0646,0.8039,0
ussd_0130,ussd_s001045,0.4459,0.6975,-0.4766,0.0,0
ussd_0013,ussd_s001046,-0.3714,0.3432,-0.3241,0.0,0
ussd_0005,ussd_s001047,1.9873,0.7518,-0.4853,0.0,0
ussd_0204,ussd_s001048,-0.2454,0.425,-0.557,0.0,0
ussd_0392,ussd_s001049,-0.3735,0.2968,-0.4251,0.9428,0
ussd_0323,ussd_s001050,-0.1604,0.7736,-0.1924,0.5402,0
ussd_0199,ussd_s001051,-0.1021,1.0587,-0.1795,0.0,0
ussd_0364,ussd_s001052,0.8573,1.7266,-0.4906,0.0,0
ussd_0025,ussd_s001053,-0.685,0.729,1.1878,0.0,0
ussd_0059,ussd_s001054,1.109,0.1436,-0.3921,0.0,0
ussd_0007,ussd_s001055,4.4635,0.0414,1.8181,0.0,1
ussd_0163,ussd_s001056,-0.8137,1.1471,-0.1432,0.0,0
ussd_0161,ussd_s001057,-0.5268,0.0765,-0.2694,0.0,0
ussd_0061,ussd_s001058,-0.2381,0.048,-0.5219,0.8677,0
ussd_0098,ussd_s001059,-0.1,0.1878,1.5558,0.0,0
ussd_0308,ussd_s001060,-0.3887,0.0387,-0.0672,0.0,0
ussd_0008,ussd_s001061,0.9727,1.3031,-0.3053,0.0,0
ussd_0428,ussd_s001062,-0.8038,0.2748,-0.204,0.0,0
ussd_0032,ussd_s001063,-0.5688,0.1103,-0.1019,0.0,0
ussd_0365,ussd_s001064,-0.9099,0.3211,-0.0713,0.0,0
ussd_0076,ussd_s001065,-0.7429,0.4438,-0.3912,0.0,0
ussd_0368,ussd_s001066,-0.8468,0.67,-0.0781,0.0,0
ussd_0314,ussd_s001067,-0.0878,1.3825,-0.2413,0.9397,0
ussd_0402,ussd_s001068,-0.1724,0.4967,1.4576,0.9386,0
ussd_0085,ussd_s001069,-0.7673,0.5951,1.1443,0.0,0
ussd_0343,ussd_s001070,0.0886,0.9878,-0.1302,0.0,0
ussd_0138,ussd_s001071,2.6275,2.4818,-0.2683,0.0,0
ussd_0418,ussd_s001072,-0.5465,0.933,0.5295,0.0,0
ussd_0065,ussd_s001073,0.5148,0.8145,-0.3807,0.0,0
ussd_0013,ussd_s001074,0.2096,0.3668,-0.3241,0.0,0
ussd_0364,ussd_s001075,-0.8117,0.1492,0.5281,0.0,0
ussd_0399,ussd_s001076,13.292,0.2951,9.6593,0.0,1
ussd_0200,ussd_s001077,-0.7956,0.2903,-0.2674,0.9146,0
ussd_0259,ussd_s001078,10.9653,0.4537,2.7468,0.8324,1
ussd_0083,ussd_s001079,4.8678,0.8956,6.0332,0.7422,1
ussd_0036,ussd_s001080,-0.4263,0.0517,-0.6637,0.1846,0
ussd_0405,ussd_s001081,0.0612,0.4793,-0.1595,0.0,0
ussd_0117,ussd_s001082,-0.6768,0.2859,-0.1106,0.0,0
ussd_0273,ussd_s001083,1.8257,0.7074,-0.3565,0.0,0
ussd_0428,ussd_s001084,0.6574,1.2987,-0.204,0.0,0
ussd_0128,ussd_s001085,0.1138,0.3848,-0.0275,0.0,0
ussd_0159,ussd_s001086,-0.714,1.5873,-0.0377,0.0,0
ussd_0188,ussd_s001087,-0.3981,0.2165,-0.3934,0.0,0
ussd_0040,ussd_s001088,-0.2241,0.4666,0.0429,0.0,0
ussd_0388,ussd_s001089,-0.3913,1.2877,-0.1792,0.8787,0
ussd_0437,ussd_s001090,2.1915,1.4201,-0.0896,0.0,0
ussd_0087,ussd_s001091,-0.0801,0.1674,-0.3481,0.0,0
ussd_0151,ussd_s001092,0.9287,1.2531,-0.3497,0.0479,0
ussd_0238,ussd_s001093,-0.7674,0.4455,-0.1474,0.0,0
ussd_0379,ussd_s001094,0.8162,1.1664,-0.5394,0.0,0
ussd_0155,ussd_s001095,-0.5488,0.434,-0.507,0.0,0
ussd_0361,ussd_s001096,0.0264,0.7644,-0.1189,0.0474,0
ussd_0125,ussd_s001097,0.0338,0.9601,-0.2354,0.0,0
ussd_0304,ussd_s001098,0.1683,0.6384,1.1065,0.0,0
ussd_0425,ussd_s001099,-0.7185,0.9163,0.7164,0.0,0
ussd_0060,ussd_s001100,-0.4252,0.2031,-0.5746,0.0,0
ussd_0042,ussd_s001101,0.1879,0.0796,-0.2515,0.0,0
ussd_0042,ussd_s001102,4.9031,0.8627,-0.2515,0.0,0
ussd_0304,ussd_s001103,0.9645,0.944,-0.2978,0.0,0
ussd_0158,ussd_s001104,-0.0697,0.089,-0.162,0.9214,0
ussd_0259,ussd_s001105,-0.1676,0.8345,-0.2506,0.0,0
ussd_0191,ussd_s001106,3.0839,0.9545,-0.3495,0.0,0
ussd_0166,ussd_s001107,-0.5825,0.3587,-0.3327,0.0,0
ussd_0148,ussd_s001108,1.0014,0.4821,0.4731,0.0,0
ussd_0242,ussd_s001109,0.7256,0.4613,-0.3228,0.0,0
ussd_0219,ussd_s001110,-0.5706,1.4391,0.51,0.0,0
ussd_0267,ussd_s001111,0.5362,1.4369,-0.3244,0.8579,0
ussd_0270,ussd_s001112,-0.921,1.5327,-0.3367,0.0,0
ussd_0067,ussd_s001113,-0.6303,0.6353,-0.0935,0.0,0
ussd_0213,ussd_s001114,0.5619,0.768,-0.4046,0.0,0
ussd_0199,ussd_s001115,3.3024,1.7835,-0.1795,0.0,0
ussd_0039,ussd_s001116,0.0112,0.5614,1.4379,0.0,0
ussd_0233,ussd_s001117,0.6371,0.8031,-0.2472,0.7872,0
ussd_0121,ussd_s001118,0.1991,1.6066,-0.6052,0.3602,0
ussd_0000,ussd_s001119,0.1541,1.4789,0.3274,0.3567,0
ussd_0230,ussd_s001120,-0.4223,0.9114,-0.32,0.0,0
ussd_0088,ussd_s001121,2.922,0.4159,-0.0345,0.0,0
ussd_0297,ussd_s001122,-0.3779,0.5512,0.8755,0.0,0
ussd_0039,ussd_s001123,4.9167,0.2008,0.0448,0.0,0
ussd_0435,ussd_s001124,-0.8407,0.3775,-0.2939,0.679,0
ussd_0334,ussd_s001125,-0.488,0.1331,-0.0384,0.0,0
ussd_0333,ussd_s001126,6.694,1.8108,6.1021,0.8678,1
ussd_0340,ussd_s001127,0.1877,0.579,-0.2047,0.0,0
ussd_0041,ussd_s001128,-0.6414,1.1109,1.6821,0.0,0
ussd_0184,ussd_s001129,-0.4376,0.1733,-0.375,0.5665,0
ussd_0160,ussd_s001130,-0.3876,0.6337,-0.5504,0.879,0
ussd_0139,ussd_s001131,-0.6697,0.9149,-0.2769,0.8304,0
ussd_0403,ussd_s001132,0.3934,0.724,-0.303,0.0,0
ussd_0040,ussd_s001133,-0.5261,1.5307,-0.6524,0.0,0
ussd_0061,ussd_s001134,-0.5743,0.5965,0.4344,0.8677,0
ussd_0267,ussd_s001135,-0.8168,0.5185,-0.3244,0.8579,0
ussd_0064,ussd_s001136,-0.5369,0.7104,-0.3041,0.0,0
ussd_0382,ussd_s001137,-0.4461,1.5176,-0.4871,0.0,0
ussd_0158,ussd_s001138,-0.4975,0.6868,-0.162,0.9214,0
ussd_0438,ussd_s001139,-0.3588,0.5432,-0.2666,0.8982,0
ussd_0180,ussd_s001140,-0.6821,0.3626,1.2069,0.0,0
ussd_0422,ussd_s001141,0.2589,0.7551,1.664,0.7109,0
ussd_0044,ussd_s001142,1.3383,1.2782,0.0809,0.8935,0
ussd_0166,ussd_s001143,-0.5298,0.1906,1.0019,0.0,0
ussd_0274,ussd_s001144,0.3772,0.1403,-0.5036,0.0,0
ussd_0198,ussd_s001145,0.7407,2.3205,-0.6072,0.8457,0
ussd_0096,ussd_s001146,-0.232,1.3081,-0.2509,0.9419,0
ussd_0406,ussd_s001147,-0.7449,0.4548,-0.1994,0.0,0
ussd_0319,ussd_s001148,-0.0654,1.0949,-0.3104,0.5051,0
ussd_0122,ussd_s001149,-0.778,0.0135,0.9475,0.0,0
ussd_0173,ussd_s001150,0.0386,0.1205,-0.0531,0.0,0
ussd_0239,ussd_s001151,2.5934,5.2038,1.6836,0.9434,1
ussd_0344,ussd_s001152,-0.6442,0.1315,-0.1112,0.0,0
ussd_0049,ussd_s001153,0.093,0.6522,-0.1461,0.0,0
ussd_0353,ussd_s001154,-0.6405,0.9937,1.0111,0.0,0
ussd_0157,ussd_s001155,-0.3736,1.1988,-0.1299,0.0,0
ussd_0107,ussd_s001156,-0.4595,0.4834,0.6855,0.0,0
ussd_0391,ussd_s001157,-0.4097,0.2214,-0.3385,0.0,0
ussd_0385,ussd_s001158,-0.2898,2.3076,-0.2846,0.772,0
ussd_0070,ussd_s001159,-0.1922,2.7501,-0.1596,0.0,0
ussd_0176,ussd_s001160,-0.14,0.3013,-0.0892,0.0,0
ussd_0378,ussd_s001161,-0.3854,0.0693,-0.3986,0.0,0
ussd_0309,ussd_s001162,0.4343,0.8027,-0.1466,0.0,0
ussd_0221,ussd_s001163,-0.3185,0.0966,-0.6294,0.0,0
ussd_0335,ussd_s001164,-0.4075,0.3196,-0.1527,0.0,0
ussd_0162,ussd_s001165,0.1958,0.5041,-0.6145,0.9543,0
ussd_0303,ussd_s001166,-0.0591,0.3115,-0.1899,0.8018,0
ussd_0101,ussd_s001167,-0.5949,0.1485,1.0022,0.0,0
ussd_0168,ussd_s001168,-0.0245,0.9243,0.1449,0.1778,0
ussd_0167,ussd_s001169,0.0653,1.4432,-0.618,0.0,0
ussd_0264,ussd_s001170,-0.7583,1.4308,-0.5522,0.9204,0
ussd_0051,ussd_s001171,-0.0943,0.1048,-0.297,0.0,0
ussd_0240,ussd_s001172,0.3331,2.4636,-0.234,0.0,0
ussd_0021,ussd_s001173,-0.1496,0.6731,-0.4138,0.0,0
ussd_0134,ussd_s001174,-0.8201,0.3833,-0.5784,0.0,0
ussd_0043,ussd_s001175,-0.4226,0.4774,0.4883,0.0,0
ussd_0077,ussd_s001176,-0.5222,0.0967,-0.0916,0.0,0
ussd_0340,ussd_s001177,-0.2201,0.0028,0.8557,0.0,0
ussd_0359,ussd_s001178,-0.6021,2.7696,1.0411,0.0,0
ussd_0234,ussd_s001179,-0.466,0.8691,-0.2617,0.0,0
ussd_0061,ussd_s001180,-0.0893,0.3891,-0.5219,0.8677,0
ussd_0316,ussd_s001181,-0.7598,0.0024,-0.0791,0.0,0
ussd_0332,ussd_s001182,-0.3741,0.6016,-0.1385,0.0,0
ussd_0355,ussd_s001183,1.9317,0.5874,-0.4131,0.0,0
ussd_0250,ussd_s001184,0.4208,0.6761,0.3132,0.6003,0
ussd_0170,ussd_s001185,0.388,0.1069,-0.3011,0.0,0
ussd_0055,ussd_s001186,-0.0506,1.9273,-0.2393,0.6067,0
ussd_0089,ussd_s001187,-0.3037,0.1173,-0.3172,0.0,0
ussd_0314,ussd_s001188,-0.2337,0.3046,1.2761,0.9397,0
ussd_0409,ussd_s001189,-0.6634,0.1254,2.7969,0.0,0
ussd_0221,ussd_s001190,0.2807,0.8174,-0.6294,0.0,0
ussd_0233,ussd_s001191,0.1273,2.4189,1.2585,0.7872,0
ussd_0118,ussd_s001192,5.1143,1.8819,2.2486,0.6684,1
ussd_0097,ussd_s001193,0.1783,0.0527,-0.4961,0.7079,0
ussd_0299,ussd_s001194,-0.7026,1.1901,1.332,0.0,0
ussd_0401,ussd_s001195,0.0497,0.6119,-0.7121,0.0,0
ussd_0182,ussd_s001196,-0.4026,0.7198,0.9103,0.9517,0
ussd_0069,ussd_s001197,9.6344,0.4778,1.2471,0.6725,1
ussd_0361,ussd_s001198,-0.5523,0.9439,-0.1189,0.0474,0
ussd_0201,ussd_s001199,-0.2499,0.7994,-0.3556,0.0,0
ussd_0257,ussd_s001200,-0.6261,1.0763,-0.0849,0.0,0
ussd_0288,ussd_s001201,0.9095,0.5609,-0.1842,0.0,0
ussd_0155,ussd_s001202,0.17,0.5085,-0.507,0.0,0
ussd_0206,ussd_s001203,-0.2908,0.7313,-0.0379,0.0,0
ussd_0448,ussd_s001204,0.747,0.4766,-0.2068,0.0,0
ussd_0251,ussd_s001205,1.5667,0.4398,-0.0513,0.0,0
ussd_0257,ussd_s001206,-0.8367,0.5148,-0.0849,0.0,0
ussd_0341,ussd_s001207,-0.2081,1.0945,0.6838,0.0,0
ussd_0415,ussd_s001208,-0.6967,0.6442,-0.2031,0.0,0
ussd_0179,ussd_s001209,2.4498,0.4677,-0.5309,0.0,0
ussd_0395,ussd_s001210,3.4939,4.1809,2.9886,0.0,1
ussd_0130,ussd_s001211,-0.6845,1.2498,-0.4766,0.0,0
ussd_0354,ussd_s001212,-0.27,0.694,-0.3806,0.0,0
ussd_0000,ussd_s001213,-0.5232,0.3296,-0.5575,0.3567,0
ussd_0071,ussd_s001214,0.1421,0.4242,-0.2102,0.0,0
ussd_0441,ussd_s001215,0.3843,0.333,-0.3002,0.0,0
ussd_0204,ussd_s001216,2.7876,0.4735,3.8726,0.0,1
ussd_0055,ussd_s001217,2.5714,0.9659,1.2821,0.6067,0
ussd_0196,ussd_s001218,-0.6295,1.205,-0.4157,0.4478,0
ussd_0043,ussd_s001219,-0.4135,0.844,0.4883,0.0,0
ussd_0113,ussd_s001220,-0.5159,1.8813,1.037,0.0,0
ussd_0058,ussd_s001221,-0.4358,1.1343,-0.5123,0.0,0
ussd_0225,ussd_s001222,-0.0487,0.9751,-0.0297,0.0,0
ussd_0184,ussd_s001223,-0.0587,0.7743,-0.375,0.5665,0
ussd_0341,ussd_s001224,-0.4633,1.8366,-0.4387,0.0,0
ussd_0159,ussd_s001225,-0.49,0.0381,-0.0377,0.0,0
ussd_0133,ussd_s001226,-0.6261,0.6724,-0.3497,0.531,0
ussd_0436,ussd_s001227,-0.8125,1.2786,-0.3421,0.0,0
ussd_0030,ussd_s001228,-0.5536,0.6403,1.2492,0.0,0
ussd_0408,ussd_s001229,-0.7056,0.8262,-0.5987,0.0,0
ussd_0028,ussd_s001230,-0.2193,1.9136,-0.5506,0.0,0
ussd_0305,ussd_s001231,3.9143,0.627,6.9108,0.8711,1
ussd_0278,ussd_s001232,-0.4928,0.7148,-0.4889,0.0,0
ussd_0406,ussd_s001233,-0.7888,1.1687,1.4017,0.0,0
ussd_0214,ussd_s001234,-0.2884,0.5985,1.2979,0.663,0
ussd_0376,ussd_s001235,-0.0542,1.3384,-0.5201,0.0143,0
ussd_0100,ussd_s001236,-0.9101,0.6641,-0.2924,0.0,0
ussd_0016,ussd_s001237,-0.2652,0.5254,-0.1351,0.0,0
ussd_0059,ussd_s001238,0.0815,0.9486,-0.3921,0.0,0
ussd_0210,ussd_s001239,-0.5456,0.3593,0.2441,0.0,0
ussd_0034,ussd_s001240,-0.5537,1.0582,0.7917,0.1524,0
ussd_0063,ussd_s001241,0.0939,0.183,-0.1743,0.0,0
ussd_0059,ussd_s001242,-0.3319,0.4095,-0.3921,0.0,0
ussd_0229,ussd_s001243,-0.4513,0.2862,1.3175,0.582,0
ussd_0236,ussd_s001244,0.1539,0.9706,-0.2892,0.5753,0
ussd_0062,ussd_s001245,0.1944,0.5987,0.204,0.0,0
ussd_0177,ussd_s001246,0.0912,1.3237,-0.4694,0.0,0
ussd_0423,ussd_s001247,0.3958,1.7357,0.26,0.0,0
ussd_0223,ussd_s001248,-0.6137,1.654,-0.0673,0.0,0
ussd_0010,ussd_s001249,-0.4707,0.8048,-0.111,0.0,0
ussd_0103,ussd_s001250,-0.0567,0.1871,-0.3125,0.0,0
ussd_0416,ussd_s001251,0.4342,2.1116,1.1441,0.8605,0
ussd_0288,ussd_s001252,1.6657,0.5973,-0.1842,0.0,0
ussd_0378,ussd_s001253,8.8665,1.9516,5.6152,0.7091,1
ussd_0216,ussd_s001254,-0.1193,0.3396,-0.0659,0.0,0
ussd_0316,ussd_s001255,0.384,0.3235,-0.0791,0.0,0
ussd_0017,ussd_s001256,-0.3373,0.3116,-0.1648,0.0,0
ussd_0214,ussd_s001257,-0.5914,2.5742,-0.5404,0.663,0
ussd_0432,ussd_s001258,-0.4655,0.7168,-0.2825,0.0,0
ussd_0388,ussd_s001259,-0.5378,0.4918,1.4624,0.8787,0
ussd_0267,ussd_s001260,-0.264,0.1699,-0.3244,0.8579,0
ussd_0250,ussd_s001261,-0.1757,3.0412,-0.5623,0.6003,0
ussd_0034,ussd_s001262,0.3626,0.4808,-0.4028,0.1524,0
ussd_0151,ussd_s001263,-0.6458,1.3378,-0.3497,0.0479,0
ussd_0398,ussd_s001264,-0.2778,1.1573,-0.3386,0.0,0
ussd_0422,ussd_s001265,-0.6394,0.3415,-0.112,0.7109,0
ussd_0245,ussd_s001266,-0.647,0.6335,-0.2456,0.0,0
ussd_0379,ussd_s001267,-0.6905,0.3107,-0.5394,0.0,0
ussd_0332,ussd_s001268,0.7603,1.2037,-0.1385,0.0,0
ussd_0442,ussd_s001269,-0.7892,1.7593,-0.17,0.0,0
ussd_0341,ussd_s001270,1.4255,1.1148,-0.4387,0.0,0
ussd_0134,ussd_s001271,-0.806,0.7752,1.1078,0.0,0
ussd_0410,ussd_s001272,-0.2529,0.326,-0.0424,0.0,0
ussd_0337,ussd_s001273,-0.6673,2.6258,-0.1851,0.5151,0
ussd_0358,ussd_s001274,0.8133,2.1729,-0.1161,0.0,0
ussd_0106,ussd_s001275,-0.5972,1.958,-0.4215,0.783,0
ussd_0258,ussd_s001276,-0.3616,0.8782,-0.0176,0.0,0
ussd_0319,ussd_s001277,-0.6931,0.1296,-0.3104,0.5051,0
ussd_0125,ussd_s001278,-0.1061,1.0308,1.2939,0.0,0
ussd_0289,ussd_s001279,-0.2101,0.7078,-0.2531,0.9908,0
ussd_0321,ussd_s001280,3.7869,0.3378,-0.019,0.0,0
ussd_0026,ussd_s001281,-0.5076,0.7997,-0.3359,0.0,0
ussd_0186,ussd_s001282,-0.7241,0.4042,0.7923,0.087,0
ussd_0228,ussd_s001283,0.9309,0.843,-0.533,0.0,0
ussd_0258,ussd_s001284,0.4104,0.5515,-0.0176,0.0,0
ussd_0072,ussd_s001285,-0.3416,1.148,-0.0655,0.0,0
ussd_0167,ussd_s001286,-0.6577,0.3274,0.1459,0.0,0
ussd_0175,ussd_s001287,0.8519,0.772,-0.4073,0.0,0
ussd_0320,ussd_s001288,0.0918,1.5918,0.9971,0.0802,0
ussd_0060,ussd_s001289,1.0261,1.0533,-0.5746,0.0,0
ussd_0357,ussd_s001290,-0.4092,0.788,2.7482,0.0,0
ussd_0084,ussd_s001291,-0.2726,0.0523,-0.443,0.0,0
ussd_0442,ussd_s001292,-0.9738,0.586,-0.17,0.0,0
ussd_0415,ussd_s001293,1.1267,0.0622,-0.2031,0.0,0
ussd_0356,ussd_s001294,-0.07,0.0566,-0.2873,0.9012,0
ussd_0149,ussd_s001295,-0.23,0.4449,-0.2069,0.0,0
ussd_0024,ussd_s001296,0.1408,1.3828,-0.042,0.9298,0
ussd_0344,ussd_s001297,0.7035,0.305,-0.1112,0.0,0
ussd_0319,ussd_s001298,-0.4779,0.161,-0.3104,0.5051,0
ussd_0233,ussd_s001299,-0.9233,0.035,-0.2472,0.7872,0
ussd_0347,ussd_s001300,-0.775,0.8704,-0.3832,0.0,0
ussd_0233,ussd_s001301,-0.6428,1.1147,-0.2472,0.7872,0
ussd_0096,ussd_s001302,-0.773,1.3288,-0.2509,0.9419,0
ussd_0241,ussd_s001303,-0.5161,2.3006,0.6176,0.0,0
ussd_0347,ussd_s001304,-0.6856,0.6813,-0.3832,0.0,0
ussd_0029,ussd_s001305,-0.014,1.5932,1.4578,0.0,0
ussd_0157,ussd_s001306,-0.3375,1.8547,-0.1299,0.0,0
ussd_0128,ussd_s001307,-0.2577,1.0193,-0.0275,0.0,0
ussd_0043,ussd_s001308,0.1881,0.924,0.4883,0.0,0
ussd_0301,ussd_s001309,-0.0367,0.0278,-0.2198,0.9322,0
ussd_0294,ussd_s001310,-0.7801,0.9424,-0.1472,0.0,0
ussd_0399,ussd_s001311,2.4388,0.169,-0.031,0.0,0
ussd_0391,ussd_s001312,-0.7961,0.6371,-0.3385,0.0,0
ussd_0268,ussd_s001313,-0.7592,0.1415,-0.0551,0.0,0
ussd_0150,ussd_s001314,0.6055,1.255,-0.0428,0.0,0
ussd_0365,ussd_s001315,0.0828,0.6967,-0.0713,0.0,0
ussd_0327,ussd_s001316,0.1702,0.4406,-0.4941,0.0,0
ussd_0096,ussd_s001317,-0.8205,1.2343,1.2474,0.9419,0
ussd_0302,ussd_s001318,-0.1217,0.4419,-0.2993,0.0,0
ussd_0156,ussd_s001319,0.9091,2.6143,-0.15,0.8076,0
ussd_0163,ussd_s001320,0.2854,0.4037,-0.1432,0.0,0
ussd_0300,ussd_s001321,0.0962,1.711,0.6407,0.0,0
ussd_0224,ussd_s001322,-0.3612,0.127,-0.2677,0.0,0
ussd_0428,ussd_s001323,-0.6152,0.9088,-0.204,0.0,0
ussd_0240,ussd_s001324,-0.6191,0.3471,-0.234,0.0,0
ussd_0313,ussd_s001325,0.3405,0.171,-0.0473,0.0,0
ussd_0294,ussd_s001326,2.5083,0.2593,-0.1472,0.0,0
ussd_0041,ussd_s001327,-0.685,1.8242,-0.4636,0.0,0
ussd_0211,ussd_s001328,0.3162,0.9556,-0.4115,0.0,0
ussd_0297,ussd_s001329,-0.6813,1.5583,0.8755,0.0,0
ussd_0421,ussd_s001330,-0.6103,0.2666,-0.0654,0.0,0
ussd_0397,ussd_s001331,-0.455,0.694,-0.4162,0.0,0
ussd_0195,ussd_s001332,0.6064,0.6466,-0.2806,0.0,0
ussd_0268,ussd_s001333,-0.2087,0.2748,-0.0551,0.0,0
ussd_0283,ussd_s001334,-0.5613,0.1645,0.5555,0.0953,0
ussd_0074,ussd_s001335,-0.6309,1.08,-0.6179,0.0,0
ussd_0427,ussd_s001336,-0.4061,0.0205,-0.0144,0.8555,0
ussd_0225,ussd_s001337,-0.7519,0.6892,-0.0297,0.0,0
ussd_0246,ussd_s001338,-0.7351,1.339,-0.0584,0.8318,0
ussd_0049,ussd_s001339,-0.576,0.0672,0.4231,0.0,0
ussd_0342,ussd_s001340,-0.8376,1.155,0.373,0.0,0
ussd_0205,ussd_s001341,0.2196,0.1763,-0.178,0.9936,0
ussd_0064,ussd_s001342,-0.7637,0.0302,-0.3041,0.0,0
ussd_0001,ussd_s001343,0.0425,1.5934,-0.2033,0.0,0
ussd_0100,ussd_s001344,-0.5908,0.8538,-0.2924,0.0,0
ussd_0000,ussd_s001345,0.3653,1.7362,0.3274,0.3567,0
ussd_0088,ussd_s001346,2.2757,2.6006,-0.0345,0.0,0
ussd_0423,ussd_s001347,-0.5659,0.2357,0.26,0.0,0
ussd_0405,ussd_s001348,-0.7568,1.2731,-0.1595,0.0,0
ussd_0268,ussd_s001349,0.3792,1.3208,-0.0551,0.0,0
ussd_0223,ussd_s001350,0.132,0.8817,-0.0673,0.0,0
ussd_0408,ussd_s001351,2.4156,0.8288,1.0066,0.0,0
ussd_0078,ussd_s001352,0.2761,0.0374,1.724,0.0,0
ussd_0237,ussd_s001353,0.464,1.4035,-0.3433,0.0,0
ussd_0220,ussd_s001354,-0.4747,0.3019,-0.1229,0.0,0
ussd_0014,ussd_s001355,3.0435,1.2552,-0.3953,0.0,0
ussd_0249,ussd_s001356,-0.7986,0.0016,-0.5232,0.8893,0
ussd_0434,ussd_s001357,-0.5828,0.9333,-0.2715,0.0,0
ussd_0316,ussd_s001358,-0.1459,0.3431,1.7626,0.0,0
ussd_0099,ussd_s001359,-0.2301,0.7884,-0.0273,0.0,0
ussd_0409,ussd_s001360,-0.4028,0.3129,-0.2406,0.0,0
ussd_0356,ussd_s001361,0.1232,0.3872,-0.2873,0.9012,0
ussd_0432,ussd_s001362,-0.4677,0.9478,-0.2825,0.0,0
ussd_0278,ussd_s001363,-0.7678,1.8047,-0.4889,0.0,0
ussd_0448,ussd_s001364,-0.1893,0.5823,-0.2068,0.0,0
ussd_0148,ussd_s001365,1.0409,2.3833,-0.509,0.0,0
ussd_0429,ussd_s001366,-0.6119,0.5869,-0.1241,0.0,0
ussd_0296,ussd_s001367,-0.666,1.5263,0.5456,0.0,0
ussd_0025,ussd_s001368,-0.043,0.1158,-0.2707,0.0,0
ussd_0423,ussd_s001369,-0.2133,1.7034,0.26,0.0,0
ussd_0036,ussd_s001370,-0.177,0.9984,-0.6637,0.1846,0
ussd_0425,ussd_s001371,-0.3817,1.3672,-0.4279,0.0,0
ussd_0392,ussd_s001372,-0.8153,0.6141,-0.4251,0.9428,0
ussd_0169,ussd_s001373,-0.0909,0.8345,-0.702,0.0,0
ussd_0028,ussd_s001374,-0.0742,1.4143,-0.5506,0.0,0
ussd_0064,ussd_s001375,-0.8582,1.7598,1.0877,0.0,0
ussd_0236,ussd_s001376,-0.3925,0.7413,-0.2892,0.5753,0
ussd_0428,ussd_s001377,-0.0961,0.3851,-0.204,0.0,0
ussd_0068,ussd_s001378,0.212,0.5758,-0.0713,0.2031,0
ussd_0326,ussd_s001379,0.1334,2.3444,-0.0673,0.0957,0
ussd_0389,ussd_s001380,0.0593,1.4885,-0.3543,0.7365,0
ussd_0190,ussd_s001381,0.2158,0.1144,-0.3928,0.0,0
ussd_0064,ussd_s001382,-0.4362,0.9757,-0.3041,0.0,0
ussd_0206,ussd_s001383,-0.8634,1.2835,-0.0379,0.0,0
ussd_0378,ussd_s001384,1.7269,0.654,3.2096,0.0,0
ussd_0368,ussd_s001385,0.8653,1.4719,-0.0781,0.0,0
ussd_0335,ussd_s001386,1.4442,0.6988,-0.1527,0.0,0
ussd_0275,ussd_s001387,-0.5992,0.1337,-0.6116,0.787,0
ussd_0205,ussd_s001388,-0.7424,0.8406,-0.178,0.9936,0
ussd_0116,ussd_s001389,0.2233,0.3622,-0.0357,0.0,0
ussd_0008,ussd_s001390,0.3942,0.404,-0.3053,0.0,0
ussd_0194,ussd_s001391,-0.0853,0.1446,-0.4927,0.6378,0
ussd_0164,ussd_s001392,-0.0217,0.7099,-0.4743,0.0,0
ussd_0004,ussd_s001393,-0.2721,0.5535,1.2309,0.0,0
ussd_0270,ussd_s001394,-0.4055,0.2754,-0.3367,0.0,0
ussd_0082,ussd_s001395,-0.312,0.5724,-0.4217,0.0,0
ussd_0409,ussd_s001396,-0.6729,1.2576,-0.2406,0.0,0
ussd_0337,ussd_s001397,1.7742,0.7148,-0.1851,0.5151,0
ussd_0444,ussd_s001398,1.6997,1.0112,0.9319,0.0,0
ussd_0220,ussd_s001399,-0.3565,0.6711,-0.1229,0.0,0
ussd_0016,ussd_s001400,5.7955,0.6176,1.5947,0.7935,1
ussd_0360,ussd_s001401,-0.215,0.2457,0.4068,0.0,0
ussd_0354,ussd_s001402,-0.5343,1.0724,-0.3806,0.0,0
ussd_0388,ussd_s001403,0.7688,0.1253,1.4624,0.8787,0
ussd_0391,ussd_s001404,-0.1905,0.6868,0.9844,0.0,0
ussd_0027,ussd_s001405,-0.4217,0.2693,0.836,0.0,0
ussd_0348,ussd_s001406,0.1863,0.6211,-0.2464,0.0,0
ussd_0395,ussd_s001407,-0.595,1.3155,1.849,0.0,0
ussd_0107,ussd_s001408,1.8175,2.4367,-0.4382,0.0,0
ussd_0155,ussd_s001409,-0.2303,0.5444,0.4789,0.0,0
ussd_0212,ussd_s001410,9.4126,0.1478,-0.0421,0.0,0
ussd_0048,ussd_s001411,0.0716,0.8125,-0.1091,0.0,0
ussd_0081,ussd_s001412,-0.3106,0.5666,-0.6754,0.0,0
ussd_0436,ussd_s001413,-0.6146,1.6942,0.9738,0.0,0
ussd_0099,ussd_s001414,-0.812,1.8525,-0.0273,0.0,0
ussd_0393,ussd_s001415,-0.3545,1.872,-0.5382,0.0,0
ussd_0231,ussd_s001416,-0.5081,0.6445,0.7063,0.0,0
ussd_0225,ussd_s001417,0.9551,0.1275,-0.0297,0.0,0
ussd_0389,ussd_s001418,-0.7031,0.5489,-0.3543,0.7365,0
ussd_0102,ussd_s001419,-0.3666,0.1523,1.1709,0.0,0
ussd_0362,ussd_s001420,-0.8589,0.9183,-0.3611,0.0,0
ussd_0054,ussd_s001421,-0.288,0.9899,-0.1483,0.5714,0
ussd_0084,ussd_s001422,0.9969,0.5644,0.671,0.0,0
ussd_0177,ussd_s001423,-0.7052,0.5985,-0.4694,0.0,0
ussd_0079,ussd_s001424,-0.7712,0.047,1.6851,0.0,0
ussd_0277,ussd_s001425,-0.6426,2.3921,0.8963,0.9062,0
ussd_0206,ussd_s001426,-0.3323,0.0006,-0.0379,0.0,0
ussd_0237,ussd_s001427,5.4154,0.4756,0.9702,0.0,1
ussd_0420,ussd_s001428,-0.2218,0.3828,-0.3617,0.6651,0
ussd_0260,ussd_s001429,0.4676,0.1891,0.7632,0.1622,0
ussd_0252,ussd_s001430,3.0025,1.272,6.6314,0.0,1
ussd_0218,ussd_s001431,0.2948,0.5815,-0.0704,0.6736,0
ussd_0436,ussd_s001432,0.5031,0.4856,-0.3421,0.0,0
ussd_0065,ussd_s001433,-0.5531,0.6196,-0.3807,0.0,0
ussd_0139,ussd_s001434,-0.8354,1.1066,-0.2769,0.8304,0
ussd_0439,ussd_s001435,-0.2645,0.4531,-0.3837,0.5928,0
ussd_0152,ussd_s001436,-0.7282,0.7138,0.3175,0.0,0
ussd_0354,ussd_s001437,0.3177,0.0787,-0.3806,0.0,0
ussd_0387,ussd_s001438,1.4019,0.8117,-0.3918,0.0,0
ussd_0343,ussd_s001439,-0.6441,0.5603,-0.1302,0.0,0
ussd_0421,ussd_s001440,18.0935,1.0763,16.7582,0.7721,1
ussd_0114,ussd_s001441,-0.3641,0.4523,-0.1616,0.6154,0
ussd_0438,ussd_s001442,2.4667,1.1938,-0.2666,0.8982,0
ussd_0158,ussd_s001443,-0.6965,1.8049,-0.162,0.9214,0
ussd_0160,ussd_s001444,-0.7474,0.7969,0.3489,0.879,0
ussd_0234,ussd_s001445,-0.4102,0.1121,-0.2617,0.0,0
ussd_0100,ussd_s001446,-0.4149,0.9045,-0.2924,0.0,0
ussd_0259,ussd_s001447,-0.7807,0.6838,1.2481,0.0,0
ussd_0218,ussd_s001448,0.5197,1.5958,-0.0704,0.6736,0
ussd_0206,ussd_s001449,-0.65,0.4699,-0.0379,0.0,0
ussd_0225,ussd_s001450,-0.4211,1.4202,-0.0297,0.0,0
ussd_0428,ussd_s001451,10.9774,4.897,10.9405,0.9219,1
ussd_0345,ussd_s001452,1.7171,0.4587,-0.2127,0.0,0
ussd_0238,ussd_s001453,-0.2108,0.466,-0.1474,0.0,0
ussd_0322,ussd_s001454,0.6779,0.1634,-0.2737,0.0,0
ussd_0252,ussd_s001455,0.0562,0.3614,-0.1521,0.0,0
ussd_0000,ussd_s001456,-0.4644,1.0056,-0.5575,0.3567,0
ussd_0121,ussd_s001457,-0.8634,0.4231,0.9741,0.3602,0
ussd_0420,ussd_s001458,-0.902,0.0528,-0.3617,0.6651,0
ussd_0158,ussd_s001459,0.1494,0.2035,1.514,0.9214,0
ussd_0223,ussd_s001460,8.6041,1.8176,3.6636,0.9352,1
ussd_0264,ussd_s001461,0.644,0.7765,0.3434,0.9204,0
ussd_0034,ussd_s001462,0.1287,0.5187,-0.4028,0.1524,0
ussd_0163,ussd_s001463,-0.1146,0.2348,-0.1432,0.0,0
ussd_0122,ussd_s001464,-0.3941,1.0347,0.9475,0.0,0
ussd_0277,ussd_s001465,9.6025,0.135,2.4133,0.9062,1
ussd_0297,ussd_s001466,-0.2521,0.7279,-0.3748,0.0,0
ussd_0029,ussd_s001467,-0.4529,0.7008,-0.5084,0.0,0
ussd_0135,ussd_s001468,-0.1871,1.5802,-0.1157,0.0,0
ussd_0149,ussd_s001469,-0.3371,1.3121,-0.2069,0.0,0
ussd_0181,ussd_s001470,-0.5263,0.3529,-0.2,0.7457,0
ussd_0196,ussd_s001471,-0.8307,0.3241,-0.4157,0.4478,0
ussd_0056,ussd_s001472,-0.5308,1.2027,0.9373,0.0,0
ussd_0091,ussd_s001473,-0.6814,0.2347,-0.1477,0.0,0
ussd_0338,ussd_s001474,-0.4447,1.3313,-0.1227,0.0,0
ussd_0137,ussd_s001475,-0.1983,0.6756,-0.3588,0.0,0
ussd_0027,ussd_s001476,-0.8473,0.2635,-0.388,0.0,0
ussd_0107,ussd_s001477,-0.3689,1.263,-0.4382,0.0,0
ussd_0237,ussd_s001478,-0.5152,1.2388,-0.3433,0.0,0
ussd_0117,ussd_s001479,-0.6043,0.633,-0.1106,0.0,0
ussd_0394,ussd_s001480,0.7451,0.305,-0.08,0.0,0
ussd_0044,ussd_s001481,-0.2001,0.2155,-0.6397,0.8935,0
ussd_0046,ussd_s001482,0.3565,1.4096,-0.435,0.0,0
ussd_0444,ussd_s001483,-0.1786,0.2136,0.9319,0.0,0
ussd_0054,ussd_s001484,1.5649,0.1649,-0.1483,0.5714,0
ussd_0266,ussd_s001485,-0.1368,1.8894,0.2103,0.6032,0
ussd_0063,ussd_s001486,-0.4052,0.81,-0.1743,0.0,0
ussd_0018,ussd_s001487,4.4804,1.3312,4.4985,0.9581,1
ussd_0228,ussd_s001488,0.2406,1.2117,-0.533,0.0,0
ussd_0005,ussd_s001489,-0.5933,0.331,0.544,0.0,0
ussd_0330,ussd_s001490,-0.3923,0.7553,-0.3973,0.0,0
ussd_0200,ussd_s001491,0.1288,0.217,-0.2674,0.9146,0
ussd_0275,ussd_s001492,0.4466,0.6324,0.1651,0.787,0
ussd_0060,ussd_s001493,0.2411,1.3967,0.2763,0.0,0
ussd_0409,ussd_s001494,0.6087,0.1942,-0.2406,0.0,0
ussd_0409,ussd_s001495,-0.7984,0.2031,-0.2406,0.0,0
ussd_0144,ussd_s001496,0.1756,0.2762,0.3301,0.7224,0
ussd_0410,ussd_s001497,-0.0142,1.3255,-0.0424,0.0,0
ussd_0170,ussd_s001498,1.21,0.0897,-0.3011,0.0,0
ussd_0173,ussd_s001499,6.3675,2.1813,5.6283,0.9448,1
ussd_0352,ussd_s001500,-0.7495,0.2677,-0.6599,0.0,0
ussd_0053,ussd_s001501,2.3573,0.188,0.7665,0.0,0
ussd_0345,ussd_s001502,-0.7449,2.6311,-0.2127,0.0,0
ussd_0112,ussd_s001503,-0.5591,0.2489,0.1413,0.7593,0
ussd_0119,ussd_s001504,-0.6609,1.1784,-0.266,0.0,0
ussd_0369,ussd_s001505,-0.2881,0.1927,-0.013,0.5925,0
ussd_0403,ussd_s001506,-0.6192,0.8627,-0.303,0.0,0
ussd_0053,ussd_s001507,-0.1786,0.0497,0.7665,0.0,0
ussd_0123,ussd_s001508,0.0893,1.252,-0.303,0.6336,0
ussd_0109,ussd_s001509,-0.2028,1.1445,-0.4794,0.9921,0
ussd_0146,ussd_s001510,0.1539,1.8842,-0.1106,0.0,0
ussd_0139,ussd_s001511,-0.3249,0.8483,1.1692,0.8304,0
ussd_0447,ussd_s001512,0.0071,1.4793,-0.4084,0.0,0
ussd_0354,ussd_s001513,0.0911,0.7705,-0.3806,0.0,0
ussd_0183,ussd_s001514,-0.493,1.4437,-0.239,0.0,0
ussd_0284,ussd_s001515,-0.3893,0.9444,-0.3243,0.4201,0
ussd_0421,ussd_s001516,0.5642,0.9948,-0.0654,0.0,0
ussd_0185,ussd_s001517,-0.158,0.3367,-0.3021,0.0,0
ussd_0385,ussd_s001518,-0.0541,0.1918,-0.2846,0.772,0
ussd_0407,ussd_s001519,18.0115,1.1922,1.8045,0.9371,1
ussd_0383,ussd_s001520,-0.3013,0.4833,-0.1407,0.8163,0
ussd_0090,ussd_s001521,-0.8317,1.2244,-0.3926,0.0165,0
ussd_0139,ussd_s001522,-0.4432,0.0777,-0.2769,0.8304,0
ussd_0375,ussd_s001523,-0.4083,0.4255,-0.2101,0.5622,0
ussd_0324,ussd_s001524,-0.7524,0.3983,-0.2742,0.0,0
ussd_0089,ussd_s001525,0.3921,0.7547,1.0484,0.0,0
ussd_0352,ussd_s001526,-0.2813,0.0146,0.7004,0.0,0
ussd_0221,ussd_s001527,-0.1255,0.8963,0.1118,0.0,0
ussd_0179,ussd_s001528,0.4444,0.9923,0.4074,0.0,0
ussd_0430,ussd_s001529,2.2609,1.0603,-0.4448,0.2721,0
ussd_0268,ussd_s001530,-0.896,0.0269,-0.0551,0.0,0
ussd_0370,ussd_s001531,-0.4242,0.3424,-0.3301,0.6778,0
ussd_0036,ussd_s001532,-0.8324,1.5708,0.009,0.1846,0
ussd_0175,ussd_s001533,0.9232,1.8352,-0.4073,0.0,0
ussd_0203,ussd_s001534,0.6367,0.8867,-0.0347,0.0,0
ussd_0421,ussd_s001535,-0.5858,0.8376,-0.0654,0.0,0
ussd_0353,ussd_s001536,0.4449,0.3202,-0.5978,0.0,0
ussd_0362,ussd_s001537,-0.3461,1.7855,-0.3611,0.0,0
ussd_0412,ussd_s001538,4.1307,1.6705,3.6231,0.9811,1
ussd_0367,ussd_s001539,2.2501,0.3523,-0.0301,0.1755,0
ussd_0133,ussd_s001540,0.4705,1.262,0.951,0.531,0
ussd_0175,ussd_s001541,-0.3144,0.1492,-0.4073,0.0,0
ussd_0091,ussd_s001542,1.2133,1.1938,-0.1477,0.0,0
ussd_0287,ussd_s001543,-0.4627,0.9485,0.1089,0.0,0
ussd_0215,ussd_s001544,1.5253,0.234,0.6632,0.0,0
ussd_0415,ussd_s001545,6.5155,0.1817,7.7659,0.7433,1
ussd_0007,ussd_s001546,-0.3501,1.831,-0.4364,0.0,0
ussd_0025,ussd_s001547,-0.8951,0.8367,-0.2707,0.0,0
ussd_0274,ussd_s001548,-0.7604,0.3294,-0.5036,0.0,0
ussd_0386,ussd_s001549,-0.3007,0.6244,-0.047,0.5229,0
ussd_0308,ussd_s001550,-0.5198,1.3371,-0.0672,0.0,0
ussd_0169,ussd_s001551,0.5058,1.3129,-0.106,0.0,0
ussd_0088,ussd_s001552,-0.4256,0.6338,-0.0345,0.0,0
ussd_0006,ussd_s001553,-0.4912,0.1447,-0.0722,0.0,0
ussd_0223,ussd_s001554,-0.6414,0.0662,-0.0673,0.0,0
ussd_0355,ussd_s001555,-0.5274,1.1883,0.7608,0.0,0
ussd_0171,ussd_s001556,0.5856,0.981,-0.3682,0.0,0
ussd_0200,ussd_s001557,-0.8319,0.3968,1.1978,0.9146,0
ussd_0256,ussd_s001558,-0.2199,1.4256,1.1423,0.5648,0
ussd_0252,ussd_s001559,-0.3504,1.2263,-0.1521,0.0,0
ussd_0005,ussd_s001560,-0.7707,0.2157,0.544,0.0,0
ussd_0303,ussd_s001561,-0.2967,0.2461,-0.1899,0.8018,0
ussd_0154,ussd_s001562,-0.2077,1.7107,-0.5491,0.0,0
ussd_0339,ussd_s001563,-0.3554,1.1847,-0.0323,0.4612,0
ussd_0188,ussd_s001564,-0.7794,0.8358,-0.3934,0.0,0
ussd_0294,ussd_s001565,-0.8066,1.155,-0.1472,0.0,0
ussd_0360,ussd_s001566,-0.4724,0.5223,0.4068,0.0,0
ussd_0220,ussd_s001567,1.3615,1.0987,-0.1229,0.0,0
ussd_0172,ussd_s001568,-0.0218,0.314,-0.3459,0.9157,0
ussd_0007,ussd_s001569,-0.771,0.8347,-0.4364,0.0,0
ussd_0108,ussd_s001570,-0.7794,0.6709,-0.4641,0.4636,0
ussd_0206,ussd_s001571,0.385,1.0625,-0.0379,0.0,0
ussd_0185,ussd_s001572,1.2877,1.7741,-0.3021,0.0,0
ussd_0161,ussd_s001573,8.4836,0.4361,5.5754,0.6673,1
ussd_0213,ussd_s001574,0.0891,0.4063,-0.4046,0.0,0
ussd_0332,ussd_s001575,-0.132,0.199,-0.1385,0.0,0
ussd_0121,ussd_s001576,1.6156,1.0429,-0.6052,0.3602,0
ussd_0403,ussd_s001577,4.4365,1.9634,5.2728,0.6736,1
ussd_0299,ussd_s001578,0.4368,0.331,-0.2227,0.0,0
ussd_0083,ussd_s001579,-0.7884,0.0104,-0.3606,0.0,0
ussd_0125,ussd_s001580,0.0182,0.5615,-0.2354,0.0,0
ussd_0182,ussd_s001581,-0.7178,0.8082,0.9103,0.9517,0
ussd_0298,ussd_s001582,0.1106,0.278,-0.047,0.0,0
ussd_0238,ussd_s001583,-0.5502,1.0156,-0.1474,0.0,0
ussd_0310,ussd_s001584,7.4429,4.1524,1.8631,0.0,1
ussd_0064,ussd_s001585,-0.4685,0.6934,-0.3041,0.0,0
ussd_0218,ussd_s001586,0.1703,0.8427,-0.0704,0.6736,0
ussd_0007,ussd_s001587,4.8336,1.0086,-0.4364,0.0,0
ussd_0201,ussd_s001588,-0.3046,1.1822,0.9333,0.0,0
ussd_0202,ussd_s001589,-0.6526,0.9759,-0.0483,0.0,0
ussd_0007,ussd_s001590,-0.1701,0.0497,-0.4364,0.0,0
ussd_0446,ussd_s001591,0.3331,1.9553,1.508,0.0,0
ussd_0356,ussd_s001592,-0.8803,0.9726,-0.2873,0.9012,0
ussd_0069,ussd_s001593,-0.6436,1.1498,-0.251,0.8844,0
ussd_0178,ussd_s001594,10.6869,0.7558,3.2128,0.9089,1
ussd_0363,ussd_s001595,15.1685,0.2039,9.0191,0.9915,1
ussd_0164,ussd_s001596,-0.8363,1.4448,-0.4743,0.0,0
ussd_0431,ussd_s001597,-0.7156,0.3667,1.6834,0.0,0
ussd_0005,ussd_s001598,-0.644,0.1011,-0.4853,0.0,0
ussd_0278,ussd_s001599,11.2828,0.1561,3.6,0.9394,1
ussd_0399,ussd_s001600,29.3519,1.8481,1.9071,0.8052,1
ussd_0034,ussd_s001601,-0.7316,0.2355,-0.4028,0.1524,0
ussd_0173,ussd_s001602,-0.2545,1.7429,-0.0531,0.0,0
ussd_0232,ussd_s001603,1.6066,0.8668,2.38,0.0,1
ussd_0316,ussd_s001604,-0.8003,0.4851,-0.0791,0.0,0
ussd_0175,ussd_s001605,-0.2824,0.311,-0.4073,0.0,0
ussd_0088,ussd_s001606,3.8473,1.1801,-0.6782,0.0,0
ussd_0115,ussd_s001607,-0.8805,0.3917,-0.0045,0.5235,0
ussd_0045,ussd_s001608,0.5465,1.2498,-0.3986,0.7862,0
ussd_0447,ussd_s001609,0.43,0.1724,-0.4084,0.0,0
ussd_0114,ussd_s001610,0.5523,0.1239,-0.1616,0.6154,0
ussd_0042,ussd_s001611,10.3836,0.6786,4.2393,0.0,1
ussd_0076,ussd_s001612,-0.7014,1.0015,0.8264,0.0,0
ussd_0415,ussd_s001613,1.9127,0.8736,-0.2031,0.0,0
ussd_0186,ussd_s001614,5.3746,0.8014,0.7923,0.087,1
ussd_0022,ussd_s001615,-0.8265,0.4881,-0.2967,0.0,0
ussd_0208,ussd_s001616,-0.4848,1.5156,-0.518,0.5813,0
ussd_0382,ussd_s001617,-0.4335,0.0607,0.5387,0.0,0
ussd_0413,ussd_s001618,0.9679,0.5033,-0.4768,0.1418,0
ussd_0121,ussd_s001619,-0.7527,0.6321,0.1845,0.3602,0
ussd_0001,ussd_s001620,-0.2933,0.531,-0.2033,0.0,0
ussd_0200,ussd_s001621,-0.6322,1.7,-0.2674,0.9146,0
ussd_0393,ussd_s001622,0.2566,1.0362,0.3855,0.0,0
ussd_0208,ussd_s001623,-0.1828,0.0077,-0.518,0.5813,0
ussd_0049,ussd_s001624,-0.8099,0.3587,-0.1461,0.0,0
ussd_0165,ussd_s001625,-0.159,0.487,-0.2922,0.0,0
ussd_0197,ussd_s001626,-0.1048,0.7128,-0.3809,0.0,0
ussd_0295,ussd_s001627,0.1925,0.4623,-0.1366,0.0,0
ussd_0079,ussd_s001628,0.0155,1.0171,1.6851,0.0,0
ussd_0024,ussd_s001629,-0.885,0.4218,-0.042,0.9298,0
ussd_0348,ussd_s001630,-0.3176,0.1106,-0.2464,0.0,0
ussd_0006,ussd_s001631,-0.3834,0.2475,-0.0722,0.0,0
ussd_0116,ussd_s001632,-0.244,0.0118,-0.0357,0.0,0
ussd_0179,ussd_s001633,-0.4395,0.3115,0.4074,0.0,0
ussd_0061,ussd_s001634,-0.844,0.1611,-0.5219,0.8677,0
ussd_0194,ussd_s001635,1.5639,1.3412,1.5366,0.6378,0
ussd_0197,ussd_s001636,-0.7168,0.5554,0.8574,0.0,0
ussd_0068,ussd_s001637,-0.2545,0.4748,-0.0713,0.2031,0
ussd_0276,ussd_s001638,-0.5386,2.4012,-0.3862,0.0,0
ussd_0242,ussd_s001639,0.3777,0.3713,-0.3228,0.0,0
ussd_0405,ussd_s001640,-0.916,0.4277,-0.1595,0.0,0
ussd_0129,ussd_s001641,-0.1323,0.7159,-0.4407,0.9109,0
ussd_0159,ussd_s001642,-0.5922,1.108,-0.0377,0.0,0
ussd_0086,ussd_s001643,0.6707,1.0731,-0.554,0.5947,0
ussd_0348,ussd_s001644,-0.536,0.3388,-0.2464,0.0,0
ussd_0094,ussd_s001645,-0.4676,0.1752,1.3272,0.0,0
ussd_0248,ussd_s001646,0.9303,1.4749,-0.5853,0.0,0
ussd_0132,ussd_s001647,0.098,0.528,-0.2549,0.0,0
ussd_0180,ussd_s001648,-0.6881,0.5458,-0.2644,0.0,0
ussd_0032,ussd_s001649,-0.6612,0.8953,-0.1019,0.0,0
ussd_0268,ussd_s001650,-0.3671,0.2286,-0.0551,0.0,0
ussd_0328,ussd_s001651,0.805,0.4453,0.471,0.0,0
ussd_0072,ussd_s001652,-0.5284,1.8347,-0.0655,0.0,0
ussd_0169,ussd_s001653,-0.6529,1.3987,-0.106,0.0,0
ussd_0429,ussd_s001654,0.1217,1.0096,-0.1241,0.0,0
ussd_0083,ussd_s001655,-0.1351,0.1081,-0.3606,0.0,0
ussd_0209,ussd_s001656,0.3676,1.4162,-0.0474,0.0908,0
ussd_0050,ussd_s001657,-0.7281,0.6181,-0.6376,0.0,0
ussd_0183,ussd_s001658,-0.8388,0.4349,1.2829,0.0,0
ussd_0394,ussd_s001659,-0.7425,0.5126,-0.08,0.0,0
ussd_0381,ussd_s001660,-0.6664,1.1585,1.5414,0.0,0
ussd_0135,ussd_s001661,-0.1889,1.3613,-0.1157,0.0,0
ussd_0153,ussd_s001662,-0.5694,1.11,-0.2831,0.0,0
ussd_0187,ussd_s001663,-0.4583,0.287,-0.1047,0.822,0
ussd_0294,ussd_s001664,0.3008,2.0835,-0.1472,0.0,0
ussd_0228,ussd_s001665,-0.6451,0.5097,0.4009,0.0,0
ussd_0432,ussd_s001666,-0.5703,0.0958,-0.2825,0.0,0
ussd_0066,ussd_s001667,-0.7542,0.7502,-0.5095,0.515,0
ussd_0253,ussd_s001668,-0.614,0.8896,-0.1831,0.0,0
ussd_0218,ussd_s001669,-0.5556,0.5523,-0.0704,0.6736,0
ussd_0212,ussd_s001670,-0.3301,0.2588,-0.0421,0.0,0
ussd_0268,ussd_s001671,-0.4545,0.7227,-0.0551,0.0,0
ussd_0333,ussd_s001672,-0.6246,0.806,0.9369,0.0,0
ussd_0230,ussd_s001673,3.5699,0.4605,-0.32,0.0,0
ussd_0235,ussd_s001674,-0.5529,2.657,1.9696,0.0,0
ussd_0276,ussd_s001675,-0.0704,1.0812,-0.3862,0.0,0
ussd_0347,ussd_s001676,-0.248,1.3918,-0.3832,0.0,0
ussd_0163,ussd_s001677,-0.7325,0.0199,-0.1432,0.0,0
ussd_0025,ussd_s001678,-0.4129,2.0526,-0.2707,0.0,0
ussd_0165,ussd_s001679,-0.4054,0.2079,-0.2922,0.0,0
ussd_0241,ussd_s001680,4.5479,0.1566,0.6176,0.0,0
ussd_0028,ussd_s001681,-0.2769,1.0262,-0.5506,0.0,0
ussd_0431,ussd_s001682,-0.722,1.1041,-0.1055,0.0,0
ussd_0200,ussd_s001683,4.3103,0.2524,-0.2674,0.9146,0
ussd_0171,ussd_s001684,-0.13,0.5846,-0.3682,0.0,0
ussd_0393,ussd_s001685,-0.5314,0.8725,0.3855,0.0,0
ussd_0414,ussd_s001686,-0.8561,1.575,0.6156,0.8194,0
ussd_0088,ussd_s001687,5.0788,0.9145,1.2529,0.0,1
ussd_0051,ussd_s001688,-0.7402,0.5686,1.1091,0.0,0
ussd_0012,ussd_s001689,11.4429,1.1345,3.8381,0.9073,1
ussd_0061,ussd_s001690,-0.3234,1.4871,-0.5219,0.8677,0
ussd_0260,ussd_s001691,-0.2314,0.0822,0.7632,0.1622,0
ussd_0386,ussd_s001692,-0.2446,0.7079,-0.047,0.5229,0
ussd_0250,ussd_s001693,10.9751,0.5714,-0.5623,0.674,1
ussd_0025,ussd_s001694,-0.5302,0.979,-0.2707,0.0,0
ussd_0072,ussd_s001695,0.2042,0.665,-0.0655,0.0,0
ussd_0087,ussd_s001696,0.9228,0.506,-0.3481,0.0,0
ussd_0245,ussd_s001697,0.7304,1.8553,-0.2456,0.0,0
ussd_0272,ussd_s001698,-0.506,1.2461,0.9081,0.0,0
ussd_0075,ussd_s001699,-0.019,0.5409,-0.174,0.0,0
ussd_0104,ussd_s001700,10.6357,5.0883,3.8103,0.7642,1
ussd_0041,ussd_s001701,-0.7364,0.1702,-0.4636,0.0,0
ussd_0350,ussd_s001702,-0.6448,0.1767,-0.2522,0.0,0
ussd_0359,ussd_s001703,0.6042,1.4854,-0.1252,0.0,0
ussd_0325,ussd_s001704,0.929,0.0425,-0.1796,0.0,0
ussd_0241,ussd_s001705,-0.5989,1.5374,-0.4608,0.0,0
ussd_0362,ussd_s001706,1.7585,1.9897,-0.3611,0.0,0
ussd_0363,ussd_s001707,-0.0706,0.4518,-0.0892,0.9519,0
ussd_0352,ussd_s001708,0.8164,1.2183,0.0202,0.0,0
ussd_0133,ussd_s001709,0.5777,1.6752,0.951,0.531,0
ussd_0169,ussd_s001710,8.4841,0.4578,-0.702,0.0,0
ussd_0340,ussd_s001711,-0.1957,1.977,0.3255,0.0,0
ussd_0212,ussd_s001712,0.2227,0.4565,-0.0421,0.0,0
ussd_0364,ussd_s001713,1.8771,0.8408,-0.4906,0.0,0
ussd_0324,ussd_s001714,0.9351,1.1039,1.1774,0.0,0
ussd_0171,ussd_s001715,0.8114,0.4269,-0.3682,0.0,0
ussd_0428,ussd_s001716,-0.3244,1.4168,-0.204,0.0,0
ussd_0075,ussd_s001717,-0.4255,1.7491,1.478,0.0,0
ussd_0340,ussd_s001718,-0.4092,0.1567,-0.2047,0.0,0
ussd_0094,ussd_s001719,-0.7658,0.5457,-0.2243,0.0,0
ussd_0038,ussd_s001720,4.0342,0.9646,0.6539,0.0823,0
ussd_0079,ussd_s001721,5.9409,1.1689,5.9812,0.0,1
ussd_0358,ussd_s001722,-0.6098,0.2031,1.6517,0.0,0
ussd_0114,ussd_s001723,0.2542,0.013,-0.1616,0.6154,0
ussd_0440,ussd_s001724,9.1446,1.4532,7.7888,0.8268,1
ussd_0140,ussd_s001725,0.0968,0.4743,-0.1488,0.0,0
ussd_0043,ussd_s001726,-0.9109,0.5133,-0.5039,0.0,0
ussd_0365,ussd_s001727,-0.6962,0.6564,-0.0713,0.0,0
ussd_0384,ussd_s001728,12.254,0.201,0.6801,0.8505,0
ussd_0442,ussd_s001729,-0.7523,0.644,-0.17,0.0,0
ussd_0360,ussd_s001730,0.1561,0.7806,-0.5311,0.0,0
ussd_0080,ussd_s001731,-0.5857,0.6763,-0.3273,0.0,0
ussd_0409,ussd_s001732,-0.6979,1.8071,-0.2406,0.0,0
ussd_0007,ussd_s001733,-0.3114,1.1736,-0.4364,0.0,0
ussd_0175,ussd_s001734,-0.6302,1.4134,-0.4073,0.0,0
ussd_0032,ussd_s001735,1.3581,1.0992,-0.1019,0.0,0
ussd_0146,ussd_s001736,0.5913,0.7987,-0.1106,0.0,0
ussd_0408,ussd_s001737,-0.1841,0.9904,-0.5987,0.0,0
ussd_0032,ussd_s001738,0.5289,0.0068,-0.1019,0.0,0
ussd_0247,ussd_s001739,0.9164,0.9835,-0.4155,0.5439,0
ussd_0073,ussd_s001740,-0.709,0.5288,0.8305,0.0,0
ussd_0310,ussd_s001741,0.2164,0.0627,-0.0456,0.0,0
ussd_0098,ussd_s001742,-0.7678,0.0733,-0.1481,0.0,0
ussd_0377,ussd_s001743,-0.5366,0.3683,-0.4784,0.0,0
ussd_0439,ussd_s001744,-0.2246,0.6305,0.849,0.5928,0
ussd_0201,ussd_s001745,-0.8457,0.8474,-0.3556,0.0,0
ussd_0278,ussd_s001746,-0.6139,0.4796,-0.4889,0.0,0
ussd_0174,ussd_s001747,-0.0427,0.2392,-0.0646,0.8039,0
ussd_0040,ussd_s001748,-0.7254,0.6708,-0.6524,0.0,0
ussd_0245,ussd_s001749,-0.4574,0.3586,-0.2456,0.0,0
ussd_0074,ussd_s001750,1.2788,1.176,-0.6179,0.0,0
ussd_0401,ussd_s001751,2.3348,1.1188,-0.7121,0.0,0
ussd_0122,ussd_s001752,-0.5448,0.4501,-0.1654,0.0,0
ussd_0017,ussd_s001753,-0.5759,1.2075,-0.1648,0.0,0
ussd_0312,ussd_s001754,-0.809,0.5671,-0.1891,0.0,0
ussd_0446,ussd_s001755,0.2737,2.0182,-0.164,0.0,0
ussd_0120,ussd_s001756,-0.3777,1.9126,-0.2178,0.0,0
ussd_0241,ussd_s001757,0.3414,0.5632,-0.4608,0.0,0
ussd_0145,ussd_s001758,-0.779,1.0691,-0.6561,0.6273,0
ussd_0143,ussd_s001759,-0.3902,1.0546,-0.6482,0.0,0
ussd_0445,ussd_s001760,1.1938,1.5366,1.2754,0.0,0
ussd_0363,ussd_s001761,0.4074,1.5033,-0.0892,0.9519,0
ussd_0335,ussd_s001762,-0.0683,0.5398,1.5418,0.0,0
ussd_0214,ussd_s001763,0.267,0.3219,-0.5404,0.663,0
ussd_0235,ussd_s001764,-0.9477,0.7692,0.7818,0.0,0
ussd_0261,ussd_s001765,2.1507,1.6022,0.8232,0.0,0
ussd_0355,ussd_s001766,-0.0289,0.861,-0.4131,0.0,0
ussd_0160,ussd_s001767,-0.8363,0.7463,0.3489,0.879,0
ussd_0001,ussd_s001768,-0.5725,1.6945,-0.2033,0.0,0
ussd_0054,ussd_s001769,-0.5477,0.7158,-0.1483,0.5714,0
ussd_0183,ussd_s001770,-0.8899,0.0642,-0.239,0.0,0
ussd_0256,ussd_s001771,-0.1205,0.8044,1.1423,0.5648,0
ussd_0166,ussd_s001772,-0.1288,0.0885,-0.3327,0.0,0
ussd_0212,ussd_s001773,-0.5844,0.3384,-0.0421,0.0,0
ussd_0321,ussd_s001774,-0.4476,1.0891,-0.019,0.0,0
ussd_0328,ussd_s001775,5.0659,1.1788,0.471,0.0,0
ussd_0271,ussd_s001776,-0.4883,0.6979,-0.1323,0.6586,0
ussd_0183,ussd_s001777,-0.1197,0.879,1.2829,0.0,0
ussd_0405,ussd_s001778,-0.5606,0.3822,-0.1595,0.0,0
ussd_0189,ussd_s001779,6.543,0.0708,0.6389,0.0,0
ussd_0243,ussd_s001780,-0.0039,0.7092,-0.0974,0.0,0
ussd_0004,ussd_s001781,6.2216,0.2804,2.1232,0.0,1
ussd_0215,ussd_s001782,-0.8468,0.6155,0.6632,0.0,0
ussd_0229,ussd_s001783,-0.4798,0.5148,-0.2275,0.582,0
ussd_0061,ussd_s001784,-0.5054,0.4614,0.4344,0.8677,0
ussd_0028,ussd_s001785,-0.5645,1.1422,-0.5506,0.0,0
ussd_0113,ussd_s001786,-0.272,0.2023,1.037,0.0,0
ussd_0050,ussd_s001787,-0.4959,1.0586,0.0871,0.0,0
ussd_0185,ussd_s001788,5.289,2.3939,3.8852,0.7337,1
ussd_0006,ussd_s001789,-0.2811,0.8361,-0.0722,0.0,0
ussd_0244,ussd_s001790,-0.3927,0.2734,0.0703,0.68,0
ussd_0269,ussd_s001791,-0.6854,0.2419,-0.0395,0.0,0
ussd_0277,ussd_s001792,-0.129,0.3206,-0.6207,0.9062,0
ussd_0296,ussd_s001793,-0.7012,0.4497,-0.4848,0.0,0
ussd_0268,ussd_s001794,0.6441,2.5687,-0.0551,0.0,0
ussd_0030,ussd_s001795,-0.5284,0.7569,-0.2503,0.0,0
ussd_0235,ussd_s001796,-0.3506,0.3195,1.9696,0.0,0
ussd_0421,ussd_s001797,-0.1475,0.8832,-0.0654,0.0,0
ussd_0309,ussd_s001798,-0.2782,2.1239,-0.1466,0.0,0
ussd_0000,ussd_s001799,-0.0686,0.4397,-0.5575,0.3567,0
ussd_0141,ussd_s001800,-0.4142,0.3625,-0.5973,0.4236,0
ussd_0313,ussd_s001801,-0.589,0.5161,-0.0473,0.0,0
ussd_0142,ussd_s001802,0.0993,0.7289,-0.4466,0.0,0
ussd_0126,ussd_s001803,-0.2003,0.7971,-0.1537,0.4802,0
ussd_0415,ussd_s001804,-0.6757,0.2603,-0.2031,0.0,0
ussd_0050,ussd_s001805,-0.3538,1.5426,0.0871,0.0,0
ussd_0372,ussd_s001806,-0.8146,0.3535,-0.3382,0.0,0
ussd_0409,ussd_s001807,0.5387,1.0322,-0.2406,0.0,0
ussd_0423,ussd_s001808,0.5455,1.1104,-0.82,0.0,0
ussd_0218,ussd_s001809,-0.7284,1.0698,-0.0704,0.6736,0
ussd_0324,ussd_s001810,6.8349,4.8023,5.5322,0.7263,1
ussd_0060,ussd_s001811,-0.4027,0.9695,1.1271,0.0,0
ussd_0269,ussd_s001812,-0.8111,1.4512,-0.0395,0.0,0
ussd_0133,ussd_s001813,0.3647,0.5117,-0.3497,0.531,0
ussd_0377,ussd_s001814,-0.2632,1.3236,-0.4784,0.0,0
ussd_0125,ussd_s001815,-0.6444,1.2602,-0.2354,0.0,0
ussd_0231,ussd_s001816,-0.4907,0.202,0.0238,0.0,0
ussd_0083,ussd_s001817,2.8428,0.9114,-0.3606,0.0,0
ussd_0120,ussd_s001818,9.2776,0.8921,-0.2178,0.0,0
ussd_0128,ussd_s001819,-0.7368,1.1673,-0.0275,0.0,0
ussd_0362,ussd_s001820,-0.9291,0.9653,-0.3611,0.0,0
ussd_0132,ussd_s001821,-0.6072,0.0822,-0.2549,0.0,0
ussd_0172,ussd_s001822,-0.5119,0.9791,-0.3459,0.9157,0
ussd_0219,ussd_s001823,-0.531,0.275,-0.4967,0.0,0
ussd_0001,ussd_s001824,-0.7666,0.1147,-0.2033,0.0,0
ussd_0026,ussd_s001825,-0.4516,0.1482,-0.3359,0.0,0
ussd_0292,ussd_s001826,0.5816,0.7353,-0.3993,0.0,0
ussd_0206,ussd_s001827,-0.0446,2.1731,-0.0379,0.0,0
ussd_0101,ussd_s001828,1.6925,1.2041,-0.3326,0.0,0
ussd_0031,ussd_s001829,-0.5951,1.086,-0.4503,0.0,0
ussd_0299,ussd_s001830,-0.6125,0.27,-0.2227,0.0,0
ussd_0277,ussd_s001831,-0.7695,1.2716,-0.6207,0.9062,0
ussd_0043,ussd_s001832,1.0709,0.4855,0.4883,0.0,0
ussd_0280,ussd_s001833,-0.5723,0.9294,-0.2533,0.0,0
ussd_0332,ussd_s001834,0.3217,0.0669,-0.1385,0.0,0
ussd_0155,ussd_s001835,-0.6739,0.1316,-0.507,0.0,0
ussd_0124,ussd_s001836,-0.3645,0.7868,0.671,0.0,0
ussd_0191,ussd_s001837,-0.9274,1.3194,3.5535,0.0,0
ussd_0112,ussd_s001838,-0.4605,0.314,0.1413,0.7593,0
ussd_0167,ussd_s001839,1.3708,1.3732,0.1459,0.0,0
ussd_0402,ussd_s001840,1.1057,0.6135,1.4576,0.9386,0
ussd_0413,ussd_s001841,-0.3764,0.1291,0.5695,0.1418,0
ussd_0366,ussd_s001842,-0.4923,0.2667,-0.2035,0.0,0
ussd_0230,ussd_s001843,-0.0511,0.4851,-0.32,0.0,0
ussd_0278,ussd_s001844,-0.7802,0.761,0.5333,0.0,0
ussd_0217,ussd_s001845,0.5717,1.4608,-0.4684,0.0,0
ussd_0049,ussd_s001846,-0.1518,0.7104,0.4231,0.0,0
ussd_0108,ussd_s001847,-0.5645,0.2508,-0.4641,0.4636,0
ussd_0025,ussd_s001848,-0.2173,0.731,-0.2707,0.0,0
ussd_0140,ussd_s001849,-0.7715,0.6507,-0.1488,0.0,0
ussd_0034,ussd_s001850,-0.6642,1.061,1.9861,0.1524,0
ussd_0133,ussd_s001851,-0.472,0.0486,-0.3497,0.531,0
ussd_0132,ussd_s001852,-0.7826,1.8364,1.2353,0.0,0
ussd_0060,ussd_s001853,-0.6926,1.9229,-0.5746,0.0,0
ussd_0183,ussd_s001854,-0.2056,0.465,-0.239,0.0,0
ussd_0343,ussd_s001855,-0.57,0.5477,-0.1302,0.0,0
ussd_0440,ussd_s001856,-0.8766,0.28,-0.201,0.0,0
ussd_0130,ussd_s001857,1.5164,0.0159,0.5701,0.0,0
ussd_0186,ussd_s001858,-0.6664,1.5026,0.7923,0.087,0
ussd_0134,ussd_s001859,-0.6872,0.5711,0.2647,0.0,0
ussd_0171,ussd_s001860,0.1589,0.1348,-0.3682,0.0,0
ussd_0240,ussd_s001861,-0.8522,0.8956,-0.234,0.0,0
ussd_0017,ussd_s001862,-0.6807,0.4466,-0.1648,0.0,0
ussd_0026,ussd_s001863,-0.5755,1.1865,0.9924,0.0,0
ussd_0150,ussd_s001864,-0.0096,1.0738,-0.0428,0.0,0
ussd_0033,ussd_s001865,-0.032,1.8806,-0.1989,0.0,0
ussd_0196,ussd_s001866,2.1486,0.7761,-0.4157,0.4478,0
ussd_0281,ussd_s001867,-0.6329,0.2285,1.0345,0.0,0
ussd_0054,ussd_s001868,7.5515,0.7398,8.3682,0.5714,1
ussd_0318,ussd_s001869,-0.5324,1.6972,-0.2747,0.5436,0
ussd_0054,ussd_s001870,2.9004,1.426,-0.1483,0.5714,0
ussd_0194,ussd_s001871,-0.8575,1.4914,-0.4927,0.6378,0
ussd_0019,ussd_s001872,-0.5565,1.3235,0.1927,0.8868,0
ussd_0135,ussd_s001873,0.2497,0.3619,-0.1157,0.0,0
ussd_0149,ussd_s001874,-0.1766,0.4717,-0.2069,0.0,0
ussd_0443,ussd_s001875,-0.7588,1.0399,-0.2465,0.0,0
ussd_0411,ussd_s001876,-0.8055,0.9818,-0.0558,0.0,0
ussd_0234,ussd_s001877,-0.5901,0.3516,-0.2617,0.0,0
ussd_0247,ussd_s001878,-0.7134,1.3198,-0.4155,0.5439,0
ussd_0142,ussd_s001879,0.6382,0.9553,0.6601,0.0,0
ussd_0095,ussd_s001880,-0.8577,0.019,0.8722,0.0,0
ussd_0355,ussd_s001881,-0.6254,0.499,0.7608,0.0,0
ussd_0446,ussd_s001882,-0.644,0.2,-0.164,0.0,0
ussd_0208,ussd_s001883,10.5928,1.0633,2.3743,0.8756,1
ussd_0238,ussd_s001884,0.1958,1.0726,-0.1474,0.0,0
ussd_0017,ussd_s001885,-0.4705,1.4462,-0.1648,0.0,0
ussd_0208,ussd_s001886,0.5457,0.4665,-0.518,0.5813,0
ussd_0066,ussd_s001887,-0.877,0.0158,-0.5095,0.515,0
ussd_0206,ussd_s001888,-0.2906,1.4936,-0.0379,0.0,0
ussd_0104,ussd_s001889,-0.5974,0.5198,-0.0379,0.0,0
ussd_0009,ussd_s001890,-0.5772,0.2887,-0.3849,0.8032,0
ussd_0165,ussd_s001891,0.7996,0.6745,-0.2922,0.0,0
ussd_0428,ussd_s001892,-0.5313,2.3934,1.3881,0.0,0
ussd_0240,ussd_s001893,4.2159,1.0755,-0.234,0.0,0
ussd_0103,ussd_s001894,-0.5456,0.771,1.0624,0.0,0
ussd_0105,ussd_s001895,1.0166,0.5055,0.0454,0.8648,0
ussd_0445,ussd_s001896,-0.4787,1.0304,-0.5449,0.0,0
ussd_0063,ussd_s001897,-0.5922,0.6257,-0.1743,0.0,0
ussd_0286,ussd_s001898,-0.1356,0.545,-0.4126,0.0,0
ussd_0382,ussd_s001899,0.1487,0.0906,-0.4871,0.0,0
ussd_0244,ussd_s001900,-0.354,0.0144,0.0703,0.68,0
ussd_0335,ussd_s001901,-0.6245,0.3273,-0.1527,0.0,0
ussd_0421,ussd_s001902,-0.8304,1.3647,-0.0654,0.0,0
ussd_0327,ussd_s001903,-0.4035,0.4154,1.5295,0.0,0
ussd_0262,ussd_s001904,-0.7149,0.9088,-0.0514,0.0,0
ussd_0055,ussd_s001905,-0.1808,0.5632,-0.2393,0.6067,0
ussd_0062,ussd_s001906,-0.4669,1.7697,0.204,0.0,0
ussd_0247,ussd_s001907,-0.7948,0.1638,-0.4155,0.5439,0
ussd_0410,ussd_s001908,-0.116,2.5916,-0.0424,0.0,0
ussd_0333,ussd_s001909,-0.6152,0.6487,-0.3544,0.0,0
ussd_0396,ussd_s001910,-0.2552,0.2488,-0.2678,0.0,0
ussd_0389,ussd_s001911,-0.2336,1.3199,0.937,0.7365,0
ussd_0038,ussd_s001912,-0.7127,0.1844,-0.4487,0.0823,0
ussd_0433,ussd_s001913,-0.1373,0.5522,0.1039,0.0,0
ussd_0303,ussd_s001914,-0.0987,1.7294,-0.1899,0.8018,0
ussd_0235,ussd_s001915,0.591,0.1722,-0.4061,0.0,0
ussd_0044,ussd_s001916,-0.3344,1.0412,0.0809,0.8935,0
ussd_0287,ussd_s001917,-0.6436,1.0555,0.1089,0.0,0
ussd_0033,ussd_s001918,1.5917,0.7334,-0.1989,0.0,0
ussd_0348,ussd_s001919,0.0048,0.1596,-0.2464,0.0,0
ussd_0136,ussd_s001920,-0.4,0.0361,-0.6764,0.2943,0
ussd_0233,ussd_s001921,14.7383,0.5492,8.7869,0.7872,1
ussd_0250,ussd_s001922,-0.5244,0.959,-0.5623,0.6003,0
ussd_0390,ussd_s001923,-0.6755,0.5262,-0.6056,0.0,0
ussd_0088,ussd_s001924,3.7464,1.2433,-0.0345,0.0,0
ussd_0395,ussd_s001925,-0.6416,0.9321,-0.4302,0.0,0
ussd_0448,ussd_s001926,1.0316,0.5478,-0.2068,0.0,0
ussd_0077,ussd_s001927,2.3419,0.9069,-0.0916,0.0,0
ussd_0358,ussd_s001928,-0.5449,1.4336,-0.1161,0.0,0
ussd_0316,ussd_s001929,-0.6444,1.4004,-0.0791,0.0,0
ussd_0244,ussd_s001930,-0.6614,1.7562,-0.6432,0.68,0
ussd_0099,ussd_s001931,0.776,0.2602,-0.0273,0.0,0
ussd_0432,ussd_s001932,6.1817,0.6978,2.5876,0.9706,1
ussd_0081,ussd_s001933,-0.5775,0.2763,0.6229,0.0,0
ussd_0125,ussd_s001934,-0.4632,0.0339,-0.2354,0.0,0
ussd_0389,ussd_s001935,-0.2334,0.5161,-0.3543,0.7365,0
ussd_0243,ussd_s001936,-0.6389,0.5889,-0.0974,0.0,0
ussd_0118,ussd_s001937,0.4638,0.4896,0.8048,0.0,0
ussd_0396,ussd_s001938,-0.6706,1.1296,-0.2678,0.0,0
ussd_0281,ussd_s001939,0.3548,0.6549,2.3909,0.0,0
ussd_0142,ussd_s001940,-0.4553,0.0387,0.6601,0.0,0
ussd_0346,ussd_s001941,-0.3649,0.0913,-0.4477,0.0,0
ussd_0206,ussd_s001942,0.0636,0.2413,-0.0379,0.0,0
ussd_0303,ussd_s001943,0.4721,1.303,-0.1899,0.8018,0
ussd_0009,ussd_s001944,-0.5831,0.8595,-0.3849,0.8032,0
ussd_0175,ussd_s001945,-0.6902,0.3504,-0.4073,0.0,0
ussd_0150,ussd_s001946,-0.6892,0.026,-0.0428,0.0,0
ussd_0205,ussd_s001947,-0.8594,1.2914,-0.178,0.9936,0
ussd_0362,ussd_s001948,0.0799,1.0765,0.9167,0.0,0
ussd_0285,ussd_s001949,11.8944,5.452,1.7082,0.7787,1
ussd_0176,ussd_s001950,10.7812,5.2889,12.6613,0.9566,1
ussd_0172,ussd_s001951,10.4781,0.0773,8.8121,0.7125,1
ussd_0365,ussd_s001952,-0.7143,0.7873,-0.0713,0.0,0
ussd_0250,ussd_s001953,0.2103,0.0632,-0.5623,0.6003,0
ussd_0174,ussd_s001954,-0.8068,0.4801,-0.0646,0.8039,0
ussd_0053,ussd_s001955,-0.6864,0.3232,-0.4112,0.0,0
ussd_0282,ussd_s001956,-0.0873,0.2197,-0.4859,0.0,0
ussd_0215,ussd_s001957,-0.1789,0.4652,-0.4456,0.0,0
ussd_0201,ussd_s001958,-0.3476,0.2406,-0.3556,0.0,0
ussd_0191,ussd_s001959,0.9913,1.1387,-0.3495,0.0,0
ussd_0398,ussd_s001960,0.103,0.3185,-0.3386,0.0,0
ussd_0446,ussd_s001961,-0.7887,0.1958,-0.164,0.0,0
ussd_0021,ussd_s001962,0.0801,0.7138,0.7586,0.0,0
ussd_0283,ussd_s001963,2.3856,0.0809,5.7406,0.0953,1
ussd_0341,ussd_s001964,3.8492,1.2344,0.6838,0.0,0
ussd_0166,ussd_s001965,-0.3552,0.3146,-0.3327,0.0,0
ussd_0152,ussd_s001966,4.7101,1.5128,1.1958,0.9319,1
ussd_0024,ussd_s001967,-0.7267,0.7157,-0.042,0.9298,0
ussd_0404,ussd_s001968,-0.8037,0.673,0.4405,0.5724,0
ussd_0279,ussd_s001969,-0.6916,0.5608,-0.3304,0.0,0
ussd_0007,ussd_s001970,0.912,0.1137,0.6908,0.0,0
ussd_0359,ussd_s001971,-0.761,0.3936,-0.7084,0.0,0
ussd_0330,ussd_s001972,-0.1275,0.0414,-0.3973,0.0,0
ussd_0405,ussd_s001973,-0.3766,1.0195,-0.1595,0.0,0
ussd_0135,ussd_s001974,-0.409,0.5506,-0.1157,0.0,0
ussd_0444,ussd_s001975,-0.1988,0.4915,-0.356,0.0,0
ussd_0059,ussd_s001976,-0.5731,2.2016,-0.3921,0.0,0
ussd_0236,ussd_s001977,-0.3358,0.1887,1.1324,0.5753,0
ussd_0139,ussd_s001978,-0.2942,1.0146,1.1692,0.8304,0
ussd_0209,ussd_s001979,2.6068,1.9902,-0.0474,0.0908,0
ussd_0207,ussd_s001980,-0.659,2.3158,-0.1689,0.2923,0
ussd_0223,ussd_s001981,0.0103,0.7689,-0.0673,0.0,0
ussd_0079,ussd_s001982,-0.5353,0.9512,0.611,0.0,0
ussd_0017,ussd_s001983,0.8196,0.3326,-0.1648,0.0,0
ussd_0419,ussd_s001984,1.099,0.0888,3.3748,0.0,0
ussd_0285,ussd_s001985,-0.539,0.5803,-0.6131,0.0,0
ussd_0320,ussd_s001986,-0.8753,0.0791,3.6599,0.0802,0
ussd_0066,ussd_s001987,1.6354,0.4101,-0.5095,0.515,0
ussd_0191,ussd_s001988,10.2276,0.2257,4.8545,0.0,1
ussd_0268,ussd_s001989,-0.2252,0.6653,-0.0551,0.0,0
ussd_0093,ussd_s001990,-0.4501,2.5569,-0.1136,0.7111,0
ussd_0373,ussd_s001991,-0.4954,1.1837,-0.4251,0.0,0
ussd_0103,ussd_s001992,0.231,0.64,-0.3125,0.0,0
ussd_0443,ussd_s001993,1.6011,1.1819,-0.2465,0.0,0
ussd_0032,ussd_s001994,-0.8482,0.1603,-0.1019,0.0,0
ussd_0400,ussd_s001995,-0.0322,0.556,-0.3969,0.0,0
ussd_0063,ussd_s001996,-0.1,0.2045,-0.1743,0.0,0
ussd_0335,ussd_s001997,-0.6507,0.5219,-0.1527,0.0,0
ussd_0271,ussd_s001998,0.6658,1.1094,1.603,0.6586,0
ussd_0035,ussd_s001999,-0.0257,0.0814,-0.4045,0.0,0
ussd_0354,ussd_s002000,0.5196,2.8823,0.8583,0.0,0
ussd_0144,ussd_s002001,0.0226,0.4453,-0.2019,0.7224,0
ussd_0072,ussd_s002002,-0.8867,1.0427,-0.0655,0.0,0
ussd_0327,ussd_s002003,-0.2374,0.6405,-0.4941,0.0,0
ussd_0375,ussd_s002004,-0.5181,0.2514,-0.2101,0.5622,0
ussd_0304,ussd_s002005,-0.2686,1.2582,-0.2978,0.0,0
ussd_0142,ussd_s002006,-0.5687,1.6559,-0.4466,0.0,0
ussd_0387,ussd_s002007,-0.4619,1.2163,-0.3918,0.0,0
ussd_0209,ussd_s002008,7.6494,0.0321,7.5735,0.7966,1
ussd_0195,ussd_s002009,6.0876,1.0706,1.1583,0.0,0
ussd_0188,ussd_s002010,0.8993,0.2886,0.8198,0.0,0
ussd_0424,ussd_s002011,4.0596,0.898,-0.3623,0.1979,0
ussd_0060,ussd_s002012,-0.4388,0.2495,0.2763,0.0,0
ussd_0275,ussd_s002013,-0.5591,1.0835,0.1651,0.787,0
ussd_0343,ussd_s002014,-0.3565,0.426,1.6094,0.0,0
ussd_0439,ussd_s002015,-0.8049,0.9709,-0.3837,0.5928,0
ussd_0158,ussd_s002016,0.0698,0.2293,-0.162,0.9214,0
ussd_0436,ussd_s002017,-0.1286,1.1991,-0.3421,0.0,0
ussd_0081,ussd_s002018,0.0416,0.895,-0.0262,0.0,0
ussd_0241,ussd_s002019,1.2297,1.2225,-0.4608,0.0,0
ussd_0342,ussd_s002020,-0.6572,0.58,0.7652,0.0,0
ussd_0367,ussd_s002021,-0.6777,1.1112,-0.0301,0.1755,0
ussd_0074,ussd_s002022,0.2062,0.8859,0.1464,0.0,0
ussd_0005,ussd_s002023,0.8204,0.3852,-0.4853,0.0,0
ussd_0201,ussd_s002024,0.9528,0.0568,-0.3556,0.0,0
ussd_0387,ussd_s002025,-0.3142,0.5262,-0.3918,0.0,0
ussd_0288,ussd_s002026,0.0035,0.3223,-0.1842,0.0,0
ussd_0180,ussd_s002027,-0.8815,0.2735,-0.2644,0.0,0
ussd_0102,ussd_s002028,-0.4762,0.2209,-0.2764,0.0,0
ussd_0078,ussd_s002029,0.33,0.2045,-0.6109,0.0,0
ussd_0327,ussd_s002030,0.0315,1.823,-0.4941,0.0,0
ussd_0304,ussd_s002031,0.2034,0.5161,-0.2978,0.0,0
ussd_0125,ussd_s002032,-0.5778,0.8378,-0.2354,0.0,0
ussd_0314,ussd_s002033,-0.7525,0.5294,-0.2413,0.9397,0
ussd_0055,ussd_s002034,-0.7733,0.0247,-0.2393,0.6067,0
ussd_0237,ussd_s002035,4.4399,0.6354,-0.3433,0.0,0
ussd_0230,ussd_s002036,12.9736,0.8307,10.5592,0.0,1
ussd_0407,ussd_s002037,0.046,0.343,-0.6884,0.0,0
ussd_0263,ussd_s002038,-0.6567,0.4283,-0.1377,0.0,0
ussd_0170,ussd_s002039,-0.6583,0.0362,1.0968,0.0,0
ussd_0098,ussd_s002040,11.9324,0.4003,-0.1481,0.0,0
ussd_0147,ussd_s002041,0.5025,0.8451,0.3435,0.0,0
ussd_0104,ussd_s002042,-0.0331,0.3003,-0.0379,0.0,0
ussd_0330,ussd_s002043,-0.1323,0.3179,0.8081,0.0,0
ussd_0223,ussd_s002044,1.9262,0.4068,-0.0673,0.0,0
ussd_0362,ussd_s002045,0.197,0.4997,-0.3611,0.0,0
ussd_0134,ussd_s002046,0.6158,1.1272,0.2647,0.0,0
ussd_0022,ussd_s002047,-0.9051,0.5433,1.11,0.0,0
ussd_0117,ussd_s002048,0.2092,1.175,-0.1106,0.0,0
ussd_0404,ussd_s002049,-0.7655,0.7546,-0.5198,0.5724,0
ussd_0235,ussd_s002050,-0.7924,1.2131,-0.4061,0.0,0
ussd_0403,ussd_s002051,-0.1446,0.9184,-0.303,0.0,0
ussd_0424,ussd_s002052,0.0246,1.0739,-0.3623,0.1979,0
ussd_0409,ussd_s002053,0.3134,0.4827,-0.2406,0.0,0
ussd_0019,ussd_s002054,-0.3044,0.2296,0.9878,0.8868,0
ussd_0324,ussd_s002055,-0.3628,0.1052,1.1774,0.0,0
ussd_0287,ussd_s002056,-0.5728,0.8733,-0.6304,0.0,0
ussd_0432,ussd_s002057,-0.2095,0.7015,-0.2825,0.0,0
ussd_0355,ussd_s002058,0.5345,0.3562,-0.4131,0.0,0
ussd_0226,ussd_s002059,0.4744,1.2145,-0.425,0.0,0
ussd_0418,ussd_s002060,2.9158,1.3563,0.5295,0.0,0
ussd_0326,ussd_s002061,-0.8226,1.0328,-0.0673,0.0957,0
ussd_0046,ussd_s002062,1.1963,0.4397,0.6951,0.0,0
ussd_0357,ussd_s002063,0.4353,0.5411,-0.2504,0.0,0
ussd_0351,ussd_s002064,-0.2421,1.9413,-0.3952,0.0222,0
ussd_0199,ussd_s002065,-0.7296,0.3279,-0.1795,0.0,0
ussd_0031,ussd_s002066,1.6583,0.3468,-0.4503,0.0,0
ussd_0376,ussd_s002067,0.7733,0.8863,-0.5201,0.0143,0
ussd_0060,ussd_s002068,-0.3409,0.1703,0.2763,0.0,0
ussd_0255,ussd_s002069,-0.1407,0.7047,1.0087,0.0,0
ussd_0144,ussd_s002070,-0.0587,0.434,-0.734,0.7224,0
ussd_0281,ussd_s002071,-0.6333,1.3747,1.0345,0.0,0
ussd_0165,ussd_s002072,1.134,0.67,-0.2922,0.0,0
ussd_0022,ussd_s002073,-0.2954,1.4644,2.5167,0.0,0
ussd_0170,ussd_s002074,1.5412,0.2906,1.0968,0.0,0
ussd_0115,ussd_s002075,-0.4101,0.0743,0.6591,0.5235,0
ussd_0050,ussd_s002076,-0.7717,0.6874,0.0871,0.0,0
ussd_0064,ussd_s002077,-0.4054,0.9528,-0.3041,0.0,0
ussd_0102,ussd_s002078,-0.2595,0.6605,-0.2764,0.0,0
ussd_0192,ussd_s002079,0.638,1.3556,-0.4069,0.8179,0
ussd_0368,ussd_s002080,0.6335,0.3206,-0.0781,0.0,0
ussd_0191,ussd_s002081,-0.3562,0.0414,-0.3495,0.0,0
ussd_0289,ussd_s002082,2.7983,0.8345,-0.2531,0.9908,0
ussd_0395,ussd_s002083,-0.7244,2.9342,-0.4302,0.0,0
ussd_0440,ussd_s002084,-0.8993,1.0436,-0.201,0.0,0
ussd_0030,ussd_s002085,-0.8015,0.2037,-0.2503,0.0,0
ussd_0234,ussd_s002086,-0.5713,2.3307,-0.2617,0.0,0
ussd_0009,ussd_s002087,-0.0875,1.4803,-0.3849,0.8032,0
ussd_0393,ussd_s002088,0.1642,0.9132,-0.5382,0.0,0
ussd_0233,ussd_s002089,-0.5577,0.1784,2.7642,0.7872,0
ussd_0427,ussd_s002090,3.8117,1.3756,-0.0144,0.8555,0
ussd_0258,ussd_s002091,-0.9116,0.434,-0.0176,0.0,0
ussd_0155,ussd_s002092,-0.2114,0.7957,-0.507,0.0,0
ussd_0098,ussd_s002093,-0.1749,1.581,-0.1481,0.0,0
ussd_0379,ussd_s002094,-0.2074,1.0355,-0.5394,0.0,0
ussd_0117,ussd_s002095,0.6543,0.4874,-0.1106,0.0,0
ussd_0194,ussd_s002096,-0.2017,1.1198,-0.4927,0.6378,0
ussd_0020,ussd_s002097,-0.3384,0.4308,1.2027,0.0,0
ussd_0209,ussd_s002098,-0.3,0.4994,-0.0474,0.0908,0
ussd_0277,ussd_s002099,-0.1756,0.6563,-0.6207,0.9062,0
ussd_0049,ussd_s002100,2.7648,1.4835,0.4231,0.0,0
ussd_0415,ussd_s002101,-0.1456,1.14,-0.2031,0.0,0
ussd_0145,ussd_s002102,-0.9046,0.7949,0.0318,0.6273,0
ussd_0360,ussd_s002103,-0.2989,0.2926,-0.5311,0.0,0
ussd_0334,ussd_s002104,2.0949,1.7219,-0.0384,0.0,0
ussd_0310,ussd_s002105,0.3308,0.3975,-0.0456,0.0,0
ussd_0130,ussd_s002106,-0.6463,0.484,-0.4766,0.0,0
ussd_0196,ussd_s002107,-0.6961,0.3763,-0.4157,0.4478,0
ussd_0178,ussd_s002108,1.3054,0.001,2.0092,0.0,0
ussd_0441,ussd_s002109,0.0375,0.799,-0.3002,0.0,0
ussd_0239,ussd_s002110,-0.8827,0.6966,-0.7018,0.0,0
ussd_0257,ussd_s002111,-0.4212,0.3985,-0.0849,0.0,0
ussd_0255,ussd_s002112,16.954,0.6022,3.687,0.0,1
ussd_0440,ussd_s002113,6.7595,3.5948,6.1908,0.0,1
ussd_0250,ussd_s002114,-0.7333,1.0768,0.3132,0.6003,0
ussd_0247,ussd_s002115,-0.194,0.5784,0.7535,0.5439,0
ussd_0436,ussd_s002116,2.0112,0.3196,-0.3421,0.0,0
ussd_0335,ussd_s002117,-0.7811,0.4571,3.2363,0.0,0
ussd_0056,ussd_s002118,-0.3948,0.1384,0.9373,0.0,0
ussd_0294,ussd_s002119,-0.752,0.9433,-0.1472,0.0,0
ussd_0307,ussd_s002120,-0.3521,1.4228,-0.3013,0.0,0
ussd_0181,ussd_s002121,-0.4935,0.0178,-0.2,0.7457,0
ussd_0373,ussd_s002122,-0.4417,0.3937,-0.4251,0.0,0
ussd_0101,ussd_s002123,-0.127,0.8062,-0.3326,0.0,0
ussd_0218,ussd_s002124,1.1301,0.6538,-0.0704,0.6736,0
ussd_0370,ussd_s002125,2.5465,0.8769,1.0097,0.6778,0
ussd_0198,ussd_s002126,-0.1389,0.2578,-0.6072,0.8457,0
ussd_0069,ussd_s002127,-0.5715,0.582,1.2471,0.8844,0
ussd_0293,ussd_s002128,-0.8344,1.9163,-0.1511,0.0,0
ussd_0149,ussd_s002129,-0.7204,0.6492,-0.2069,0.0,0
ussd_0419,ussd_s002130,7.0128,1.3056,3.3748,0.7082,1
ussd_0393,ussd_s002131,11.8925,0.666,0.3855,0.0,0
ussd_0423,ussd_s002132,-0.6412,0.3602,0.62,0.0,0
ussd_0172,ussd_s002133,0.7229,2.1456,0.9624,0.9157,0
ussd_0385,ussd_s002134,-0.7119,0.688,-0.2846,0.772,0
ussd_0305,ussd_s002135,-0.4298,0.4497,-0.2808,0.0,0
ussd_0312,ussd_s002136,6.8576,0.5667,-0.1891,0.0,0
ussd_0230,ussd_s002137,-0.4481,0.9344,-0.32,0.0,0
ussd_0022,ussd_s002138,3.1311,0.4214,-0.2967,0.0,0
ussd_0426,ussd_s002139,2.3786,0.2673,-0.4251,0.5158,0
ussd_0123,ussd_s002140,-0.8112,0.8533,-0.303,0.6336,0
ussd_0238,ussd_s002141,13.1231,2.3705,8.3782,0.9988,1
ussd_0185,ussd_s002142,-0.2437,2.1845,-0.3021,0.0,0
ussd_0144,ussd_s002143,-0.0445,0.9957,-0.734,0.7224,0
ussd_0375,ussd_s002144,6.5293,0.3132,4.5292,0.5622,1
ussd_0356,ussd_s002145,-0.8757,0.6158,-0.2873,0.9012,0
ussd_0142,ussd_s002146,-0.4467,0.1124,0.6601,0.0,0
ussd_0179,ussd_s002147,-0.3719,0.3409,1.3457,0.0,0
ussd_0366,ussd_s002148,-0.5919,1.2374,-0.2035,0.0,0
ussd_0046,ussd_s002149,-0.5399,0.2384,-0.435,0.0,0
ussd_0160,ussd_s002150,-0.2654,1.2516,0.3489,0.879,0
ussd_0428,ussd_s002151,0.9442,0.0161,-0.204,0.0,0
ussd_0104,ussd_s002152,-0.7758,0.0933,1.8862,0.0,0
ussd_0073,ussd_s002153,0.2704,0.7853,0.0983,0.0,0
ussd_0036,ussd_s002154,-0.2733,1.097,-0.6637,0.1846,0
ussd_0443,ussd_s002155,-0.5181,0.4814,-0.2465,0.0,0
ussd_0136,ussd_s002156,-0.4175,0.6705,1.2652,0.2943,0
ussd_0040,ussd_s002157,2.0244,0.2139,2.1286,0.0,1
ussd_0373,ussd_s002158,-0.3858,0.3847,-0.4251,0.0,0
ussd_0391,ussd_s002159,2.1115,0.4855,-0.3385,0.0,0
ussd_0172,ussd_s002160,0.0239,0.8033,-0.3459,0.9157,0
ussd_0009,ussd_s002161,3.4506,1.0171,-0.3849,0.8032,0
ussd_0239,ussd_s002162,1.8126,1.7335,-0.1055,0.0,0
ussd_0082,ussd_s002163,-0.7709,0.333,-0.4217,0.0,0
ussd_0404,ussd_s002164,-0.3874,0.2416,-0.5198,0.5724,0
ussd_0230,ussd_s002165,2.831,0.6131,-0.32,0.8197,1
ussd_0013,ussd_s002166,-0.6464,0.576,-0.3241,0.0,0
ussd_0244,ussd_s002167,-0.4883,0.2781,-0.6432,0.68,0
ussd_0405,ussd_s002168,-0.1845,0.4334,-0.1595,0.0,0
ussd_0053,ussd_s002169,-0.1983,1.365,-0.4112,0.0,0
ussd_0252,ussd_s002170,0.4744,0.2131,-0.1521,0.0,0
ussd_0259,ussd_s002171,0.3763,0.3798,-0.2506,0.0,0
ussd_0194,ussd_s002172,9.5368,3.0271,1.5366,0.7147,1
ussd_0158,ussd_s002173,-0.4022,1.8135,-0.162,0.9214,0
ussd_0223,ussd_s002174,-0.2744,0.454,-0.0673,0.0,0
ussd_0247,ussd_s002175,-0.6894,1.3151,3.0914,0.5439,0
ussd_0002,ussd_s002176,-0.497,0.5338,-0.064,0.7461,0
ussd_0050,ussd_s002177,-0.5142,0.4656,0.0871,0.0,0
ussd_0209,ussd_s002178,-0.3431,0.1247,-0.0474,0.0908,0
ussd_0158,ussd_s002179,-0.5875,0.1795,-0.162,0.9214,0
ussd_0360,ussd_s002180,0.9715,3.1154,0.4068,0.0,0
ussd_0341,ussd_s002181,0.1667,0.1719,-0.4387,0.0,0
ussd_0064,ussd_s002182,-0.053,0.4121,-0.3041,0.0,0
ussd_0225,ussd_s002183,3.2199,0.3086,-0.0297,0.0,0
ussd_0235,ussd_s002184,0.3149,0.5742,-0.4061,0.0,0
ussd_0190,ussd_s002185,6.5631,3.1923,3.2506,0.8479,1
ussd_0382,ussd_s002186,0.6738,0.1278,-0.4871,0.0,0
ussd_0395,ussd_s002187,-0.7388,0.3764,-0.4302,0.0,0
ussd_0261,ussd_s002188,18.0693,2.0655,4.4695,0.0,1
ussd_0358,ussd_s002189,-0.4671,1.8506,-0.1161,0.0,0
ussd_0011,ussd_s002190,-0.4161,0.0854,-0.3409,0.9374,0
ussd_0043,ussd_s002191,0.1338,2.1138,0.4883,0.0,0
ussd_0047,ussd_s002192,-0.0642,0.3483,-0.3995,0.8009,0
ussd_0418,ussd_s002193,0.1803,1.0967,-0.4902,0.0,0
ussd_0405,ussd_s002194,2.8876,0.0714,8.2455,0.7807,1
ussd_0437,ussd_s002195,-0.5511,0.5063,1.7312,0.0,0
ussd_0115,ussd_s002196,-0.4911,0.8395,-0.6682,0.5235,0
ussd_0393,ussd_s002197,-0.3113,1.5437,-0.5382,0.0,0
ussd_0033,ussd_s002198,-0.4891,0.1801,-0.1989,0.0,0
ussd_0061,ussd_s002199,1.5513,0.9966,0.4344,0.8677,0
ussd_0282,ussd_s002200,-0.0577,1.2044,-0.4859,0.0,0
ussd_0121,ussd_s002201,-0.4639,0.1115,-0.6052,0.3602,0
ussd_0220,ussd_s002202,-0.2782,1.3929,-0.1229,0.0,0
ussd_0209,ussd_s002203,-0.5964,0.2006,-0.0474,0.0908,0
ussd_0043,ussd_s002204,0.3166,0.3318,0.4883,0.0,0
ussd_0366,ussd_s002205,0.3453,0.4322,-0.2035,0.0,0
ussd_0289,ussd_s002206,-0.561,0.153,-0.2531,0.9908,0
ussd_0180,ussd_s002207,-0.2801,0.4196,-0.2644,0.0,0
ussd_0319,ussd_s002208,-0.0392,2.4669,-0.3104,0.5051,0
ussd_0336,ussd_s002209,-0.1594,0.6167,0.5167,0.0,0
ussd_0420,ussd_s002210,-0.6091,1.1846,-0.3617,0.6651,0
ussd_0315,ussd_s002211,-0.8195,0.3986,-0.1627,0.0,0
ussd_0049,ussd_s002212,-0.2641,0.0242,-0.1461,0.0,0
ussd_0022,ussd_s002213,-0.3885,0.8486,-0.2967,0.0,0
ussd_0221,ussd_s002214,-0.7885,1.0922,0.1118,0.0,0
ussd_0091,ussd_s002215,-0.2987,0.3892,-0.1477,0.0,0
ussd_0183,ussd_s002216,0.0522,0.5266,1.2829,0.0,0
ussd_0018,ussd_s002217,-0.4866,0.2559,-0.3891,0.0,0
ussd_0283,ussd_s002218,-0.27,0.8682,-0.4815,0.0953,0
ussd_0266,ussd_s002219,-0.086,0.1357,1.0172,0.6032,0
ussd_0238,ussd_s002220,-0.8205,1.0158,-0.1474,0.0,0
ussd_0273,ussd_s002221,-0.7757,0.7023,-0.3565,0.0,0
ussd_0098,ussd_s002222,-0.4628,0.6586,-0.1481,0.0,0
ussd_0333,ussd_s002223,-0.524,0.3114,-0.3544,0.0,0
ussd_0398,ussd_s002224,-0.4857,0.8101,-0.3386,0.0,0
ussd_0159,ussd_s002225,-0.1359,0.0086,-0.0377,0.0,0
ussd_0165,ussd_s002226,-0.375,1.0462,-0.2922,0.0,0
ussd_0032,ussd_s002227,-0.7665,0.9186,-0.1019,0.0,0
ussd_0372,ussd_s002228,-0.3857,2.1468,-0.3382,0.0,0
ussd_0340,ussd_s002229,-0.7451,0.3674,0.3255,0.0,0
ussd_0176,ussd_s002230,-0.7958,1.0604,-0.0892,0.0,0
ussd_0046,ussd_s002231,-0.3246,0.3864,-0.435,0.0,0
ussd_0253,ussd_s002232,0.8576,1.6067,-0.1831,0.0,0
ussd_0299,ussd_s002233,-0.5625,0.4008,-0.2227,0.0,0
ussd_0397,ussd_s002234,10.9347,4.0947,4.2546,0.0,1
ussd_0265,ussd_s002235,0.1853,0.6486,1.3307,0.0,0
ussd_0294,ussd_s002236,0.9308,0.7317,-0.1472,0.0,0
ussd_0278,ussd_s002237,11.909,2.8732,3.6,0.8941,1
ussd_0163,ussd_s002238,2.1365,0.7177,-0.1432,0.0,0
ussd_0284,ussd_s002239,0.3161,0.4974,1.0272,0.4201,0
ussd_0338,ussd_s002240,1.0205,0.3233,-0.1227,0.0,0
ussd_0344,ussd_s002241,5.9193,0.5818,8.7771,0.8432,1
ussd_0148,ussd_s002242,-0.7234,0.8737,-0.509,0.0,0
ussd_0020,ussd_s002243,-0.4927,1.5928,0.3216,0.0,0
ussd_0384,ussd_s002244,1.2121,1.6809,-0.44,0.8505,0
ussd_0170,ussd_s002245,-0.7661,0.4459,-0.3011,0.0,0
ussd_0106,ussd_s002246,-0.8018,0.1989,-0.4215,0.783,0
ussd_0387,ussd_s002247,-0.4932,0.328,-0.3918,0.0,0
ussd_0251,ussd_s002248,-0.8011,0.94,-0.6838,0.0,0
ussd_0442,ussd_s002249,0.1394,0.1427,-0.17,0.0,0
ussd_0110,ussd_s002250,-0.323,0.4432,-0.3506,0.0,0
ussd_0326,ussd_s002251,-0.7887,0.4832,-0.0673,0.0957,0
ussd_0380,ussd_s002252,0.5739,1.7828,-0.228,0.697,0
ussd_0342,ussd_s002253,0.2447,0.3557,-0.8039,0.0,0
ussd_0275,ussd_s002254,10.1134,1.279,0.1651,0.787,0
ussd_0427,ussd_s002255,-0.3463,0.5596,-0.0144,0.8555,0
ussd_0168,ussd_s002256,-0.538,0.3268,0.1449,0.1778,0
ussd_0264,ussd_s002257,-0.4865,0.0427,0.3434,0.9204,0
ussd_0016,ussd_s002258,0.9083,1.0973,-0.1351,0.0,0
ussd_0243,ussd_s002259,0.0114,0.2809,-0.0974,0.0,0
ussd_0362,ussd_s002260,-0.7557,0.9572,-0.3611,0.0,0
ussd_0047,ussd_s002261,-0.4471,0.2248,-0.3995,0.8009,0
ussd_0356,ussd_s002262,-0.7039,0.7464,1.138,0.9012,0
ussd_0150,ussd_s002263,-0.8108,0.9794,-0.0428,0.0,0
ussd_0439,ussd_s002264,-0.6632,2.5466,-0.3837,0.5928,0
ussd_0158,ussd_s002265,0.1821,0.1843,-0.162,0.9214,0
ussd_0087,ussd_s002266,1.1716,0.1324,-0.3481,0.0,0
ussd_0347,ussd_s002267,0.3869,0.9154,2.0838,0.0,0
ussd_0354,ussd_s002268,2.6627,0.5797,0.8583,0.0,0
ussd_0121,ussd_s002269,-0.8968,2.2586,0.1845,0.3602,0
ussd_0169,ussd_s002270,1.7885,0.3672,-0.106,0.0,0
ussd_0213,ussd_s002271,-0.7016,0.2945,-0.4046,0.0,0
ussd_0203,ussd_s002272,1.0621,0.8301,-0.0347,0.0,0
ussd_0129,ussd_s002273,-0.3277,0.5859,-0.4407,0.9109,0
ussd_0088,ussd_s002274,-0.3425,0.6108,0.6092,0.0,0
ussd_0014,ussd_s002275,0.714,0.4002,0.8142,0.0,0
ussd_0221,ussd_s002276,-0.7301,1.3507,-0.6294,0.0,0
ussd_0037,ussd_s002277,-0.7458,0.4611,-0.5689,0.0,0
ussd_0210,ussd_s002278,0.1472,0.1792,-0.5853,0.0,0
ussd_0026,ussd_s002279,0.2864,1.3711,-0.3359,0.0,0
ussd_0373,ussd_s002280,-0.264,0.9263,-0.4251,0.0,0
ussd_0137,ussd_s002281,0.8636,0.4561,-0.3588,0.0,0
ussd_0191,ussd_s002282,0.487,1.3528,-0.3495,0.0,0
ussd_0155,ussd_s002283,-0.6996,0.0552,1.4648,0.0,0
ussd_0173,ussd_s002284,1.169,1.0262,-0.0531,0.0,0
ussd_0083,ussd_s002285,-0.544,1.1779,-0.3606,0.0,0
ussd_0148,ussd_s002286,0.2672,0.0559,-0.509,0.0,0
ussd_0059,ussd_s002287,-0.2895,1.4258,-0.3921,0.0,0
ussd_0349,ussd_s002288,-0.7713,1.4224,-0.4904,0.0,0
ussd_0121,ussd_s002289,-0.7743,0.9918,0.1845,0.3602,0
ussd_0354,ussd_s002290,0.0529,0.4411,-0.3806,0.0,0
ussd_0279,ussd_s002291,0.6652,1.7302,3.687,0.0,0
ussd_0407,ussd_s002292,0.6789,0.0769,-0.6884,0.0,0
ussd_0313,ussd_s002293,0.1292,0.1623,-0.0473,0.0,0
ussd_0385,ussd_s002294,-0.5245,0.0621,-0.2846,0.772,0
ussd_0439,ussd_s002295,-0.8338,0.4156,-0.3837,0.5928,0
ussd_0275,ussd_s002296,-0.7013,0.2317,0.9418,0.787,0
ussd_0247,ussd_s002297,0.0799,0.5251,0.7535,0.5439,0
ussd_0378,ussd_s002298,-0.0655,1.0605,-0.3986,0.0,0
ussd_0048,ussd_s002299,-0.3828,1.0028,-0.1091,0.0,0
ussd_0384,ussd_s002300,-0.7647,0.1254,-0.44,0.8505,0
ussd_0048,ussd_s002301,-0.4961,0.8895,-0.1091,0.0,0
ussd_0361,ussd_s002302,-0.4957,0.2011,-0.1189,0.0474,0
ussd_0038,ussd_s002303,-0.1865,0.6345,-0.4487,0.0823,0
ussd_0085,ussd_s002304,0.1071,1.3907,-0.2852,0.0,0
ussd_0361,ussd_s002305,-0.3134,0.5917,-0.1189,0.0474,0
ussd_0182,ussd_s002306,-0.8417,1.3412,-0.6179,0.9517,0
ussd_0257,ussd_s002307,-0.5618,0.3907,-0.0849,0.0,0
ussd_0117,ussd_s002308,-0.5858,0.9894,-0.1106,0.0,0
ussd_0370,ussd_s002309,0.1803,0.0126,1.0097,0.6778,0
ussd_0212,ussd_s002310,-0.4859,1.6613,-0.0421,0.0,0
ussd_0429,ussd_s002311,-0.1699,0.3695,-0.1241,0.0,0
ussd_0018,ussd_s002312,-0.4405,1.0771,-0.3891,0.0,0
ussd_0117,ussd_s002313,0.6574,1.2216,-0.1106,0.0,0
ussd_0419,ussd_s002314,1.442,0.1651,2.1249,0.0,0
ussd_0202,ussd_s002315,-0.7088,0.0067,-0.0483,0.0,0
ussd_0430,ussd_s002316,-0.7413,0.9877,1.7762,0.2721,0
ussd_0307,ussd_s002317,-0.4222,0.8005,0.1645,0.0,0
ussd_0227,ussd_s002318,-0.4527,0.217,-0.0417,0.0,0
ussd_0192,ussd_s002319,0.1223,0.3245,-0.4069,0.8179,0
ussd_0116,ussd_s002320,-0.5255,0.7603,-0.0357,0.0,0
ussd_0307,ussd_s002321,0.8507,1.0785,0.6303,0.0,0
ussd_0265,ussd_s002322,1.5865,2.0097,-0.2231,0.0,0
ussd_0095,ussd_s002323,-0.8349,2.6159,0.8722,0.0,0
ussd_0269,ussd_s002324,-0.3501,0.1592,-0.0395,0.0,0
ussd_0317,ussd_s002325,-0.2124,1.4784,-0.3401,0.0,0
ussd_0267,ussd_s002326,-0.2453,0.2581,-0.3244,0.8579,0
ussd_0258,ussd_s002327,-0.0857,1.7419,-0.0176,0.0,0
ussd_0121,ussd_s002328,0.0943,0.1838,0.1845,0.3602,0
ussd_0099,ussd_s002329,0.5644,0.6487,-0.0273,0.0,0
ussd_0309,ussd_s002330,-0.2709,0.9338,-0.1466,0.0,0
ussd_0302,ussd_s002331,-0.0682,1.7157,-0.2993,0.0,0
ussd_0367,ussd_s002332,0.004,0.1193,-0.0301,0.1755,0
ussd_0165,ussd_s002333,-0.4698,0.5001,-0.2922,0.0,0
ussd_0004,ussd_s002334,1.4401,0.1295,-0.5538,0.0,0
ussd_0025,ussd_s002335,-0.9276,0.361,-0.2707,0.0,0
ussd_0116,ussd_s002336,-0.5286,1.2938,-0.0357,0.0,0
ussd_0019,ussd_s002337,0.3446,0.3633,0.1927,0.8868,0
ussd_0426,ussd_s002338,-0.3075,0.1244,-0.4251,0.5158,0
ussd_0421,ussd_s002339,0.6122,0.9667,-0.0654,0.0,0
ussd_0195,ussd_s002340,-0.5915,0.1219,-0.2806,0.0,0
ussd_0328,ussd_s002341,-0.3745,0.7046,1.4517,0.0,0
ussd_0005,ussd_s002342,-0.7941,0.1721,0.544,0.0,0
ussd_0244,ussd_s002343,-0.3559,0.0372,0.0703,0.68,0
ussd_0023,ussd_s002344,0.312,0.1318,0.7422,0.0,0
ussd_0425,ussd_s002345,-0.6609,1.0553,-0.4279,0.0,0
ussd_0249,ussd_s002346,3.7182,0.5637,0.4303,0.8893,0
ussd_0358,ussd_s002347,0.4331,0.0869,-0.1161,0.0,0
ussd_0013,ussd_s002348,0.5732,0.9175,-0.3241,0.0,0
ussd_0434,ussd_s002349,0.8689,0.4918,2.6426,0.0,0
ussd_0135,ussd_s002350,-0.7146,0.7174,-0.1157,0.0,0
ussd_0089,ussd_s002351,-0.5652,0.1949,-0.3172,0.0,0
ussd_0113,ussd_s002352,1.2186,0.2506,0.2222,0.0,0
ussd_0412,ussd_s002353,0.7937,1.4295,-0.4863,0.0,0
ussd_0128,ussd_s002354,-0.8932,0.1381,-0.0275,0.0,0
ussd_0218,ussd_s002355,-0.5897,0.2453,-0.0704,0.6736,0
ussd_0242,ussd_s002356,-0.6188,2.097,-0.3228,0.0,0
ussd_0424,ussd_s002357,0.4792,1.2965,2.1883,0.1979,0
ussd_0382,ussd_s002358,0.3885,1.9622,-0.4871,0.0,0
ussd_0030,ussd_s002359,-0.4392,0.0579,1.2492,0.0,0
ussd_0223,ussd_s002360,-0.1137,0.7878,-0.0673,0.0,0
ussd_0238,ussd_s002361,-0.4682,0.8978,-0.1474,0.0,0
ussd_0201,ussd_s002362,1.8449,1.3284,-0.3556,0.0,0
ussd_0166,ussd_s002363,-0.3124,0.0858,-0.3327,0.0,0
ussd_0088,ussd_s002364,0.3295,0.1395,-0.6782,0.0,0
ussd_0382,ussd_s002365,-0.7469,0.1691,-0.4871,0.0,0
ussd_0264,ussd_s002366,-0.0891,0.9944,1.239,0.9204,0
ussd_0087,ussd_s002367,-0.8449,0.0244,-0.3481,0.0,0
ussd_0180,ussd_s002368,1.2328,0.3057,-0.2644,0.0,0
ussd_0317,ussd_s002369,-0.5692,0.4347,-0.3401,0.0,0
ussd_0069,ussd_s002370,-0.6219,1.0827,-0.251,0.8844,0
ussd_0442,ussd_s002371,-0.4635,0.531,-0.17,0.0,0
ussd_0255,ussd_s002372,-0.3184,0.3523,-0.3304,0.0,0
ussd_0191,ussd_s002373,-0.287,0.5348,-0.3495,0.0,0
ussd_0082,ussd_s002374,-0.662,0.4949,-0.4217,0.0,0
ussd_0235,ussd_s002375,1.0595,0.5756,-0.4061,0.0,0
ussd_0053,ussd_s002376,-0.0424,1.6963,-0.4112,0.0,0
ussd_0245,ussd_s002377,0.3953,0.9731,-0.2456,0.0,0
ussd_0032,ussd_s002378,0.1572,1.0587,1.6943,0.0,0
ussd_0397,ussd_s002379,-0.49,0.6333,1.9192,0.0,0
ussd_0290,ussd_s002380,0.4569,0.645,-0.4046,0.0,0
ussd_0088,ussd_s002381,-0.3718,0.1689,-0.0345,0.0,0
ussd_0027,ussd_s002382,-0.3331,0.6272,0.836,0.0,0
ussd_0236,ussd_s002383,0.494,0.307,-0.2892,0.5753,0
ussd_0085,ussd_s002384,8.6023,1.1794,1.1443,0.6676,1
ussd_0267,ussd_s002385,-0.6998,0.9991,1.0268,0.8579,0
ussd_0358,ussd_s002386,-0.7518,2.1157,-0.1161,0.0,0
ussd_0254,ussd_s002387,0.3566,0.7041,-0.0603,0.0,0
ussd_0253,ussd_s002388,-0.7797,0.3306,-0.1831,0.0,0
ussd_0118,ussd_s002389,-0.3812,1.0372,0.0829,0.0,0
ussd_0169,ussd_s002390,-0.901,1.2062,-0.106,0.0,0
ussd_0245,ussd_s002391,-0.5355,1.3982,-0.2456,0.0,0
ussd_0148,ussd_s002392,-0.0507,0.29,0.4731,0.0,0
ussd_0343,ussd_s002393,-0.0397,0.3012,-0.1302,0.0,0
ussd_0332,ussd_s002394,-0.6439,1.0419,-0.1385,0.0,0
ussd_0284,ussd_s002395,-0.789,0.7855,-0.3243,0.4201,0
ussd_0332,ussd_s002396,-0.6147,0.0038,-0.1385,0.0,0
ussd_0194,ussd_s002397,-0.1975,0.3146,3.5659,0.6378,0
ussd_0325,ussd_s002398,-0.5619,0.3279,-0.1796,0.0,0
ussd_0447,ussd_s002399,0.4583,0.2562,-0.4084,0.0,0
ussd_0427,ussd_s002400,13.0546,1.9861,9.8421,0.7831,1
ussd_0433,ussd_s002401,0.0134,0.1536,0.1039,0.0,0
ussd_0072,ussd_s002402,-0.7632,1.3328,-0.0655,0.0,0
ussd_0365,ussd_s002403,0.4054,0.7822,1.7862,0.0,0
ussd_0234,ussd_s002404,-0.4428,1.4491,-0.2617,0.0,0
ussd_0268,ussd_s002405,0.4321,0.8163,-0.0551,0.0,0
ussd_0140,ussd_s002406,12.725,0.7669,3.2559,0.0,1
ussd_0409,ussd_s002407,-0.6316,1.0562,-0.2406,0.0,0
ussd_0363,ussd_s002408,0.3091,0.5772,-0.0892,0.9519,0
ussd_0436,ussd_s002409,-0.2274,0.8276,-0.3421,0.0,0
ussd_0204,ussd_s002410,0.6823,1.7732,-0.557,0.0,0
ussd_0173,ussd_s002411,-0.5396,1.3046,-0.0531,0.0,0
ussd_0290,ussd_s002412,0.1015,0.3814,-0.4046,0.0,0
ussd_0191,ussd_s002413,-0.4199,0.7579,-0.3495,0.0,0
ussd_0004,ussd_s002414,0.1613,0.15,-0.5538,0.0,0
ussd_0083,ussd_s002415,-0.0457,0.8854,-0.3606,0.0,0
ussd_0028,ussd_s002416,4.3201,0.18,1.2472,0.9718,1
ussd_0267,ussd_s002417,-0.3547,0.2503,-0.3244,0.8579,0
ussd_0091,ussd_s002418,-0.3691,0.9841,-0.1477,0.0,0
ussd_0343,ussd_s002419,-0.4548,1.506,-0.1302,0.0,0
ussd_0184,ussd_s002420,-0.3143,0.1042,-0.375,0.5665,0
ussd_0037,ussd_s002421,-0.4926,0.184,0.2932,0.0,0
ussd_0237,ussd_s002422,-0.5388,1.3092,-0.3433,0.0,0
ussd_0079,ussd_s002423,-0.2063,1.1097,-0.463,0.0,0
ussd_0403,ussd_s002424,-0.5291,0.0582,1.0909,0.0,0
ussd_0358,ussd_s002425,0.1327,0.5603,-0.1161,0.0,0
ussd_0340,ussd_s002426,0.4374,0.6676,0.3255,0.0,0
ussd_0009,ussd_s002427,-0.7126,0.2376,-0.3849,0.8032,0
ussd_0326,ussd_s002428,-0.9217,0.1485,-0.0673,0.0957,0
ussd_0374,ussd_s002429,7.2757,3.1461,1.0585,0.0,1
ussd_0182,ussd_s002430,-0.3566,0.7209,0.1462,0.9517,0
ussd_0007,ussd_s002431,0.5362,0.5063,-0.4364,0.0,0
ussd_0345,ussd_s002432,-0.7604,1.4637,1.3618,0.0,0
ussd_0223,ussd_s002433,1.2712,0.8086,-0.0673,0.0,0
ussd_0012,ussd_s002434,-0.6087,1.7947,-0.3088,0.0,0
ussd_0144,ussd_s002435,-0.2525,0.4673,-0.734,0.7224,0
ussd_0238,ussd_s002436,-0.462,0.1183,-0.1474,0.0,0
ussd_0418,ussd_s002437,-0.6613,0.9245,-0.4902,0.0,0
ussd_0407,ussd_s002438,-0.4612,1.1665,-0.6884,0.0,0
ussd_0408,ussd_s002439,-0.1893,0.7401,0.2039,0.0,0
ussd_0299,ussd_s002440,-0.3115,0.2698,1.332,0.0,0
ussd_0105,ussd_s002441,-0.5694,0.36,-0.6515,0.8648,0
ussd_0097,ussd_s002442,0.9633,0.1512,-0.4961,0.7079,0
ussd_0026,ussd_s002443,-0.825,0.3478,-0.3359,0.0,0
ussd_0021,ussd_s002444,0.1494,1.0256,-0.4138,0.0,0
ussd_0189,ussd_s002445,-0.3293,0.9704,-0.4537,0.0,0
ussd_0427,ussd_s002446,-0.6568,1.3797,-0.0144,0.8555,0
ussd_0034,ussd_s002447,4.6031,0.3821,-0.4028,0.1524,0
ussd_0122,ussd_s002448,-0.7852,1.8109,-0.7218,0.0,0
ussd_0376,ussd_s002449,1.5404,0.2556,-0.5201,0.0143,0
ussd_0293,ussd_s002450,-0.5538,0.2963,-0.1511,0.0,0
ussd_0233,ussd_s002451,-0.7001,0.7836,-0.2472,0.7872,0
ussd_0065,ussd_s002452,0.557,0.01,0.858,0.0,0
ussd_0050,ussd_s002453,-0.5331,0.4104,0.0871,0.0,0
ussd_0383,ussd_s002454,-0.2005,0.9455,-0.1407,0.8163,0
ussd_0437,ussd_s002455,-0.8394,1.7254,-0.0896,0.0,0
ussd_0342,ussd_s002456,-0.2944,1.1785,-0.0193,0.0,0
ussd_0271,ussd_s002457,0.182,1.2908,-0.1323,0.6586,0
ussd_0289,ussd_s002458,2.1201,1.0991,-0.2531,0.9908,0
ussd_0016,ussd_s002459,-0.8669,0.4146,-0.1351,0.0,0
ussd_0358,ussd_s002460,-0.7508,0.2661,-0.1161,0.0,0
ussd_0140,ussd_s002461,0.4843,0.0543,-0.1488,0.0,0
ussd_0143,ussd_s002462,3.6649,0.2274,0.759,0.0,0
ussd_0309,ussd_s002463,-0.3272,0.7655,-0.1466,0.0,0
ussd_0199,ussd_s002464,-0.0595,0.8091,-0.1795,0.0,0
ussd_0132,ussd_s002465,6.8976,0.8653,16.1373,0.0,1
ussd_0225,ussd_s002466,-0.6899,1.3374,-0.0297,0.0,0
ussd_0311,ussd_s002467,0.4461,0.13,-0.1529,0.0,0
ussd_0201,ussd_s002468,-0.3799,0.8398,-0.3556,0.0,0
ussd_0096,ussd_s002469,-0.0628,0.3174,1.2474,0.9419,0
ussd_0032,ussd_s002470,0.4931,1.0449,-0.1019,0.0,0
ussd_0257,ussd_s002471,-0.7103,0.5106,-0.0849,0.0,0
ussd_0309,ussd_s002472,11.8033,2.2382,4.9737,0.8368,1
ussd_0136,ussd_s002473,-0.1083,0.4973,-0.0292,0.2943,0
ussd_0418,ussd_s002474,-0.6439,0.094,0.5295,0.0,0
ussd_0125,ussd_s002475,-0.7745,0.4884,1.2939,0.0,0
ussd_0131,ussd_s002476,0.1441,0.8267,-0.0764,0.0,0
ussd_0384,ussd_s002477,2.5902,0.6366,-0.44,0.8505,0
ussd_0313,ussd_s002478,-0.4063,0.5843,-0.0473,0.0,0
ussd_0087,ussd_s002479,0.837,0.4562,-0.3481,0.0,0
ussd_0158,ussd_s002480,0.7655,0.6431,-0.162,0.9214,0
ussd_0280,ussd_s002481,-0.2223,1.0089,-0.2533,0.0,0
ussd_0279,ussd_s002482,0.4674,0.1562,-0.3304,0.0,0
ussd_0365,ussd_s002483,-0.1643,2.2232,-0.0713,0.0,0
ussd_0380,ussd_s002484,-0.6604,0.507,-0.228,0.697,0
ussd_0259,ussd_s002485,-0.4296,0.2572,-0.2506,0.0,0
ussd_0430,ussd_s002486,0.0894,1.0778,0.6657,0.2721,0
ussd_0298,ussd_s002487,-0.7557,1.4433,-0.047,0.0,0
ussd_0348,ussd_s002488,0.4636,2.1587,-0.2464,0.0,0
ussd_0158,ussd_s002489,-0.6454,0.4959,1.514,0.9214,0
ussd_0140,ussd_s002490,10.4249,0.2357,4.9583,0.7397,1
ussd_0334,ussd_s002491,5.4647,0.5594,-0.0384,0.0,0
ussd_0344,ussd_s002492,-0.8732,0.8128,-0.1112,0.0,0
ussd_0111,ussd_s002493,-0.0988,0.0146,-0.5595,0.3775,0
ussd_0199,ussd_s002494,18.3557,0.7876,3.1023,0.9783,1
ussd_0097,ussd_s002495,0.5016,0.5383,1.5193,0.7079,0
ussd_0415,ussd_s002496,1.8383,0.1388,-0.2031,0.0,0
ussd_0218,ussd_s002497,-0.749,0.0367,-0.0704,0.6736,0
ussd_0402,ussd_s002498,-0.5295,2.0766,-0.1808,0.9386,0
ussd_0073,ussd_s002499,-0.2817,2.1767,0.0983,0.0,0
ussd_0299,ussd_s002500,-0.4561,1.149,1.332,0.0,0
ussd_0070,ussd_s002501,1.3471,0.089,-0.1596,0.0,0
ussd_0367,ussd_s002502,-0.6593,0.3978,-0.0301,0.1755,0
ussd_0038,ussd_s002503,0.8143,0.7874,0.6539,0.0823,0
ussd_0215,ussd_s002504,8.083,5.6006,1.772,0.0,1
ussd_0155,ussd_s002505,-0.8245,2.2971,-0.507,0.0,0
ussd_0255,ussd_s002506,0.6176,0.2471,2.3479,0.0,0
ussd_0086,ussd_s002507,-0.4669,0.6598,0.338,0.5947,0
ussd_0005,ussd_s002508,-0.4709,2.9192,-0.4853,0.0,0
ussd_0137,ussd_s002509,-0.3349,1.7827,-0.3588,0.0,0
ussd_0058,ussd_s002510,-0.207,0.9304,-0.5123,0.0,0
ussd_0433,ussd_s002511,0.1123,0.6591,0.8398,0.0,0
ussd_0210,ussd_s002512,-0.6766,0.3793,-0.5853,0.0,0
ussd_0098,ussd_s002513,-0.3162,1.3582,-0.1481,0.0,0
ussd_0106,ussd_s002514,-0.8246,0.9147,-0.4215,0.783,0
ussd_0299,ussd_s002515,-0.0599,0.5674,-0.2227,0.0,0
ussd_0385,ussd_s002516,-0.9138,1.5951,1.1463,0.772,0
ussd_0313,ussd_s002517,-0.3396,1.0132,-0.0473,0.0,0
ussd_0306,ussd_s002518,-0.3067,0.6312,-0.029,0.6558,0
ussd_0267,ussd_s002519,-0.3658,1.5377,-0.3244,0.8579,0
ussd_0439,ussd_s002520,3.0737,0.4916,-0.3837,0.5928,0
ussd_0256,ussd_s002521,3.5207,0.5629,-0.2859,0.5648,0
ussd_0160,ussd_s002522,2.003,0.6866,-0.5504,0.879,0
ussd_0043,ussd_s002523,-0.08,0.9891,-0.5039,0.0,0
ussd_0404,ussd_s002524,-0.1974,1.0735,0.4405,0.5724,0
ussd_0386,ussd_s002525,0.3733,1.3972,-0.047,0.5229,0
ussd_0401,ussd_s002526,-0.5587,0.7673,0.4393,0.0,0
ussd_0073,ussd_s002527,-0.4177,0.6777,0.8305,0.0,0
ussd_0337,ussd_s002528,-0.3781,2.0957,1.4447,0.5151,0
ussd_0170,ussd_s002529,-0.1424,0.1681,1.0968,0.0,0
ussd_0052,ussd_s002530,18.0212,0.0812,10.9145,0.9839,1
ussd_0213,ussd_s002531,-0.8911,0.4123,0.7863,0.0,0
ussd_0088,ussd_s002532,0.1726,0.1547,-0.6782,0.0,0
ussd_0221,ussd_s002533,-0.2095,1.5074,0.1118,0.0,0
ussd_0185,ussd_s002534,1.9282,1.5205,-0.3021,0.0,0
ussd_0325,ussd_s002535,-0.6751,1.5836,-0.1796,0.0,0
ussd_0074,ussd_s002536,-0.1674,0.891,-0.6179,0.0,0
ussd_0436,ussd_s002537,-0.5929,0.3594,-0.3421,0.0,0
ussd_0436,ussd_s002538,-0.8349,0.7462,-0.3421,0.0,0
ussd_0126,ussd_s002539,-0.7337,0.3977,-0.1537,0.4802,0
ussd_0216,ussd_s002540,16.6051,1.6957,7.4066,0.7384,1
ussd_0385,ussd_s002541,-0.7986,0.8385,-0.2846,0.772,0
ussd_0050,ussd_s002542,-0.5423,0.5602,1.5367,0.0,0
ussd_0180,ussd_s002543,2.2817,5.4317,10.0345,0.9271,1
ussd_0293,ussd_s002544,-0.5582,1.4883,-0.1511,0.0,0
ussd_0264,ussd_s002545,-0.7411,1.3196,0.3434,0.9204,0
ussd_0437,ussd_s002546,0.5691,0.4798,-0.0896,0.0,0
ussd_0133,ussd_s002547,-0.4705,1.2584,-0.3497,0.531,0
ussd_0167,ussd_s002548,-0.3385,0.2267,0.1459,0.0,0
ussd_0435,ussd_s002549,-0.6674,0.2131,-0.2939,0.679,0
ussd_0407,ussd_s002550,0.6387,0.7263,-0.0652,0.0,0
ussd_0259,ussd_s002551,-0.747,0.3097,-0.2506,0.0,0
ussd_0429,ussd_s002552,1.4896,0.6027,-0.1241,0.0,0
ussd_0309,ussd_s002553,-0.2923,0.685,-0.1466,0.0,0
ussd_0051,ussd_s002554,1.4232,0.9763,-0.297,0.0,0
ussd_0055,ussd_s002555,-0.0808,2.3475,-0.2393,0.6067,0
ussd_0243,ussd_s002556,-0.24,1.3908,-0.0974,0.0,0
ussd_0200,ussd_s002557,-0.0985,1.2536,-0.2674,0.9146,0
ussd_0288,ussd_s002558,0.4624,0.593,-0.1842,0.0,0
ussd_0155,ussd_s002559,-0.2291,0.7294,0.4789,0.0,0
ussd_0441,ussd_s002560,-0.1777,0.0891,-0.3002,0.0,0
ussd_0028,ussd_s002561,0.8342,0.7341,0.3483,0.0,0
ussd_0270,ussd_s002562,-0.8794,0.7835,0.9898,0.0,0
ussd_0309,ussd_s002563,12.7092,1.0176,8.3872,0.8166,1
ussd_0087,ussd_s002564,-0.2651,0.703,-0.3481,0.0,0
ussd_0048,ussd_s002565,0.8957,0.3059,-0.1091,0.0,0
ussd_0251,ussd_s002566,-0.7556,1.4607,-0.0513,0.0,0
ussd_0246,ussd_s002567,0.815,2.1845,-0.0584,0.8318,0
ussd_0181,ussd_s002568,0.1542,0.1573,-0.2,0.7457,0
ussd_0013,ussd_s002569,-0.9504,1.7232,-0.3241,0.0,0
ussd_0045,ussd_s002570,0.9352,0.0262,-0.3986,0.7862,0
ussd_0233,ussd_s002571,-0.8389,0.2399,-0.2472,0.7872,0
ussd_0086,ussd_s002572,-0.3139,0.2312,-0.554,0.5947,0
ussd_0421,ussd_s002573,-0.5232,1.1263,-0.0654,0.0,0
ussd_0240,ussd_s002574,-0.3842,0.4898,-0.234,0.0,0
ussd_0317,ussd_s002575,10.0402,0.9862,10.2178,0.6871,1
ussd_0360,ussd_s002576,-0.2819,0.2532,-0.5311,0.0,0
ussd_0241,ussd_s002577,-0.4392,0.3805,-0.4608,0.0,0
ussd_0288,ussd_s002578,-0.4547,0.6096,1.4473,0.0,0
ussd_0397,ussd_s002579,-0.1064,1.2947,-0.4162,0.0,0
ussd_0240,ussd_s002580,-0.3643,1.9589,-0.234,0.0,0
ussd_0050,ussd_s002581,-0.603,0.5118,0.0871,0.0,0
ussd_0163,ussd_s002582,1.4446,0.1313,1.5704,0.0,0
ussd_0159,ussd_s002583,-0.8676,1.7197,-0.0377,0.0,0
ussd_0063,ussd_s002584,-0.4708,1.2596,-0.1743,0.0,0
ussd_0325,ussd_s002585,0.0702,0.3475,-0.1796,0.0,0
ussd_0082,ussd_s002586,-0.5064,0.8533,0.7348,0.0,0
ussd_0197,ussd_s002587,3.0262,0.1464,0.8574,0.0,0
ussd_0031,ussd_s002588,0.3464,0.5814,-0.4503,0.0,0
ussd_0208,ussd_s002589,0.3769,0.1172,-0.518,0.5813,0
ussd_0052,ussd_s002590,-0.2982,0.352,-0.2057,0.5566,0
ussd_0350,ussd_s002591,0.1634,0.1961,1.2434,0.0,0
ussd_0136,ussd_s002592,-0.9077,0.0387,0.618,0.2943,0
ussd_0140,ussd_s002593,-0.3194,1.7699,-0.1488,0.0,0
ussd_0351,ussd_s002594,-0.3837,0.7534,0.8145,0.0222,0
ussd_0003,ussd_s002595,-0.5585,1.7041,0.3127,0.9723,0
ussd_0114,ussd_s002596,-0.4507,0.1095,-0.1616,0.6154,0
ussd_0283,ussd_s002597,0.0317,0.9111,1.5926,0.0953,0
ussd_0305,ussd_s002598,0.1138,1.6651,1.1575,0.0,0
ussd_0439,ussd_s002599,-0.3321,0.5727,-0.3837,0.5928,0
ussd_0321,ussd_s002600,-0.1107,1.1261,-0.019,0.0,0
ussd_0099,ussd_s002601,0.7165,0.1883,-0.0273,0.0,0
ussd_0014,ussd_s002602,2.5687,0.8676,-0.3953,0.0,0
ussd_0000,ussd_s002603,-0.8564,1.5471,-0.5575,0.3567,0
ussd_0038,ussd_s002604,0.7734,0.2288,-0.4487,0.0823,0
ussd_0363,ussd_s002605,-0.616,0.7839,-0.0892,0.9519,0
ussd_0409,ussd_s002606,-0.5181,0.2159,-0.2406,0.0,0
ussd_0099,ussd_s002607,0.3806,0.5742,-0.0273,0.0,0
ussd_0445,ussd_s002608,0.0914,0.4413,-0.5449,0.0,0
ussd_0431,ussd_s002609,0.9644,0.5303,-0.1055,0.0,0
ussd_0106,ussd_s002610,-0.5638,1.2657,0.7355,0.783,0
ussd_0300,ussd_s002611,-0.6518,1.1762,-0.0156,0.0,0
ussd_0139,ussd_s002612,-0.9091,0.5592,-0.2769,0.8304,0
ussd_0352,ussd_s002613,-0.925,1.695,0.0202,0.0,0
ussd_0009,ussd_s002614,-0.4522,0.8885,-0.3849,0.8032,0
ussd_0203,ussd_s002615,-0.6504,1.6687,-0.0347,0.0,0
ussd_0309,ussd_s002616,1.4949,1.0834,-0.1466,0.0,0
ussd_0197,ussd_s002617,-0.8525,0.6709,-0.3809,0.0,0
ussd_0088,ussd_s002618,-0.2905,0.9624,0.6092,0.0,0
ussd_0104,ussd_s002619,0.4637,0.0141,-0.0379,0.0,0
ussd_0352,ussd_s002620,-0.0751,0.6186,0.7004,0.0,0
ussd_0176,ussd_s002621,-0.3436,1.9502,-0.0892,0.0,0
ussd_0015,ussd_s002622,-0.7906,0.9993,-0.112,0.0,0
ussd_0264,ussd_s002623,1.2641,1.1164,0.3434,0.9204,0
ussd_0166,ussd_s002624,0.8169,0.3494,-0.3327,0.0,0
ussd_0295,ussd_s002625,-0.474,0.3782,-0.1366,0.0,0
ussd_0016,ussd_s002626,5.4252,1.2853,10.2436,0.0,1
ussd_0374,ussd_s002627,0.8757,0.6445,-0.3138,0.0,0
ussd_0343,ussd_s002628,0.9014,1.3092,-0.1302,0.0,0
ussd_0158,ussd_s002629,0.0012,0.4802,1.514,0.9214,0
ussd_0167,ussd_s002630,-0.278,2.3388,-0.618,0.0,0
ussd_0138,ussd_s002631,-0.8538,0.81,-0.2683,0.0,0
ussd_0422,ussd_s002632,-0.4473,0.9365,-0.112,0.7109,0
ussd_0249,ussd_s002633,0.017,1.8339,-0.5232,0.8893,0
ussd_0065,ussd_s002634,-0.5185,0.0594,-0.3807,0.0,0
ussd_0338,ussd_s002635,-0.3219,0.2111,-0.1227,0.0,0
ussd_0221,ussd_s002636,-0.0413,0.4283,0.8531,0.0,0
ussd_0179,ussd_s002637,0.2412,0.4065,1.3457,0.0,0
ussd_0104,ussd_s002638,-0.3669,0.4793,-0.0379,0.0,0
ussd_0216,ussd_s002639,10.8056,2.5104,7.4066,0.7125,1
ussd_0049,ussd_s002640,2.8344,0.8188,0.4231,0.0,0
ussd_0202,ussd_s002641,0.001,0.7714,-0.0483,0.0,0
ussd_0442,ussd_s002642,-0.7351,0.0119,-0.17,0.0,0
ussd_0402,ussd_s002643,-0.3797,0.335,-0.1808,0.9386,0
ussd_0342,ussd_s002644,-0.8816,0.3232,-0.0193,0.0,0
ussd_0198,ussd_s002645,-0.6552,0.0208,0.1783,0.8457,0
ussd_0231,ussd_s002646,-0.5577,0.3465,-0.6587,0.0,0
ussd_0092,ussd_s002647,0.6289,0.29,-0.18,0.0,0
ussd_0250,ussd_s002648,-0.7035,0.8336,-0.5623,0.6003,0
ussd_0096,ussd_s002649,-0.0174,2.0692,-0.2509,0.9419,0
ussd_0229,ussd_s002650,-0.7262,0.6794,1.3175,0.582,0
ussd_0310,ussd_s002651,-0.0765,0.8624,-0.0456,0.0,0
ussd_0302,ussd_s002652,-0.4883,0.0344,-0.2993,0.0,0
ussd_0291,ussd_s002653,7.4136,1.1384,10.8182,0.0,1
ussd_0094,ussd_s002654,-0.0685,0.3569,-0.2243,0.0,0
ussd_0220,ussd_s002655,-0.1788,0.4144,-0.1229,0.0,0
ussd_0330,ussd_s002656,11.0759,0.3076,4.4244,0.8782,1
ussd_0104,ussd_s002657,0.3522,0.1973,-0.0379,0.0,0
ussd_0234,ussd_s002658,0.4197,1.1988,-0.2617,0.0,0
ussd_0417,ussd_s002659,1.0792,0.9012,-0.1046,0.0,0
ussd_0392,ussd_s002660,-0.5288,0.2045,0.7247,0.9428,0
ussd_0254,ussd_s002661,-0.186,1.6073,-0.0603,0.0,0
ussd_0118,ussd_s002662,0.8483,0.8581,-0.639,0.0,0
ussd_0095,ussd_s002663,-0.6128,0.2733,-0.3759,0.0,0
ussd_0124,ussd_s002664,-0.8251,2.9232,0.671,0.0,0
ussd_0353,ussd_s002665,0.208,0.1636,-0.5978,0.0,0
ussd_0031,ussd_s002666,0.2868,0.149,0.6491,0.0,0
ussd_0074,ussd_s002667,0.3882,0.0139,0.9106,0.0,0
ussd_0248,ussd_s002668,0.6319,1.3945,-0.5853,0.0,0
ussd_0224,ussd_s002669,0.212,0.6092,-0.2677,0.0,0
ussd_0258,ussd_s002670,-0.7084,1.5148,-0.0176,0.0,0
ussd_0160,ussd_s002671,-0.2237,2.1015,0.3489,0.879,0
ussd_0318,ussd_s002672,-0.1837,1.1792,-0.2747,0.5436,0
ussd_0418,ussd_s002673,7.1084,0.8127,0.5295,0.0,0
ussd_0033,ussd_s002674,-0.6536,1.112,-0.1989,0.0,0
ussd_0279,ussd_s002675,-0.5672,0.6378,-0.3304,0.0,0
ussd_0162,ussd_s002676,-0.0747,0.8806,-0.6145,0.9543,0
ussd_0293,ussd_s002677,-0.5389,1.0378,-0.1511,0.0,0
ussd_0102,ussd_s002678,0.4655,0.501,-0.2764,0.0,0
ussd_0346,ussd_s002679,0.3994,0.2569,-0.4477,0.0,0
ussd_0043,ussd_s002680,0.4753,0.8997,-0.5039,0.0,0
ussd_0172,ussd_s002681,8.8313,5.8963,6.1955,0.9157,1
ussd_0233,ussd_s002682,-0.7794,0.7742,-0.2472,0.7872,0
ussd_0128,ussd_s002683,1.5479,0.4319,-0.0275,0.0,0
ussd_0333,ussd_s002684,-0.628,1.1809,-0.3544,0.0,0
ussd_0076,ussd_s002685,0.4205,0.0357,-0.3912,0.0,0
ussd_0059,ussd_s002686,-0.7233,1.9891,-0.3921,0.0,0
ussd_0173,ussd_s002687,-0.2837,0.452,-0.0531,0.0,0
ussd_0144,ussd_s002688,0.6706,0.6213,-0.2019,0.7224,0
ussd_0089,ussd_s002689,-0.3377,0.0105,-0.3172,0.0,0
ussd_0290,ussd_s002690,0.7043,1.7115,-0.4046,0.0,0
ussd_0267,ussd_s002691,0.9664,0.286,-0.3244,0.8579,0
ussd_0252,ussd_s002692,-0.7155,1.3318,-0.1521,0.0,0
ussd_0085,ussd_s002693,-0.2195,0.9039,-0.2852,0.0,0
ussd_0416,ussd_s002694,-0.2585,0.8657,-0.2853,0.8605,0
ussd_0066,ussd_s002695,-0.6298,0.5743,0.4714,0.515,0
ussd_0280,ussd_s002696,4.7353,1.9185,4.2272,0.8521,1
ussd_0448,ussd_s002697,-0.4535,0.8701,-0.2068,0.0,0
ussd_0362,ussd_s002698,2.7734,0.6247,-0.3611,0.0,0
ussd_0125,ussd_s002699,2.7728,0.1263,-0.2354,0.0,0
ussd_0051,ussd_s002700,-0.7098,1.4216,-0.297,0.0,0
ussd_0059,ussd_s002701,-0.6164,0.368,-0.3921,0.0,0
ussd_0441,ussd_s002702,-0.5119,0.0932,-0.3002,0.0,0
ussd_0099,ussd_s002703,1.8027,0.304,-0.0273,0.0,0
ussd_0240,ussd_s002704,-0.9462,1.7887,-0.234,0.0,0
ussd_0428,ussd_s002705,-0.3004,1.3052,1.3881,0.0,0
ussd_0120,ussd_s002706,-0.1427,1.3017,-0.2178,0.0,0
ussd_0126,ussd_s002707,-0.4951,1.4509,-0.1537,0.4802,0
ussd_0240,ussd_s002708,-0.1409,0.269,1.2981,0.0,0
ussd_0270,ussd_s002709,-0.523,1.1077,-0.3367,0.0,0
ussd_0441,ussd_s002710,-0.8493,0.5543,1.0994,0.0,0
ussd_0218,ussd_s002711,-0.5707,0.0036,-0.0704,0.6736,0
ussd_0257,ussd_s002712,1.2465,1.0762,-0.0849,0.0,0
ussd_0440,ussd_s002713,2.1594,0.0322,-0.201,0.0,0
ussd_0114,ussd_s002714,0.4625,0.1902,-0.1616,0.6154,0
ussd_0348,ussd_s002715,0.0143,0.2772,-0.2464,0.0,0
ussd_0280,ussd_s002716,-0.6355,0.2024,-0.2533,0.0,0
ussd_0112,ussd_s002717,-0.6995,2.8194,1.0543,0.7593,0
ussd_0104,ussd_s002718,0.0894,0.334,-0.0379,0.0,0
ussd_0084,ussd_s002719,-0.007,0.6905,-0.443,0.0,0
ussd_0167,ussd_s002720,-0.6701,0.9166,0.9098,0.0,0
ussd_0143,ussd_s002721,0.2139,1.1576,-0.6482,0.0,0
ussd_0256,ussd_s002722,-0.8976,1.5182,-0.2859,0.5648,0
ussd_0218,ussd_s002723,-0.5625,0.5323,-0.0704,0.6736,0
ussd_0165,ussd_s002724,11.3293,0.2888,1.1234,0.0,1
ussd_0449,ussd_s002725,0.1846,1.191,-0.2688,0.0,0
ussd_0062,ussd_s002726,-0.5432,0.7903,1.0066,0.0,0
ussd_0144,ussd_s002727,-0.3424,0.974,0.3301,0.7224,0
ussd_0258,ussd_s002728,-0.617,2.0844,-0.0176,0.0,0
ussd_0441,ussd_s002729,-0.3822,2.1621,-0.3002,0.0,0
ussd_0329,ussd_s002730,-0.7483,1.1804,0.5087,0.0,0
ussd_0411,ussd_s002731,1.4542,0.8184,-0.0558,0.0,0
ussd_0125,ussd_s002732,-0.8381,1.3453,-0.2354,0.0,0
ussd_0009,ussd_s002733,0.8322,0.0414,0.8452,0.8032,0
ussd_0415,ussd_s002734,-0.6184,0.2056,-0.2031,0.0,0
ussd_0103,ussd_s002735,-0.3384,1.1091,-0.3125,0.0,0
ussd_0073,ussd_s002736,-0.5124,1.0823,-0.6339,0.0,0
ussd_0346,ussd_s002737,-0.235,0.2258,0.657,0.0,0
ussd_0028,ussd_s002738,1.2346,0.3005,-0.5506,0.0,0
ussd_0311,ussd_s002739,-0.2971,1.3219,-0.1529,0.0,0
ussd_0392,ussd_s002740,-0.5425,0.4153,-0.4251,0.9428,0
ussd_0177,ussd_s002741,0.0624,2.8185,-0.4694,0.0,0
ussd_0196,ussd_s002742,-0.3315,1.4245,-0.4157,0.4478,0
ussd_0087,ussd_s002743,1.7963,0.0326,-0.3481,0.0,0
ussd_0297,ussd_s002744,-0.2425,0.8757,-0.3748,0.0,0
ussd_0257,ussd_s002745,-0.0219,0.7697,-0.0849,0.0,0
ussd_0439,ussd_s002746,0.5477,0.5159,0.849,0.5928,0
ussd_0271,ussd_s002747,-0.6818,1.2355,-0.1323,0.6586,0
ussd_0276,ussd_s002748,-0.9325,0.3089,-0.3862,0.0,0
ussd_0011,ussd_s002749,-0.5332,0.7743,-0.3409,0.9374,0
ussd_0267,ussd_s002750,-0.4928,0.6038,1.0268,0.8579,0
ussd_0178,ussd_s002751,-0.0404,2.4527,-0.3982,0.0,0
ussd_0340,ussd_s002752,1.0028,0.7637,-0.2047,0.0,0
ussd_0113,ussd_s002753,0.4215,0.5352,0.2222,0.0,0
ussd_0314,ussd_s002754,1.7149,0.9637,-0.2413,0.9397,0
ussd_0262,ussd_s002755,-0.1319,0.3543,-0.0514,0.0,0
ussd_0220,ussd_s002756,-0.7084,0.0372,-0.1229,0.0,0
ussd_0024,ussd_s002757,-0.4661,0.589,-0.042,0.9298,0
ussd_0110,ussd_s002758,2.9823,0.228,-0.3506,0.0,0
ussd_0384,ussd_s002759,0.2367,1.8987,0.6801,0.8505,0
ussd_0281,ussd_s002760,-0.6385,0.958,-0.3218,0.0,0
ussd_0046,ussd_s002761,1.895,1.2437,0.6951,0.0,0
ussd_0297,ussd_s002762,-0.7728,0.1808,-0.3748,0.0,0
ussd_0231,ussd_s002763,0.5772,0.3139,0.0238,0.0,0
ussd_0322,ussd_s002764,4.1631,0.1521,-0.2737,0.0,1
ussd_0082,ussd_s002765,-0.2487,0.7079,-0.4217,0.0,0
ussd_0186,ussd_s002766,-0.2195,0.6917,-0.4026,0.087,0
ussd_0148,ussd_s002767,0.0207,1.3028,-0.509,0.0,0
ussd_0055,ussd_s002768,-0.1439,1.0387,-0.2393,0.6067,0
ussd_0308,ussd_s002769,5.3435,0.1482,-0.0672,0.0,0
ussd_0191,ussd_s002770,15.2449,0.4508,3.5535,0.9766,1
ussd_0277,ussd_s002771,1.119,0.057,-0.6207,0.9062,0
ussd_0258,ussd_s002772,-0.753,1.2601,-0.0176,0.0,0
ussd_0421,ussd_s002773,-0.4067,0.482,-0.0654,0.0,0
ussd_0169,ussd_s002774,6.3511,2.4345,2.2779,0.0,1
ussd_0405,ussd_s002775,2.6956,2.3322,3.2025,0.8059,1
ussd_0171,ussd_s002776,-0.5874,0.7678,-0.3682,0.0,0
ussd_0031,ussd_s002777,-0.6257,1.1947,-0.4503,0.0,0
ussd_0218,ussd_s002778,-0.4011,0.6276,-0.0704,0.6736,0
ussd_0052,ussd_s002779,-0.2427,0.3109,-0.2057,0.5566,0
ussd_0051,ussd_s002780,1.0776,0.1416,-0.297,0.0,0
ussd_0373,ussd_s002781,-0.7045,1.1452,-0.4251,0.0,0
ussd_0224,ussd_s002782,-0.8538,0.3901,-0.2677,0.0,0
ussd_0308,ussd_s002783,-0.5751,0.4598,-0.0672,0.0,0
ussd_0425,ussd_s002784,-0.4025,0.1742,0.7164,0.0,0
ussd_0407,ussd_s002785,-0.7977,1.1125,-0.6884,0.0,0
ussd_0325,ussd_s002786,-0.7369,0.1944,-0.1796,0.0,0
ussd_0307,ussd_s002787,0.3404,1.6344,0.1645,0.0,0
ussd_0316,ussd_s002788,-0.0223,1.0976,-0.0791,0.0,0
ussd_0119,ussd_s002789,-0.2751,0.2691,-0.266,0.0,0
ussd_0381,ussd_s002790,-0.414,0.3291,-0.1529,0.0,0
ussd_0410,ussd_s002791,0.5718,0.4833,1.8727,0.0,0
ussd_0428,ussd_s002792,-0.6674,0.1353,-0.204,0.0,0
ussd_0367,ussd_s002793,-0.7043,0.4752,-0.0301,0.1755,0
ussd_0192,ussd_s002794,2.5499,0.2384,-0.4069,0.8179,0
ussd_0035,ussd_s002795,-0.6322,0.8896,-0.4045,0.0,0
ussd_0053,ussd_s002796,0.1594,1.9996,-0.4112,0.0,0
ussd_0149,ussd_s002797,-0.6055,0.3146,-0.2069,0.0,0
ussd_0120,ussd_s002798,-0.2439,0.3096,-0.2178,0.0,0
ussd_0167,ussd_s002799,0.5352,1.2966,1.6737,0.0,0
ussd_0090,ussd_s002800,-0.318,1.7857,-0.3926,0.0165,0
ussd_0226,ussd_s002801,-0.1537,1.346,-0.425,0.0,0
ussd_0217,ussd_s002802,0.0752,0.1299,0.5947,0.0,0
ussd_0053,ussd_s002803,-0.0106,0.6601,-0.4112,0.0,0
ussd_0244,ussd_s002804,0.2529,1.4445,1.4974,0.68,0
ussd_0365,ussd_s002805,-0.3235,0.2983,-0.0713,0.0,0
ussd_0363,ussd_s002806,2.4765,0.201,-0.0892,0.9519,0
ussd_0254,ussd_s002807,-0.9082,1.2717,-0.0603,0.0,0
ussd_0310,ussd_s002808,-0.3898,0.1129,-0.0456,0.0,0
ussd_0066,ussd_s002809,-0.566,1.3441,-0.5095,0.515,0
ussd_0154,ussd_s002810,2.142,1.1483,0.3526,0.0,0
ussd_0024,ussd_s002811,-0.1324,0.64,-0.042,0.9298,0
ussd_0443,ussd_s002812,-0.6907,0.8276,1.2604,0.0,0
ussd_0099,ussd_s002813,-0.1109,1.1014,-0.0273,0.0,0
ussd_0056,ussd_s002814,-0.3004,0.1655,0.9373,0.0,0
ussd_0343,ussd_s002815,-0.4345,0.4245,-0.1302,0.0,0
ussd_0374,ussd_s002816,3.888,1.4629,-0.3138,0.0,0
ussd_0023,ussd_s002817,-0.4845,0.1709,-0.4193,0.0,0
ussd_0144,ussd_s002818,0.3999,0.2767,-0.734,0.7224,0
ussd_0004,ussd_s002819,7.515,1.8946,-0.5538,0.0,1
ussd_0308,ussd_s002820,-0.7044,1.6597,-0.6891,0.0,0
ussd_0027,ussd_s002821,-0.2434,1.6409,-0.388,0.0,0
ussd_0065,ussd_s002822,-0.5925,2.2517,-0.3807,0.0,0
ussd_0233,ussd_s002823,0.4266,0.2125,1.2585,0.7872,0
ussd_0148,ussd_s002824,1.1547,0.6046,-0.509,0.0,0
ussd_0234,ussd_s002825,-0.4828,0.2106,-0.2617,0.0,0
ussd_0406,ussd_s002826,-0.6989,0.1912,-0.1994,0.0,0
ussd_0009,ussd_s002827,0.6383,0.9548,0.8452,0.8032,0
ussd_0406,ussd_s002828,-0.1617,1.5017,-0.1994,0.0,0
ussd_0043,ussd_s002829,0.173,0.6579,0.4883,0.0,0
ussd_0323,ussd_s002830,-0.4269,0.6046,3.0382,0.5402,0
ussd_0398,ussd_s002831,0.1341,0.0919,-0.3386,0.0,0
ussd_0020,ussd_s002832,-0.0754,0.2336,-0.5595,0.0,0
ussd_0382,ussd_s002833,-0.3682,0.9093,0.5387,0.0,0
ussd_0424,ussd_s002834,-0.733,1.799,-0.3623,0.1979,0
ussd_0185,ussd_s002835,1.0054,0.915,-0.3021,0.0,0
ussd_0292,ussd_s002836,-0.8153,0.4911,-0.3993,0.0,0
ussd_0287,ussd_s002837,-0.6406,0.9244,-0.6304,0.0,0
ussd_0210,ussd_s002838,3.3062,0.5934,1.9028,0.9967,1
ussd_0408,ussd_s002839,0.1314,0.5123,1.0066,0.0,0
ussd_0109,ussd_s002840,-0.0694,1.7926,-0.4794,0.9921,0
ussd_0423,ussd_s002841,0.2207,1.307,-0.46,0.0,0
ussd_0101,ussd_s002842,1.4924,0.3348,-0.3326,0.0,0
ussd_0005,ussd_s002843,-0.5714,0.6752,0.544,0.0,0
ussd_0123,ussd_s002844,0.0817,1.1449,-0.303,0.6336,0
ussd_0045,ussd_s002845,-0.5113,0.4329,-0.3986,0.7862,0
ussd_0317,ussd_s002846,0.2247,0.8861,-0.3401,0.0,0
ussd_0008,ussd_s002847,-0.3578,0.028,1.0842,0.0,0
ussd_0147,ussd_s002848,-0.6059,0.2951,1.2391,0.0,0
ussd_0413,ussd_s002849,-0.3404,0.8718,-0.4768,0.1418,0
ussd_0171,ussd_s002850,-0.198,1.8135,-0.3682,0.0,0
ussd_0013,ussd_s002851,-0.1884,0.9753,-0.3241,0.0,0
ussd_0131,ussd_s002852,0.1777,0.4442,-0.0764,0.0,0
ussd_0014,ussd_s002853,-0.5337,1.5697,0.8142,0.0,0
ussd_0085,ussd_s002854,0.2604,0.295,-0.2852,0.0,0
ussd_0197,ussd_s002855,-0.5661,0.8734,0.8574,0.0,0
ussd_0382,ussd_s002856,-0.0545,1.3536,-0.4871,0.0,0
ussd_0101,ussd_s002857,-0.5419,1.124,-0.3326,0.0,0
ussd_0212,ussd_s002858,0.4181,0.7256,-0.0421,0.0,0
ussd_0040,ussd_s002859,0.0759,0.9557,0.0429,0.0,0
ussd_0404,ussd_s002860,-0.3175,1.0938,0.4405,0.5724,0
ussd_0429,ussd_s002861,-0.8185,1.7555,-0.1241,0.0,0
ussd_0321,ussd_s002862,-0.7354,0.8552,-0.019,0.0,0
ussd_0178,ussd_s002863,1.5462,0.2751,-0.3982,0.0,0
ussd_0366,ussd_s002864,-0.393,1.5345,-0.2035,0.0,0
ussd_0069,ussd_s002865,-0.3148,0.4157,-0.251,0.8844,0
ussd_0349,ussd_s002866,0.9368,0.0727,-0.4904,0.0,0
ussd_0037,ussd_s002867,4.8115,1.1883,2.8797,0.0,1
ussd_0296,ussd_s002868,-0.7127,0.0377,-0.4848,0.0,0
ussd_0005,ussd_s002869,0.8658,0.8395,-0.4853,0.0,0
ussd_0233,ussd_s002870,0.4171,2.0585,-0.2472,0.7872,0
ussd_0080,ussd_s002871,-0.1236,0.1355,-0.3273,0.0,0
ussd_0069,ussd_s002872,-0.6408,0.2703,-0.251,0.8844,0
ussd_0368,ussd_s002873,-0.6078,0.6194,-0.0781,0.0,0
ussd_0123,ussd_s002874,-0.9588,0.5422,-0.303,0.6336,0
ussd_0048,ussd_s002875,-0.59,0.6109,-0.1091,0.0,0
ussd_0233,ussd_s002876,8.7275,1.0136,8.7869,0.7872,1
ussd_0284,ussd_s002877,-0.2297,1.3132,-0.3243,0.4201,0
ussd_0262,ussd_s002878,-0.7399,1.2514,-0.0514,0.0,0
ussd_0265,ussd_s002879,-0.7267,0.8362,-0.2231,0.0,0
ussd_0194,ussd_s002880,1.6538,0.1613,1.5366,0.6378,0
ussd_0148,ussd_s002881,0.4585,0.1462,-0.509,0.0,0
ussd_0078,ussd_s002882,0.3084,0.8226,0.1674,0.0,0
ussd_0131,ussd_s002883,0.5427,0.0484,-0.0764,0.0,0
ussd_0033,ussd_s002884,-0.4111,0.4565,3.0053,0.0,0
ussd_0330,ussd_s002885,1.2169,1.2255,0.8081,0.0,0
ussd_0058,ussd_s002886,-0.8158,0.6383,-0.5123,0.0,0
ussd_0442,ussd_s002887,1.7548,0.7462,-0.17,0.0,0
ussd_0280,ussd_s002888,0.2725,0.3071,-0.2533,0.0,0
ussd_0200,ussd_s002889,-0.4128,0.5932,-0.2674,0.9146,0
ussd_0271,ussd_s002890,0.1561,0.1637,-0.1323,0.6586,0
ussd_0029,ussd_s002891,0.2882,0.8738,-0.5084,0.0,0
ussd_0248,ussd_s002892,-0.148,1.095,0.2442,0.0,0
ussd_0408,ussd_s002893,0.3982,0.5901,-0.5987,0.0,0
ussd_0178,ussd_s002894,0.2209,0.2958,-0.3982,0.0,0
ussd_0046,ussd_s002895,27.5653,0.8374,5.2154,0.0,1
ussd_0377,ussd_s002896,-0.8023,1.4543,-0.4784,0.0,0
ussd_0363,ussd_s002897,1.9584,0.8219,-0.0892,0.9519,0
ussd_0225,ussd_s002898,-0.6706,1.7175,-0.0297,0.0,0
ussd_0206,ussd_s002899,-0.6617,0.1511,-0.0379,0.0,0
ussd_0249,ussd_s002900,-0.0637,1.1973,0.4303,0.8893,0
ussd_0428,ussd_s002901,-0.2421,0.7184,-0.204,0.0,0
ussd_0269,ussd_s002902,0.2622,0.8381,-0.0395,0.0,0
ussd_0185,ussd_s002903,0.7776,0.7666,-0.3021,0.0,0
ussd_0348,ussd_s002904,-0.473,1.3565,-0.2464,0.0,0
ussd_0316,ussd_s002905,-0.8912,0.0163,-0.0791,0.0,0
ussd_0113,ussd_s002906,0.0507,0.778,1.8518,0.0,0
ussd_0096,ussd_s002907,-0.0411,0.5129,-0.2509,0.9419,0
ussd_0018,ussd_s002908,-0.7162,0.663,0.8328,0.0,0
ussd_0166,ussd_s002909,1.0326,0.1009,-0.3327,0.0,0
ussd_0423,ussd_s002910,-0.6999,1.3755,-0.46,0.0,0
ussd_0124,ussd_s002911,-0.6665,0.7411,-0.443,0.0,0
ussd_0380,ussd_s002912,-0.9254,0.285,-0.228,0.697,0
ussd_0171,ussd_s002913,-0.2894,0.0828,-0.3682,0.0,0
ussd_0402,ussd_s002914,-0.5405,1.0541,-0.1808,0.9386,0
ussd_0159,ussd_s002915,-0.3447,0.8816,-0.0377,0.0,0
ussd_0108,ussd_s002916,-0.668,0.3624,-0.4641,0.4636,0
ussd_0166,ussd_s002917,-0.0819,0.3198,-0.3327,0.0,0
ussd_0392,ussd_s002918,0.2406,1.0205,-0.4251,0.9428,0
ussd_0365,ussd_s002919,-0.6424,0.016,-0.0713,0.0,0
ussd_0142,ussd_s002920,-0.4925,0.4173,1.7668,0.0,0
ussd_0357,ussd_s002921,0.6811,0.4749,-0.2504,0.0,0
ussd_0252,ussd_s002922,0.9761,2.161,-0.1521,0.0,0
ussd_0055,ussd_s002923,8.0268,0.0534,13.4532,0.6067,1
ussd_0124,ussd_s002924,0.0046,0.3267,0.671,0.0,0
ussd_0210,ussd_s002925,-0.1691,0.7482,0.2441,0.0,0
ussd_0282,ussd_s002926,-0.882,0.6082,1.5707,0.0,0
ussd_0403,ussd_s002927,-0.4791,0.7236,-0.303,0.0,0
ussd_0064,ussd_s002928,-0.8698,1.0583,1.0877,0.0,0
ussd_0377,ussd_s002929,-0.7395,0.1016,-0.4784,0.0,0
ussd_0276,ussd_s002930,0.0146,0.186,0.8413,0.0,0
ussd_0215,ussd_s002931,2.9003,0.21,-0.4456,0.0,0
ussd_0354,ussd_s002932,-0.1577,1.8252,0.8583,0.0,0
ussd_0347,ussd_s002933,-0.6926,0.6491,-0.3832,0.0,0
ussd_0218,ussd_s002934,-0.1046,1.8643,-0.0704,0.6736,0
ussd_0332,ussd_s002935,-0.1593,0.1332,-0.1385,0.0,0
ussd_0051,ussd_s002936,-0.6156,0.5837,-0.297,0.0,0
ussd_0048,ussd_s002937,0.0007,0.6974,-0.1091,0.0,0
ussd_0098,ussd_s002938,-0.513,0.5432,-0.1481,0.0,0
ussd_0438,ussd_s002939,-0.7603,1.1537,-0.2666,0.8982,0
ussd_0001,ussd_s002940,-0.5796,0.8029,-0.2033,0.0,0
ussd_0382,ussd_s002941,1.2412,0.5775,0.5387,0.0,0
ussd_0358,ussd_s002942,-0.6665,0.2749,-0.1161,0.0,0
ussd_0280,ussd_s002943,-0.1432,0.2667,-0.2533,0.0,0
ussd_0132,ussd_s002944,-0.7545,0.0758,-0.2549,0.0,0
ussd_0448,ussd_s002945,-0.4368,0.8087,-0.2068,0.0,0
ussd_0046,ussd_s002946,2.6434,0.024,1.8252,0.0,0
ussd_0318,ussd_s002947,0.8166,1.1395,-0.2747,0.5436,0
ussd_0138,ussd_s002948,9.7731,2.2959,5.5853,0.0,1
ussd_0423,ussd_s002949,3.1814,2.0041,2.0599,0.0,1
ussd_0026,ussd_s002950,1.0377,0.3928,-0.3359,0.0,0
ussd_0208,ussd_s002951,-0.6742,0.5686,-0.518,0.5813,0
ussd_0061,ussd_s002952,0.0932,1.8052,-0.5219,0.8677,0
ussd_0143,ussd_s002953,-0.2486,0.1292,0.0554,0.0,0
ussd_0208,ussd_s002954,0.3315,0.3057,-0.518,0.5813,0
ussd_0394,ussd_s002955,0.17,0.0188,-0.08,0.0,0
ussd_0408,ussd_s002956,1.2336,0.5088,0.2039,0.0,0
ussd_0406,ussd_s002957,0.3786,2.4436,-0.1994,0.0,0
ussd_0352,ussd_s002958,-0.7732,0.4191,0.0202,0.0,0
ussd_0071,ussd_s002959,-0.3274,1.5692,-0.2102,0.0,0
ussd_0239,ussd_s002960,-0.0046,0.3653,-0.7018,0.0,0
ussd_0344,ussd_s002961,-0.729,1.2195,-0.1112,0.0,0
ussd_0234,ussd_s002962,-0.2577,1.4774,-0.2617,0.0,0
ussd_0352,ussd_s002963,-0.7461,0.5606,-0.6599,0.0,0
ussd_0055,ussd_s002964,0.4667,1.4956,-0.2393,0.6067,0
ussd_0417,ussd_s002965,0.0564,0.5043,-0.1046,0.0,0
ussd_0390,ussd_s002966,-0.5965,0.9784,0.1833,0.0,0
ussd_0245,ussd_s002967,-0.7456,2.322,-0.2456,0.0,0
ussd_0389,ussd_s002968,-0.4174,1.3592,0.937,0.7365,0
ussd_0436,ussd_s002969,-0.6868,0.9244,-0.3421,0.0,0
ussd_0196,ussd_s002970,-0.7408,1.1616,0.7528,0.4478,0
ussd_0149,ussd_s002971,0.0193,1.1086,-0.2069,0.0,0
ussd_0268,ussd_s002972,0.3514,0.743,-0.0551,0.0,0
ussd_0122,ussd_s002973,-0.2195,0.6132,0.3911,0.0,0
ussd_0205,ussd_s002974,-0.6928,1.1542,-0.178,0.9936,0
ussd_0220,ussd_s002975,-0.4808,1.6068,-0.1229,0.0,0
ussd_0018,ussd_s002976,3.215,0.6254,0.8328,0.0,1
ussd_0193,ussd_s002977,-0.5828,0.8472,-0.6907,0.0,0
ussd_0330,ussd_s002978,-0.534,0.3314,-0.3973,0.0,0
ussd_0077,ussd_s002979,-0.7719,1.4197,-0.0916,0.0,0
ussd_0263,ussd_s002980,0.1968,0.2321,-0.1377,0.0,0
ussd_0317,ussd_s002981,7.1269,0.9278,4.9388,0.8025,1
ussd_0038,ussd_s002982,-0.8808,0.1053,-0.4487,0.0823,0
ussd_0043,ussd_s002983,-0.7939,1.9638,-0.5039,0.0,0
ussd_0211,ussd_s002984,-0.3084,0.8748,-0.4115,0.0,0
ussd_0168,ussd_s002985,-0.5649,0.3527,-0.6184,0.1778,0
ussd_0326,ussd_s002986,1.3811,1.2842,-0.0673,0.0957,0
ussd_0040,ussd_s002987,-0.5574,0.5907,0.0429,0.0,0
ussd_0264,ussd_s002988,-0.7278,0.3074,-0.5522,0.9204,0
ussd_0420,ussd_s002989,-0.1628,2.4388,-0.3617,0.6651,0
ussd_0117,ussd_s002990,-0.4284,0.6379,-0.1106,0.0,0
ussd_0101,ussd_s002991,0.7196,1.4784,-0.3326,0.0,0
ussd_0322,ussd_s002992,-0.5318,0.406,1.179,0.0,0
ussd_0355,ussd_s002993,-0.6768,0.7238,-0.4131,0.0,0
ussd_0081,ussd_s002994,-0.4503,1.6271,-0.6754,0.0,0
ussd_0420,ussd_s002995,-0.1843,0.3915,-0.3617,0.6651,0
ussd_0300,ussd_s002996,-0.1943,0.05,-0.0156,0.0,0
ussd_0432,ussd_s002997,1.2636,0.8359,1.1526,0.0,0
ussd_0339,ussd_s002998,-0.6753,0.5809,-0.0323,0.4612,0
ussd_0232,ussd_s002999,0.0619,0.4677,-0.5171,0.0,0
ussd_0348,ussd_s003000,-0.7035,0.8959,-0.2464,0.0,0
ussd_0089,ussd_s003001,-0.1596,1.0923,-0.3172,0.0,0
ussd_0299,ussd_s003002,-0.4382,1.2003,-0.2227,0.0,0
ussd_0331,ussd_s003003,0.4004,0.081,-0.2283,0.0,0
ussd_0024,ussd_s003004,-0.4613,0.9929,-0.042,0.9298,0
ussd_0361,ussd_s003005,0.1594,1.0567,-0.1189,0.0474,0
ussd_0149,ussd_s003006,-0.251,0.87,-0.2069,0.0,0
ussd_0132,ussd_s003007,-0.5043,0.3969,-0.2549,0.0,0
ussd_0280,ussd_s003008,9.6271,2.2131,2.7337,0.8734,1
ussd_0244,ussd_s003009,-0.7334,0.2508,0.0703,0.68,0
ussd_0231,ussd_s003010,0.4583,0.0369,0.0238,0.0,0
ussd_0087,ussd_s003011,-0.2103,0.1032,0.9557,0.0,0
ussd_0134,ussd_s003012,-0.342,0.571,0.2647,0.0,0
ussd_0106,ussd_s003013,1.5651,1.8499,0.7355,0.783,0
ussd_0365,ussd_s003014,9.2421,1.1137,5.5011,0.9665,1
ussd_0187,ussd_s003015,1.0781,2.8225,-0.1047,0.822,0
ussd_0164,ussd_s003016,-0.839,0.1092,0.5771,0.0,0
ussd_0070,ussd_s003017,0.1959,1.0766,-0.1596,0.0,0
ussd_0338,ussd_s003018,1.2495,0.0503,-0.1227,0.0,0
ussd_0379,ussd_s003019,-0.2157,1.8031,0.3818,0.0,0
ussd_0338,ussd_s003020,-0.4233,2.3152,-0.1227,0.0,0
ussd_0072,ussd_s003021,-0.6062,0.8274,-0.0655,0.0,0
ussd_0165,ussd_s003022,-0.5504,0.6429,-0.2922,0.0,0
ussd_0224,ussd_s003023,0.4689,0.0279,-0.2677,0.0,0
ussd_0261,ussd_s003024,0.1375,1.0772,0.8232,0.0,0
ussd_0175,ussd_s003025,-0.7515,0.6787,0.7782,0.0,0
ussd_0309,ussd_s003026,-0.641,0.3495,-0.1466,0.0,0
ussd_0309,ussd_s003027,0.2982,0.6655,-0.1466,0.0,0
ussd_0375,ussd_s003028,-0.5194,0.491,-0.2101,0.5622,0
ussd_0340,ussd_s003029,-0.7573,0.4892,-0.7349,0.0,0
ussd_0326,ussd_s003030,-0.6178,0.9624,-0.0673,0.0957,0
ussd_0263,ussd_s003031,-0.2435,1.6853,-0.1377,0.0,0
ussd_0207,ussd_s003032,-0.1911,0.2953,-0.1689,0.2923,0
ussd_0377,ussd_s003033,0.1098,1.6174,2.6509,0.0,0
ussd_0052,ussd_s003034,1.1109,0.521,-0.2057,0.5566,0
ussd_0203,ussd_s003035,0.754,1.2952,-0.0347,0.0,0
ussd_0044,ussd_s003036,-0.455,0.6061,-0.6397,0.8935,0
ussd_0193,ussd_s003037,1.3725,1.2716,-0.0722,0.0,0
ussd_0047,ussd_s003038,1.6143,1.7235,-0.3995,0.8009,0
ussd_0262,ussd_s003039,4.5609,0.3,9.4345,0.9242,1
ussd_0188,ussd_s003040,-0.3971,0.5804,-0.3934,0.0,0
ussd_0051,ussd_s003041,1.2506,0.1193,-0.297,0.0,0
ussd_0266,ussd_s003042,-0.8357,2.986,-0.5966,0.6032,0
ussd_0088,ussd_s003043,-0.2894,0.2892,-0.0345,0.0,0
ussd_0025,ussd_s003044,0.4052,1.5729,-0.2707,0.0,0
ussd_0143,ussd_s003045,-0.1895,0.2747,1.4626,0.0,0
ussd_0382,ussd_s003046,-0.754,0.6323,-0.4871,0.0,0
ussd_0282,ussd_s003047,-0.7711,1.9092,0.5424,0.0,0
ussd_0375,ussd_s003048,-0.8269,1.307,-0.2101,0.5622,0
ussd_0182,ussd_s003049,0.3656,0.9568,-0.6179,0.9517,0
ussd_0302,ussd_s003050,-0.4617,0.0255,-0.2993,0.0,0
ussd_0309,ussd_s003051,-0.4289,0.102,-0.1466,0.0,0
ussd_0018,ussd_s003052,-0.4249,0.1839,-0.3891,0.0,0
ussd_0213,ussd_s003053,0.2474,1.9711,-0.4046,0.0,0
ussd_0160,ussd_s003054,0.0117,0.9356,1.2481,0.879,0
ussd_0080,ussd_s003055,-0.8429,1.2426,-0.3273,0.0,0
ussd_0383,ussd_s003056,7.2237,6.0367,13.6075,0.7529,1
ussd_0272,ussd_s003057,0.3293,1.4772,-0.364,0.0,0
ussd_0387,ussd_s003058,-0.7088,0.7774,-0.3918,0.0,0
ussd_0395,ussd_s003059,-0.5507,0.4887,1.849,0.0,0
ussd_0037,ussd_s003060,-0.4209,0.0101,0.2932,0.0,0
ussd_0218,ussd_s003061,-0.49,0.0809,1.7888,0.6736,0
ussd_0277,ussd_s003062,-0.7078,0.0583,-0.6207,0.9062,0
ussd_0137,ussd_s003063,-0.8738,1.3927,-0.3588,0.0,0
ussd_0050,ussd_s003064,-0.4427,1.7971,0.0871,0.0,0
ussd_0425,ussd_s003065,-0.7726,0.4377,-0.4279,0.0,0
ussd_0109,ussd_s003066,0.0364,0.1052,0.5618,0.9921,0
ussd_0099,ussd_s003067,0.4554,0.1845,-0.0273,0.0,0
ussd_0007,ussd_s003068,-0.4296,0.4408,0.6908,0.0,0
ussd_0161,ussd_s003069,-0.1329,0.8661,-0.2694,0.0,0
ussd_0236,ussd_s003070,-0.7443,1.2415,-0.2892,0.5753,0
ussd_0283,ussd_s003071,-0.0914,1.2434,-0.4815,0.0953,0
ussd_0165,ussd_s003072,0.269,0.6245,-0.2922,0.0,0
ussd_0190,ussd_s003073,-0.3497,1.0186,2.0362,0.0,0
ussd_0001,ussd_s003074,0.2396,1.092,-0.2033,0.0,0
ussd_0354,ussd_s003075,-0.2925,0.5216,-0.3806,0.0,0
ussd_0378,ussd_s003076,1.0309,0.4949,-0.3986,0.0,0
ussd_0115,ussd_s003077,-0.7623,1.2329,-0.6682,0.5235,0
ussd_0110,ussd_s003078,-0.8638,0.1088,-0.3506,0.0,0
ussd_0254,ussd_s003079,-0.2903,0.9098,-0.0603,0.0,0
ussd_0038,ussd_s003080,-0.1583,0.4126,0.6539,0.0823,0
ussd_0352,ussd_s003081,-0.7954,0.6372,-0.6599,0.0,0
ussd_0081,ussd_s003082,-0.6121,0.2596,-0.0262,0.0,0
ussd_0096,ussd_s003083,-0.4107,0.2224,-0.2509,0.9419,0
ussd_0200,ussd_s003084,0.0031,0.5495,-0.2674,0.9146,0
ussd_0311,ussd_s003085,-0.3075,1.1246,-0.1529,0.0,0
ussd_0210,ussd_s003086,1.5995,1.4894,1.9028,0.0,0
ussd_0126,ussd_s003087,-0.7284,1.8448,-0.1537,0.4802,0
ussd_0427,ussd_s003088,8.6965,0.7123,1.9569,0.8555,1
ussd_0410,ussd_s003089,18.9968,4.5894,2.511,0.0,1
ussd_0248,ussd_s003090,-0.2627,0.0983,0.2442,0.0,0
ussd_0365,ussd_s003091,-0.3847,0.1548,-0.0713,0.0,0
ussd_0150,ussd_s003092,0.6223,0.1471,-0.0428,0.0,0
ussd_0296,ussd_s003093,-0.5748,0.8099,-0.4848,0.0,0
ussd_0371,ussd_s003094,0.6195,0.6819,-0.269,0.0,0
ussd_0125,ussd_s003095,-0.5726,0.1466,-0.2354,0.0,0
ussd_0221,ussd_s003096,0.4179,0.6067,0.1118,0.0,0
ussd_0032,ussd_s003097,-0.2863,1.9012,-0.1019,0.0,0
ussd_0296,ussd_s003098,-0.5941,0.0572,-0.4848,0.0,0
ussd_0405,ussd_s003099,0.5302,2.0382,-0.1595,0.0,0
ussd_0188,ussd_s003100,-0.4997,0.6184,-0.3934,0.0,0
ussd_0333,ussd_s003101,0.3387,0.803,-0.3544,0.0,0
ussd_0003,ussd_s003102,-0.2851,1.7609,2.063,0.9723,0
ussd_0303,ussd_s003103,0.2322,0.2522,-0.1899,0.8018,0
ussd_0067,ussd_s003104,-0.8091,0.1267,-0.0935,0.0,0
ussd_0069,ussd_s003105,-0.2085,1.0218,-0.251,0.8844,0
ussd_0154,ussd_s003106,0.07,0.8,-0.5491,0.0,0
ussd_0083,ussd_s003107,0.6943,0.2485,-0.3606,0.0,0
ussd_0253,ussd_s003108,-0.865,0.3225,-0.1831,0.0,0
ussd_0168,ussd_s003109,-0.9505,0.4748,-0.6184,0.1778,0
ussd_0141,ussd_s003110,-0.6238,0.3037,0.2081,0.4236,0
ussd_0037,ussd_s003111,0.7988,1.3286,-0.5689,0.0,0
ussd_0405,ussd_s003112,-0.4092,0.4527,-0.1595,0.0,0
ussd_0381,ussd_s003113,5.4389,1.4747,3.2356,0.7482,1
ussd_0398,ussd_s003114,-0.606,0.1169,-0.3386,0.0,0
ussd_0154,ussd_s003115,-0.0672,0.0247,0.3526,0.0,0
ussd_0028,ussd_s003116,-0.5973,0.167,0.3483,0.0,0
ussd_0184,ussd_s003117,-0.0386,1.1222,-0.375,0.5665,0
ussd_0149,ussd_s003118,1.9957,0.3092,-0.2069,0.0,0
ussd_0331,ussd_s003119,-0.7955,0.0159,1.3152,0.0,0
ussd_0385,ussd_s003120,-0.7702,0.3225,-0.2846,0.772,0
ussd_0167,ussd_s003121,-0.6906,0.9247,-0.618,0.0,0
ussd_0205,ussd_s003122,-0.6728,1.0257,-0.178,0.9936,0
ussd_0305,ussd_s003123,-0.716,0.5727,-0.2808,0.0,0
ussd_0150,ussd_s003124,-0.6463,1.3884,-0.0428,0.0,0
ussd_0097,ussd_s003125,-0.4163,0.5768,-0.4961,0.7079,0
ussd_0345,ussd_s003126,-0.4402,1.1045,-0.2127,0.0,0
ussd_0367,ussd_s003127,-0.3867,2.4094,-0.0301,0.1755,0
ussd_0076,ussd_s003128,-0.8488,0.5767,-0.3912,0.0,0
ussd_0381,ussd_s003129,-0.5867,1.0469,-0.1529,0.0,0
ussd_0324,ussd_s003130,0.1424,0.0868,-0.2742,0.0,0
ussd_0118,ussd_s003131,10.0009,0.3507,2.9705,0.0,1
ussd_0292,ussd_s003132,8.3644,0.3244,-0.3993,0.817,1
ussd_0222,ussd_s003133,0.8303,0.4539,-0.5842,0.0,0
ussd_0188,ussd_s003134,-0.2672,1.0217,-0.3934,0.0,0
ussd_0323,ussd_s003135,-0.2962,0.842,-0.1924,0.5402,0
ussd_0427,ussd_s003136,1.5475,0.2474,-0.0144,0.8555,0
ussd_0258,ussd_s003137,-0.6046,2.0316,-0.0176,0.0,0
ussd_0059,ussd_s003138,-0.0716,2.2471,0.8238,0.0,0
ussd_0426,ussd_s003139,-0.8863,2.5082,-0.4251,0.5158,0
ussd_0018,ussd_s003140,-0.1053,2.6383,-0.3891,0.0,0
ussd_0170,ussd_s003141,-0.0495,0.0406,2.4947,0.0,0
ussd_0186,ussd_s003142,-0.3044,0.9607,0.7923,0.087,0
ussd_0134,ussd_s003143,-0.6956,1.521,-0.5784,0.0,0
ussd_0257,ussd_s003144,0.2186,0.1257,-0.0849,0.0,0
ussd_0348,ussd_s003145,0.1783,0.3043,-0.2464,0.0,0
ussd_0110,ussd_s003146,-0.4334,0.5595,-0.3506,0.0,0
ussd_0305,ussd_s003147,-0.6266,0.7709,-0.2808,0.0,0
ussd_0223,ussd_s003148,0.3912,1.0367,-0.0673,0.0,0
ussd_0387,ussd_s003149,-0.1602,0.446,-0.3918,0.0,0
ussd_0300,ussd_s003150,-0.4118,0.9602,0.6407,0.0,0
ussd_0009,ussd_s003151,-0.0011,1.5068,-0.3849,0.8032,0
ussd_0360,ussd_s003152,-0.4525,0.3402,-0.5311,0.0,0
ussd_0328,ussd_s003153,-0.186,0.4894,-0.5097,0.0,0
ussd_0209,ussd_s003154,0.517,1.1814,-0.0474,0.0908,0
ussd_0390,ussd_s003155,-0.41,0.2368,-0.6056,0.0,0
ussd_0235,ussd_s003156,7.6742,2.8484,3.1575,0.0,1
ussd_0030,ussd_s003157,-0.3005,0.806,-0.2503,0.0,0
ussd_0101,ussd_s003158,1.6477,2.2291,-0.3326,0.0,0
ussd_0252,ussd_s003159,0.1063,2.1678,-0.1521,0.0,0
ussd_0389,ussd_s003160,2.4061,0.6616,-0.3543,0.7365,0
ussd_0308,ussd_s003161,-0.8249,1.6145,0.5547,0.0,0
ussd_0163,ussd_s003162,-0.3559,1.2057,-0.1432,0.0,0
ussd_0208,ussd_s003163,4.4678,0.6847,0.4461,0.5813,0
ussd_0449,ussd_s003164,-0.6793,1.216,1.1936,0.0,0
ussd_0290,ussd_s003165,-0.4015,2.129,-0.4046,0.0,0
ussd_0090,ussd_s003166,-0.4447,0.6195,0.8222,0.0165,0
ussd_0360,ussd_s003167,-0.4391,0.9258,2.2824,0.0,0
ussd_0231,ussd_s003168,0.4706,0.1517,-0.6587,0.0,0
ussd_0111,ussd_s003169,3.405,0.4306,0.3215,0.3775,0
ussd_0447,ussd_s003170,-0.2198,0.8892,-0.4084,0.0,0
ussd_0293,ussd_s003171,-0.3946,1.1497,-0.1511,0.0,0
ussd_0367,ussd_s003172,-0.1612,0.4654,-0.0301,0.1755,0
ussd_0228,ussd_s003173,-0.6234,1.6947,0.4009,0.0,0
ussd_0273,ussd_s003174,1.6215,1.5059,0.9305,0.0,0
ussd_0142,ussd_s003175,6.996,1.1926,3.9803,0.7074,1
ussd_0084,ussd_s003176,-0.5569,1.1499,0.671,0.0,0
ussd_0312,ussd_s003177,0.0103,0.3273,-0.1891,0.0,0
ussd_0187,ussd_s003178,-0.3907,0.3923,-0.1047,0.822,0
ussd_0241,ussd_s003179,-0.6631,0.605,-0.4608,0.0,0
ussd_0024,ussd_s003180,-0.6079,1.446,-0.042,0.9298,0
ussd_0244,ussd_s003181,-0.1484,1.1129,-0.6432,0.68,0
ussd_0312,ussd_s003182,-0.4396,0.971,1.4327,0.0,0
ussd_0207,ussd_s003183,-0.7678,1.2269,-0.1689,0.2923,0
ussd_0414,ussd_s003184,1.039,0.0282,0.6156,0.8194,0
ussd_0136,ussd_s003185,0.1798,0.1729,-0.6764,0.2943,0
ussd_0372,ussd_s003186,5.2922,2.94,-0.3382,0.0,0
ussd_0394,ussd_s003187,1.0106,0.1566,-0.08,0.0,0
ussd_0042,ussd_s003188,-0.855,0.2432,-0.2515,0.0,0
ussd_0287,ussd_s003189,-0.7654,0.5924,2.3266,0.0,0
ussd_0015,ussd_s003190,-0.0806,1.286,-0.112,0.0,0
ussd_0406,ussd_s003191,-0.7525,1.6979,-0.1994,0.0,0
ussd_0162,ussd_s003192,-0.5401,0.3414,0.9274,0.9543,0
ussd_0018,ussd_s003193,0.4246,0.9794,0.8328,0.0,0
ussd_0152,ussd_s003194,-0.4978,1.8374,0.3175,0.0,0
ussd_0135,ussd_s003195,-0.0298,0.5489,1.653,0.0,0
ussd_0358,ussd_s003196,8.6159,4.1746,3.4194,0.7905,1
ussd_0423,ussd_s003197,0.1006,0.9895,0.26,0.0,0
ussd_0174,ussd_s003198,-0.7261,2.2347,-0.0646,0.8039,0
ussd_0155,ussd_s003199,1.3017,0.7914,-0.507,0.0,0
ussd_0346,ussd_s003200,-0.5572,0.2642,-0.4477,0.0,0
ussd_0191,ussd_s003201,-0.3989,0.5495,-0.3495,0.0,0
ussd_0400,ussd_s003202,-0.8353,2.0751,2.0157,0.0,0
ussd_0191,ussd_s003203,0.4204,1.3306,-0.3495,0.0,0
ussd_0051,ussd_s003204,0.2111,3.0368,-0.297,0.0,0
ussd_0281,ussd_s003205,-0.6795,1.1727,1.0345,0.0,0
ussd_0337,ussd_s003206,0.2148,0.3186,-0.1851,0.5151,0
ussd_0391,ussd_s003207,2.7801,0.9163,0.9844,0.0,0
ussd_0259,ussd_s003208,-0.8397,1.6271,-0.2506,0.0,0
ussd_0099,ussd_s003209,-0.5351,0.0741,-0.0273,0.0,0
ussd_0097,ussd_s003210,0.7,0.5975,-0.4961,0.7079,0
ussd_0187,ussd_s003211,2.339,0.2312,1.686,0.822,0
ussd_0109,ussd_s003212,-0.3079,0.549,0.5618,0.9921,0
ussd_0182,ussd_s003213,-0.3859,0.4753,-0.6179,0.9517,0
ussd_0150,ussd_s003214,0.0644,2.6749,-0.0428,0.0,0
ussd_0422,ussd_s003215,-0.5039,1.3042,-0.112,0.7109,0
ussd_0091,ussd_s003216,0.461,0.7688,-0.1477,0.0,0
ussd_0350,ussd_s003217,-0.6762,0.7581,-0.2522,0.0,0
ussd_0077,ussd_s003218,-0.6559,2.0648,-0.0916,0.0,0
ussd_0363,ussd_s003219,-0.3668,0.8692,-0.0892,0.9519,0
ussd_0305,ussd_s003220,-0.3496,0.0158,-0.2808,0.0,0
ussd_0095,ussd_s003221,0.8593,0.6207,-0.3759,0.0,0
ussd_0206,ussd_s003222,0.8085,1.4344,-0.0379,0.0,0
ussd_0105,ussd_s003223,0.1729,0.6888,-0.6515,0.8648,0
ussd_0449,ussd_s003224,9.6974,0.6488,4.1184,0.9919,1
ussd_0173,ussd_s003225,-0.28,0.4811,-0.0531,0.0,0
ussd_0294,ussd_s003226,0.9369,2.2234,-0.1472,0.0,0
ussd_0260,ussd_s003227,0.1638,0.6129,-0.4123,0.1622,0
ussd_0205,ussd_s003228,-0.2835,0.6018,-0.178,0.9936,0
ussd_0332,ussd_s003229,-0.8262,0.2945,-0.1385,0.0,0
ussd_0383,ussd_s003230,-0.7837,0.6224,-0.1407,0.8163,0
ussd_0441,ussd_s003231,-0.4214,0.6065,-0.3002,0.0,0
ussd_0249,ussd_s003232,-0.8635,1.2149,-0.5232,0.8893,0
ussd_0245,ussd_s003233,-0.3169,0.6854,1.2633,0.0,0
ussd_0409,ussd_s003234,-0.5348,0.5015,-0.2406,0.0,0
ussd_0136,ussd_s003235,-0.347,0.2184,-0.6764,0.2943,0
ussd_0014,ussd_s003236,-0.3765,0.6902,-0.3953,0.0,0
ussd_0398,ussd_s003237,-0.323,0.1523,-0.3386,0.0,0
ussd_0416,ussd_s003238,-0.1283,2.2816,1.1441,0.8605,0
ussd_0202,ussd_s003239,-0.0928,0.5836,1.855,0.0,0
ussd_0170,ussd_s003240,-0.8444,0.8509,-0.3011,0.0,0
ussd_0188,ussd_s003241,-0.5268,0.1055,0.8198,0.0,0
ussd_0428,ussd_s003242,-0.1534,0.2664,1.3881,0.0,0
ussd_0415,ussd_s003243,-0.7363,1.0914,1.3907,0.0,0
ussd_0081,ussd_s003244,-0.6105,0.4518,-0.6754,0.0,0
ussd_0132,ussd_s003245,0.5645,0.3091,-0.2549,0.0,0
ussd_0017,ussd_s003246,-0.5885,1.1566,-0.1648,0.0,0
ussd_0381,ussd_s003247,-0.7755,0.515,-0.1529,0.0,0
ussd_0106,ussd_s003248,-0.6008,2.197,-0.4215,0.783,0
ussd_0187,ussd_s003249,-0.8312,0.6851,1.686,0.822,0
ussd_0082,ussd_s003250,13.2832,2.8498,4.2043,0.8048,1
ussd_0415,ussd_s003251,6.6368,1.2126,9.3597,0.6879,1
ussd_0031,ussd_s003252,0.7134,1.5135,0.6491,0.0,0
ussd_0420,ussd_s003253,14.3117,2.9155,6.0214,0.8098,1
ussd_0300,ussd_s003254,-0.9175,0.4767,-0.6719,0.0,0
ussd_0380,ussd_s003255,-0.8238,0.1459,-0.228,0.697,0
ussd_0215,ussd_s003256,-0.5817,1.438,-0.4456,0.0,0
ussd_0175,ussd_s003257,-0.4324,1.4955,-0.4073,0.0,0
ussd_0428,ussd_s003258,-0.8396,1.3408,-0.204,0.0,0
ussd_0259,ussd_s003259,2.1465,1.9144,-0.2506,0.0,0
ussd_0325,ussd_s003260,14.9016,2.5304,11.3059,0.694,1
ussd_0264,ussd_s003261,-0.3789,1.9301,-0.5522,0.9204,0
ussd_0016,ussd_s003262,-0.5418,0.3771,-0.1351,0.0,0
ussd_0120,ussd_s003263,-0.0561,1.1018,-0.2178,0.0,0
ussd_0090,ussd_s003264,-0.7631,0.8444,0.8222,0.0165,0
ussd_0160,ussd_s003265,-0.4758,0.5698,-0.5504,0.879,0
ussd_0205,ussd_s003266,-0.1661,0.9071,1.4661,0.9936,0
ussd_0294,ussd_s003267,-0.0613,0.3611,-0.1472,0.0,0
ussd_0157,ussd_s003268,-0.4502,0.2111,-0.1299,0.0,0
ussd_0124,ussd_s003269,-0.6014,0.5187,-0.443,0.0,0
ussd_0053,ussd_s003270,2.6094,0.3324,3.1218,0.7098,1
ussd_0282,ussd_s003271,-0.3458,0.7502,-0.4859,0.0,0
ussd_0123,ussd_s003272,-0.912,1.3373,2.4852,0.6336,0
ussd_0313,ussd_s003273,2.9096,0.4577,-0.0473,0.0,0
ussd_0160,ussd_s003274,0.9602,0.8564,1.2481,0.879,0
ussd_0372,ussd_s003275,0.7783,0.3709,0.9853,0.0,0
ussd_0071,ussd_s003276,-0.3927,1.6207,-0.2102,0.0,0
ussd_0055,ussd_s003277,-0.6672,0.7902,1.2821,0.6067,0
ussd_0007,ussd_s003278,-0.3622,0.6195,-0.4364,0.0,0
ussd_0282,ussd_s003279,1.1953,1.4938,1.5707,0.0,0
ussd_0094,ussd_s003280,-0.5211,1.6935,-0.2243,0.0,0
ussd_0209,ussd_s003281,0.8017,0.1758,-0.0474,0.0908,0
ussd_0083,ussd_s003282,-0.4351,0.3365,-0.3606,0.0,0
ussd_0157,ussd_s003283,-0.7156,0.8458,-0.1299,0.0,0
ussd_0003,ussd_s003284,-0.622,0.1161,0.3127,0.9723,0
ussd_0362,ussd_s003285,-0.451,0.5811,-0.3611,0.0,0
ussd_0431,ussd_s003286,-0.3216,0.5998,-0.1055,0.0,0
ussd_0285,ussd_s003287,-0.8277,0.4198,-0.6131,0.0,0
ussd_0220,ussd_s003288,-0.1895,2.1507,-0.1229,0.0,0
ussd_0250,ussd_s003289,-0.4513,1.0753,-0.5623,0.6003,0
ussd_0222,ussd_s003290,-0.3127,2.5643,0.2474,0.0,0
ussd_0065,ussd_s003291,-0.6842,0.7135,-0.3807,0.0,0
ussd_0283,ussd_s003292,1.0416,0.0654,0.5555,0.0953,0
ussd_0440,ussd_s003293,0.9457,0.0939,1.3969,0.0,0
ussd_0394,ussd_s003294,1.4395,0.1422,-0.08,0.0,0
ussd_0420,ussd_s003295,-0.6029,0.3491,0.9149,0.6651,0
ussd_0004,ussd_s003296,-0.6038,1.7155,-0.5538,0.0,0
ussd_0168,ussd_s003297,-0.7431,0.4428,-0.6184,0.1778,0
ussd_0330,ussd_s003298,-0.8886,0.3513,-0.3973,0.0,0
ussd_0171,ussd_s003299,-0.2541,0.2854,-0.3682,0.0,0
ussd_0150,ussd_s003300,-0.6133,0.7931,-0.0428,0.0,0
ussd_0247,ussd_s003301,-0.5174,0.6524,0.7535,0.5439,0
ussd_0248,ussd_s003302,-0.242,0.1696,-0.5853,0.0,0
ussd_0054,ussd_s003303,-0.142,0.0906,-0.1483,0.5714,0
ussd_0078,ussd_s003304,6.816,0.8191,1.724,0.0,1
ussd_0386,ussd_s003305,-0.0583,1.6702,-0.047,0.5229,0
ussd_0265,ussd_s003306,-0.9122,0.0781,-0.2231,0.0,0
ussd_0107,ussd_s003307,-0.0886,1.5005,-0.4382,0.0,0
ussd_0401,ussd_s003308,-0.5768,0.4056,0.4393,0.0,0
ussd_0129,ussd_s003309,-0.3827,0.5924,-0.4407,0.9109,0
ussd_0352,ussd_s003310,0.7111,2.0193,-0.6599,0.0,0
ussd_0222,ussd_s003311,-0.7885,0.9899,-0.5842,0.0,0
ussd_0424,ussd_s003312,-0.371,0.7582,-0.3623,0.1979,0
ussd_0228,ussd_s003313,0.6625,0.3612,0.4009,0.0,0
ussd_0254,ussd_s003314,-0.261,1.2762,-0.0603,0.0,0
ussd_0312,ussd_s003315,0.1432,0.0443,-0.1891,0.0,0
ussd_0429,ussd_s003316,-0.1692,1.3838,-0.1241,0.0,0
ussd_0189,ussd_s003317,-0.7776,0.1994,-0.4537,0.0,0
ussd_0259,ussd_s003318,-0.7805,0.4517,-0.2506,0.0,0
ussd_0210,ussd_s003319,-0.4792,1.1908,-0.5853,0.0,0
ussd_0398,ussd_s003320,-0.8552,0.8932,0.9843,0.0,0
ussd_0341,ussd_s003321,-0.8235,0.0016,0.6838,0.0,0
ussd_0095,ussd_s003322,0.0895,0.0168,-0.3759,0.0,0
ussd_0255,ussd_s003323,0.1095,0.0033,-0.3304,0.0,0
ussd_0333,ussd_s003324,0.0291,0.2389,-0.3544,0.0,0
ussd_0134,ussd_s003325,-0.6059,0.9123,0.2647,0.0,0
ussd_0326,ussd_s003326,0.7721,1.1539,-0.0673,0.0957,0
ussd_0207,ussd_s003327,-0.7914,1.1724,-0.1689,0.2923,0
ussd_0096,ussd_s003328,-0.1199,0.5585,1.2474,0.9419,0
ussd_0418,ussd_s003329,-0.5829,1.1279,0.5295,0.0,0
ussd_0395,ussd_s003330,-0.5614,1.2312,-0.4302,0.0,0
ussd_0148,ussd_s003331,3.7037,1.0464,0.4731,0.0,0
ussd_0155,ussd_s003332,-0.5493,1.071,-0.507,0.0,0
ussd_0165,ussd_s003333,-0.7068,0.1803,-0.2922,0.0,0
ussd_0353,ussd_s003334,-0.3971,0.9593,-0.5978,0.0,0
ussd_0116,ussd_s003335,-0.4593,0.4566,-0.0357,0.0,0
ussd_0314,ussd_s003336,0.8698,1.4863,-0.2413,0.9397,0
ussd_0099,ussd_s003337,1.023,0.7185,-0.0273,0.0,0
ussd_0319,ussd_s003338,1.4809,0.6412,-0.3104,0.5051,0
ussd_0144,ussd_s003339,0.1301,0.8135,-0.2019,0.7224,0
ussd_0372,ussd_s003340,-0.3097,2.1101,-0.3382,0.0,0
ussd_0383,ussd_s003341,-0.4354,0.8835,-0.1407,0.8163,0
ussd_0251,ussd_s003342,4.2253,1.1005,-0.0513,0.0,0
ussd_0359,ussd_s003343,0.3854,0.758,0.458,0.0,0
ussd_0308,ussd_s003344,-0.8713,0.3579,-0.0672,0.0,0
ussd_0053,ussd_s003345,11.5479,0.0991,3.1218,0.0,1
ussd_0023,ussd_s003346,-0.6765,0.8767,-0.4193,0.0,0
ussd_0001,ussd_s003347,0.9841,0.0302,-0.2033,0.0,0
ussd_0142,ussd_s003348,-0.2759,0.9542,-0.4466,0.0,0
ussd_0399,ussd_s003349,-0.5226,0.2341,-0.031,0.0,0
ussd_0139,ussd_s003350,-0.337,0.029,-0.2769,0.8304,0
ussd_0315,ussd_s003351,2.0364,0.8272,-0.1627,0.7532,1
ussd_0157,ussd_s003352,-0.6877,0.2699,-0.1299,0.0,0
ussd_0233,ussd_s003353,0.9866,0.3761,-0.2472,0.7872,0
ussd_0030,ussd_s003354,-0.3737,0.6309,-0.2503,0.0,0
ussd_0097,ussd_s003355,0.2378,0.1431,-0.4961,0.7079,0
ussd_0286,ussd_s003356,-0.6764,0.6095,0.7622,0.0,0
ussd_0418,ussd_s003357,-0.7036,0.4874,-0.4902,0.0,0
ussd_0084,ussd_s003358,1.8376,1.1115,-0.443,0.0,0
ussd_0331,ussd_s003359,1.9088,1.5407,1.3152,0.0,0
ussd_0165,ussd_s003360,-0.497,0.9924,-0.2922,0.0,0
ussd_0256,ussd_s003361,1.0235,0.9205,-0.2859,0.5648,0
ussd_0255,ussd_s003362,-0.4486,2.0472,-0.3304,0.0,0
ussd_0365,ussd_s003363,0.2984,2.6505,-0.0713,0.0,0
ussd_0274,ussd_s003364,-0.8049,1.5963,0.4891,0.0,0
ussd_0437,ussd_s003365,0.4671,1.0805,-0.0896,0.0,0
ussd_0236,ussd_s003366,-0.525,1.3768,1.1324,0.5753,0
ussd_0108,ussd_s003367,0.3721,0.2351,-0.4641,0.4636,0
ussd_0177,ussd_s003368,-0.9274,2.5689,-0.4694,0.0,0
ussd_0358,ussd_s003369,-0.5274,0.016,-0.1161,0.0,0
ussd_0336,ussd_s003370,-0.3551,0.0453,-0.4944,0.0,0
ussd_0061,ussd_s003371,-0.1203,0.1619,-0.5219,0.8677,0
ussd_0049,ussd_s003372,-0.5846,1.7212,-0.7154,0.0,0
ussd_0232,ussd_s003373,0.0951,0.8247,-0.5171,0.0,0
ussd_0326,ussd_s003374,-0.7411,0.5049,-0.0673,0.0957,0
ussd_0193,ussd_s003375,-0.2881,0.2681,-0.6907,0.0,0
ussd_0339,ussd_s003376,12.3751,1.3481,1.9031,0.7495,1
ussd_0221,ussd_s003377,0.9139,0.693,-0.6294,0.0,0
ussd_0018,ussd_s003378,1.3348,0.3712,-0.3891,0.0,0
ussd_0117,ussd_s003379,0.0035,0.6272,-0.1106,0.0,0
ussd_0327,ussd_s003380,3.6417,0.3951,0.5177,0.0,0
ussd_0095,ussd_s003381,7.254,3.015,5.8646,0.97,1
ussd_0419,ussd_s003382,-0.6916,1.2606,0.8749,0.0,0
ussd_0448,ussd_s003383,2.872,0.9404,-0.2068,0.0,0
ussd_0304,ussd_s003384,-0.7763,0.3799,-0.2978,0.0,0
ussd_0325,ussd_s003385,-0.1671,0.5314,-0.1796,0.0,0
ussd_0333,ussd_s003386,-0.4247,0.4641,0.9369,0.0,0
ussd_0390,ussd_s003387,0.8924,0.1359,0.1833,0.0,0
ussd_0158,ussd_s003388,-0.6241,0.3521,1.514,0.9214,0
ussd_0307,ussd_s003389,-0.6775,0.3638,0.6303,0.0,0
ussd_0094,ussd_s003390,-0.6596,0.5889,1.3272,0.0,0
ussd_0005,ussd_s003391,-0.2974,1.5967,0.544,0.0,0
ussd_0331,ussd_s003392,0.5877,0.0718,-0.2283,0.0,0
ussd_0441,ussd_s003393,-0.4605,1.4265,1.0994,0.0,0
ussd_0370,ussd_s003394,-0.8396,1.4377,-0.3301,0.6778,0
ussd_0071,ussd_s003395,0.5737,0.7308,-0.2102,0.0,0
ussd_0298,ussd_s003396,-0.5531,1.4942,-0.047,0.0,0
ussd_0079,ussd_s003397,-0.4405,0.9843,-0.463,0.0,0
ussd_0231,ussd_s003398,-0.2785,0.0543,0.0238,0.0,0
ussd_0404,ussd_s003399,-0.6012,1.4004,-0.5198,0.5724,0
ussd_0166,ussd_s003400,-0.6214,0.4055,-0.3327,0.0,0
ussd_0006,ussd_s003401,-0.2958,1.3492,-0.0722,0.0,0
ussd_0280,ussd_s003402,0.1541,1.698,-0.2533,0.0,0
ussd_0171,ussd_s003403,-0.1842,0.8785,0.8955,0.0,0
ussd_0202,ussd_s003404,-0.7274,1.0097,-0.0483,0.0,0
ussd_0142,ussd_s003405,0.5257,1.4888,-0.4466,0.0,0
ussd_0058,ussd_s003406,-0.5896,0.6245,0.463,0.0,0
ussd_0314,ussd_s003407,-0.5755,0.896,-0.2413,0.9397,0
ussd_0196,ussd_s003408,1.8411,1.1008,-0.4157,0.4478,0
ussd_0257,ussd_s003409,1.8174,1.3465,-0.0849,0.0,0
ussd_0169,ussd_s003410,-0.172,0.5151,-0.702,0.0,0
ussd_0216,ussd_s003411,-0.738,0.7252,-0.0659,0.0,0
ussd_0007,ussd_s003412,0.4634,0.907,-0.4364,0.0,0
ussd_0213,ussd_s003413,-0.2133,0.3878,-0.4046,0.0,0
ussd_0011,ussd_s003414,-0.4776,0.489,0.9773,0.9374,0
ussd_0403,ussd_s003415,0.4626,3.401,-0.303,0.0,0
ussd_0356,ussd_s003416,-0.676,0.494,-0.2873,0.9012,0
ussd_0438,ussd_s003417,2.0833,0.6273,-0.2666,0.8982,0
ussd_0196,ussd_s003418,2.0925,0.9916,0.7528,0.4478,0
ussd_0170,ussd_s003419,-0.0621,0.8247,-0.3011,0.0,0
ussd_0038,ussd_s003420,3.6136,1.3368,-0.4487,0.0823,0
ussd_0250,ussd_s003421,0.3843,0.1176,-0.5623,0.6003,0
ussd_0057,ussd_s003422,-0.7924,1.3671,-0.1568,0.986,0
ussd_0046,ussd_s003423,-0.7206,1.1252,-0.435,0.0,0
ussd_0117,ussd_s003424,-0.4916,0.1625,-0.1106,0.0,0
ussd_0179,ussd_s003425,-0.5538,0.3243,1.3457,0.0,0
ussd_0129,ussd_s003426,-0.5542,0.0484,-0.4407,0.9109,0
ussd_0327,ussd_s003427,-0.4082,1.5342,-0.4941,0.0,0
ussd_0151,ussd_s003428,1.1487,0.6377,-0.3497,0.0479,0
ussd_0040,ussd_s003429,1.0308,0.0007,-0.6524,0.0,0
ussd_0259,ussd_s003430,0.6868,0.9342,-0.2506,0.0,0
ussd_0266,ussd_s003431,-0.4293,0.7468,1.8241,0.6032,0
ussd_0355,ussd_s003432,0.286,1.8963,-0.4131,0.0,0
ussd_0027,ussd_s003433,-0.3802,0.8917,-0.388,0.0,0
ussd_0146,ussd_s003434,-0.7324,0.5303,-0.1106,0.0,0
ussd_0200,ussd_s003435,-0.5683,0.5924,-0.2674,0.9146,0
ussd_0339,ussd_s003436,1.3224,1.1946,-0.0323,0.4612,0
ussd_0098,ussd_s003437,-0.8435,0.8667,-0.1481,0.0,0
ussd_0236,ussd_s003438,-0.4316,0.0728,-0.2892,0.5753,0
ussd_0030,ussd_s003439,0.2431,2.6803,-0.2503,0.0,0
ussd_0205,ussd_s003440,1.6445,0.4332,-0.178,0.9936,0
ussd_0189,ussd_s003441,2.8049,0.3902,2.8242,0.8733,1
ussd_0225,ussd_s003442,3.0262,1.2519,-0.0297,0.0,0
ussd_0331,ussd_s003443,0.9258,2.0213,-0.2283,0.0,0
ussd_0136,ussd_s003444,7.8951,1.1943,1.9123,0.2943,1
ussd_0393,ussd_s003445,5.2692,0.0252,4.0803,0.6787,1
ussd_0018,ussd_s003446,0.8979,0.5137,-0.3891,0.0,0
ussd_0392,ussd_s003447,-0.6785,0.2195,-0.4251,0.9428,0
ussd_0007,ussd_s003448,-0.2399,1.4941,0.6908,0.0,0
ussd_0039,ussd_s003449,0.3788,0.4178,0.0448,0.0,0
ussd_0176,ussd_s003450,-0.0373,0.3783,-0.0892,0.0,0
ussd_0042,ussd_s003451,-0.4942,0.5997,-0.2515,0.0,0
ussd_0047,ussd_s003452,-0.6991,0.2493,0.8015,0.8009,0
ussd_0417,ussd_s003453,-0.8875,0.9627,-0.1046,0.0,0
ussd_0233,ussd_s003454,2.0227,0.7464,-0.2472,0.7872,0
ussd_0426,ussd_s003455,0.8999,0.5647,1.8746,0.5158,0
ussd_0105,ussd_s003456,2.1493,0.408,-0.6515,0.8648,0
ussd_0228,ussd_s003457,-0.7265,0.7657,0.4009,0.0,0
ussd_0288,ussd_s003458,-0.6551,0.2644,-0.1842,0.0,0
ussd_0375,ussd_s003459,-0.1301,0.0057,-0.2101,0.5622,0
ussd_0012,ussd_s003460,-0.4894,0.5836,1.0735,0.0,0
ussd_0385,ussd_s003461,-0.5702,0.6719,1.1463,0.772,0
ussd_0298,ussd_s003462,0.3864,2.6377,-0.047,0.0,0
ussd_0326,ussd_s003463,0.7251,0.4828,-0.0673,0.0957,0
ussd_0303,ussd_s003464,-0.7497,1.2797,-0.1899,0.8018,0
ussd_0000,ussd_s003465,3.8725,5.5109,1.2123,0.3567,1
ussd_0302,ussd_s003466,-0.6453,1.7045,-0.2993,0.0,0
ussd_0237,ussd_s003467,0.514,2.4454,-0.3433,0.0,0
ussd_0401,ussd_s003468,-0.5773,0.7987,-0.1364,0.0,0
ussd_0420,ussd_s003469,0.797,0.8162,-0.3617,0.6651,0
ussd_0433,ussd_s003470,-0.5038,0.0029,-0.632,0.0,0
ussd_0202,ussd_s003471,-0.8734,1.0534,-0.0483,0.0,0
ussd_0155,ussd_s003472,-0.7647,0.9747,-0.507,0.0,0
ussd_0253,ussd_s003473,2.687,0.2917,1.4508,0.0,0
ussd_0300,ussd_s003474,-0.9216,1.1284,1.297,0.0,0
ussd_0234,ussd_s003475,-0.1428,0.6817,-0.2617,0.0,0
ussd_0101,ussd_s003476,-0.2102,0.3427,-0.3326,0.0,0
ussd_0184,ussd_s003477,-0.5901,1.0023,-0.375,0.5665,0
ussd_0392,ussd_s003478,0.4976,0.639,-0.4251,0.9428,0
ussd_0081,ussd_s003479,-0.7798,0.0838,-0.0262,0.0,0
ussd_0191,ussd_s003480,0.3143,0.0738,-0.3495,0.0,0
ussd_0093,ussd_s003481,-0.2534,1.1915,-0.1136,0.7111,0
ussd_0403,ussd_s003482,0.7256,1.1468,2.4849,0.0,0
ussd_0133,ussd_s003483,-0.6642,1.4536,0.951,0.531,0
ussd_0188,ussd_s003484,-0.5718,0.4894,-0.3934,0.0,0
ussd_0161,ussd_s003485,-0.3403,0.0253,1.1918,0.0,0
ussd_0305,ussd_s003486,-0.4417,0.4294,-0.2808,0.0,0
ussd_0180,ussd_s003487,0.144,0.168,-0.2644,0.0,0
ussd_0399,ussd_s003488,-0.8741,2.398,-0.031,0.0,0
ussd_0141,ussd_s003489,0.2667,0.2586,1.0134,0.4236,0
ussd_0072,ussd_s003490,-0.7581,0.4905,-0.0655,0.0,0
ussd_0420,ussd_s003491,1.0897,1.8036,-0.3617,0.6651,0
ussd_0083,ussd_s003492,-0.512,1.0213,-0.3606,0.0,0
ussd_0302,ussd_s003493,-0.5437,0.8685,-0.2993,0.0,0
ussd_0445,ussd_s003494,-0.5356,0.1182,-0.5449,0.0,0
ussd_0269,ussd_s003495,0.7637,1.24,-0.0395,0.0,0
ussd_0141,ussd_s003496,0.6695,1.8519,0.2081,0.4236,0
ussd_0273,ussd_s003497,-0.4452,0.738,0.9305,0.0,0
ussd_0380,ussd_s003498,-0.3869,0.7209,1.3161,0.697,0
ussd_0171,ussd_s003499,-0.323,0.4097,-0.3682,0.0,0
ussd_0295,ussd_s003500,0.8131,0.6336,-0.1366,0.0,0
ussd_0230,ussd_s003501,-0.6119,0.1788,-0.32,0.0,0
ussd_0283,ussd_s003502,-0.0027,0.8473,1.5926,0.0953,0
ussd_0047,ussd_s003503,-0.7343,0.4446,0.8015,0.8009,0
ussd_0126,ussd_s003504,-0.7206,0.2321,-0.1537,0.4802,0
ussd_0318,ussd_s003505,-0.4834,0.777,-0.2747,0.5436,0
ussd_0224,ussd_s003506,-0.355,1.4743,-0.2677,0.0,0
ussd_0194,ussd_s003507,0.315,0.0109,0.522,0.6378,0
ussd_0123,ussd_s003508,-0.7838,0.775,-0.303,0.6336,0
ussd_0041,ussd_s003509,-0.8446,0.1802,-0.4636,0.0,0
ussd_0287,ussd_s003510,0.4711,1.8549,-0.6304,0.0,0
ussd_0222,ussd_s003511,-0.4169,2.843,-0.5842,0.0,0
ussd_0059,ussd_s003512,-0.0178,0.4899,0.8238,0.0,0
ussd_0116,ussd_s003513,0.0358,1.061,-0.0357,0.0,0
ussd_0103,ussd_s003514,2.6204,0.2677,-0.3125,0.0,0
ussd_0425,ussd_s003515,-0.0851,1.114,0.7164,0.0,0
ussd_0389,ussd_s003516,-0.1191,0.2163,0.937,0.7365,0
ussd_0191,ussd_s003517,-0.1488,1.8552,-0.3495,0.0,0
ussd_0321,ussd_s003518,-0.2668,2.5414,-0.019,0.0,0
ussd_0282,ussd_s003519,-0.4144,1.7178,-0.4859,0.0,0
ussd_0358,ussd_s003520,1.4497,1.4346,-0.1161,0.0,0
ussd_0108,ussd_s003521,2.7711,0.6766,0.6076,0.4636,0
ussd_0443,ussd_s003522,-0.4739,0.2203,-0.2465,0.0,0
ussd_0036,ussd_s003523,-0.8121,1.1572,0.009,0.1846,0
ussd_0175,ussd_s003524,-0.5404,0.6413,0.7782,0.0,0
ussd_0275,ussd_s003525,0.004,0.0267,-0.6116,0.787,0
ussd_0008,ussd_s003526,-0.792,0.907,-0.3053,0.0,0
ussd_0100,ussd_s003527,0.5706,1.8223,-0.2924,0.0,0
ussd_0245,ussd_s003528,1.4608,1.4491,-0.2456,0.0,0
ussd_0396,ussd_s003529,-0.551,0.1362,1.1966,0.0,0
ussd_0053,ussd_s003530,-0.8395,2.7379,-0.4112,0.0,0
ussd_0320,ussd_s003531,0.1599,1.5474,0.9971,0.0802,0
ussd_0003,ussd_s003532,-0.4353,0.7466,-0.5624,0.9723,0
ussd_0399,ussd_s003533,0.2164,0.4014,-0.031,0.0,0
ussd_0225,ussd_s003534,-0.8491,0.5009,-0.0297,0.0,0
ussd_0247,ussd_s003535,-0.1503,0.1198,0.7535,0.5439,0
ussd_0115,ussd_s003536,1.2839,1.1564,-0.0045,0.5235,0
ussd_0358,ussd_s003537,-0.8632,0.1962,-0.1161,0.0,0
ussd_0229,ussd_s003538,2.6606,0.3031,1.3175,0.582,0
ussd_0287,ussd_s003539,0.0073,0.9067,0.1089,0.0,0
ussd_0049,ussd_s003540,-0.5315,1.4004,0.9924,0.0,0
ussd_0120,ussd_s003541,9.5775,2.4915,1.3465,0.0,1
ussd_0254,ussd_s003542,0.6916,0.3649,-0.0603,0.0,0
ussd_0146,ussd_s003543,-0.7572,0.686,-0.1106,0.0,0
ussd_0280,ussd_s003544,-0.6579,0.1492,-0.2533,0.0,0
ussd_0202,ussd_s003545,0.4688,1.3191,-0.0483,0.0,0
ussd_0244,ussd_s003546,2.1721,0.9422,0.0703,0.68,0
ussd_0412,ussd_s003547,-0.7452,1.0877,-0.4863,0.0,0
ussd_0177,ussd_s003548,-0.7319,0.1023,-0.4694,0.0,0
ussd_0167,ussd_s003549,-0.4554,0.7579,-0.618,0.0,0
ussd_0056,ussd_s003550,-0.2228,0.9099,-0.3542,0.0,0
ussd_0058,ussd_s003551,-0.0627,0.1989,-0.5123,0.0,0
ussd_0241,ussd_s003552,0.4347,1.1319,-0.4608,0.0,0
ussd_0185,ussd_s003553,2.6155,0.0827,-0.3021,0.0,0
ussd_0160,ussd_s003554,-0.9424,1.5849,-0.5504,0.879,0
ussd_0361,ussd_s003555,-0.4648,0.6808,-0.1189,0.0474,0
ussd_0149,ussd_s003556,-0.1246,1.0426,-0.2069,0.0,0
ussd_0159,ussd_s003557,3.3865,7.6418,5.7358,0.8515,1
ussd_0056,ussd_s003558,0.7767,0.5145,0.9373,0.0,0
ussd_0038,ussd_s003559,-0.3668,0.4249,-0.4487,0.0823,0
ussd_0434,ussd_s003560,0.4062,0.1199,-0.2715,0.0,0
ussd_0320,ussd_s003561,-0.6221,1.2073,0.9971,0.0802,0
ussd_0175,ussd_s003562,12.6356,2.5428,0.7782,0.875,1
ussd_0106,ussd_s003563,-0.6859,0.6215,-0.4215,0.783,0
ussd_0425,ussd_s003564,0.2302,1.367,-0.4279,0.0,0
ussd_0274,ussd_s003565,3.0741,0.3361,-0.5036,0.0,0
ussd_0072,ussd_s003566,-0.3593,0.597,-0.0655,0.0,0
ussd_0368,ussd_s003567,1.2935,0.5783,1.7658,0.0,0
ussd_0115,ussd_s003568,-0.5746,0.079,-0.0045,0.5235,0
ussd_0201,ussd_s003569,0.3164,0.6698,-0.3556,0.0,0
ussd_0142,ussd_s003570,-0.6067,0.8667,-0.4466,0.0,0
ussd_0220,ussd_s003571,0.0117,0.5189,-0.1229,0.0,0
ussd_0295,ussd_s003572,-0.8457,0.8718,-0.1366,0.0,0
ussd_0125,ussd_s003573,-0.8545,1.4333,-0.2354,0.0,0
ussd_0101,ussd_s003574,-0.3789,0.1357,1.0022,0.0,0
ussd_0113,ussd_s003575,-0.8414,1.2024,-0.5926,0.0,0
ussd_0121,ussd_s003576,3.3444,0.0429,-0.6052,0.3602,0
ussd_0010,ussd_s003577,2.1366,0.1271,-0.111,0.0,0
ussd_0255,ussd_s003578,-0.2654,0.8558,-0.3304,0.0,0
ussd_0437,ussd_s003579,-0.4686,0.6108,-0.0896,0.0,0
ussd_0191,ussd_s003580,-0.5226,0.0721,-0.3495,0.0,0
ussd_0310,ussd_s003581,8.0734,1.1553,9.498,0.7711,1
ussd_0182,ussd_s003582,-0.7676,0.0233,-0.6179,0.9517,0
ussd_0258,ussd_s003583,-0.7837,1.8117,-0.0176,0.0,0
ussd_0199,ussd_s003584,2.7655,0.4012,1.4614,0.0,0
ussd_0071,ussd_s003585,-0.8869,1.2284,-0.2102,0.0,0
ussd_0102,ussd_s003586,-0.0545,0.6584,-0.2764,0.0,0
ussd_0383,ussd_s003587,-0.7028,0.8872,-0.1407,0.8163,0
ussd_0135,ussd_s003588,-0.7287,0.5859,-0.1157,0.0,0
ussd_0233,ussd_s003589,-0.8969,0.2203,-0.2472,0.7872,0
ussd_0082,ussd_s003590,-0.0332,0.4158,0.7348,0.0,0
ussd_0119,ussd_s003591,0.1038,2.2189,-0.266,0.0,0
ussd_0155,ussd_s003592,-0.875,0.4447,-0.507,0.0,0
ussd_0304,ussd_s003593,-0.6069,0.861,-0.2978,0.0,0
ussd_0058,ussd_s003594,-0.5405,1.6789,1.4383,0.0,0
ussd_0287,ussd_s003595,1.2437,0.6218,-0.6304,0.0,0
ussd_0039,ussd_s003596,1.7645,0.807,-0.6517,0.0,0
ussd_0346,ussd_s003597,-0.3523,0.4324,2.8663,0.0,0
ussd_0368,ussd_s003598,1.4193,0.2055,-0.0781,0.0,0
ussd_0138,ussd_s003599,0.6794,0.0916,-0.2683,0.0,0
ussd_0021,ussd_s003600,-0.6167,1.6898,0.7586,0.0,0
ussd_0306,ussd_s003601,0.0179,0.8237,-0.029,0.6558,0
ussd_0422,ussd_s003602,0.888,2.3898,-0.112,0.7109,0
ussd_0405,ussd_s003603,1.4461,0.7524,-0.1595,0.0,0
ussd_0239,ussd_s003604,0.1595,1.2423,-0.7018,0.0,0
ussd_0410,ussd_s003605,-0.9075,0.1873,-0.6808,0.0,0
ussd_0243,ussd_s003606,-0.1717,0.0397,-0.0974,0.0,0
ussd_0252,ussd_s003607,-0.1956,0.4519,-0.1521,0.0,0
ussd_0316,ussd_s003608,0.1384,0.5598,-0.0791,0.0,0
ussd_0381,ussd_s003609,-0.5827,1.2197,-0.1529,0.0,0
ussd_0282,ussd_s003610,0.1711,0.8792,0.5424,0.0,0
ussd_0277,ussd_s003611,-0.8181,1.5495,-0.6207,0.9062,0
ussd_0290,ussd_s003612,-0.5002,0.7874,-0.4046,0.0,0
ussd_0186,ussd_s003613,-0.1152,0.5081,0.7923,0.087,0
ussd_0061,ussd_s003614,-0.6886,0.9089,0.4344,0.8677,0
ussd_0378,ussd_s003615,-0.4493,0.5828,0.8041,0.0,0
ussd_0190,ussd_s003616,-0.1394,1.4441,-0.3928,0.0,0
ussd_0269,ussd_s003617,-0.7121,0.0234,-0.0395,0.0,0
ussd_0083,ussd_s003618,0.46,0.9839,-0.3606,0.0,0
ussd_0270,ussd_s003619,-0.5294,0.041,-0.3367,0.0,0
ussd_0203,ussd_s003620,-0.5927,0.6451,-0.0347,0.0,0
ussd_0333,ussd_s003621,1.3531,1.8937,-0.3544,0.0,0
ussd_0040,ussd_s003622,1.1422,0.8273,0.0429,0.0,0
ussd_0440,ussd_s003623,0.3122,0.5251,-0.201,0.0,0
ussd_0107,ussd_s003624,-0.6295,0.8157,-0.4382,0.0,0
ussd_0143,ussd_s003625,0.9354,0.1898,-0.6482,0.0,0
ussd_0448,ussd_s003626,-0.5882,0.3888,-0.2068,0.0,0
ussd_0070,ussd_s003627,-0.1055,0.2159,-0.1596,0.0,0
ussd_0276,ussd_s003628,-0.5898,0.5138,-0.3862,0.0,0
ussd_0295,ussd_s003629,1.4498,0.9144,-0.1366,0.0,0
ussd_0351,ussd_s003630,-0.0928,2.2586,-0.3952,0.0222,0
ussd_0207,ussd_s003631,-0.2366,0.2793,-0.1689,0.2923,0
ussd_0055,ussd_s003632,-0.052,0.4438,-0.2393,0.6067,0
ussd_0229,ussd_s003633,-0.6264,0.9424,-0.2275,0.582,0
ussd_0211,ussd_s003634,-0.4253,0.7267,-0.4115,0.0,0
ussd_0104,ussd_s003635,0.1071,0.965,-0.0379,0.0,0
ussd_0435,ussd_s003636,-0.4216,0.7864,-0.2939,0.679,0
ussd_0395,ussd_s003637,-0.6055,0.5072,-0.4302,0.0,0
ussd_0228,ussd_s003638,0.5708,0.3658,0.4009,0.0,0
ussd_0145,ussd_s003639,2.5006,0.2077,-0.6561,0.6273,0
ussd_0107,ussd_s003640,0.8867,0.2609,0.6855,0.0,0
ussd_0265,ussd_s003641,-0.8277,1.0007,-0.2231,0.0,0
ussd_0210,ussd_s003642,0.0909,0.4299,-0.5853,0.0,0
ussd_0288,ussd_s003643,0.1856,1.0713,-0.1842,0.0,0
ussd_0116,ussd_s003644,0.0529,0.2894,-0.0357,0.0,0
ussd_0197,ussd_s003645,-0.6312,0.621,-0.3809,0.0,0
ussd_0240,ussd_s003646,-0.1927,0.4918,-0.234,0.0,0
ussd_0424,ussd_s003647,-0.9172,0.2931,0.913,0.1979,0
ussd_0247,ussd_s003648,-0.4968,0.708,-0.4155,0.5439,0
ussd_0107,ussd_s003649,-0.2141,0.1024,0.6855,0.0,0
ussd_0137,ussd_s003650,0.4161,1.2871,-0.3588,0.0,0
ussd_0440,ussd_s003651,-0.1361,0.4775,-0.201,0.0,0
ussd_0083,ussd_s003652,13.1016,2.9755,7.312,0.9933,1
ussd_0018,ussd_s003653,0.5667,1.2105,-0.3891,0.0,0
ussd_0399,ussd_s003654,-0.0305,0.1334,-0.031,0.0,0
ussd_0172,ussd_s003655,-0.1503,2.0718,0.9624,0.9157,0
ussd_0188,ussd_s003656,-0.6437,1.0126,-0.3934,0.0,0
ussd_0059,ussd_s003657,0.1362,0.4834,-0.3921,0.0,0
ussd_0310,ussd_s003658,-0.4556,1.7464,-0.0456,0.0,0
ussd_0165,ussd_s003659,-0.6541,1.2856,-0.2922,0.0,0
ussd_0074,ussd_s003660,12.3522,1.9524,0.9106,0.6809,1
ussd_0082,ussd_s003661,-0.6207,1.5842,1.8913,0.0,0
ussd_0055,ussd_s003662,-0.4613,0.7523,1.2821,0.6067,0
ussd_0425,ussd_s003663,-0.1452,0.7439,0.7164,0.0,0
ussd_0430,ussd_s003664,-0.654,0.5623,-0.4448,0.2721,0
ussd_0390,ussd_s003665,4.2228,1.7526,3.3388,0.6932,1
ussd_0075,ussd_s003666,-0.7173,1.3697,-0.174,0.0,0
ussd_0200,ussd_s003667,0.0036,0.1681,-0.2674,0.9146,0
ussd_0051,ussd_s003668,-0.5582,1.6914,-0.297,0.0,0
ussd_0229,ussd_s003669,-0.692,0.8372,-0.2275,0.582,0
ussd_0321,ussd_s003670,-0.1695,0.9551,-0.019,0.0,0
ussd_0406,ussd_s003671,-0.0911,1.4196,-0.1994,0.0,0
ussd_0001,ussd_s003672,0.3393,0.1382,-0.2033,0.0,0
ussd_0287,ussd_s003673,-0.3356,0.7151,0.1089,0.0,0
ussd_0150,ussd_s003674,-0.616,0.2172,-0.0428,0.0,0
ussd_0066,ussd_s003675,0.2893,0.3198,-0.5095,0.515,0
ussd_0053,ussd_s003676,-0.4689,1.9979,-0.4112,0.0,0
ussd_0443,ussd_s003677,0.0596,0.4039,-0.2465,0.0,0
ussd_0319,ussd_s003678,-0.1962,0.4802,-0.3104,0.5051,0
ussd_0228,ussd_s003679,-0.2445,1.5577,0.4009,0.0,0
ussd_0216,ussd_s003680,-0.7771,0.2925,-0.0659,0.0,0
ussd_0146,ussd_s003681,0.3019,0.5169,1.6681,0.0,0
ussd_0178,ussd_s003682,-0.333,1.9804,-0.3982,0.0,0
ussd_0318,ussd_s003683,-0.0863,0.0554,1.1758,0.5436,0
ussd_0197,ussd_s003684,-0.7994,1.0436,-0.3809,0.0,0
ussd_0173,ussd_s003685,-0.8632,0.3979,-0.0531,0.0,0
ussd_0396,ussd_s003686,-0.3812,1.2771,1.1966,0.0,0
ussd_0395,ussd_s003687,6.0252,1.9645,2.9886,0.9591,1
ussd_0119,ussd_s003688,0.1595,0.2003,1.202,0.0,0
ussd_0236,ussd_s003689,-0.4544,0.2924,-0.2892,0.5753,0
ussd_0136,ussd_s003690,6.9852,2.1722,2.5595,0.7175,1
ussd_0448,ussd_s003691,0.0991,2.7336,1.3795,0.0,0
ussd_0038,ussd_s003692,-0.4479,0.2238,0.6539,0.0823,0
ussd_0128,ussd_s003693,-0.6218,1.1927,-0.0275,0.0,0
ussd_0072,ussd_s003694,-0.436,0.5795,-0.0655,0.0,0
ussd_0074,ussd_s003695,-0.7584,0.9846,0.1464,0.0,0
ussd_0003,ussd_s003696,0.2452,0.3751,0.3127,0.9723,0
ussd_0038,ussd_s003697,-0.6125,1.3772,-0.4487,0.0823,0
ussd_0367,ussd_s003698,1.6791,0.9651,-0.0301,0.1755,0
ussd_0100,ussd_s003699,-0.7811,0.9014,-0.2924,0.0,0
ussd_0286,ussd_s003700,-0.857,1.2123,-0.4126,0.0,0
ussd_0408,ussd_s003701,1.6028,1.2122,1.0066,0.0,0
ussd_0285,ussd_s003702,1.5035,0.0774,0.1607,0.0,0
ussd_0211,ussd_s003703,2.9239,1.2614,-0.4115,0.0,0
ussd_0379,ussd_s003704,-0.2495,0.9929,0.3818,0.0,0
ussd_0408,ussd_s003705,-0.8006,0.1866,0.2039,0.0,0
ussd_0032,ussd_s003706,1.8081,1.2937,-0.1019,0.0,0
ussd_0182,ussd_s003707,-0.6943,1.2878,0.1462,0.9517,0
ussd_0259,ussd_s003708,0.7307,1.1203,-0.2506,0.0,0
ussd_0213,ussd_s003709,-0.2279,2.0218,1.9772,0.0,0
ussd_0166,ussd_s003710,-0.0667,0.3501,-0.3327,0.0,0
ussd_0358,ussd_s003711,0.052,0.2823,-0.1161,0.0,0
ussd_0276,ussd_s003712,-0.9019,0.8173,-0.3862,0.0,0
ussd_0413,ussd_s003713,0.1626,2.1651,-0.4768,0.1418,0
ussd_0089,ussd_s003714,-0.3601,0.6026,-0.3172,0.0,0
ussd_0400,ussd_s003715,-0.068,0.0182,0.8094,0.0,0
ussd_0171,ussd_s003716,0.3338,1.1382,0.8955,0.0,0
ussd_0291,ussd_s003717,0.2289,2.1269,0.3131,0.0,0
ussd_0199,ussd_s003718,-0.4139,1.5922,-0.1795,0.0,0
ussd_0104,ussd_s003719,-0.594,0.2172,-0.0379,0.0,0
ussd_0120,ussd_s003720,-0.5734,0.2577,-0.2178,0.0,0
ussd_0156,ussd_s003721,0.352,1.2603,-0.15,0.8076,0
ussd_0315,ussd_s003722,0.6924,0.5231,-0.1627,0.0,0
ussd_0088,ussd_s003723,0.451,0.0128,-0.6782,0.0,0
ussd_0445,ussd_s003724,-0.9134,1.6595,-0.5449,0.0,0
ussd_0269,ussd_s003725,-0.3239,0.9001,-0.0395,0.0,0
ussd_0315,ussd_s003726,-0.4113,1.3739,-0.1627,0.0,0
ussd_0355,ussd_s003727,-0.1677,0.4511,-0.4131,0.0,0
ussd_0133,ussd_s003728,-0.3891,0.1313,0.951,0.531,0
ussd_0412,ussd_s003729,-0.8177,1.1534,0.541,0.0,0
ussd_0241,ussd_s003730,-0.2516,1.1632,2.7743,0.0,0
ussd_0052,ussd_s003731,-0.8402,0.9372,-0.2057,0.5566,0
ussd_0211,ussd_s003732,-0.0252,1.4822,-0.4115,0.0,0
ussd_0150,ussd_s003733,7.2871,3.49,7.6144,0.0,1
ussd_0101,ussd_s003734,24.7165,2.6444,2.3371,0.9232,1
ussd_0328,ussd_s003735,13.6842,3.156,2.4323,0.0,1
ussd_0352,ussd_s003736,-0.1442,1.1668,0.7004,0.0,0
ussd_0094,ussd_s003737,-0.7411,0.3381,-0.2243,0.0,0
ussd_0362,ussd_s003738,0.4426,0.7387,-0.3611,0.0,0
ussd_0151,ussd_s003739,0.1825,0.3332,-0.3497,0.0479,0
ussd_0357,ussd_s003740,-0.7244,1.4464,-0.2504,0.0,0
ussd_0013,ussd_s003741,0.0848,1.3645,1.0276,0.0,0
ussd_0357,ussd_s003742,0.7517,0.3291,-0.2504,0.0,0
ussd_0175,ussd_s003743,0.1713,1.2465,0.7782,0.0,0
ussd_0296,ussd_s003744,-0.7765,0.7803,-0.4848,0.0,0
ussd_0286,ussd_s003745,-0.357,0.7963,-0.4126,0.0,0
ussd_0121,ussd_s003746,-0.7453,1.7634,-0.6052,0.3602,0
ussd_0185,ussd_s003747,-0.6914,1.071,1.0936,0.0,0
ussd_0065,ussd_s003748,-0.1269,1.1727,-0.3807,0.0,0
ussd_0108,ussd_s003749,-0.1011,0.5335,-0.4641,0.4636,0
ussd_0080,ussd_s003750,9.2159,0.9753,3.7091,0.0,1
ussd_0398,ussd_s003751,-0.4389,0.3514,0.9843,0.0,0
ussd_0117,ussd_s003752,0.5671,0.3952,-0.1106,0.0,0
ussd_0234,ussd_s003753,0.2236,0.0699,2.6914,0.0,0
ussd_0229,ussd_s003754,4.4739,4.369,4.4076,0.8398,1
ussd_0112,ussd_s003755,1.3163,0.5241,0.1413,0.7593,0
ussd_0319,ussd_s003756,1.0853,1.695,-0.3104,0.5051,0
ussd_0208,ussd_s003757,-0.0924,0.8619,0.4461,0.5813,0
ussd_0008,ussd_s003758,0.2659,0.4599,-0.3053,0.0,0
ussd_0173,ussd_s003759,0.0137,1.0412,-0.0531,0.0,0
ussd_0436,ussd_s003760,-0.3705,0.576,-0.3421,0.0,0
ussd_0429,ussd_s003761,-0.7577,1.0424,-0.1241,0.0,0
ussd_0067,ussd_s003762,-0.7376,1.3177,-0.0935,0.0,0
ussd_0334,ussd_s003763,-0.5131,1.5781,-0.0384,0.0,0
ussd_0225,ussd_s003764,-0.3478,1.1439,-0.0297,0.0,0
ussd_0008,ussd_s003765,-0.262,0.8808,-0.3053,0.0,0
ussd_0402,ussd_s003766,-0.7793,0.7477,-0.1808,0.9386,0
ussd_0363,ussd_s003767,-0.6308,0.8565,-0.0892,0.9519,0
ussd_0385,ussd_s003768,-0.6825,1.4914,-0.2846,0.772,0
ussd_0249,ussd_s003769,-0.1718,1.5154,-0.5232,0.8893,0
ussd_0068,ussd_s003770,0.4507,1.1393,-0.0713,0.2031,0
ussd_0333,ussd_s003771,-0.4372,0.6301,-0.3544,0.0,0
ussd_0139,ussd_s003772,1.0508,0.9895,-0.2769,0.8304,0
ussd_0265,ussd_s003773,-0.1891,1.5486,-0.2231,0.0,0
ussd_0185,ussd_s003774,-0.6491,0.9748,-0.3021,0.0,0
ussd_0194,ussd_s003775,-0.8141,0.074,0.522,0.6378,0
ussd_0346,ussd_s003776,-0.4473,0.1477,0.657,0.0,0
ussd_0337,ussd_s003777,-0.6696,0.0923,-0.1851,0.5151,0
ussd_0104,ussd_s003778,-0.7761,1.8386,-0.0379,0.0,0
ussd_0442,ussd_s003779,4.3993,0.1549,-0.17,0.0,0
ussd_0240,ussd_s003780,1.2112,0.1293,-0.234,0.0,0
ussd_0102,ussd_s003781,-0.6351,0.6969,-0.2764,0.0,0
ussd_0211,ussd_s003782,-0.4504,3.2128,-0.4115,0.0,0
ussd_0051,ussd_s003783,-0.6046,0.5154,-0.297,0.0,0
ussd_0001,ussd_s003784,12.5392,4.3096,1.3901,0.0,1
ussd_0290,ussd_s003785,-0.5462,0.7021,-0.4046,0.0,0
ussd_0219,ussd_s003786,1.28,0.6633,0.51,0.0,0
ussd_0230,ussd_s003787,-0.4651,0.0841,-0.32,0.0,0
ussd_0199,ussd_s003788,-0.2735,0.0544,-0.1795,0.0,0
ussd_0113,ussd_s003789,-0.7693,0.3546,-0.5926,0.0,0
ussd_0046,ussd_s003790,0.8537,0.63,-0.435,0.0,0
ussd_0137,ussd_s003791,-0.1473,0.2848,-0.3588,0.0,0
ussd_0107,ussd_s003792,-0.5279,0.4192,-0.4382,0.0,0
ussd_0203,ussd_s003793,-0.4984,1.7107,-0.0347,0.0,0
ussd_0319,ussd_s003794,-0.6256,0.1326,-0.3104,0.5051,0
ussd_0313,ussd_s003795,-0.5299,2.4042,-0.0473,0.0,0
ussd_0431,ussd_s003796,-0.5744,1.8376,-0.1055,0.0,0
ussd_0142,ussd_s003797,-0.8889,0.027,-0.4466,0.0,0
ussd_0243,ussd_s003798,-0.3918,1.4812,-0.0974,0.0,0
ussd_0041,ussd_s003799,-0.4754,1.2068,-0.4636,0.0,0
ussd_0150,ussd_s003800,-0.788,0.9355,-0.0428,0.0,0
ussd_0255,ussd_s003801,0.2285,0.4364,-0.3304,0.0,0
ussd_0209,ussd_s003802,-0.2984,1.132,-0.0474,0.0908,0
ussd_0009,ussd_s003803,-0.3112,0.4201,2.0753,0.8032,0
ussd_0236,ussd_s003804,2.5922,0.9667,-0.2892,0.5753,0
ussd_0335,ussd_s003805,-0.5949,0.9606,-0.1527,0.0,0
ussd_0032,ussd_s003806,0.8009,0.4371,-0.1019,0.0,0
ussd_0417,ussd_s003807,0.6078,1.7747,-0.1046,0.0,0
ussd_0003,ussd_s003808,11.0288,1.9053,5.5635,0.9723,1
ussd_0041,ussd_s003809,0.9124,0.071,-0.4636,0.0,0
ussd_0245,ussd_s003810,0.4976,0.4494,-0.2456,0.0,0
ussd_0446,ussd_s003811,-0.048,0.4621,-0.164,0.0,0
ussd_0324,ussd_s003812,-0.4084,0.8486,-0.2742,0.0,0
ussd_0035,ussd_s003813,0.1582,0.8539,-0.4045,0.0,0
ussd_0388,ussd_s003814,-0.3663,1.4033,-0.1792,0.8787,0
ussd_0085,ussd_s003815,-0.5228,1.1058,-0.2852,0.0,0
ussd_0415,ussd_s003816,-0.8386,1.6014,-0.2031,0.0,0
ussd_0320,ussd_s003817,0.1956,0.5629,-0.3343,0.0802,0
ussd_0224,ussd_s003818,-0.2698,0.6437,1.1968,0.0,0
ussd_0233,ussd_s003819,-0.5178,0.1995,-0.2472,0.7872,0
ussd_0148,ussd_s003820,-0.7165,0.0347,-0.509,0.0,0
ussd_0396,ussd_s003821,-0.7794,0.2085,-0.2678,0.0,0
ussd_0343,ussd_s003822,-0.6234,1.4539,-0.1302,0.0,0
ussd_0083,ussd_s003823,0.3833,0.1177,-0.3606,0.0,0
ussd_0233,ussd_s003824,-0.6664,1.2972,-0.2472,0.7872,0
ussd_0392,ussd_s003825,-0.2734,0.1882,-0.4251,0.9428,0
ussd_0299,ussd_s003826,-0.2622,0.7191,-0.2227,0.0,0
ussd_0098,ussd_s003827,-0.4589,0.1602,-0.1481,0.0,0
ussd_0046,ussd_s003828,0.2828,2.059,-0.435,0.0,0
ussd_0364,ussd_s003829,-0.079,0.2599,-0.4906,0.0,0
ussd_0278,ussd_s003830,-0.6224,1.7539,-0.4889,0.0,0
ussd_0353,ussd_s003831,-0.5718,0.7222,0.2066,0.0,0
ussd_0141,ussd_s003832,0.0157,1.7334,0.2081,0.4236,0
ussd_0251,ussd_s003833,2.6914,1.6708,-0.0513,0.0,0
ussd_0142,ussd_s003834,4.4549,3.6249,2.8736,0.8357,1
ussd_0222,ussd_s003835,0.2498,1.7616,1.079,0.0,0
ussd_0232,ussd_s003836,-0.3645,0.2401,-0.5171,0.0,0
ussd_0407,ussd_s003837,0.9706,0.6645,-0.6884,0.0,0
ussd_0134,ussd_s003838,1.3045,0.3234,-0.5784,0.0,0
ussd_0050,ussd_s003839,0.2747,1.5541,0.0871,0.0,0
ussd_0372,ussd_s003840,0.1285,0.1256,-0.3382,0.0,0
ussd_0053,ussd_s003841,-0.8971,0.0331,-0.4112,0.0,0
ussd_0194,ussd_s003842,0.2552,1.1176,0.522,0.6378,0
ussd_0205,ussd_s003843,-0.6823,0.5542,-0.178,0.9936,0
ussd_0419,ussd_s003844,0.0645,2.3467,-0.375,0.0,0
ussd_0344,ussd_s003845,-0.5555,0.8206,-0.1112,0.0,0
ussd_0071,ussd_s003846,-0.2156,0.8442,-0.2102,0.0,0
ussd_0014,ussd_s003847,0.2812,0.9868,0.8142,0.0,0
ussd_0125,ussd_s003848,4.9322,5.9057,8.9403,0.0,1
ussd_0239,ussd_s003849,-0.133,0.8607,0.4909,0.0,0
ussd_0432,ussd_s003850,0.9864,0.6329,-0.2825,0.0,0
ussd_0303,ussd_s003851,-0.3897,0.9941,-0.1899,0.8018,0
ussd_0356,ussd_s003852,0.7474,1.0014,1.138,0.9012,0
ussd_0191,ussd_s003853,-0.6795,1.5214,-0.3495,0.0,0
ussd_0253,ussd_s003854,-0.7172,0.6305,1.4508,0.0,0
ussd_0205,ussd_s003855,-0.9227,0.8429,-0.178,0.9936,0
ussd_0295,ussd_s003856,-0.9204,1.0338,-0.1366,0.0,0
ussd_0437,ussd_s003857,-0.8358,0.8833,-0.0896,0.0,0
ussd_0394,ussd_s003858,-0.0629,0.7471,-0.08,0.0,0
ussd_0426,ussd_s003859,-0.5605,0.0073,0.7248,0.5158,0
ussd_0122,ussd_s003860,-0.6291,1.4129,-0.1654,0.0,0
ussd_0026,ussd_s003861,-0.7998,0.4603,-0.3359,0.0,0
ussd_0164,ussd_s003862,-0.676,0.0928,0.5771,0.0,0
ussd_0120,ussd_s003863,-0.5917,0.2554,-0.2178,0.0,0
ussd_0401,ussd_s003864,-0.2296,1.5712,0.4393,0.0,0
ussd_0147,ussd_s003865,-0.8343,1.3514,-0.5522,0.0,0
ussd_0185,ussd_s003866,2.3722,0.3456,-0.3021,0.0,0
ussd_0404,ussd_s003867,2.9677,1.0844,1.4008,0.5724,0
ussd_0340,ussd_s003868,0.3065,0.5717,1.9161,0.0,0
ussd_0119,ussd_s003869,0.2493,1.8601,-0.266,0.0,0
ussd_0255,ussd_s003870,1.8528,1.9637,-0.3304,0.0,0
ussd_0194,ussd_s003871,-0.4415,0.5826,0.522,0.6378,0
ussd_0038,ussd_s003872,-0.0557,0.0348,0.6539,0.0823,0
ussd_0277,ussd_s003873,0.9036,1.0015,-0.6207,0.9062,0
ussd_0166,ussd_s003874,6.8489,0.6497,10.3441,0.8517,1
ussd_0063,ussd_s003875,-0.5241,1.3425,-0.1743,0.0,0
ussd_0254,ussd_s003876,1.8276,1.6219,-0.0603,0.0,0
ussd_0022,ussd_s003877,-0.5236,0.7223,1.11,0.0,0
ussd_0334,ussd_s003878,-0.2409,1.096,-0.0384,0.0,0
ussd_0034,ussd_s003879,-0.4414,0.9218,-0.4028,0.1524,0
ussd_0121,ussd_s003880,-0.5546,0.0185,0.1845,0.3602,0
ussd_0253,ussd_s003881,-0.6022,1.0142,-0.1831,0.0,0
ussd_0332,ussd_s003882,0.4293,0.8942,-0.1385,0.0,0
ussd_0047,ussd_s003883,-0.6411,1.4927,-0.3995,0.8009,0
ussd_0037,ussd_s003884,11.4065,0.8446,4.604,0.7782,1
ussd_0319,ussd_s003885,-0.4138,0.6643,1.0688,0.5051,0
ussd_0245,ussd_s003886,-0.0772,2.3924,-0.2456,0.0,0
ussd_0369,ussd_s003887,-0.3257,0.1904,-0.013,0.5925,0
ussd_0362,ussd_s003888,-0.1098,0.1818,-0.3611,0.0,0
ussd_0182,ussd_s003889,-0.9115,0.4703,0.9103,0.9517,0
ussd_0025,ussd_s003890,1.6752,0.1195,-0.2707,0.0,0
ussd_0407,ussd_s003891,3.3217,1.349,-0.0652,0.0,0
ussd_0095,ussd_s003892,-0.1982,0.1321,-0.3759,0.0,0
ussd_0326,ussd_s003893,-0.5621,0.4091,-0.0673,0.0957,0
ussd_0418,ussd_s003894,-0.5211,0.3838,-0.4902,0.0,0
ussd_0186,ussd_s003895,-0.3872,0.8049,0.7923,0.087,0
ussd_0275,ussd_s003896,2.6449,1.1775,-0.6116,0.787,0
ussd_0231,ussd_s003897,0.0435,0.0237,1.3889,0.0,0
ussd_0129,ussd_s003898,-0.0496,0.2624,-0.4407,0.9109,0
ussd_0129,ussd_s003899,-0.704,1.2332,0.678,0.9109,0
ussd_0103,ussd_s003900,0.1323,1.0743,-0.3125,0.0,0
ussd_0363,ussd_s003901,-0.7734,0.5235,-0.0892,0.9519,0
ussd_0046,ussd_s003902,-0.1101,0.8992,-0.435,0.0,0
ussd_0225,ussd_s003903,-0.8411,0.5134,-0.0297,0.0,0
ussd_0064,ussd_s003904,0.0763,0.0429,1.0877,0.0,0
ussd_0121,ussd_s003905,0.7781,0.0416,0.1845,0.3602,0
ussd_0281,ussd_s003906,-0.5548,0.0022,-0.3218,0.0,0
ussd_0423,ussd_s003907,-0.3915,0.0036,-0.1,0.0,0
ussd_0167,ussd_s003908,-0.4895,1.4792,0.9098,0.0,0
ussd_0438,ussd_s003909,0.829,0.7153,-0.2666,0.8982,0
ussd_0218,ussd_s003910,-0.7305,0.534,-0.0704,0.6736,0
ussd_0022,ussd_s003911,-0.7382,0.3447,1.11,0.0,0
ussd_0112,ussd_s003912,-0.7921,0.0058,0.5978,0.7593,0
ussd_0202,ussd_s003913,0.2887,0.8711,-0.0483,0.0,0
ussd_0398,ussd_s003914,-0.0511,1.8921,-0.3386,0.0,0
ussd_0208,ussd_s003915,-0.1267,0.3683,-0.518,0.5813,0
ussd_0284,ussd_s003916,0.3614,0.2119,-0.3243,0.4201,0
ussd_0344,ussd_s003917,0.0216,0.1534,-0.1112,0.0,0
ussd_0075,ussd_s003918,11.2317,2.8174,9.7381,0.0,1
ussd_0149,ussd_s003919,-0.5513,2.1079,-0.2069,0.0,0
ussd_0157,ussd_s003920,-0.5887,0.5883,-0.1299,0.0,0
ussd_0242,ussd_s003921,-0.6852,2.3916,1.0317,0.0,0
ussd_0001,ussd_s003922,-0.4658,0.935,-0.2033,0.0,0
ussd_0328,ussd_s003923,8.0796,0.0336,7.3357,0.8911,1
ussd_0370,ussd_s003924,0.6701,1.059,-0.3301,0.6778,0
ussd_0160,ussd_s003925,6.2313,0.3246,2.1474,0.879,0
ussd_0071,ussd_s003926,-0.2732,0.9725,-0.2102,0.0,0
ussd_0132,ussd_s003927,-0.1021,1.3965,-0.2549,0.0,0
ussd_0160,ussd_s003928,-0.8502,1.0588,0.3489,0.879,0
ussd_0303,ussd_s003929,-0.2549,0.7879,-0.1899,0.8018,0
ussd_0111,ussd_s003930,0.1955,1.1843,-0.5595,0.3775,0
ussd_0350,ussd_s003931,-0.183,0.1436,-0.2522,0.0,0
ussd_0371,ussd_s003932,2.1454,1.4341,-0.269,0.0,0
ussd_0105,ussd_s003933,-0.3508,1.4782,1.4393,0.8648,0
ussd_0305,ussd_s003934,-0.3809,0.5295,-0.2808,0.0,0
ussd_0072,ussd_s003935,0.1636,0.5731,-0.0655,0.0,0
ussd_0068,ussd_s003936,-0.3087,0.5874,-0.0713,0.2031,0
ussd_0358,ussd_s003937,-0.1846,0.4407,-0.1161,0.0,0
ussd_0406,ussd_s003938,-0.5318,0.3232,-0.1994,0.0,0
ussd_0294,ussd_s003939,-0.1569,1.4052,-0.1472,0.0,0
ussd_0017,ussd_s003940,-0.8808,1.8549,1.5055,0.0,0
ussd_0009,ussd_s003941,2.4815,0.3113,-0.3849,0.8032,0
ussd_0334,ussd_s003942,-0.7465,1.0502,-0.0384,0.0,0
ussd_0165,ussd_s003943,-0.5521,0.3058,1.1234,0.0,0
ussd_0095,ussd_s003944,0.5026,0.6049,0.8722,0.0,0
ussd_0300,ussd_s003945,-0.6267,0.0182,-0.6719,0.0,0
ussd_0110,ussd_s003946,0.066,0.0933,-0.3506,0.0,0
ussd_0268,ussd_s003947,-0.5738,0.9639,-0.0551,0.0,0
ussd_0023,ussd_s003948,-0.4137,1.6768,-0.4193,0.0,0
ussd_0150,ussd_s003949,-0.6494,1.314,-0.0428,0.0,0
ussd_0205,ussd_s003950,9.6429,0.2247,6.3982,0.9212,1
ussd_0024,ussd_s003951,0.4565,0.5715,-0.042,0.9298,0
ussd_0141,ussd_s003952,-0.4923,0.3494,1.0134,0.4236,0
ussd_0167,ussd_s003953,-0.7599,1.4566,-0.618,0.0,0
ussd_0277,ussd_s003954,1.8402,0.1215,0.8963,0.9062,0
ussd_0448,ussd_s003955,0.1207,0.2052,-0.2068,0.0,0
ussd_0068,ussd_s003956,0.2123,0.414,-0.0713,0.2031,0
ussd_0033,ussd_s003957,-0.0173,2.8371,1.4032,0.0,0
ussd_0406,ussd_s003958,-0.2284,1.1302,-0.1994,0.0,0
ussd_0004,ussd_s003959,-0.3085,0.1721,-0.5538,0.0,0
ussd_0162,ussd_s003960,-0.1445,1.1119,0.1564,0.9543,0
ussd_0117,ussd_s003961,-0.7127,0.067,-0.1106,0.0,0
ussd_0411,ussd_s003962,-0.1323,0.0993,-0.0558,0.0,0
ussd_0266,ussd_s003963,-0.0825,1.2213,-0.5966,0.6032,0
ussd_0311,ussd_s003964,21.0821,1.0188,4.9294,0.9056,1
ussd_0333,ussd_s003965,-0.2812,0.2883,-0.3544,0.0,0
ussd_0229,ussd_s003966,-0.396,0.062,1.3175,0.582,0
ussd_0417,ussd_s003967,2.1994,2.1046,1.6862,0.0,0
ussd_0124,ussd_s003968,0.6807,0.6154,-0.443,0.0,0
ussd_0158,ussd_s003969,-0.4339,0.0955,-0.162,0.9214,0
ussd_0067,ussd_s003970,-0.0111,0.0349,-0.0935,0.0,0
ussd_0433,ussd_s003971,-0.1023,1.0667,0.8398,0.0,0
ussd_0293,ussd_s003972,-0.5881,0.8967,-0.1511,0.0,0
ussd_0109,ussd_s003973,1.215,0.8132,-0.4794,0.9921,0
ussd_0241,ussd_s003974,2.0266,0.7029,0.6176,0.0,0
ussd_0438,ussd_s003975,-0.5603,2.0147,-0.2666,0.8982,0
ussd_0229,ussd_s003976,1.013,0.1259,-0.2275,0.582,0
ussd_0069,ussd_s003977,-0.7035,0.473,-0.251,0.8844,0
ussd_0362,ussd_s003978,-0.8226,0.4871,-0.3611,0.0,0
ussd_0320,ussd_s003979,0.0886,0.1257,-0.3343,0.0802,0
ussd_0425,ussd_s003980,-0.1228,0.1056,-0.4279,0.0,0
ussd_0025,ussd_s003981,0.6734,1.5484,-0.2707,0.0,0
ussd_0171,ussd_s003982,-0.6946,1.1925,-0.3682,0.0,0
ussd_0308,ussd_s003983,0.9274,0.8112,1.7985,0.0,0
ussd_0255,ussd_s003984,0.1242,0.5141,-0.3304,0.0,0
ussd_0341,ussd_s003985,-0.7401,0.3612,0.6838,0.0,0
ussd_0226,ussd_s003986,-0.8787,0.5774,-0.425,0.0,0
ussd_0132,ussd_s003987,0.9967,1.6952,-0.2549,0.0,0
ussd_0258,ussd_s003988,3.8555,1.6671,3.9119,0.8659,1
ussd_0253,ussd_s003989,-0.0771,0.4784,-0.1831,0.0,0
ussd_0064,ussd_s003990,-0.1257,1.0148,-0.3041,0.0,0
ussd_0093,ussd_s003991,-0.7172,0.3007,-0.1136,0.7111,0
ussd_0060,ussd_s003992,1.2216,1.5835,-0.5746,0.0,0
ussd_0219,ussd_s003993,-0.5233,0.5753,0.51,0.0,0
ussd_0076,ussd_s003994,-0.7786,0.5987,0.8264,0.0,0
ussd_0316,ussd_s003995,3.1433,0.6295,-0.0791,0.0,0
ussd_0273,ussd_s003996,-0.5369,0.3314,-0.3565,0.0,0
ussd_0198,ussd_s003997,1.8243,2.3135,0.1783,0.8457,0
ussd_0417,ussd_s003998,-0.3303,0.4571,-0.1046,0.0,0
ussd_0207,ussd_s003999,0.754,0.3187,-0.1689,0.2923,0
ussd_0101,ussd_s004000,-0.0779,0.5776,1.0022,0.0,0
ussd_0001,ussd_s004001,-0.8253,0.1591,-0.2033,0.0,0
ussd_0086,ussd_s004002,0.1642,1.2986,0.338,0.5947,0
ussd_0327,ussd_s004003,0.5111,1.4975,-0.4941,0.0,0
ussd_0036,ussd_s004004,8.2599,1.2224,0.6817,0.7314,1
ussd_0043,ussd_s004005,0.1074,1.1268,-0.5039,0.0,0
ussd_0269,ussd_s004006,0.1873,0.2082,-0.0395,0.0,0
ussd_0408,ussd_s004007,-0.3343,0.8771,0.2039,0.0,0
ussd_0020,ussd_s004008,0.4035,0.0456,0.3216,0.0,0
ussd_0161,ussd_s004009,-0.6464,0.5773,-0.2694,0.0,0
ussd_0394,ussd_s004010,-0.3028,0.894,-0.08,0.0,0
ussd_0448,ussd_s004011,7.6398,1.1626,7.7249,0.9447,1
ussd_0176,ussd_s004012,-0.5198,2.0101,-0.0892,0.0,0
ussd_0253,ussd_s004013,1.4023,1.1398,-0.1831,0.0,0
ussd_0119,ussd_s004014,0.1644,2.0209,-0.266,0.0,0
ussd_0035,ussd_s004015,-0.4424,0.7876,-0.4045,0.0,0
ussd_0241,ussd_s004016,0.6264,0.1011,-0.4608,0.0,0
ussd_0247,ussd_s004017,-0.6938,1.7413,0.7535,0.5439,0
ussd_0119,ussd_s004018,-0.6963,1.0199,-0.266,0.0,0
ussd_0266,ussd_s004019,-0.4796,0.6031,0.2103,0.6032,0
ussd_0050,ussd_s004020,-0.5886,0.9295,-0.6376,0.0,0
ussd_0278,ussd_s004021,0.9206,0.2486,-0.4889,0.0,0
ussd_0321,ussd_s004022,-0.6594,1.877,-0.019,0.0,0
ussd_0143,ussd_s004023,-0.179,0.4876,-0.6482,0.0,0
ussd_0151,ussd_s004024,-0.8697,0.2244,0.9509,0.0479,0
ussd_0365,ussd_s004025,-0.4915,1.5128,-0.0713,0.0,0
ussd_0110,ussd_s004026,5.8655,1.9167,7.4416,0.7449,1
ussd_0287,ussd_s004027,-0.8566,0.6532,-0.6304,0.0,0
ussd_0387,ussd_s004028,-0.6933,0.338,0.8247,0.0,0
ussd_0315,ussd_s004029,-0.4792,0.2284,-0.1627,0.0,0
ussd_0217,ussd_s004030,0.4514,1.373,-0.4684,0.0,0
ussd_0119,ussd_s004031,1.8745,0.4585,-0.266,0.0,0
ussd_0363,ussd_s004032,0.8994,0.2666,-0.0892,0.9519,0
ussd_0339,ussd_s004033,0.9317,0.2383,-0.0323,0.4612,0
ussd_0004,ussd_s004034,-0.4135,0.0266,-0.5538,0.0,0
ussd_0354,ussd_s004035,14.0146,2.6799,12.0082,0.8584,1
ussd_0265,ussd_s004036,-0.3662,0.267,-0.2231,0.0,0
ussd_0004,ussd_s004037,-0.1802,0.5841,0.3385,0.0,0
ussd_0354,ussd_s004038,-0.4193,1.4408,2.0972,0.0,0
ussd_0017,ussd_s004039,-0.4568,0.317,-0.1648,0.0,0
ussd_0011,ussd_s004040,0.9783,0.567,-0.3409,0.9374,0
ussd_0449,ussd_s004041,-0.8163,0.4153,-0.2688,0.0,0
ussd_0176,ussd_s004042,-0.572,1.5921,-0.0892,0.0,0
ussd_0348,ussd_s004043,-0.8112,0.7523,-0.2464,0.0,0
ussd_0129,ussd_s004044,3.1674,0.0451,0.678,0.9109,0
ussd_0429,ussd_s004045,-0.8948,0.4141,-0.1241,0.0,0
ussd_0229,ussd_s004046,-0.7731,0.1934,-0.2275,0.582,0
ussd_0269,ussd_s004047,-0.2223,0.2379,-0.0395,0.0,0
ussd_0217,ussd_s004048,-0.2089,1.4695,-0.4684,0.0,0
ussd_0263,ussd_s004049,-0.5161,0.4246,-0.1377,0.0,0
ussd_0365,ussd_s004050,0.1308,0.1068,-0.0713,0.0,0
ussd_0110,ussd_s004051,-0.6705,0.2032,-0.3506,0.0,0
ussd_0299,ussd_s004052,-0.8274,2.1285,-0.2227,0.0,0
ussd_0260,ussd_s004053,-0.5598,2.1601,-0.4123,0.1622,0
ussd_0186,ussd_s004054,-0.6905,0.8624,0.7923,0.087,0
ussd_0258,ussd_s004055,-0.248,0.6616,-0.0176,0.0,0
ussd_0072,ussd_s004056,-0.256,0.1324,-0.0655,0.0,0
ussd_0235,ussd_s004057,-0.5422,0.645,0.7818,0.0,0
ussd_0020,ussd_s004058,-0.4705,2.1619,-0.5595,0.0,0
ussd_0212,ussd_s004059,-0.4583,0.2886,-0.0421,0.0,0
ussd_0324,ussd_s004060,-0.5645,0.4822,-0.2742,0.0,0
ussd_0323,ussd_s004061,-0.7733,0.8793,-0.1924,0.5402,0
ussd_0242,ussd_s004062,-0.1949,0.7737,-0.3228,0.0,0
ussd_0048,ussd_s004063,-0.7984,0.7413,1.6728,0.0,0
ussd_0116,ussd_s004064,0.0835,0.9451,-0.0357,0.0,0
ussd_0149,ussd_s004065,-0.8305,0.5141,-0.2069,0.0,0
ussd_0437,ussd_s004066,1.9354,1.3276,-0.0896,0.0,0
ussd_0289,ussd_s004067,-0.8765,0.9756,-0.2531,0.9908,0
ussd_0103,ussd_s004068,-0.7191,1.3045,-0.3125,0.0,0
ussd_0404,ussd_s004069,-0.6262,0.9242,-0.5198,0.5724,0
ussd_0238,ussd_s004070,9.4856,0.9058,3.2628,0.0,1
ussd_0337,ussd_s004071,0.0843,0.7491,-0.1851,0.5151,0
ussd_0441,ussd_s004072,-0.1899,1.0713,-0.3002,0.0,0
ussd_0414,ussd_s004073,1.1166,0.5089,-0.0307,0.8194,0
ussd_0331,ussd_s004074,-0.3554,0.3521,-0.2283,0.0,0
ussd_0188,ussd_s004075,0.229,0.5346,-0.3934,0.0,0
ussd_0023,ussd_s004076,3.5543,0.8392,-0.4193,0.0,0
ussd_0171,ussd_s004077,0.0221,1.5144,0.8955,0.0,0
ussd_0121,ussd_s004078,-0.4631,0.6341,0.1845,0.3602,0
ussd_0118,ussd_s004079,0.1519,0.0822,-0.639,0.0,0
ussd_0296,ussd_s004080,5.0081,5.2042,0.5456,0.0,1
ussd_0346,ussd_s004081,0.666,0.0245,0.657,0.0,0
ussd_0196,ussd_s004082,-0.9027,0.2321,-0.4157,0.4478,0
ussd_0386,ussd_s004083,-0.8727,1.0224,-0.047,0.5229,0
ussd_0094,ussd_s004084,-0.7323,0.8546,-0.2243,0.0,0
ussd_0318,ussd_s004085,0.3706,1.6696,-0.2747,0.5436,0
ussd_0124,ussd_s004086,2.9141,5.2756,7.3551,0.0,1
ussd_0198,ussd_s004087,0.2045,0.298,-0.6072,0.8457,0
ussd_0082,ussd_s004088,-0.0734,1.3678,-0.4217,0.0,0
ussd_0089,ussd_s004089,1.3518,1.0536,-0.3172,0.0,0
ussd_0278,ussd_s004090,-0.4908,0.6546,-0.4889,0.0,0
ussd_0422,ussd_s004091,-0.9006,0.6109,-0.112,0.7109,0
ussd_0418,ussd_s004092,-0.7569,1.2349,-0.4902,0.0,0
ussd_0129,ussd_s004093,0.3077,1.1513,-0.4407,0.9109,0
ussd_0340,ussd_s004094,-0.6237,0.5908,0.3255,0.0,0
ussd_0257,ussd_s004095,-0.6365,0.8055,-0.0849,0.0,0
ussd_0197,ussd_s004096,-0.8272,0.0798,-0.3809,0.0,0
ussd_0212,ussd_s004097,0.1623,1.408,-0.0421,0.0,0
ussd_0125,ussd_s004098,-0.2492,0.9654,-0.2354,0.0,0
ussd_0237,ussd_s004099,-0.2372,0.1888,-0.3433,0.0,0
ussd_0418,ussd_s004100,-0.5069,0.7597,-0.4902,0.0,0
ussd_0026,ussd_s004101,0.7998,0.9306,0.9924,0.0,0
ussd_0161,ussd_s004102,-0.2566,0.8146,-0.2694,0.0,0
ussd_0407,ussd_s004103,-0.8162,0.4346,-0.6884,0.0,0
ussd_0009,ussd_s004104,-0.2721,0.8721,0.8452,0.8032,0
ussd_0295,ussd_s004105,1.8411,1.6117,-0.1366,0.0,0
ussd_0059,ussd_s004106,-0.9109,1.2624,-0.3921,0.0,0
ussd_0089,ussd_s004107,-0.4904,0.7393,-0.3172,0.0,0
ussd_0204,ussd_s004108,-0.5878,0.6806,-0.557,0.0,0
ussd_0289,ussd_s004109,-0.5067,0.7426,-0.2531,0.9908,0
ussd_0122,ussd_s004110,0.8442,0.2698,-0.7218,0.0,0
ussd_0012,ussd_s004111,-0.3929,1.0595,-0.3088,0.0,0
ussd_0109,ussd_s004112,-0.5135,1.1239,0.5618,0.9921,0
ussd_0419,ussd_s004113,-0.8286,1.2622,-0.375,0.0,0
ussd_0047,ussd_s004114,-0.7408,0.4344,-0.3995,0.8009,0
ussd_0325,ussd_s004115,0.2558,0.0335,-0.1796,0.0,0
ussd_0204,ussd_s004116,-0.4726,0.4813,-0.557,0.0,0
ussd_0009,ussd_s004117,-0.596,1.7842,0.8452,0.8032,0
ussd_0115,ussd_s004118,-0.516,0.0087,-0.0045,0.5235,0
ussd_0252,ussd_s004119,-0.3305,0.514,1.5438,0.0,0
ussd_0230,ussd_s004120,-0.156,0.0097,-0.32,0.0,0
ussd_0089,ussd_s004121,0.6413,0.8622,-0.3172,0.0,0
ussd_0438,ussd_s004122,-0.8153,0.099,-0.2666,0.8982,0
ussd_0000,ussd_s004123,-0.6239,1.1287,2.0972,0.3567,0
ussd_0354,ussd_s004124,0.3888,0.6554,-0.3806,0.0,0
ussd_0407,ussd_s004125,5.7514,0.8184,2.4277,0.0,1
ussd_0271,ussd_s004126,-0.6051,0.0683,1.603,0.6586,0
ussd_0079,ussd_s004127,-0.8032,0.6674,-0.463,0.0,0
ussd_0397,ussd_s004128,0.4335,2.3426,1.9192,0.0,0
ussd_0423,ussd_s004129,-0.4046,0.8677,0.26,0.0,0
ussd_0269,ussd_s004130,-0.8683,1.7038,-0.0395,0.0,0
ussd_0032,ussd_s004131,-0.5494,0.7829,1.6943,0.0,0
ussd_0353,ussd_s004132,-0.4523,0.2712,0.2066,0.0,0
ussd_0299,ussd_s004133,-0.5991,0.5878,1.332,0.0,0
ussd_0315,ussd_s004134,2.5989,0.0485,4.8612,0.671,1
ussd_0341,ussd_s004135,0.493,0.2485,1.8063,0.0,0
ussd_0142,ussd_s004136,-0.6908,0.204,-0.4466,0.0,0
ussd_0232,ussd_s004137,-0.8429,0.2504,0.4486,0.0,0
ussd_0317,ussd_s004138,-0.526,0.4953,-0.3401,0.0,0
ussd_0360,ussd_s004139,0.6105,0.6064,-0.5311,0.0,0
ussd_0250,ussd_s004140,-0.3813,0.8163,-0.5623,0.6003,0
ussd_0397,ussd_s004141,-0.332,0.7626,-0.4162,0.0,0
ussd_0166,ussd_s004142,-0.5134,0.0448,-0.3327,0.0,0
ussd_0443,ussd_s004143,-0.3201,2.0624,-0.2465,0.0,0
ussd_0139,ussd_s004144,-0.7414,1.6118,-0.2769,0.8304,0
ussd_0139,ussd_s004145,-0.9173,0.3381,1.1692,0.8304,0
ussd_0410,ussd_s004146,-0.1054,1.157,-0.6808,0.0,0
ussd_0077,ussd_s004147,0.2281,0.1755,-0.0916,0.0,0
ussd_0256,ussd_s004148,-0.6047,0.2161,-0.2859,0.5648,0
ussd_0311,ussd_s004149,-0.3716,0.0506,-0.1529,0.0,0
ussd_0123,ussd_s004150,-0.5939,0.0513,-0.303,0.6336,0
ussd_0366,ussd_s004151,0.8968,0.5383,-0.2035,0.0,0
ussd_0440,ussd_s004152,2.0019,0.9862,-0.201,0.0,0
ussd_0328,ussd_s004153,-0.6673,0.3057,0.471,0.0,0
ussd_0422,ussd_s004154,-0.6621,0.9693,-0.112,0.7109,0
ussd_0280,ussd_s004155,-0.8836,1.0909,-0.2533,0.0,0
ussd_0001,ussd_s004156,-0.2021,2.1787,-0.2033,0.0,0
ussd_0083,ussd_s004157,0.3698,0.9849,-0.3606,0.0,0
ussd_0311,ussd_s004158,-0.076,2.5194,-0.1529,0.0,0
ussd_0211,ussd_s004159,-0.7376,1.2987,-0.4115,0.0,0
ussd_0438,ussd_s004160,0.2671,1.7154,-0.2666,0.8982,0
ussd_0197,ussd_s004161,0.7978,0.2192,-0.3809,0.0,0
ussd_0344,ussd_s004162,-0.8539,0.559,-0.1112,0.0,0
ussd_0440,ussd_s004163,-0.8067,0.0832,-0.201,0.0,0
ussd_0026,ussd_s004164,-0.3812,1.1493,0.9924,0.0,0
ussd_0218,ussd_s004165,-0.855,0.8114,1.7888,0.6736,0
ussd_0301,ussd_s004166,-0.9108,1.32,-0.2198,0.9322,0
ussd_0170,ussd_s004167,-0.4684,1.3543,-0.3011,0.0,0
ussd_0148,ussd_s004168,-0.2099,0.3257,0.4731,0.0,0
ussd_0341,ussd_s004169,-0.5859,0.4787,-0.4387,0.0,0
ussd_0240,ussd_s004170,0.3061,0.3075,-0.234,0.0,0
ussd_0026,ussd_s004171,-0.3182,1.1348,-0.3359,0.0,0
ussd_0340,ussd_s004172,-0.4913,1.727,-0.7349,0.0,0
ussd_0110,ussd_s004173,0.3578,1.8418,-0.3506,0.0,0
ussd_0347,ussd_s004174,0.028,1.1087,-0.3832,0.0,0
ussd_0114,ussd_s004175,-0.5873,0.2829,-0.1616,0.6154,0
ussd_0055,ussd_s004176,0.0538,1.0534,-0.2393,0.6067,0
ussd_0037,ussd_s004177,-0.4508,1.5358,0.2932,0.0,0
ussd_0429,ussd_s004178,0.4759,0.3224,-0.1241,0.0,0
ussd_0032,ussd_s004179,0.2257,2.8348,-0.1019,0.0,0
ussd_0077,ussd_s004180,0.2705,1.396,-0.0916,0.0,0
ussd_0283,ussd_s004181,0.4352,1.1053,0.5555,0.0953,0
ussd_0353,ussd_s004182,-0.5143,0.8646,0.2066,0.0,0
ussd_0021,ussd_s004183,-0.8267,0.2695,-0.4138,0.0,0
ussd_0267,ussd_s004184,-0.1216,0.0771,-0.3244,0.8579,0
ussd_0248,ussd_s004185,2.3534,0.8504,1.0737,0.0,0
ussd_0053,ussd_s004186,-0.2885,0.0585,-0.4112,0.0,0
ussd_0333,ussd_s004187,0.0013,2.0502,-0.3544,0.0,0
ussd_0285,ussd_s004188,-0.4155,0.7964,0.1607,0.0,0
ussd_0224,ussd_s004189,-0.2836,1.0552,-0.2677,0.0,0
ussd_0444,ussd_s004190,-0.6187,0.496,0.9319,0.0,0
ussd_0441,ussd_s004191,-0.3904,0.4056,-0.3002,0.0,0
ussd_0327,ussd_s004192,8.1694,3.4386,1.5295,0.0,1
ussd_0136,ussd_s004193,-0.8399,0.0647,-0.0292,0.2943,0
ussd_0130,ussd_s004194,-0.8155,0.6147,-0.4766,0.0,0
ussd_0309,ussd_s004195,-0.1982,0.5656,-0.1466,0.0,0
ussd_0068,ussd_s004196,0.4796,0.2447,-0.0713,0.2031,0
ussd_0018,ussd_s004197,1.3918,0.4424,-0.3891,0.0,0
ussd_0336,ussd_s004198,-0.5545,1.4041,-0.4944,0.0,0
ussd_0070,ussd_s004199,0.4485,0.3004,-0.1596,0.0,0
ussd_0331,ussd_s004200,-0.858,0.0391,-0.2283,0.0,0
ussd_0151,ussd_s004201,-0.0117,0.2933,-0.3497,0.0479,0
ussd_0353,ussd_s004202,0.8905,0.7283,1.0111,0.0,0
ussd_0185,ussd_s004203,-0.7927,0.132,1.0936,0.0,0
ussd_0408,ussd_s004204,-0.6158,1.2427,-0.5987,0.0,0
ussd_0172,ussd_s004205,-0.8142,0.4855,-0.3459,0.9157,0
ussd_0208,ussd_s004206,-0.6832,1.7365,-0.518,0.5813,0
ussd_0411,ussd_s004207,1.0105,0.158,-0.0558,0.0,0
ussd_0066,ussd_s004208,0.1575,1.4582,0.4714,0.515,0
ussd_0356,ussd_s004209,0.7965,0.4305,-0.2873,0.9012,0
ussd_0163,ussd_s004210,-0.4183,0.8135,-0.1432,0.0,0
ussd_0259,ussd_s004211,-0.6848,0.6794,-0.2506,0.0,0
ussd_0303,ussd_s004212,0.4915,0.7161,-0.1899,0.8018,0
ussd_0088,ussd_s004213,4.2893,4.7112,0.6092,0.0,1
ussd_0373,ussd_s004214,1.0603,1.5987,-0.4251,0.0,0
ussd_0293,ussd_s004215,1.0634,0.7654,-0.1511,0.0,0
ussd_0144,ussd_s004216,0.415,1.2095,-0.2019,0.7224,0
ussd_0399,ussd_s004217,-0.1399,0.5601,-0.031,0.0,0
ussd_0024,ussd_s004218,-0.7579,1.8065,-0.042,0.9298,0
ussd_0185,ussd_s004219,0.0969,0.1921,-0.3021,0.0,0
ussd_0153,ussd_s004220,-0.6042,1.1251,1.1507,0.0,0
ussd_0292,ussd_s004221,-0.6343,1.435,-0.3993,0.0,0
ussd_0001,ussd_s004222,-0.8043,0.9079,-0.2033,0.0,0
ussd_0124,ussd_s004223,1.5822,1.7234,1.785,0.0,0
ussd_0228,ussd_s004224,-0.5408,0.5865,0.4009,0.0,0
ussd_0382,ussd_s004225,0.2356,0.2974,0.5387,0.0,0
ussd_0282,ussd_s004226,-0.3472,0.6598,-0.4859,0.0,0
ussd_0193,ussd_s004227,-0.3001,0.1963,0.5463,0.0,0
ussd_0033,ussd_s004228,-0.1798,0.3285,-0.1989,0.0,0
ussd_0011,ussd_s004229,-0.6335,0.5949,-0.3409,0.9374,0
ussd_0328,ussd_s004230,-0.5363,0.87,1.4517,0.0,0
ussd_0302,ussd_s004231,6.7595,3.3162,5.3062,0.0,1
ussd_0290,ussd_s004232,-0.8661,0.7646,0.7863,0.0,0
ussd_0435,ussd_s004233,-0.1142,1.1429,2.5305,0.679,0
ussd_0022,ussd_s004234,-0.2055,0.5446,-0.2967,0.0,0
ussd_0124,ussd_s004235,-0.0047,0.8381,-0.443,0.0,0
ussd_0386,ussd_s004236,0.4645,0.6058,-0.047,0.5229,0
ussd_0400,ussd_s004237,-0.2279,0.2877,-0.3969,0.0,0
ussd_0065,ussd_s004238,-0.0543,0.3793,0.858,0.0,0
ussd_0285,ussd_s004239,-0.825,0.1707,0.1607,0.0,0
ussd_0441,ussd_s004240,-0.6435,1.3881,2.499,0.0,0
ussd_0075,ussd_s004241,-0.7057,0.1802,-0.174,0.0,0
ussd_0070,ussd_s004242,-0.8344,0.1262,-0.1596,0.0,0
ussd_0240,ussd_s004243,11.4629,1.6558,5.8944,0.0,1
ussd_0123,ussd_s004244,0.0003,0.3154,-0.303,0.6336,0
ussd_0349,ussd_s004245,-0.3395,0.2764,-0.4904,0.0,0
ussd_0073,ussd_s004246,-0.4086,1.6157,0.0983,0.0,0
ussd_0380,ussd_s004247,-0.1176,0.2503,1.3161,0.697,0
ussd_0201,ussd_s004248,0.1192,0.1686,0.9333,0.0,0
ussd_0373,ussd_s004249,1.621,0.7382,-0.4251,0.0,0
ussd_0096,ussd_s004250,-0.4563,0.7532,-0.2509,0.9419,0
ussd_0406,ussd_s004251,-0.3087,0.2425,-0.1994,0.0,0
ussd_0426,ussd_s004252,0.4959,0.7872,-0.4251,0.5158,0
ussd_0322,ussd_s004253,0.2411,1.5361,-0.2737,0.0,0
ussd_0222,ussd_s004254,0.007,0.6148,0.2474,0.0,0
ussd_0216,ussd_s004255,-0.067,0.8968,-0.0659,0.0,0
ussd_0289,ussd_s004256,-0.2449,0.7473,-0.2531,0.9908,0
ussd_0329,ussd_s004257,3.8309,0.704,6.5437,0.9235,1
ussd_0314,ussd_s004258,-0.6523,0.5091,-0.2413,0.9397,0
ussd_0212,ussd_s004259,-0.8734,0.0779,-0.0421,0.0,0
ussd_0354,ussd_s004260,-0.7128,0.1077,-0.3806,0.0,0
ussd_0327,ussd_s004261,-0.3395,1.4272,-0.4941,0.0,0
ussd_0340,ussd_s004262,-0.4516,0.4009,-0.2047,0.0,0
ussd_0045,ussd_s004263,-0.7166,0.8312,2.0071,0.7862,0
ussd_0062,ussd_s004264,1.4889,0.0008,0.204,0.0,0
ussd_0156,ussd_s004265,0.126,0.6711,1.55,0.8076,0
ussd_0329,ussd_s004266,0.331,0.0997,-0.4971,0.0,0
ussd_0040,ussd_s004267,-0.7429,0.0114,0.0429,0.0,0
ussd_0418,ussd_s004268,0.1408,0.1132,-0.4902,0.0,0
ussd_0388,ussd_s004269,0.5657,1.4387,-0.1792,0.8787,0
ussd_0331,ussd_s004270,-0.6107,0.0626,-0.2283,0.0,0
ussd_0057,ussd_s004271,0.4903,0.0288,-0.1568,0.986,0
ussd_0328,ussd_s004272,-0.6897,0.0486,-0.5097,0.0,0
ussd_0103,ussd_s004273,-0.3178,0.8801,-0.3125,0.0,0
ussd_0039,ussd_s004274,-0.7955,0.2231,-0.6517,0.0,0
ussd_0331,ussd_s004275,6.9455,2.8101,1.3152,0.9631,1
ussd_0043,ussd_s004276,-0.807,0.8977,0.4883,0.0,0
ussd_0362,ussd_s004277,-0.2339,0.7648,-0.3611,0.0,0
ussd_0193,ussd_s004278,0.4256,0.1394,-0.6907,0.0,0
ussd_0368,ussd_s004279,-0.866,0.9383,-0.0781,0.0,0
ussd_0022,ussd_s004280,-0.2566,1.3394,-0.2967,0.0,0
ussd_0282,ussd_s004281,-0.8433,0.2133,1.5707,0.0,0
ussd_0157,ussd_s004282,0.7123,2.2746,-0.1299,0.0,0
ussd_0377,ussd_s004283,-0.6696,1.0082,-0.4784,0.0,0
ussd_0076,ussd_s004284,1.987,0.5242,0.8264,0.0,0
ussd_0225,ussd_s004285,0.5654,0.1258,-0.0297,0.0,0
ussd_0219,ussd_s004286,-0.3538,0.9297,-0.4967,0.0,0
ussd_0120,ussd_s004287,-0.336,0.5212,-0.2178,0.0,0
ussd_0229,ussd_s004288,-0.6908,0.2697,1.3175,0.582,0
ussd_0212,ussd_s004289,0.2271,0.3922,-0.0421,0.0,0
ussd_0075,ussd_s004290,-0.5707,0.5906,-0.174,0.0,0
ussd_0066,ussd_s004291,0.8229,1.1149,-0.5095,0.515,0
ussd_0022,ussd_s004292,0.1281,0.5101,1.11,0.0,0
ussd_0146,ussd_s004293,0.4081,1.7163,-0.1106,0.0,0
ussd_0186,ussd_s004294,-0.3405,0.9233,-0.4026,0.087,0
ussd_0268,ussd_s004295,-0.7024,1.0335,-0.0551,0.0,0
ussd_0032,ussd_s004296,-0.5868,1.472,-0.1019,0.0,0
ussd_0330,ussd_s004297,0.2654,0.1845,-0.3973,0.0,0
ussd_0357,ussd_s004298,-0.4322,0.903,-0.2504,0.0,0
ussd_0023,ussd_s004299,0.595,1.7006,-0.4193,0.0,0
ussd_0142,ussd_s004300,-0.0923,0.2762,-0.4466,0.0,0
ussd_0191,ussd_s004301,-0.5336,0.4335,2.2525,0.0,0
ussd_0208,ussd_s004302,-0.8972,1.2916,1.4102,0.5813,0
ussd_0420,ussd_s004303,0.87,0.1512,-0.3617,0.6651,0
ussd_0335,ussd_s004304,-0.8229,1.5246,1.5418,0.0,0
ussd_0004,ussd_s004305,-0.2302,0.7083,0.3385,0.0,0
ussd_0252,ussd_s004306,0.8249,0.0693,-0.1521,0.0,0
ussd_0176,ussd_s004307,-0.2971,0.4888,-0.0892,0.0,0
ussd_0414,ussd_s004308,3.0606,0.3408,0.6156,0.8194,0
ussd_0129,ussd_s004309,0.1041,0.0596,0.678,0.9109,0
ussd_0266,ussd_s004310,-0.889,0.5751,0.2103,0.6032,0
ussd_0027,ussd_s004311,-0.682,0.6625,-0.388,0.0,0
ussd_0227,ussd_s004312,-0.4402,0.9692,-0.0417,0.0,0
ussd_0074,ussd_s004313,-0.2013,0.3558,1.6749,0.0,0
ussd_0332,ussd_s004314,2.5685,1.7288,-0.1385,0.0,0
ussd_0267,ussd_s004315,-0.2752,1.618,1.0268,0.8579,0
ussd_0098,ussd_s004316,-0.5543,0.1712,-0.1481,0.0,0
ussd_0325,ussd_s004317,0.6128,2.0092,-0.1796,0.0,0
ussd_0114,ussd_s004318,3.2963,1.8416,-0.1616,0.6154,0
ussd_0287,ussd_s004319,-0.6282,0.7027,0.1089,0.0,0
ussd_0388,ussd_s004320,0.1914,0.6369,-0.1792,0.8787,0
ussd_0434,ussd_s004321,-0.4471,0.1339,-0.2715,0.0,0
ussd_0177,ussd_s004322,-0.4344,0.465,-0.4694,0.0,0
ussd_0343,ussd_s004323,2.5773,0.6846,-0.1302,0.0,0
ussd_0212,ussd_s004324,0.092,1.0814,-0.0421,0.0,0
ussd_0143,ussd_s004325,2.3808,0.3404,0.0554,0.0,0
ussd_0011,ussd_s004326,-0.3617,0.777,-0.3409,0.9374,0
ussd_0231,ussd_s004327,-0.8902,0.4127,-0.6587,0.0,0
ussd_0211,ussd_s004328,0.4425,1.4976,0.7656,0.0,0
ussd_0186,ussd_s004329,-0.4659,0.4401,-0.4026,0.087,0
ussd_0283,ussd_s004330,8.7288,2.3092,1.5926,0.9238,1
ussd_0128,ussd_s004331,0.3018,0.0842,-0.0275,0.0,0
ussd_0404,ussd_s004332,-0.4008,0.0217,0.4405,0.5724,0
ussd_0009,ussd_s004333,-0.1892,1.127,-0.3849,0.8032,0
ussd_0235,ussd_s004334,-0.7245,0.5574,0.7818,0.0,0
ussd_0373,ussd_s004335,0.5281,0.9099,-0.4251,0.0,0
ussd_0381,ussd_s004336,3.5286,1.6388,-0.1529,0.0,0
ussd_0271,ussd_s004337,-0.4982,1.2968,-0.1323,0.6586,0
ussd_0350,ussd_s004338,-0.4085,0.686,-0.2522,0.0,0
ussd_0334,ussd_s004339,-0.1694,2.4684,-0.0384,0.0,0
ussd_0245,ussd_s004340,-0.6936,0.7108,-0.2456,0.0,0
ussd_0235,ussd_s004341,-0.092,1.29,-0.4061,0.0,0
ussd_0362,ussd_s004342,0.6094,0.9762,0.9167,0.0,0
ussd_0263,ussd_s004343,-0.7515,0.1203,-0.1377,0.0,0
ussd_0445,ussd_s004344,-0.585,1.1984,0.3652,0.0,0
ussd_0085,ussd_s004345,-0.6593,0.951,-0.2852,0.0,0
ussd_0093,ussd_s004346,-0.4794,0.0551,-0.1136,0.7111,0
ussd_0264,ussd_s004347,3.0247,1.6323,4.8214,0.9204,1
ussd_0063,ussd_s004348,0.1392,0.7357,-0.1743,0.0,0
ussd_0177,ussd_s004349,-0.2944,1.1228,-0.4694,0.0,0
ussd_0224,ussd_s004350,2.0432,1.1373,-0.2677,0.0,0
ussd_0419,ussd_s004351,9.369,2.183,3.3748,0.0,1
ussd_0415,ussd_s004352,1.919,1.0554,-0.2031,0.0,0
ussd_0142,ussd_s004353,0.4118,0.011,-0.4466,0.0,0
ussd_0316,ussd_s004354,-0.5576,0.1579,-0.0791,0.0,0
ussd_0288,ussd_s004355,-0.1025,0.4617,1.4473,0.0,0
ussd_0009,ussd_s004356,0.2,1.3488,-0.3849,0.8032,0
ussd_0244,ussd_s004357,0.5113,0.2094,0.0703,0.68,0
ussd_0445,ussd_s004358,0.1234,0.375,-0.5449,0.0,0
ussd_0356,ussd_s004359,0.0078,0.3623,-0.2873,0.9012,0
ussd_0261,ussd_s004360,-0.6555,1.0578,-0.3923,0.0,0
ussd_0044,ussd_s004361,-0.5632,0.1948,0.8015,0.8935,0
ussd_0022,ussd_s004362,-0.4916,1.6099,1.11,0.0,0
ussd_0027,ussd_s004363,-0.3701,1.0402,-0.388,0.0,0
ussd_0222,ussd_s004364,-0.4784,0.4628,-0.5842,0.0,0
ussd_0311,ussd_s004365,0.0679,0.446,-0.1529,0.0,0
ussd_0118,ussd_s004366,-0.444,1.7787,0.0829,0.0,0
ussd_0412,ussd_s004367,-0.1203,0.3995,0.541,0.0,0
ussd_0113,ussd_s004368,-0.6012,0.354,-0.5926,0.0,0
ussd_0162,ussd_s004369,-0.2981,1.7465,-0.6145,0.9543,0
ussd_0371,ussd_s004370,-0.9098,1.3348,-0.269,0.0,0
ussd_0405,ussd_s004371,-0.5966,0.5634,1.5215,0.0,0
ussd_0338,ussd_s004372,1.057,0.1029,-0.1227,0.0,0
ussd_0308,ussd_s004373,7.0699,0.5146,3.6642,0.8404,1
ussd_0355,ussd_s004374,-0.422,0.3165,-0.4131,0.0,0
ussd_0432,ussd_s004375,0.5802,0.9989,-0.2825,0.0,0
ussd_0226,ussd_s004376,0.7893,0.6784,-0.425,0.0,0
ussd_0078,ussd_s004377,-0.6393,1.3873,0.9457,0.0,0
ussd_0079,ussd_s004378,0.0947,0.155,-0.463,0.0,0
ussd_0399,ussd_s004379,-0.6369,0.7469,-0.031,0.0,0
ussd_0267,ussd_s004380,-0.2298,0.7548,1.0268,0.8579,0
ussd_0059,ussd_s004381,1.9377,0.0419,2.0397,0.0,0
ussd_0240,ussd_s004382,-0.799,1.2263,-0.234,0.0,0
ussd_0360,ussd_s004383,0.9673,1.5352,1.3446,0.0,0
ussd_0320,ussd_s004384,-0.764,0.2555,-0.3343,0.0802,0
ussd_0290,ussd_s004385,1.035,0.2692,-0.4046,0.0,0
ussd_0175,ussd_s004386,-0.7096,0.7338,-0.4073,0.0,0
ussd_0327,ussd_s004387,-0.3826,0.9913,-0.4941,0.0,0
ussd_0398,ussd_s004388,-0.4502,1.3593,-0.3386,0.0,0
ussd_0333,ussd_s004389,-0.3899,0.8458,3.5195,0.0,0
ussd_0399,ussd_s004390,-0.5056,0.3293,-0.031,0.0,0
ussd_0242,ussd_s004391,1.167,0.1545,-0.3228,0.0,0
ussd_0020,ussd_s004392,0.3742,2.9063,-0.5595,0.0,0
ussd_0433,ussd_s004393,1.0942,0.585,0.8398,0.0,0
ussd_0203,ussd_s004394,0.1983,0.8442,-0.0347,0.0,0
ussd_0141,ussd_s004395,-0.3813,1.1854,1.0134,0.4236,0
ussd_0348,ussd_s004396,0.0281,0.6164,-0.2464,0.0,0
ussd_0001,ussd_s004397,0.205,0.5117,-0.2033,0.0,0
ussd_0095,ussd_s004398,-0.2319,0.5038,-0.3759,0.0,0
ussd_0053,ussd_s004399,-0.3439,0.5184,-0.4112,0.0,0
ussd_0384,ussd_s004400,-0.456,1.9189,-0.44,0.8505,0
ussd_0189,ussd_s004401,-0.7086,0.3257,-0.4537,0.0,0
ussd_0399,ussd_s004402,0.5118,0.5608,-0.031,0.0,0
ussd_0404,ussd_s004403,-0.7047,0.9316,1.4008,0.5724,0
ussd_0372,ussd_s004404,-0.8009,1.3833,0.9853,0.0,0
ussd_0326,ussd_s004405,-0.4518,0.4975,-0.0673,0.0957,0
ussd_0011,ussd_s004406,8.0848,0.1579,-0.3409,0.9374,0
ussd_0344,ussd_s004407,-0.8304,0.613,-0.1112,0.0,0
ussd_0308,ussd_s004408,1.9911,0.4617,-0.0672,0.0,0
ussd_0139,ussd_s004409,0.384,0.8821,1.1692,0.8304,0
ussd_0080,ussd_s004410,-0.2194,0.126,-0.3273,0.0,0
ussd_0279,ussd_s004411,-0.841,0.6067,-0.3304,0.0,0
ussd_0257,ussd_s004412,-0.6156,0.4579,-0.0849,0.0,0
ussd_0162,ussd_s004413,-0.289,0.3531,0.1564,0.9543,0
ussd_0203,ussd_s004414,-0.5672,0.1994,-0.0347,0.0,0
ussd_0126,ussd_s004415,-0.627,0.7291,-0.1537,0.4802,0
ussd_0430,ussd_s004416,4.3216,0.2411,0.6657,0.2721,0
ussd_0060,ussd_s004417,5.1061,0.2114,1.978,0.9234,1
ussd_0001,ussd_s004418,-0.8229,0.9868,1.3901,0.0,0
ussd_0144,ussd_s004419,-0.6543,0.1082,-0.734,0.7224,0
ussd_0230,ussd_s004420,-0.8004,0.8296,1.0399,0.0,0
ussd_0343,ussd_s004421,0.6087,0.8069,-0.1302,0.0,0
ussd_0023,ussd_s004422,-0.625,0.0634,0.7422,0.0,0
ussd_0164,ussd_s004423,0.1789,0.904,-0.4743,0.0,0
ussd_0006,ussd_s004424,-0.2802,2.0664,-0.0722,0.0,0
ussd_0301,ussd_s004425,-0.2813,0.2788,-0.2198,0.9322,0
ussd_0317,ussd_s004426,0.2992,0.1434,-0.3401,0.0,0
ussd_0304,ussd_s004427,-0.6978,0.909,1.1065,0.0,0
ussd_0018,ussd_s004428,0.1878,0.9382,0.8328,0.0,0
ussd_0419,ussd_s004429,-0.6795,1.3704,-0.375,0.0,0
ussd_0346,ussd_s004430,6.8365,0.4346,0.657,0.0,0
ussd_0368,ussd_s004431,0.6832,1.2817,-0.0781,0.0,0
ussd_0031,ussd_s004432,-0.4181,0.4696,-0.4503,0.0,0
ussd_0353,ussd_s004433,22.6017,1.2729,3.4243,0.0,1
ussd_0117,ussd_s004434,1.7997,1.1763,-0.1106,0.0,0
ussd_0109,ussd_s004435,-0.0879,1.2435,0.5618,0.9921,0
ussd_0036,ussd_s004436,1.1958,1.194,-0.6637,0.1846,0
ussd_0180,ussd_s004437,-0.1465,0.4147,1.2069,0.0,0
ussd_0354,ussd_s004438,-0.2551,1.4972,0.8583,0.0,0
ussd_0327,ussd_s004439,-0.9017,1.2442,-0.4941,0.0,0
ussd_0166,ussd_s004440,-0.6307,0.4615,-0.3327,0.0,0
ussd_0170,ussd_s004441,-0.8241,0.0939,-0.3011,0.0,0
ussd_0006,ussd_s004442,-0.8512,0.5528,-0.0722,0.0,0
ussd_0150,ussd_s004443,-0.3121,0.2097,-0.0428,0.0,0
ussd_0423,ussd_s004444,0.1865,1.0326,-0.1,0.0,0
ussd_0308,ussd_s004445,0.414,1.5066,0.5547,0.0,0
ussd_0071,ussd_s004446,-0.7016,0.5355,-0.2102,0.0,0
ussd_0303,ussd_s004447,0.6694,0.6302,-0.1899,0.8018,0
ussd_0275,ussd_s004448,-0.6001,0.9697,-0.6116,0.787,0
ussd_0280,ussd_s004449,-0.9108,0.3126,-0.2533,0.0,0
ussd_0033,ussd_s004450,-0.7929,1.7757,-0.1989,0.0,0
ussd_0214,ussd_s004451,-0.5146,1.555,-0.5404,0.663,0
ussd_0389,ussd_s004452,-0.4145,0.5658,0.937,0.7365,0
ussd_0289,ussd_s004453,6.3277,3.1118,2.7343,0.9908,1
ussd_0272,ussd_s004454,-0.3867,0.1775,-0.364,0.0,0
ussd_0116,ussd_s004455,2.3591,0.0125,-0.0357,0.0,0
ussd_0345,ussd_s004456,0.6196,0.9669,-0.2127,0.0,0
ussd_0121,ussd_s004457,2.3819,1.0593,0.1845,0.3602,0
ussd_0448,ussd_s004458,15.9012,1.4406,9.3113,0.9827,1
ussd_0173,ussd_s004459,0.0848,0.9815,-0.0531,0.0,0
ussd_0032,ussd_s004460,-0.6517,1.1622,-0.1019,0.0,0
ussd_0430,ussd_s004461,0.9939,1.2405,-0.4448,0.2721,0
ussd_0409,ussd_s004462,-0.5884,0.2721,-0.2406,0.0,0
ussd_0270,ussd_s004463,-0.4334,0.2725,0.9898,0.0,0
ussd_0114,ussd_s004464,-0.5601,0.3876,1.5152,0.6154,0
ussd_0345,ussd_s004465,5.5873,0.3162,4.5109,0.0,1
ussd_0238,ussd_s004466,2.9213,0.1867,-0.1474,0.0,0
ussd_0440,ussd_s004467,0.4652,0.6443,-0.201,0.0,0
ussd_0100,ussd_s004468,-0.5587,0.3068,-0.2924,0.0,0
ussd_0269,ussd_s004469,-0.3303,1.2222,-0.0395,0.0,0
ussd_0391,ussd_s004470,-0.6735,0.2837,0.9844,0.0,0
ussd_0317,ussd_s004471,-0.6497,0.437,-0.3401,0.0,0
ussd_0373,ussd_s004472,0.6818,1.323,-0.4251,0.0,0
ussd_0002,ussd_s004473,-0.3012,0.2561,-0.064,0.7461,0
ussd_0032,ussd_s004474,-0.6997,0.5566,-0.1019,0.0,0
ussd_0004,ussd_s004475,-0.7542,0.3788,1.2309,0.0,0
ussd_0152,ussd_s004476,-0.7857,1.2828,0.3175,0.0,0
ussd_0060,ussd_s004477,-0.4752,0.7589,0.2763,0.0,0
ussd_0078,ussd_s004478,-0.6864,1.4978,-0.6109,0.0,0
ussd_0191,ussd_s004479,-0.6488,1.034,0.9515,0.0,0
ussd_0161,ussd_s004480,1.2206,0.7801,-0.2694,0.0,0
ussd_0271,ussd_s004481,-0.7711,0.9675,-0.1323,0.6586,0
ussd_0395,ussd_s004482,-0.3614,2.5768,-0.4302,0.0,0
ussd_0404,ussd_s004483,-0.396,0.3723,-0.5198,0.5724,0
ussd_0273,ussd_s004484,-0.8655,0.3072,-0.3565,0.0,0
ussd_0036,ussd_s004485,-0.8241,0.0227,-0.6637,0.1846,0
ussd_0146,ussd_s004486,0.234,0.482,-0.1106,0.0,0
ussd_0332,ussd_s004487,-0.925,0.7671,-0.1385,0.0,0
ussd_0337,ussd_s004488,2.3819,0.0003,-0.1851,0.5151,0
ussd_0058,ussd_s004489,0.8565,1.216,-0.5123,0.0,0
ussd_0331,ussd_s004490,0.52,0.8962,-0.2283,0.0,0
ussd_0307,ussd_s004491,0.8587,0.1574,-0.3013,0.0,0
ussd_0170,ussd_s004492,0.1263,0.2128,-0.3011,0.0,0
ussd_0322,ussd_s004493,8.0429,0.4119,9.8952,0.0,1
ussd_0393,ussd_s004494,-0.6223,0.0131,-0.5382,0.0,0
ussd_0096,ussd_s004495,-0.6615,0.4756,-0.2509,0.9419,0
ussd_0193,ussd_s004496,-0.1861,1.2552,-0.6907,0.0,0
ussd_0290,ussd_s004497,-0.3085,0.5687,-0.4046,0.0,0
ussd_0282,ussd_s004498,0.4417,1.0459,0.5424,0.0,0
ussd_0347,ussd_s004499,0.4417,1.8698,-0.3832,0.0,0
ussd_0139,ussd_s004500,-0.0441,1.2538,-0.2769,0.8304,0
ussd_0282,ussd_s004501,3.2178,1.0857,-0.4859,0.0,0
ussd_0329,ussd_s004502,0.4402,1.0533,-0.4971,0.0,0
ussd_0289,ussd_s004503,-0.4224,0.2877,-0.2531,0.9908,0
ussd_0100,ussd_s004504,-0.926,0.1709,1.1229,0.0,0
ussd_0194,ussd_s004505,-0.5193,0.79,0.522,0.6378,0
ussd_0105,ussd_s004506,0.4561,0.1393,-0.6515,0.8648,0
ussd_0432,ussd_s004507,1.1612,0.4257,-0.2825,0.0,0
ussd_0226,ussd_s004508,-0.1434,1.9882,-0.425,0.0,0
ussd_0345,ussd_s004509,-0.209,0.5275,-0.2127,0.0,0
ussd_0140,ussd_s004510,0.3263,0.7608,-0.1488,0.0,0
ussd_0166,ussd_s004511,-0.5818,0.181,-0.3327,0.0,0
ussd_0197,ussd_s004512,2.1032,0.6901,0.8574,0.0,0
ussd_0437,ussd_s004513,0.386,0.6975,-0.0896,0.0,0
ussd_0401,ussd_s004514,-0.3255,0.4064,-0.7121,0.0,0
ussd_0052,ussd_s004515,-0.6208,1.0819,-0.2057,0.5566,0
ussd_0343,ussd_s004516,-0.5286,0.4432,-0.1302,0.0,0
ussd_0173,ussd_s004517,-0.0045,0.647,-0.0531,0.0,0
ussd_0209,ussd_s004518,-0.1608,1.7451,-0.0474,0.0908,0
ussd_0060,ussd_s004519,0.964,0.3486,0.2763,0.0,0
ussd_0130,ussd_s004520,-0.7318,0.3705,-0.4766,0.0,0
ussd_0212,ussd_s004521,-0.5582,0.0351,-0.0421,0.0,0
ussd_0282,ussd_s004522,-0.0704,0.052,0.5424,0.0,0
ussd_0426,ussd_s004523,-0.1242,1.2364,-0.4251,0.5158,0
ussd_0227,ussd_s004524,0.0847,0.4127,-0.0417,0.0,0
ussd_0137,ussd_s004525,-0.7686,0.6011,-0.3588,0.0,0
ussd_0223,ussd_s004526,-0.1922,1.7759,-0.0673,0.0,0
ussd_0449,ussd_s004527,0.3723,1.1142,-0.2688,0.0,0
ussd_0025,ussd_s004528,-0.2639,0.395,-0.2707,0.0,0
ussd_0287,ussd_s004529,0.7214,2.3358,-0.6304,0.0,0
ussd_0083,ussd_s004530,-0.4926,1.9622,-0.3606,0.0,0
ussd_0348,ussd_s004531,0.1757,0.4983,-0.2464,0.0,0
ussd_0420,ussd_s004532,-0.7009,0.9638,-0.3617,0.6651,0
ussd_0201,ussd_s004533,1.7467,1.6945,-0.3556,0.0,0
ussd_0035,ussd_s004534,-0.439,0.7266,0.7865,0.0,0
ussd_0197,ussd_s004535,-0.0223,0.1671,-0.3809,0.0,0
ussd_0392,ussd_s004536,0.384,0.2074,-0.4251,0.9428,0
ussd_0342,ussd_s004537,0.4129,0.517,-0.4116,0.0,0
ussd_0443,ussd_s004538,-0.5324,0.1015,2.7673,0.0,0
ussd_0392,ussd_s004539,-0.2344,0.3221,-0.4251,0.9428,0
ussd_0086,ussd_s004540,1.4508,2.1765,-0.554,0.5947,0
ussd_0386,ussd_s004541,-0.7154,0.5638,-0.047,0.5229,0
ussd_0354,ussd_s004542,1.2632,1.8555,-0.3806,0.0,0
ussd_0173,ussd_s004543,-0.3183,0.344,-0.0531,0.0,0
ussd_0185,ussd_s004544,0.7613,0.2974,-0.3021,0.0,0
ussd_0123,ussd_s004545,-0.812,2.1218,-0.303,0.6336,0
ussd_0412,ussd_s004546,-0.3727,0.8076,0.541,0.0,0
ussd_0173,ussd_s004547,-0.3255,1.1701,-0.0531,0.0,0
ussd_0174,ussd_s004548,-0.3577,1.0048,-0.0646,0.8039,0
ussd_0382,ussd_s004549,0.3378,1.289,1.5645,0.0,0
ussd_0383,ussd_s004550,-0.0598,1.5317,-0.1407,0.8163,0
ussd_0052,ussd_s004551,-0.7509,0.9074,-0.2057,0.5566,0
ussd_0311,ussd_s004552,-0.1329,1.1732,-0.1529,0.0,0
ussd_0251,ussd_s004553,-0.5608,0.21,0.5812,0.0,0
ussd_0119,ussd_s004554,-0.8998,0.3388,-0.266,0.0,0
ussd_0395,ussd_s004555,-0.6714,0.7094,-0.4302,0.0,0
ussd_0407,ussd_s004556,-0.5788,0.6194,-0.6884,0.0,0
ussd_0449,ussd_s004557,-0.2139,0.8291,1.1936,0.0,0
ussd_0436,ussd_s004558,-0.4323,0.0068,-0.3421,0.0,0
ussd_0067,ussd_s004559,-0.2208,0.231,-0.0935,0.0,0
ussd_0201,ussd_s004560,-0.8271,0.6713,-0.3556,0.0,0
ussd_0327,ussd_s004561,-0.4919,1.4159,-0.4941,0.0,0
ussd_0059,ussd_s004562,6.1064,1.0873,3.2556,0.7787,1
ussd_0109,ussd_s004563,-0.0494,2.4244,-0.4794,0.9921,0
ussd_0148,ussd_s004564,2.0713,0.8958,-0.509,0.0,0
ussd_0100,ussd_s004565,-0.5783,0.1343,-0.2924,0.0,0
ussd_0448,ussd_s004566,-0.019,1.4052,1.3795,0.0,0
ussd_0157,ussd_s004567,-0.1527,0.496,-0.1299,0.0,0
ussd_0264,ussd_s004568,0.1473,1.1541,0.3434,0.9204,0
ussd_0294,ussd_s004569,0.38,0.2938,-0.1472,0.0,0
ussd_0012,ussd_s004570,1.4837,0.2527,1.0735,0.0,0
ussd_0269,ussd_s004571,-0.5627,0.9041,-0.0395,0.0,0
ussd_0339,ussd_s004572,-0.3715,1.6459,-0.0323,0.4612,0
ussd_0322,ussd_s004573,-0.8875,1.0116,-0.2737,0.0,0
ussd_0228,ussd_s004574,-0.4634,0.2831,0.4009,0.0,0
ussd_0388,ussd_s004575,-0.7305,1.27,-0.1792,0.8787,0
ussd_0357,ussd_s004576,0.1671,0.8824,-0.2504,0.0,0
ussd_0258,ussd_s004577,-0.5979,0.1136,-0.0176,0.0,0
ussd_0008,ussd_s004578,1.2879,0.2213,-0.3053,0.0,0
ussd_0047,ussd_s004579,-0.7965,0.0643,-0.3995,0.8009,0
ussd_0348,ussd_s004580,-0.5316,0.3479,-0.2464,0.0,0
ussd_0213,ussd_s004581,30.507,0.0305,1.9772,0.0,1
ussd_0429,ussd_s004582,-0.2852,1.2051,-0.1241,0.0,0
ussd_0288,ussd_s004583,1.8115,0.5503,-0.1842,0.0,0
ussd_0079,ussd_s004584,0.3401,0.1915,-0.463,0.0,0
ussd_0340,ussd_s004585,-0.2058,1.083,0.3255,0.0,0
ussd_0179,ussd_s004586,-0.1446,0.7331,0.4074,0.0,0
ussd_0012,ussd_s004587,-0.7877,2.3289,1.0735,0.0,0
ussd_0255,ussd_s004588,5.8009,0.2473,9.0436,0.7284,1
ussd_0037,ussd_s004589,-0.6604,0.3633,-0.5689,0.0,0
ussd_0331,ussd_s004590,0.6726,0.0603,-0.2283,0.0,0
ussd_0437,ussd_s004591,-0.6208,1.4071,-0.0896,0.0,0
ussd_0210,ussd_s004592,0.2179,0.9943,0.2441,0.0,0
ussd_0051,ussd_s004593,-0.4337,0.4166,-0.297,0.0,0
ussd_0074,ussd_s004594,-0.47,2.213,0.9106,0.0,0
ussd_0048,ussd_s004595,-0.241,1.0936,-0.1091,0.0,0
ussd_0055,ussd_s004596,-0.4851,1.1273,-0.2393,0.6067,0
ussd_0086,ussd_s004597,-0.7703,1.6245,-0.554,0.5947,0
ussd_0445,ussd_s004598,-0.2202,0.0153,0.3652,0.0,0
ussd_0323,ussd_s004599,-0.6274,0.5494,-0.1924,0.5402,0
ussd_0185,ussd_s004600,-0.1505,0.6117,1.0936,0.0,0
ussd_0074,ussd_s004601,3.0779,2.0878,-0.6179,0.0,0
ussd_0399,ussd_s004602,-0.4081,0.3373,-0.031,0.0,0
ussd_0363,ussd_s004603,-0.4154,1.4158,-0.0892,0.9519,0
ussd_0167,ussd_s004604,-0.6248,0.836,1.6737,0.0,0
ussd_0367,ussd_s004605,-0.1209,0.2974,-0.0301,0.1755,0
ussd_0040,ussd_s004606,1.2793,0.7127,0.0429,0.0,0
ussd_0109,ussd_s004607,0.291,1.0316,-0.4794,0.9921,0
ussd_0289,ussd_s004608,-0.1601,0.6499,1.2406,0.9908,0
ussd_0215,ussd_s004609,-0.0471,0.0705,-0.4456,0.0,0
ussd_0056,ussd_s004610,-0.913,1.2426,0.9373,0.0,0
ussd_0361,ussd_s004611,0.0837,0.541,-0.1189,0.0474,0
ussd_0314,ussd_s004612,-0.7545,1.856,-0.2413,0.9397,0
ussd_0185,ussd_s004613,7.4332,1.5101,5.2809,0.8453,1
ussd_0021,ussd_s004614,1.3127,0.788,-0.4138,0.0,0
ussd_0027,ussd_s004615,0.4969,0.1261,0.836,0.0,0
ussd_0022,ussd_s004616,-0.4553,0.0708,-0.2967,0.0,0
ussd_0217,ussd_s004617,16.8884,1.7605,3.784,0.7752,1
ussd_0097,ussd_s004618,0.1181,0.7126,0.5116,0.7079,0
ussd_0388,ussd_s004619,-0.5203,1.1111,-0.1792,0.8787,0
ussd_0069,ussd_s004620,-0.237,0.1433,-0.251,0.8844,0
ussd_0311,ussd_s004621,-0.1454,1.2774,-0.1529,0.0,0
ussd_0113,ussd_s004622,-0.4212,1.2289,-0.5926,0.0,0
ussd_0219,ussd_s004623,-0.683,1.5952,-0.4967,0.0,0
ussd_0245,ussd_s004624,1.3769,1.3715,-0.2456,0.0,0
ussd_0316,ussd_s004625,-0.3504,1.0362,-0.0791,0.0,0
ussd_0311,ussd_s004626,2.5324,0.7853,-0.1529,0.0,0
ussd_0183,ussd_s004627,-0.7544,1.8075,-0.239,0.0,0
ussd_0144,ussd_s004628,-0.8917,1.5809,-0.734,0.7224,0
ussd_0223,ussd_s004629,-0.3896,0.1898,-0.0673,0.0,0
ussd_0180,ussd_s004630,-0.6943,0.5149,1.2069,0.0,0
ussd_0123,ussd_s004631,-0.7597,0.736,-0.303,0.6336,0
ussd_0255,ussd_s004632,0.3647,0.5832,-0.3304,0.0,0
ussd_0310,ussd_s004633,7.8885,0.3339,9.498,0.8056,1
ussd_0119,ussd_s004634,-0.8072,0.3957,-0.266,0.0,0
ussd_0084,ussd_s004635,-0.8191,0.987,0.671,0.0,0
ussd_0068,ussd_s004636,1.0277,0.5531,-0.0713,0.2031,0
ussd_0374,ussd_s004637,3.2776,0.3371,-0.3138,0.0,0
ussd_0127,ussd_s004638,-0.3807,0.9847,-0.294,0.0,0
ussd_0022,ussd_s004639,0.1808,0.875,-0.2967,0.0,0
ussd_0198,ussd_s004640,-0.6948,1.4162,-0.6072,0.8457,0
ussd_0088,ussd_s004641,-0.3319,0.8855,-0.0345,0.0,0
ussd_0317,ussd_s004642,-0.4182,0.2505,-0.3401,0.0,0
ussd_0068,ussd_s004643,-0.4963,0.4101,-0.0713,0.2031,0
ussd_0406,ussd_s004644,-0.5856,0.6811,-0.1994,0.0,0
ussd_0410,ussd_s004645,-0.6874,1.8772,0.5959,0.0,0
ussd_0442,ussd_s004646,-0.0986,1.1516,-0.17,0.0,0
ussd_0380,ussd_s004647,0.348,0.1462,-0.228,0.697,0
ussd_0166,ussd_s004648,-0.5633,1.4458,1.0019,0.0,0
ussd_0136,ussd_s004649,1.0835,0.4169,-0.0292,0.2943,0
ussd_0016,ussd_s004650,-0.8935,1.2327,-0.1351,0.0,0
ussd_0010,ussd_s004651,-0.8009,0.3578,-0.111,0.0,0
ussd_0218,ussd_s004652,-0.3999,1.4319,-0.0704,0.6736,0
ussd_0325,ussd_s004653,0.8345,1.8333,-0.1796,0.0,0
ussd_0361,ussd_s004654,0.9409,0.4528,-0.1189,0.0474,0
ussd_0090,ussd_s004655,-0.7619,0.7663,-0.3926,0.0165,0
ussd_0430,ussd_s004656,0.337,0.4056,0.6657,0.2721,0
ussd_0215,ussd_s004657,0.2028,1.3028,-0.4456,0.0,0
ussd_0393,ussd_s004658,-0.2752,2.1372,-0.5382,0.0,0
ussd_0178,ussd_s004659,-0.6332,0.2494,0.8055,0.0,0
ussd_0058,ussd_s004660,-0.2635,1.6856,-0.5123,0.0,0
ussd_0395,ussd_s004661,-0.7677,0.843,-0.4302,0.0,0
ussd_0436,ussd_s004662,0.5661,0.7945,-0.3421,0.0,0
ussd_0151,ussd_s004663,1.9503,0.5321,-0.3497,0.0479,0
ussd_0005,ussd_s004664,-0.5115,0.8253,-0.4853,0.0,0
ussd_0336,ussd_s004665,-0.3494,0.4711,-0.4944,0.0,0
ussd_0180,ussd_s004666,-0.2048,1.7959,-0.2644,0.0,0
ussd_0195,ussd_s004667,-0.2372,1.3938,1.1583,0.0,0
ussd_0053,ussd_s004668,0.0155,1.2692,1.9442,0.0,0
ussd_0175,ussd_s004669,-0.5089,0.3425,-0.4073,0.0,0
ussd_0194,ussd_s004670,-0.2921,0.6471,0.522,0.6378,0
ussd_0419,ussd_s004671,-0.2794,0.5915,-0.375,0.0,0
ussd_0378,ussd_s004672,-0.6796,0.4898,0.8041,0.0,0
ussd_0441,ussd_s004673,0.7344,0.7318,-0.3002,0.0,0
ussd_0128,ussd_s004674,0.6018,1.0379,-0.0275,0.0,0
ussd_0140,ussd_s004675,-0.7133,1.3885,-0.1488,0.0,0
ussd_0093,ussd_s004676,1.8872,0.9821,-0.1136,0.7111,0
ussd_0052,ussd_s004677,2.8693,1.559,-0.2057,0.5566,0
ussd_0040,ussd_s004678,4.2744,0.8543,1.4333,0.9267,1
ussd_0006,ussd_s004679,0.1025,0.0769,-0.0722,0.0,0
ussd_0255,ussd_s004680,-0.1907,0.4443,-0.3304,0.0,0
ussd_0449,ussd_s004681,0.3392,0.0426,-0.2688,0.0,0
ussd_0337,ussd_s004682,-0.4594,0.7989,-0.1851,0.5151,0
ussd_0278,ussd_s004683,14.9696,0.3337,3.6,0.0,1
ussd_0003,ussd_s004684,0.9239,1.2599,1.1878,0.9723,0
ussd_0006,ussd_s004685,0.665,0.5269,-0.0722,0.0,0
ussd_0262,ussd_s004686,-0.5016,0.0224,-0.0514,0.0,0
ussd_0216,ussd_s004687,-0.679,1.1037,-0.0659,0.0,0
ussd_0293,ussd_s004688,-0.6486,1.0008,-0.1511,0.0,0
ussd_0148,ussd_s004689,-0.7121,0.9095,-0.509,0.0,0
ussd_0123,ussd_s004690,9.1728,0.6472,3.8793,0.9282,1
ussd_0090,ussd_s004691,-0.1678,0.2445,0.8222,0.0165,0
ussd_0218,ussd_s004692,5.3236,1.0769,5.5072,0.6736,1
ussd_0081,ussd_s004693,0.921,0.9954,-0.0262,0.0,0
ussd_0347,ussd_s004694,1.7707,0.4797,-0.3832,0.0,0
ussd_0338,ussd_s004695,2.1437,0.6387,-0.1227,0.0,0
ussd_0155,ussd_s004696,0.2074,0.1854,-0.507,0.0,0
ussd_0173,ussd_s004697,-0.5146,0.0029,-0.0531,0.0,0
ussd_0284,ussd_s004698,-0.919,0.5413,1.0272,0.4201,0
ussd_0418,ussd_s004699,-0.6605,0.897,-0.4902,0.0,0
ussd_0279,ussd_s004700,-0.4931,0.4295,-0.3304,0.0,0
ussd_0130,ussd_s004701,-0.6237,0.3492,-0.4766,0.0,0
ussd_0324,ussd_s004702,0.1685,0.5846,-0.2742,0.0,0
ussd_0307,ussd_s004703,-0.6984,1.4398,0.1645,0.0,0
ussd_0276,ussd_s004704,0.3185,0.9088,0.8413,0.0,0
ussd_0361,ussd_s004705,-0.0525,0.8752,-0.1189,0.0474,0
ussd_0034,ussd_s004706,0.8082,0.1956,-0.4028,0.1524,0
ussd_0040,ussd_s004707,-0.3119,2.1317,0.0429,0.0,0
ussd_0121,ussd_s004708,0.7598,0.0458,-0.6052,0.3602,0
ussd_0181,ussd_s004709,0.2107,1.2544,-0.2,0.7457,0
ussd_0264,ussd_s004710,0.0629,1.2839,1.239,0.9204,0
ussd_0182,ussd_s004711,-0.1191,0.7056,-0.6179,0.9517,0
ussd_0101,ussd_s004712,1.9033,0.4787,-0.3326,0.0,0
ussd_0433,ussd_s004713,1.001,1.7006,-0.632,0.0,0
ussd_0216,ussd_s004714,-0.6015,0.9584,-0.0659,0.0,0
ussd_0107,ussd_s004715,3.199,0.2737,9.6745,0.7494,1
ussd_0085,ussd_s004716,-0.8114,0.4593,-0.2852,0.0,0
ussd_0274,ussd_s004717,0.8763,1.9476,1.4818,0.0,0
ussd_0418,ussd_s004718,4.916,0.1298,-0.4902,0.0,0
ussd_0323,ussd_s004719,-0.4743,0.3994,-0.1924,0.5402,0
ussd_0082,ussd_s004720,-0.1498,1.172,-0.4217,0.0,0
ussd_0137,ussd_s004721,0.6537,0.9183,0.9235,0.0,0
ussd_0104,ussd_s004722,-0.7436,1.0547,-0.0379,0.0,0
ussd_0217,ussd_s004723,-0.6349,0.4431,0.5947,0.0,0
ussd_0274,ussd_s004724,18.8503,2.1828,4.4599,0.0,1
ussd_0136,ussd_s004725,0.5818,0.8382,-0.6764,0.2943,0
ussd_0165,ussd_s004726,2.2625,0.5958,1.1234,0.0,0
ussd_0245,ussd_s004727,1.5741,1.3835,-0.2456,0.0,0
ussd_0269,ussd_s004728,-0.5698,0.2958,-0.0395,0.0,0
ussd_0216,ussd_s004729,-0.7791,0.601,1.8022,0.0,0
ussd_0331,ussd_s004730,0.1887,0.8917,-0.2283,0.0,0
ussd_0230,ussd_s004731,-0.5388,0.3977,-0.32,0.0,0
ussd_0047,ussd_s004732,-0.2817,0.6501,0.8015,0.8009,0
ussd_0044,ussd_s004733,0.2308,0.4871,-0.6397,0.8935,0
ussd_0328,ussd_s004734,-0.3632,0.5617,1.4517,0.0,0
ussd_0369,ussd_s004735,0.3267,0.5373,-0.013,0.5925,0
ussd_0349,ussd_s004736,-0.6915,0.9429,1.5479,0.0,0
ussd_0386,ussd_s004737,0.2702,1.5632,-0.047,0.5229,0
ussd_0394,ussd_s004738,-0.2478,1.066,-0.08,0.0,0
ussd_0411,ussd_s004739,-0.911,0.1656,-0.0558,0.0,0
ussd_0102,ussd_s004740,0.667,1.446,-0.2764,0.0,0
ussd_0265,ussd_s004741,-0.5114,0.5385,-0.2231,0.0,0
ussd_0040,ussd_s004742,-0.5299,0.7274,-0.6524,0.0,0
ussd_0052,ussd_s004743,-0.5572,0.0948,-0.2057,0.5566,0
ussd_0347,ussd_s004744,1.0613,0.7411,2.0838,0.0,0
ussd_0166,ussd_s004745,-0.7142,0.4762,-0.3327,0.0,0
ussd_0231,ussd_s004746,0.0738,0.6902,-0.6587,0.0,0
ussd_0383,ussd_s004747,0.0496,0.019,-0.1407,0.8163,0
ussd_0144,ussd_s004748,-0.8264,1.0648,-0.734,0.7224,0
ussd_0346,ussd_s004749,-0.3486,1.7863,-0.4477,0.0,0
ussd_0406,ussd_s004750,-0.5884,2.5668,1.4017,0.0,0
ussd_0225,ussd_s004751,0.3848,0.6789,-0.0297,0.0,0
ussd_0019,ussd_s004752,-0.688,1.8546,0.1927,0.8868,0
ussd_0335,ussd_s004753,5.9645,1.9724,1.5418,0.0,1
ussd_0075,ussd_s004754,-0.6428,0.7291,-0.174,0.0,0
ussd_0160,ussd_s004755,-0.6975,0.6195,0.3489,0.879,0
ussd_0371,ussd_s004756,2.346,0.8032,-0.269,0.0,0
ussd_0242,ussd_s004757,1.2978,0.3948,1.0317,0.0,0
ussd_0204,ussd_s004758,-0.4022,0.7001,-0.557,0.0,0
ussd_0033,ussd_s004759,-0.4416,1.552,-0.1989,0.0,0
ussd_0376,ussd_s004760,1.2278,0.0197,-0.5201,0.0143,0
ussd_0099,ussd_s004761,0.2506,1.433,-0.0273,0.0,0
ussd_0320,ussd_s004762,-0.0739,0.2651,-0.3343,0.0802,0
ussd_0102,ussd_s004763,4.1554,0.3724,1.1709,0.0,0
ussd_0075,ussd_s004764,1.0313,0.9736,-0.174,0.0,0
ussd_0365,ussd_s004765,0.1068,1.0627,-0.0713,0.0,0
ussd_0332,ussd_s004766,9.0036,0.976,3.3077,0.0,1
ussd_0076,ussd_s004767,-0.8348,2.3893,-0.3912,0.0,0
ussd_0208,ussd_s004768,0.3554,1.7868,1.4102,0.5813,0
ussd_0119,ussd_s004769,-0.2987,0.0009,-0.266,0.0,0
ussd_0233,ussd_s004770,-0.3146,0.8896,-0.2472,0.7872,0
ussd_0428,ussd_s004771,-0.4326,0.8938,-0.204,0.0,0
ussd_0317,ussd_s004772,9.6611,4.348,0.9796,0.0,1
ussd_0266,ussd_s004773,0.0242,1.7714,1.0172,0.6032,0
ussd_0198,ussd_s004774,5.1366,2.2699,2.535,0.8286,1
ussd_0331,ussd_s004775,-0.6936,0.9679,-0.2283,0.0,0
ussd_0292,ussd_s004776,-0.2595,0.1901,-0.3993,0.0,0
ussd_0163,ussd_s004777,-0.3075,2.3292,-0.1432,0.0,0
ussd_0038,ussd_s004778,-0.5478,0.9511,-0.4487,0.0823,0
ussd_0268,ussd_s004779,-0.6165,0.65,-0.0551,0.0,0
ussd_0068,ussd_s004780,0.3798,1.0185,1.786,0.2031,0
ussd_0365,ussd_s004781,0.7266,0.3726,-0.0713,0.0,0
ussd_0236,ussd_s004782,-0.1,0.3418,-0.2892,0.5753,0
ussd_0225,ussd_s004783,0.9673,0.2479,-0.0297,0.0,0
ussd_0150,ussd_s004784,-0.8273,0.6577,-0.0428,0.0,0
ussd_0219,ussd_s004785,-0.7675,1.2419,-0.4967,0.0,0
ussd_0113,ussd_s004786,-0.8385,0.7405,-0.5926,0.0,0
ussd_0049,ussd_s004787,4.8176,0.9145,-0.1461,0.0,0
ussd_0223,ussd_s004788,-0.7764,0.0918,-0.0673,0.0,0
ussd_0418,ussd_s004789,-0.6985,2.0085,-0.4902,0.0,0
ussd_0426,ussd_s004790,-0.3888,1.336,-0.4251,0.5158,0
ussd_0255,ussd_s004791,-0.3955,0.6626,1.0087,0.0,0
ussd_0061,ussd_s004792,9.5835,0.3218,0.4344,0.8677,1
ussd_0164,ussd_s004793,-0.4004,0.0065,0.5771,0.0,0
ussd_0169,ussd_s004794,-0.5942,0.2158,-0.106,0.0,0
ussd_0052,ussd_s004795,-0.6505,1.1773,-0.2057,0.5566,0
ussd_0067,ussd_s004796,-0.1646,0.6825,-0.0935,0.0,0
ussd_0165,ussd_s004797,-0.9032,0.8427,-0.2922,0.0,0
ussd_0050,ussd_s004798,8.229,0.7817,1.5367,0.8967,1
ussd_0092,ussd_s004799,-0.6472,1.0534,-0.18,0.0,0
ussd_0116,ussd_s004800,-0.6569,1.3084,-0.0357,0.0,0
ussd_0364,ussd_s004801,-0.3677,0.0335,0.5281,0.0,0
ussd_0333,ussd_s004802,-0.6832,0.6783,-0.3544,0.0,0
ussd_0156,ussd_s004803,6.5994,2.7384,4.9499,0.8076,1
ussd_0189,ussd_s004804,2.0215,1.0052,-0.4537,0.0,0
ussd_0400,ussd_s004805,-0.6686,0.4029,0.8094,0.0,0
ussd_0094,ussd_s004806,4.1697,2.9007,5.9815,0.8093,1
ussd_0365,ussd_s004807,0.0941,0.6411,-0.0713,0.0,0
ussd_0358,ussd_s004808,-0.1594,2.0301,-0.1161,0.0,0
ussd_0212,ussd_s004809,-0.4344,0.2308,-0.0421,0.0,0
ussd_0304,ussd_s004810,-0.743,0.1187,-0.2978,0.0,0
ussd_0062,ussd_s004811,-0.0366,0.7051,0.204,0.0,0
ussd_0250,ussd_s004812,-0.6067,0.6662,-0.5623,0.6003,0
ussd_0250,ussd_s004813,-0.3455,1.2003,-0.5623,0.6003,0
ussd_0205,ussd_s004814,0.501,0.0675,-0.178,0.9936,0
ussd_0202,ussd_s004815,0.4544,1.4057,-0.0483,0.0,0
ussd_0215,ussd_s004816,0.5813,0.8138,-0.4456,0.0,0
ussd_0112,ussd_s004817,-0.6248,1.2594,0.1413,0.7593,0
ussd_0375,ussd_s004818,0.4173,0.9412,1.3697,0.5622,0
ussd_0118,ussd_s004819,-0.3067,1.5563,-0.639,0.0,0
ussd_0003,ussd_s004820,1.2312,0.0428,-0.5624,0.9723,0
ussd_0130,ussd_s004821,0.7423,0.0015,-0.4766,0.0,0
ussd_0139,ussd_s004822,1.4966,0.1335,-0.2769,0.8304,0
ussd_0350,ussd_s004823,-0.5756,1.4879,-0.2522,0.0,0
ussd_0321,ussd_s004824,5.1777,2.825,3.9051,0.909,1
ussd_0442,ussd_s004825,0.0048,0.5977,-0.17,0.0,0
ussd_0151,ussd_s004826,-0.6305,0.6135,-0.3497,0.0479,0
ussd_0198,ussd_s004827,0.8602,0.8765,0.1783,0.8457,0
ussd_0261,ussd_s004828,-0.8191,0.6053,-0.3923,0.0,0
ussd_0413,ussd_s004829,-0.593,0.1688,-0.4768,0.1418,0
ussd_0109,ussd_s004830,-0.5019,1.0082,0.5618,0.9921,0
ussd_0365,ussd_s004831,-0.2967,1.3496,-0.0713,0.0,0
ussd_0279,ussd_s004832,-0.1448,0.3927,1.0087,0.0,0
ussd_0125,ussd_s004833,-0.516,1.054,-0.2354,0.0,0
ussd_0065,ussd_s004834,-0.5069,0.5034,-0.3807,0.0,0
ussd_0092,ussd_s004835,-0.817,1.2439,-0.18,0.0,0
ussd_0273,ussd_s004836,-0.0485,0.2657,-0.3565,0.0,0
ussd_0058,ussd_s004837,-0.7236,0.1246,0.463,0.0,0
ussd_0188,ussd_s004838,-0.3277,0.027,-0.3934,0.0,0
ussd_0169,ussd_s004839,-0.5659,0.2593,-0.106,0.0,0
ussd_0176,ussd_s004840,0.6729,1.0155,1.7323,0.0,0
ussd_0405,ussd_s004841,-0.127,0.1354,-0.1595,0.0,0
ussd_0342,ussd_s004842,-0.8419,0.2221,-0.0193,0.0,0
ussd_0387,ussd_s004843,1.0999,0.2721,-0.3918,0.0,0
ussd_0196,ussd_s004844,-0.4719,2.2547,0.7528,0.4478,0
ussd_0412,ussd_s004845,0.0576,1.988,1.5684,0.0,0
ussd_0199,ussd_s004846,0.6978,1.3292,-0.1795,0.0,0
ussd_0266,ussd_s004847,0.7076,0.6803,1.0172,0.6032,0
ussd_0374,ussd_s004848,0.2826,0.2869,1.0585,0.0,0
ussd_0010,ussd_s004849,2.1795,0.0658,-0.111,0.0,0
ussd_0385,ussd_s004850,-0.6298,0.244,1.1463,0.772,0
ussd_0257,ussd_s004851,1.4445,0.7457,-0.0849,0.0,0
ussd_0441,ussd_s004852,-0.4351,0.2971,-0.3002,0.0,0
ussd_0381,ussd_s004853,-0.161,0.458,-0.1529,0.0,0
ussd_0122,ussd_s004854,-0.2333,0.9075,-0.1654,0.0,0
ussd_0270,ussd_s004855,-0.6191,0.1216,-0.3367,0.0,0
ussd_0415,ussd_s004856,-0.5008,1.219,-0.2031,0.0,0
ussd_0349,ussd_s004857,0.6561,0.5883,-0.4904,0.0,0
ussd_0275,ussd_s004858,-0.481,2.9305,-0.6116,0.787,0
ussd_0369,ussd_s004859,2.167,0.7194,-0.013,0.5925,0
ussd_0362,ussd_s004860,-0.7377,0.7191,-0.3611,0.0,0
ussd_0369,ussd_s004861,-0.8544,0.2858,-0.013,0.5925,0
ussd_0183,ussd_s004862,0.4273,0.8578,-0.239,0.0,0
ussd_0401,ussd_s004863,-0.7262,0.456,0.4393,0.0,0
ussd_0409,ussd_s004864,-0.6666,1.0572,-0.2406,0.0,0
ussd_0002,ussd_s004865,-0.3871,0.7045,-0.064,0.7461,0
ussd_0020,ussd_s004866,1.6054,0.4166,-0.5595,0.0,0
ussd_0112,ussd_s004867,-0.5936,0.2044,-0.7717,0.7593,0
ussd_0025,ussd_s004868,-0.6255,0.1262,-0.2707,0.0,0
ussd_0075,ussd_s004869,-0.5413,0.0655,-0.174,0.0,0
ussd_0069,ussd_s004870,3.4043,4.9951,2.7451,0.8844,1
ussd_0397,ussd_s004871,-0.5768,0.2437,-0.4162,0.0,0
ussd_0280,ussd_s004872,-0.4988,0.1281,-0.2533,0.0,0
ussd_0017,ussd_s004873,-0.8167,0.2448,-0.1648,0.0,0
ussd_0020,ussd_s004874,0.7847,0.7469,0.3216,0.0,0
ussd_0413,ussd_s004875,-0.473,0.4892,0.5695,0.1418,0
ussd_0058,ussd_s004876,9.7675,0.7806,4.3642,0.8576,1
ussd_0016,ussd_s004877,-0.7428,0.1776,1.5947,0.0,0
ussd_0244,ussd_s004878,-0.6727,0.7219,0.0703,0.68,0
ussd_0124,ussd_s004879,-0.2556,1.8179,-0.443,0.0,0
ussd_0297,ussd_s004880,-0.3256,1.7593,-0.3748,0.0,0
ussd_0219,ussd_s004881,0.0188,0.1022,0.51,0.0,0
ussd_0383,ussd_s004882,-0.1669,0.5009,-0.1407,0.8163,0
ussd_0046,ussd_s004883,-0.5605,0.1491,0.6951,0.0,0
ussd_0173,ussd_s004884,-0.1378,0.4799,-0.0531,0.0,0
ussd_0170,ussd_s004885,0.5558,0.0798,1.0968,0.0,0
ussd_0397,ussd_s004886,1.4274,0.2195,0.7515,0.0,0
ussd_0285,ussd_s004887,0.3166,0.1723,-0.6131,0.0,0
ussd_0081,ussd_s004888,-0.0963,0.9726,-0.6754,0.0,0
ussd_0331,ussd_s004889,1.9799,0.9952,-0.2283,0.0,0
ussd_0418,ussd_s004890,0.029,0.1405,-0.4902,0.0,0
ussd_0118,ussd_s004891,-0.8159,0.6501,0.0829,0.0,0
ussd_0228,ussd_s004892,-0.4013,0.5567,-0.533,0.0,0
ussd_0131,ussd_s004893,0.855,1.1116,-0.0764,0.0,0
ussd_0194,ussd_s004894,1.8696,0.0569,-0.4927,0.6378,0
ussd_0291,ussd_s004895,3.2095,0.069,1.1886,0.0,1
ussd_0047,ussd_s004896,1.3102,1.4035,-0.3995,0.8009,0
ussd_0210,ussd_s004897,11.4445,0.605,6.8791,0.9115,1
ussd_0357,ussd_s004898,0.2734,0.5028,-0.2504,0.0,0
ussd_0051,ussd_s004899,-0.4046,0.1337,-0.297,0.0,0
ussd_0109,ussd_s004900,0.0984,0.0836,-0.4794,0.9921,0
ussd_0015,ussd_s004901,-0.7445,0.2518,-0.112,0.0,0
ussd_0210,ussd_s004902,13.3668,0.8514,1.0734,0.0,1
ussd_0194,ussd_s004903,-0.5566,0.8305,-0.4927,0.6378,0
ussd_0376,ussd_s004904,0.3612,1.1564,0.4397,0.0143,0
ussd_0320,ussd_s004905,0.7059,0.0764,0.9971,0.0802,0
ussd_0220,ussd_s004906,-0.7519,0.095,-0.1229,0.0,0
ussd_0117,ussd_s004907,10.14,0.3696,8.7829,0.0,1
ussd_0170,ussd_s004908,-0.3272,0.3845,-0.3011,0.0,0
ussd_0301,ussd_s004909,-0.1594,0.1835,-0.2198,0.9322,0
ussd_0411,ussd_s004910,-0.6114,0.4413,-0.0558,0.0,0
ussd_0387,ussd_s004911,-0.5001,0.5631,-0.3918,0.0,0
ussd_0138,ussd_s004912,-0.7783,0.927,-0.2683,0.0,0
ussd_0319,ussd_s004913,0.2274,0.0772,-0.3104,0.5051,0
ussd_0238,ussd_s004914,0.2688,0.8549,-0.1474,0.0,0
ussd_0025,ussd_s004915,-0.585,1.0215,-0.2707,0.0,0
ussd_0362,ussd_s004916,-0.2907,0.2941,0.9167,0.0,0
ussd_0126,ussd_s004917,-0.8637,0.1817,-0.1537,0.4802,0
ussd_0089,ussd_s004918,-0.0701,0.5031,-0.3172,0.0,0
ussd_0062,ussd_s004919,-0.6619,0.994,-0.5987,0.0,0
ussd_0399,ussd_s004920,2.5051,0.1879,-0.031,0.0,0
ussd_0122,ussd_s004921,-0.6814,1.1012,-0.1654,0.0,0
ussd_0184,ussd_s004922,-0.7129,0.5439,-0.375,0.5665,0
ussd_0275,ussd_s004923,-0.358,0.0427,-0.6116,0.787,0
ussd_0051,ussd_s004924,-0.7498,0.1328,-0.297,0.0,0
ussd_0273,ussd_s004925,0.8943,1.2518,-0.3565,0.0,0
ussd_0284,ussd_s004926,-0.2372,0.9439,-0.3243,0.4201,0
ussd_0341,ussd_s004927,0.7311,0.7481,-0.4387,0.0,0
ussd_0330,ussd_s004928,-0.4464,1.7091,-0.3973,0.0,0
ussd_0381,ussd_s004929,0.8841,0.3895,-0.1529,0.0,0
ussd_0130,ussd_s004930,-0.6134,0.0566,0.5701,0.0,0
ussd_0211,ussd_s004931,6.3118,0.6733,-0.4115,0.0,0
ussd_0103,ussd_s004932,1.164,1.1242,-0.3125,0.0,0
ussd_0037,ussd_s004933,-0.3996,0.1036,0.2932,0.0,0
ussd_0321,ussd_s004934,-0.5185,2.6607,-0.019,0.0,0
ussd_0158,ussd_s004935,-0.0763,1.7148,-0.162,0.9214,0
ussd_0327,ussd_s004936,1.7628,0.9343,-0.4941,0.0,0
ussd_0067,ussd_s004937,-0.1578,1.0907,-0.0935,0.0,0
ussd_0346,ussd_s004938,-0.5087,0.0048,1.7616,0.0,0
ussd_0210,ussd_s004939,1.1374,0.4726,0.2441,0.0,0
ussd_0138,ussd_s004940,-0.267,0.375,-0.2683,0.0,0
ussd_0389,ussd_s004941,-0.7994,0.1722,-0.3543,0.7365,0
ussd_0238,ussd_s004942,3.2938,1.9108,-0.1474,0.0,0
ussd_0336,ussd_s004943,0.6493,0.2622,-0.4944,0.0,0
ussd_0367,ussd_s004944,0.2903,0.0433,-0.0301,0.1755,0
ussd_0082,ussd_s004945,-0.6185,1.4104,-0.4217,0.0,0
ussd_0147,ussd_s004946,-0.5763,0.4282,0.3435,0.0,0
ussd_0106,ussd_s004947,-0.2053,0.9073,0.7355,0.783,0
ussd_0039,ussd_s004948,-0.7974,0.4977,0.7414,0.0,0
ussd_0312,ussd_s004949,0.1531,0.2952,-0.1891,0.0,0
ussd_0066,ussd_s004950,-0.4258,1.3011,-0.5095,0.515,0
ussd_0155,ussd_s004951,0.1677,1.9482,0.4789,0.0,0
ussd_0274,ussd_s004952,-0.3815,0.8616,-0.5036,0.0,0
ussd_0034,ussd_s004953,0.4781,0.4673,-0.4028,0.1524,0
ussd_0155,ussd_s004954,0.6585,0.6929,0.4789,0.0,0
ussd_0008,ussd_s004955,-0.2403,0.0785,-0.3053,0.0,0
ussd_0069,ussd_s004956,1.107,1.053,1.2471,0.8844,0
ussd_0272,ussd_s004957,-0.5362,0.103,-0.364,0.0,0
ussd_0110,ussd_s004958,-0.3525,0.6435,-0.3506,0.0,0
ussd_0209,ussd_s004959,-0.2084,0.5562,-0.0474,0.0908,0
ussd_0115,ussd_s004960,-0.7549,2.0289,0.6591,0.5235,0
ussd_0320,ussd_s004961,0.3781,1.1133,-0.3343,0.0802,0
ussd_0112,ussd_s004962,1.8352,0.4402,-0.3152,0.7593,0
ussd_0051,ussd_s004963,1.2472,0.4751,1.1091,0.0,0
ussd_0319,ussd_s004964,0.0259,0.5155,-0.3104,0.5051,0
ussd_0196,ussd_s004965,-0.5122,0.3214,-0.4157,0.4478,0
ussd_0158,ussd_s004966,1.9148,0.1974,-0.162,0.9214,0
ussd_0031,ussd_s004967,-0.0255,0.7841,0.6491,0.0,0
ussd_0405,ussd_s004968,-0.5187,1.9891,-0.1595,0.0,0
ussd_0254,ussd_s004969,1.5664,0.8578,-0.0603,0.0,0
ussd_0130,ussd_s004970,0.0787,0.0722,-0.4766,0.0,0
ussd_0108,ussd_s004971,0.5074,0.4048,-0.4641,0.4636,0
ussd_0394,ussd_s004972,-0.565,0.687,-0.08,0.0,0
ussd_0385,ussd_s004973,0.158,0.2064,1.1463,0.772,0
ussd_0086,ussd_s004974,-0.7352,1.2043,1.23,0.5947,0
ussd_0263,ussd_s004975,-0.4996,1.5191,-0.1377,0.0,0
ussd_0158,ussd_s004976,-0.7132,0.599,-0.162,0.9214,0
ussd_0127,ussd_s004977,-0.5486,1.7209,-0.294,0.0,0
ussd_0013,ussd_s004978,6.4538,3.2902,9.1379,0.0,1
ussd_0111,ussd_s004979,-0.3656,1.668,0.3215,0.3775,0
ussd_0161,ussd_s004980,-0.3828,0.8913,-0.2694,0.0,0
ussd_0260,ussd_s004981,-0.2522,1.507,-0.4123,0.1622,0
ussd_0290,ussd_s004982,-0.0384,0.959,0.7863,0.0,0
ussd_0174,ussd_s004983,-0.3949,0.9785,-0.0646,0.8039,0
ussd_0424,ussd_s004984,0.1932,0.131,0.913,0.1979,0
ussd_0052,ussd_s004985,-0.4001,0.5528,-0.2057,0.5566,0
ussd_0004,ussd_s004986,-0.6389,0.6324,1.2309,0.0,0
ussd_0224,ussd_s004987,0.4026,1.0818,-0.2677,0.0,0
ussd_0406,ussd_s004988,0.7449,0.7275,1.4017,0.0,0
ussd_0316,ussd_s004989,-0.7131,0.7949,-0.0791,0.0,0
ussd_0180,ussd_s004990,-0.7538,1.402,-0.2644,0.0,0
ussd_0228,ussd_s004991,0.3683,0.6282,0.4009,0.0,0
ussd_0384,ussd_s004992,-0.0942,0.5007,-0.44,0.8505,0
ussd_0250,ussd_s004993,-0.8472,1.0986,-0.5623,0.6003,0
ussd_0050,ussd_s004994,0.1295,0.0853,-0.6376,0.0,0
ussd_0257,ussd_s004995,-0.7378,0.5131,-0.0849,0.0,0
ussd_0295,ussd_s004996,-0.4244,0.5232,-0.1366,0.0,0
ussd_0084,ussd_s004997,2.3784,0.418,-0.443,0.0,0
ussd_0438,ussd_s004998,0.0187,1.1495,-0.2666,0.8982,0
ussd_0120,ussd_s004999,2.1225,1.5848,-0.2178,0.0,0
ussd_0404,ussd_s005000,-0.211,0.5924,0.4405,0.5724,0
ussd_0325,ussd_s005001,1.3739,1.8558,-0.1796,0.0,0
ussd_0069,ussd_s005002,0.2242,1.0628,1.2471,0.8844,0
ussd_0101,ussd_s005003,-0.2786,0.4022,-0.3326,0.0,0
ussd_0413,ussd_s005004,-0.704,1.527,-0.4768,0.1418,0
ussd_0249,ussd_s005005,-0.3035,0.8366,-0.5232,0.8893,0
ussd_0334,ussd_s005006,0.1383,0.9505,-0.0384,0.0,0
ussd_0404,ussd_s005007,-0.5625,0.8363,-0.5198,0.5724,0
ussd_0057,ussd_s005008,-0.619,0.515,-0.1568,0.986,0
ussd_0170,ussd_s005009,1.0273,1.3349,-0.3011,0.0,0
ussd_0131,ussd_s005010,0.1566,1.0371,-0.0764,0.0,0
ussd_0376,ussd_s005011,-0.389,0.0156,-0.5201,0.0143,0
ussd_0229,ussd_s005012,-0.1233,0.4635,1.3175,0.582,0
ussd_0281,ussd_s005013,-0.456,0.3498,1.0345,0.0,0
ussd_0363,ussd_s005014,-0.0539,0.6735,-0.0892,0.9519,0
ussd_0161,ussd_s005015,9.1418,5.2893,5.5754,0.9317,1
ussd_0242,ussd_s005016,-0.5345,1.7166,1.0317,0.0,0
ussd_0227,ussd_s005017,-0.4714,0.2075,-0.0417,0.0,0
ussd_0355,ussd_s005018,-0.8897,0.2886,-0.4131,0.0,0
ussd_0386,ussd_s005019,-0.0022,0.1871,-0.047,0.5229,0
ussd_0074,ussd_s005020,-0.9102,0.3494,0.1464,0.0,0
ussd_0216,ussd_s005021,1.0095,0.1129,-0.0659,0.0,0
ussd_0090,ussd_s005022,-0.2766,0.6255,-0.3926,0.0165,0
ussd_0337,ussd_s005023,-0.6837,0.3547,-0.1851,0.5151,0
ussd_0447,ussd_s005024,1.3701,0.0548,1.9578,0.0,0
ussd_0238,ussd_s005025,0.6151,0.9468,-0.1474,0.0,0
ussd_0158,ussd_s005026,-0.0532,0.7064,-0.162,0.9214,0
ussd_0136,ussd_s005027,2.0999,0.4139,-0.6764,0.2943,0
ussd_0344,ussd_s005028,3.2348,0.8175,-0.1112,0.0,0
ussd_0188,ussd_s005029,-0.1063,0.879,-0.3934,0.0,0
ussd_0012,ussd_s005030,0.0866,3.6426,1.0735,0.0,0
ussd_0239,ussd_s005031,-0.1017,1.6769,-0.7018,0.0,0
ussd_0431,ussd_s005032,-0.0406,0.0297,-0.1055,0.0,0
ussd_0256,ussd_s005033,0.5254,1.1535,-0.2859,0.5648,0
ussd_0014,ussd_s005034,-0.4787,0.5626,0.8142,0.0,0
ussd_0390,ussd_s005035,0.0276,1.9302,-0.6056,0.0,0
ussd_0198,ussd_s005036,-0.7593,1.4008,-0.6072,0.8457,0
ussd_0326,ussd_s005037,-0.1758,0.3022,-0.0673,0.0957,0
ussd_0088,ussd_s005038,-0.783,2.2699,0.6092,0.0,0
ussd_0221,ussd_s005039,-0.417,0.0689,0.1118,0.0,0
ussd_0069,ussd_s005040,-0.3888,1.1837,1.2471,0.8844,0
ussd_0425,ussd_s005041,-0.0659,1.3008,0.7164,0.0,0
ussd_0311,ussd_s005042,0.3393,0.1133,-0.1529,0.0,0
ussd_0275,ussd_s005043,-0.4981,0.016,-0.6116,0.787,0
ussd_0380,ussd_s005044,-0.4796,0.3954,-0.228,0.697,0
ussd_0303,ussd_s005045,-0.2758,1.2741,-0.1899,0.8018,0
ussd_0149,ussd_s005046,-0.6003,0.0174,-0.2069,0.0,0
ussd_0348,ussd_s005047,-0.2929,0.1665,2.7681,0.0,0
ussd_0211,ussd_s005048,-0.2409,1.0932,-0.4115,0.0,0
ussd_0347,ussd_s005049,-0.0546,0.766,-0.3832,0.0,0
ussd_0232,ussd_s005050,-0.1853,1.2717,-0.5171,0.0,0
ussd_0317,ussd_s005051,0.6436,0.5319,-0.3401,0.0,0
ussd_0061,ussd_s005052,8.3821,0.8686,5.2156,0.9815,1
ussd_0073,ussd_s005053,-0.8302,0.3981,-0.6339,0.0,0
ussd_0294,ussd_s005054,-0.6351,0.8443,-0.1472,0.0,0
ussd_0325,ussd_s005055,-0.5638,1.2893,-0.1796,0.0,0
ussd_0266,ussd_s005056,-0.245,0.04,0.2103,0.6032,0
ussd_0203,ussd_s005057,-0.463,0.0288,-0.0347,0.0,0
ussd_0152,ussd_s005058,-0.5862,0.9555,-0.5608,0.0,0
ussd_0282,ussd_s005059,-0.409,0.3265,-0.4859,0.0,0
ussd_0424,ussd_s005060,0.2537,1.2035,0.913,0.1979,0
ussd_0326,ussd_s005061,-0.7478,0.9261,-0.0673,0.0957,0
ussd_0280,ussd_s005062,-0.0013,1.6133,1.2402,0.0,0
ussd_0222,ussd_s005063,-0.6182,1.4211,-0.5842,0.0,0
ussd_0055,ussd_s005064,-0.4367,0.8337,-0.2393,0.6067,0
ussd_0217,ussd_s005065,0.3469,0.1031,0.5947,0.0,0
ussd_0137,ussd_s005066,-0.4124,0.4768,-0.3588,0.0,0
ussd_0273,ussd_s005067,5.264,0.624,-0.3565,0.0,0
ussd_0100,ussd_s005068,2.2956,0.923,-0.2924,0.0,0
ussd_0120,ussd_s005069,0.2833,0.4377,-0.2178,0.0,0
ussd_0186,ussd_s005070,-0.8301,0.1339,-0.4026,0.087,0
ussd_0143,ussd_s005071,-0.8511,0.2268,1.4626,0.0,0
ussd_0020,ussd_s005072,-0.7635,0.1805,1.2027,0.0,0
ussd_0029,ussd_s005073,-0.5826,0.082,-0.5084,0.0,0
ussd_0167,ussd_s005074,2.0129,0.5431,0.9098,0.0,0
ussd_0218,ussd_s005075,-0.4238,0.4158,-0.0704,0.6736,0
ussd_0232,ussd_s005076,0.0694,1.2182,-0.5171,0.0,0
ussd_0268,ussd_s005077,0.9456,0.9873,-0.0551,0.0,0
ussd_0313,ussd_s005078,-0.4037,0.3711,-0.0473,0.0,0
ussd_0278,ussd_s005079,0.4442,1.4959,0.5333,0.0,0
ussd_0143,ussd_s005080,-0.785,0.4461,0.759,0.0,0
ussd_0230,ussd_s005081,-0.0032,0.0061,-0.32,0.0,0
ussd_0238,ussd_s005082,-0.4598,0.0075,-0.1474,0.0,0
ussd_0276,ussd_s005083,0.2042,0.7309,-0.3862,0.0,0
ussd_0422,ussd_s005084,-0.445,0.5579,-0.112,0.7109,0
ussd_0384,ussd_s005085,-0.1391,0.4792,0.6801,0.8505,0
ussd_0038,ussd_s005086,-0.8235,1.1548,0.6539,0.0823,0
ussd_0170,ussd_s005087,1.0333,0.8977,-0.3011,0.0,0
ussd_0225,ussd_s005088,-0.2951,1.9918,-0.0297,0.0,0
ussd_0224,ussd_s005089,-0.6226,0.8324,2.6613,0.0,0
ussd_0120,ussd_s005090,-0.5974,0.4056,-0.2178,0.0,0
ussd_0227,ussd_s005091,0.4014,0.8763,-0.0417,0.0,0
ussd_0338,ussd_s005092,0.1293,0.2926,-0.1227,0.0,0
ussd_0313,ussd_s005093,0.0072,0.2894,-0.0473,0.0,0
ussd_0287,ussd_s005094,-0.273,0.982,0.1089,0.0,0
ussd_0320,ussd_s005095,-0.7001,0.0755,-0.3343,0.0802,0
ussd_0211,ussd_s005096,-0.5563,0.2476,-0.4115,0.0,0
ussd_0221,ussd_s005097,-0.5929,1.5444,-0.6294,0.0,0
ussd_0241,ussd_s005098,2.9062,0.3968,0.6176,0.0,0
ussd_0058,ussd_s005099,-0.2981,0.4563,-0.5123,0.0,0
ussd_0307,ussd_s005100,-0.4362,0.8979,0.1645,0.0,0
ussd_0100,ussd_s005101,-0.8369,0.2081,-0.2924,0.0,0
ussd_0153,ussd_s005102,-0.3111,0.0434,-0.2831,0.0,0
ussd_0117,ussd_s005103,-0.3698,0.5609,-0.1106,0.0,0
ussd_0335,ussd_s005104,1.3441,0.1895,1.5418,0.0,0
ussd_0198,ussd_s005105,-0.5746,0.5341,0.1783,0.8457,0
ussd_0056,ussd_s005106,-0.1199,0.5055,-0.3542,0.0,0
ussd_0296,ussd_s005107,1.0554,0.6788,-0.4848,0.0,0
ussd_0247,ussd_s005108,-0.6806,0.3716,-0.4155,0.5439,0
ussd_0220,ussd_s005109,0.176,0.6681,-0.1229,0.0,0
ussd_0009,ussd_s005110,-0.51,0.1092,-0.3849,0.8032,0
ussd_0301,ussd_s005111,-0.8268,1.2927,-0.2198,0.9322,0
ussd_0368,ussd_s005112,-0.5892,1.7301,-0.0781,0.0,0
ussd_0189,ussd_s005113,2.3807,2.878,0.6389,0.0,0
ussd_0429,ussd_s005114,-0.8846,0.1038,-0.1241,0.0,0
ussd_0376,ussd_s005115,1.928,0.5411,-0.5201,0.0143,0
ussd_0135,ussd_s005116,-0.3648,0.956,1.653,0.0,0
ussd_0179,ussd_s005117,-0.4433,1.4149,0.4074,0.0,0
ussd_0328,ussd_s005118,-0.149,0.7169,-0.5097,0.0,0
ussd_0389,ussd_s005119,-0.2392,0.3574,-0.3543,0.7365,0
ussd_0150,ussd_s005120,-0.0076,1.1016,-0.0428,0.0,0
ussd_0325,ussd_s005121,0.2835,0.2149,-0.1796,0.0,0
ussd_0049,ussd_s005122,-0.8371,0.4964,-0.7154,0.0,0
ussd_0373,ussd_s005123,0.053,0.6228,-0.4251,0.0,0
ussd_0069,ussd_s005124,-0.711,0.1598,1.2471,0.8844,0
ussd_0123,ussd_s005125,0.218,0.2531,-0.303,0.6336,0
ussd_0043,ussd_s005126,-0.6875,1.622,0.4883,0.0,0
ussd_0157,ussd_s005127,-0.7032,1.0642,-0.1299,0.0,0
ussd_0397,ussd_s005128,1.7764,0.3353,-0.4162,0.0,0
ussd_0343,ussd_s005129,2.5124,0.5147,-0.1302,0.0,0
ussd_0248,ussd_s005130,-0.0385,0.2626,-0.5853,0.0,0
ussd_0372,ussd_s005131,-0.5801,0.8392,-0.3382,0.0,0
ussd_0111,ussd_s005132,-0.3454,0.2481,-0.5595,0.3775,0
ussd_0193,ussd_s005133,-0.4666,1.3239,-0.6907,0.0,0
ussd_0096,ussd_s005134,-0.4754,0.0715,-0.2509,0.9419,0
ussd_0035,ussd_s005135,-0.8465,0.1489,0.7865,0.0,0
ussd_0413,ussd_s005136,-0.5755,0.3169,-0.4768,0.1418,0
ussd_0328,ussd_s005137,-0.0486,0.4903,-0.5097,0.0,0
ussd_0108,ussd_s005138,5.9343,2.6586,1.6793,0.4636,1
ussd_0350,ussd_s005139,0.9868,0.1906,-0.2522,0.0,0
ussd_0386,ussd_s005140,-0.3894,1.5148,-0.047,0.5229,0
ussd_0407,ussd_s005141,-0.2445,1.8559,-0.6884,0.0,0
ussd_0446,ussd_s005142,0.4357,0.7715,-0.164,0.0,0
ussd_0225,ussd_s005143,-0.3625,0.4831,-0.0297,0.0,0
ussd_0274,ussd_s005144,2.1374,0.3226,-0.5036,0.0,0
ussd_0084,ussd_s005145,-0.976,0.1689,-0.443,0.0,0
ussd_0107,ussd_s005146,-0.4775,1.7409,0.6855,0.0,0
ussd_0393,ussd_s005147,-0.228,0.7631,-0.5382,0.0,0
ussd_0243,ussd_s005148,-0.7726,0.0389,-0.0974,0.0,0
ussd_0302,ussd_s005149,0.4562,0.8038,-0.2993,0.0,0
ussd_0129,ussd_s005150,3.541,2.1486,0.678,0.9109,1
ussd_0116,ussd_s005151,-0.3977,1.2493,-0.0357,0.0,0
ussd_0414,ussd_s005152,0.7705,0.064,-0.6769,0.8194,0
ussd_0447,ussd_s005153,-0.4184,1.6292,-0.4084,0.0,0
ussd_0180,ussd_s005154,-0.1434,1.1489,-0.2644,0.0,0
ussd_0119,ussd_s005155,-0.7777,0.7787,-0.266,0.0,0
ussd_0050,ussd_s005156,0.4651,0.8287,0.0871,0.0,0
ussd_0194,ussd_s005157,-0.0461,1.698,0.522,0.6378,0
ussd_0268,ussd_s005158,-0.3925,0.0121,-0.0551,0.0,0
ussd_0010,ussd_s005159,-0.3769,0.5827,-0.111,0.0,0
ussd_0293,ussd_s005160,-0.4813,1.3236,-0.1511,0.0,0
ussd_0359,ussd_s005161,-0.6435,0.5816,-0.1252,0.0,0
ussd_0205,ussd_s005162,1.8014,0.6534,-0.178,0.9936,0
ussd_0240,ussd_s005163,1.2854,1.4401,-0.234,0.0,0
ussd_0449,ussd_s005164,-0.5217,0.0037,-0.2688,0.0,0
ussd_0282,ussd_s005165,-0.3014,0.5167,1.5707,0.0,0
ussd_0298,ussd_s005166,10.6201,0.5921,-0.047,0.0,0
ussd_0357,ussd_s005167,-0.7363,2.5471,-0.2504,0.0,0
ussd_0210,ussd_s005168,-0.3643,0.6137,1.0734,0.0,0
ussd_0238,ussd_s005169,-0.6014,0.2836,-0.1474,0.0,0
ussd_0258,ussd_s005170,6.8494,2.7551,17.6654,0.0,1
ussd_0080,ussd_s005171,2.2013,0.5207,-0.3273,0.0,0
ussd_0030,ussd_s005172,4.8554,2.5341,4.2482,0.0,1
ussd_0329,ussd_s005173,0.1705,0.4138,0.5087,0.0,0
ussd_0119,ussd_s005174,-0.7728,0.4337,-0.266,0.0,0
ussd_0077,ussd_s005175,-0.3911,0.9951,-0.0916,0.0,0
ussd_0102,ussd_s005176,-0.5194,0.4621,-0.2764,0.0,0
ussd_0104,ussd_s005177,-0.8793,0.9828,-0.0379,0.0,0
ussd_0259,ussd_s005178,-0.1625,0.2662,-0.2506,0.0,0
ussd_0217,ussd_s005179,-0.8388,0.0323,-0.4684,0.0,0
ussd_0354,ussd_s005180,-0.6996,0.8419,-0.3806,0.0,0
ussd_0289,ussd_s005181,-0.6537,0.1212,-0.2531,0.9908,0
ussd_0138,ussd_s005182,-0.2779,0.0042,-0.2683,0.0,0
ussd_0443,ussd_s005183,0.0278,0.7908,-0.2465,0.0,0
ussd_0160,ussd_s005184,-0.2936,0.835,-0.5504,0.879,0
ussd_0424,ussd_s005185,0.3013,1.2958,-0.3623,0.1979,0
ussd_0252,ussd_s005186,-0.6559,0.9009,-0.1521,0.0,0
ussd_0366,ussd_s005187,-0.3586,0.9797,-0.2035,0.0,0
ussd_0268,ussd_s005188,-0.0248,1.3856,-0.0551,0.0,0
ussd_0192,ussd_s005189,-0.6074,0.5487,0.7794,0.8179,0
ussd_0308,ussd_s005190,-0.2642,1.3045,-0.0672,0.0,0
ussd_0021,ussd_s005191,-0.1209,0.6554,-0.4138,0.0,0
ussd_0162,ussd_s005192,-0.5997,1.716,0.9274,0.9543,0
ussd_0403,ussd_s005193,16.3179,1.2873,6.6667,0.9088,1
ussd_0388,ussd_s005194,-0.6389,2.06,-0.1792,0.8787,0
ussd_0000,ussd_s005195,-0.0143,0.779,0.3274,0.3567,0
ussd_0106,ussd_s005196,-0.1774,0.631,-0.4215,0.783,0
ussd_0319,ussd_s005197,1.8346,0.5243,-0.3104,0.5051,0
ussd_0038,ussd_s005198,-0.471,0.6673,-0.4487,0.0823,0
ussd_0033,ussd_s005199,-0.7609,0.0674,-0.1989,0.0,0
ussd_0326,ussd_s005200,2.7692,0.5303,-0.0673,0.0957,0
ussd_0197,ussd_s005201,0.6011,1.7229,0.8574,0.0,0
ussd_0445,ussd_s005202,-0.4452,0.7768,-0.5449,0.0,0
ussd_0062,ussd_s005203,-0.3756,0.304,0.204,0.0,0
ussd_0382,ussd_s005204,0.2344,0.2866,0.5387,0.0,0
ussd_0045,ussd_s005205,1.2376,1.2007,-0.3986,0.7862,0
ussd_0113,ussd_s005206,1.3472,0.6742,1.037,0.0,0
ussd_0163,ussd_s005207,0.652,1.7133,-0.1432,0.0,0
ussd_0214,ussd_s005208,-0.1566,1.9376,-0.5404,0.663,0
ussd_0171,ussd_s005209,0.6384,0.5152,-0.3682,0.0,0
ussd_0132,ussd_s005210,10.0166,4.4375,2.7255,0.7418,1
ussd_0265,ussd_s005211,0.1209,0.0931,-0.2231,0.0,0
ussd_0329,ussd_s005212,-0.5091,0.2483,-0.4971,0.0,0
ussd_0378,ussd_s005213,-0.5299,0.0177,-0.3986,0.0,0
ussd_0208,ussd_s005214,1.7412,0.0623,-0.518,0.5813,0
ussd_0261,ussd_s005215,0.3797,2.3199,-0.3923,0.0,0
ussd_0086,ussd_s005216,0.8767,0.2657,0.338,0.5947,0
ussd_0301,ussd_s005217,-0.8945,1.4057,-0.2198,0.9322,0
ussd_0101,ussd_s005218,0.6382,1.6899,-0.3326,0.0,0
ussd_0398,ussd_s005219,-0.2494,3.3758,0.9843,0.0,0
ussd_0214,ussd_s005220,-0.4456,1.8043,-0.5404,0.663,0
ussd_0214,ussd_s005221,0.0857,0.3158,-0.5404,0.663,0
ussd_0424,ussd_s005222,-0.8323,1.1512,-0.3623,0.1979,0
ussd_0346,ussd_s005223,-0.0154,1.2979,-0.4477,0.0,0
ussd_0248,ussd_s005224,-0.4016,1.0118,-0.5853,0.0,0
ussd_0057,ussd_s005225,-0.8499,2.266,-0.1568,0.986,0
ussd_0446,ussd_s005226,-0.0366,0.8332,-0.164,0.0,0
ussd_0381,ussd_s005227,-0.8811,0.1455,-0.1529,0.0,0
ussd_0048,ussd_s005228,-0.5808,1.7863,-0.1091,0.0,0
ussd_0244,ussd_s005229,-0.0244,0.4972,0.0703,0.68,0
ussd_0220,ussd_s005230,-0.4799,0.8158,-0.1229,0.0,0
ussd_0132,ussd_s005231,-0.6508,1.7926,-0.2549,0.0,0
ussd_0046,ussd_s005232,-0.165,0.2148,1.8252,0.0,0
ussd_0148,ussd_s005233,7.3408,3.6245,6.3655,0.9967,1
ussd_0405,ussd_s005234,-0.2561,2.3127,-0.1595,0.0,0
ussd_0449,ussd_s005235,5.5084,0.1912,7.0433,0.0,1
ussd_0259,ussd_s005236,-0.1783,0.602,-0.2506,0.0,0
ussd_0058,ussd_s005237,-0.3756,0.1041,-0.5123,0.0,0
ussd_0003,ussd_s005238,-0.0149,0.1073,-0.5624,0.9723,0
ussd_0192,ussd_s005239,-0.3151,0.0174,-0.4069,0.8179,0
ussd_0235,ussd_s005240,-0.9037,0.7236,-0.4061,0.0,0
ussd_0281,ussd_s005241,-0.3567,0.6091,-0.3218,0.0,0
ussd_0384,ussd_s005242,0.064,0.3078,0.6801,0.8505,0
ussd_0192,ussd_s005243,-0.2236,1.6497,-0.4069,0.8179,0
ussd_0166,ussd_s005244,0.4116,0.5041,-0.3327,0.0,0
ussd_0355,ussd_s005245,0.0465,1.1953,-0.4131,0.0,0
ussd_0349,ussd_s005246,-0.4516,0.4991,-0.4904,0.0,0
ussd_0077,ussd_s005247,12.5694,0.9298,3.5421,0.8815,1
ussd_0186,ussd_s005248,1.4246,0.3511,0.7923,0.087,0
ussd_0418,ussd_s005249,-0.7817,0.7224,-0.4902,0.0,0
ussd_0309,ussd_s005250,-0.1765,0.1886,-0.1466,0.0,0
ussd_0143,ussd_s005251,-0.0083,0.2144,0.0554,0.0,0
ussd_0089,ussd_s005252,-0.6777,2.8148,-0.3172,0.0,0
ussd_0186,ussd_s005253,-0.1084,0.288,-0.4026,0.087,0
ussd_0026,ussd_s005254,0.7436,0.156,-0.3359,0.0,0
ussd_0187,ussd_s005255,-0.7518,0.1469,-0.1047,0.822,0
ussd_0399,ussd_s005256,0.3,0.4505,-0.031,0.0,0
ussd_0205,ussd_s005257,-0.0494,1.601,-0.178,0.9936,0
ussd_0401,ussd_s005258,-0.5767,0.2392,-0.1364,0.0,0
ussd_0340,ussd_s005259,1.6312,0.4883,0.3255,0.0,0
ussd_0010,ussd_s005260,-0.3892,0.2813,-0.111,0.0,0
ussd_0049,ussd_s005261,1.7863,0.5705,0.4231,0.0,0
ussd_0327,ussd_s005262,0.3927,1.2645,1.5295,0.0,0
ussd_0205,ussd_s005263,0.0001,0.4336,-0.178,0.9936,0
ussd_0377,ussd_s005264,4.2907,1.2108,0.5647,0.0,0
ussd_0421,ussd_s005265,-0.477,1.1317,-0.0654,0.0,0
ussd_0288,ussd_s005266,1.6195,0.2261,-0.1842,0.0,0
ussd_0404,ussd_s005267,6.9414,1.1351,2.3612,0.5724,1
ussd_0425,ussd_s005268,0.574,1.1594,-0.4279,0.0,0
ussd_0033,ussd_s005269,-0.7992,0.504,-0.1989,0.0,0
ussd_0002,ussd_s005270,-0.5348,0.6361,-0.064,0.7461,0
ussd_0114,ussd_s005271,0.3808,0.4519,-0.1616,0.6154,0
ussd_0137,ussd_s005272,0.6541,1.3987,-0.3588,0.0,0
ussd_0254,ussd_s005273,1.0769,0.9164,-0.0603,0.0,0
ussd_0322,ussd_s005274,2.0719,1.5523,-0.2737,0.0,0
ussd_0373,ussd_s005275,-0.7477,1.6734,-0.4251,0.0,0
ussd_0248,ussd_s005276,-0.6167,0.385,-0.5853,0.0,0
ussd_0060,ussd_s005277,0.3068,0.6125,-0.5746,0.0,0
ussd_0323,ussd_s005278,-0.4993,0.6745,-0.1924,0.5402,0
ussd_0249,ussd_s005279,-0.5971,0.2613,-0.5232,0.8893,0
ussd_0208,ussd_s005280,-0.2006,0.8219,0.4461,0.5813,0
ussd_0104,ussd_s005281,-0.5657,1.1827,-0.0379,0.0,0
ussd_0376,ussd_s005282,1.9099,0.1751,0.4397,0.0143,0
ussd_0066,ussd_s005283,4.6847,1.2768,7.3377,0.515,1
ussd_0257,ussd_s005284,-0.8155,0.6479,-0.0849,0.0,0
ussd_0012,ussd_s005285,-0.6823,1.8461,-0.3088,0.0,0
ussd_0449,ussd_s005286,-0.504,1.2927,1.1936,0.0,0
ussd_0431,ussd_s005287,0.0741,0.4928,-0.1055,0.0,0
ussd_0433,ussd_s005288,-0.6055,0.9113,-0.632,0.0,0
ussd_0168,ussd_s005289,-0.3464,1.0139,0.1449,0.1778,0
ussd_0399,ussd_s005290,1.413,0.4082,-0.031,0.0,0
ussd_0213,ussd_s005291,-0.7082,1.5744,0.7863,0.0,0
ussd_0021,ussd_s005292,4.3926,0.987,-0.4138,0.0,0
ussd_0187,ussd_s005293,-0.426,0.6078,-0.1047,0.822,0
ussd_0086,ussd_s005294,-0.8787,0.0265,-0.554,0.5947,0
ussd_0313,ussd_s005295,-0.8013,0.574,-0.0473,0.0,0
ussd_0264,ussd_s005296,-0.6672,0.5078,1.239,0.9204,0
ussd_0287,ussd_s005297,-0.7806,0.5282,-0.6304,0.0,0
ussd_0156,ussd_s005298,-0.4266,1.3081,-0.15,0.8076,0
ussd_0222,ussd_s005299,0.4563,0.9986,1.9107,0.0,0
ussd_0076,ussd_s005300,-0.1582,0.6539,-0.3912,0.0,0
ussd_0305,ussd_s005301,-0.6067,0.16,-0.2808,0.0,0
ussd_0237,ussd_s005302,-0.0638,0.4707,-0.3433,0.0,0
ussd_0097,ussd_s005303,-0.7142,1.0619,-0.4961,0.7079,0
ussd_0175,ussd_s005304,-0.0475,0.4992,-0.4073,0.0,0
ussd_0088,ussd_s005305,-0.3287,0.7972,0.6092,0.0,0
ussd_0196,ussd_s005306,-0.3745,0.3415,0.7528,0.4478,0
ussd_0221,ussd_s005307,-0.8473,0.0385,0.8531,0.0,0
ussd_0056,ussd_s005308,-0.0088,0.6073,-0.3542,0.0,0
ussd_0007,ussd_s005309,-0.636,0.1827,-0.4364,0.0,0
ussd_0079,ussd_s005310,-0.8555,0.9243,0.611,0.0,0
ussd_0142,ussd_s005311,-0.8578,1.1743,-0.4466,0.0,0
ussd_0388,ussd_s005312,-0.6823,1.9223,-0.1792,0.8787,0
ussd_0364,ussd_s005313,0.0695,1.3496,0.5281,0.0,0
ussd_0184,ussd_s005314,-0.5765,1.0557,-0.375,0.5665,0
ussd_0294,ussd_s005315,-0.3113,0.2554,-0.1472,0.0,0
ussd_0224,ussd_s005316,-0.8655,0.8332,1.1968,0.0,0
ussd_0007,ussd_s005317,-0.4213,0.3632,-0.4364,0.0,0
ussd_0332,ussd_s005318,-0.7255,2.6639,-0.1385,0.0,0
ussd_0097,ussd_s005319,-0.4231,0.2468,0.5116,0.7079,0
ussd_0152,ussd_s005320,-0.8757,0.5197,-0.5608,0.0,0
ussd_0373,ussd_s005321,0.0194,0.2645,0.7248,0.0,0
ussd_0198,ussd_s005322,0.1552,0.1428,-0.6072,0.8457,0
ussd_0016,ussd_s005323,-0.5228,0.0008,-0.1351,0.0,0
ussd_0292,ussd_s005324,-0.0867,0.2446,-0.3993,0.0,0
ussd_0070,ussd_s005325,-0.5999,0.7705,1.5213,0.0,0
ussd_0406,ussd_s005326,-0.712,0.6671,-0.1994,0.0,0
ussd_0269,ussd_s005327,-0.2924,1.5767,-0.0395,0.0,0
ussd_0167,ussd_s005328,-0.5556,0.3952,-0.618,0.0,0
ussd_0449,ussd_s005329,-0.1072,1.8061,-0.2688,0.0,0
ussd_0304,ussd_s005330,-0.0218,1.2955,-0.2978,0.0,0
ussd_0344,ussd_s005331,-0.7768,1.1598,-0.1112,0.0,0
ussd_0381,ussd_s005332,-0.394,1.5601,-0.1529,0.0,0
ussd_0276,ussd_s005333,-0.6172,0.8725,-0.3862,0.0,0
ussd_0207,ussd_s005334,3.266,0.0694,-0.1689,0.2923,0
ussd_0377,ussd_s005335,-0.7709,1.5281,0.5647,0.0,0
ussd_0396,ussd_s005336,-0.5676,0.7007,-0.2678,0.0,0
ussd_0356,ussd_s005337,-0.1702,1.2928,-0.2873,0.9012,0
ussd_0022,ussd_s005338,-0.4281,0.6777,-0.2967,0.0,0
ussd_0330,ussd_s005339,5.7403,0.1448,4.4244,0.977,1
ussd_0239,ussd_s005340,3.6725,5.5603,0.4909,0.0,1
ussd_0418,ussd_s005341,0.3507,0.1263,-0.4902,0.0,0
ussd_0127,ussd_s005342,-0.8429,1.7045,-0.294,0.0,0
ussd_0433,ussd_s005343,-0.4251,0.048,0.1039,0.0,0
ussd_0272,ussd_s005344,-0.6922,1.451,-0.364,0.0,0
ussd_0043,ussd_s005345,-0.4681,0.7009,-0.5039,0.0,0
ussd_0192,ussd_s005346,-0.7075,0.6175,-0.4069,0.8179,0
ussd_0109,ussd_s005347,-0.0851,1.5076,-0.4794,0.9921,0
ussd_0314,ussd_s005348,6.5748,1.6943,5.8282,0.9845,1
ussd_0014,ussd_s005349,0.0073,0.5243,0.8142,0.0,0
ussd_0349,ussd_s005350,-0.2852,0.0579,1.5479,0.0,0
ussd_0330,ussd_s005351,-0.4317,1.2458,-0.3973,0.0,0
ussd_0036,ussd_s005352,-0.4301,1.1721,-0.6637,0.1846,0
ussd_0217,ussd_s005353,-0.7324,0.5682,-0.4684,0.0,0
ussd_0111,ussd_s005354,-0.5844,1.3639,1.2025,0.3775,0
ussd_0167,ussd_s005355,-0.7583,0.1571,-0.618,0.0,0
ussd_0423,ussd_s005356,-0.5936,2.9807,-0.46,0.0,0
ussd_0284,ussd_s005357,-0.6825,0.0218,-0.3243,0.4201,0
ussd_0178,ussd_s005358,-0.5679,1.1742,-0.3982,0.0,0
ussd_0419,ussd_s005359,-0.3435,1.6887,-0.375,0.0,0
ussd_0396,ussd_s005360,-0.6265,2.065,-0.2678,0.0,0
ussd_0404,ussd_s005361,-0.2475,1.5977,0.4405,0.5724,0
ussd_0235,ussd_s005362,0.2192,1.2567,-0.4061,0.0,0
ussd_0261,ussd_s005363,-0.1378,0.2308,-0.3923,0.0,0
ussd_0196,ussd_s005364,0.5177,0.8944,0.7528,0.4478,0
ussd_0001,ussd_s005365,-0.6195,2.649,-0.2033,0.0,0
ussd_0179,ussd_s005366,1.0326,1.5585,1.3457,0.0,0
ussd_0192,ussd_s005367,3.705,3.0226,3.1519,0.8179,1
ussd_0250,ussd_s005368,0.5259,0.4721,0.3132,0.6003,0
ussd_0425,ussd_s005369,-0.4203,1.3283,-0.4279,0.0,0
ussd_0128,ussd_s005370,-0.6811,1.0443,1.9174,0.0,0
ussd_0198,ussd_s005371,0.4706,0.663,0.1783,0.8457,0
ussd_0244,ussd_s005372,17.2601,3.253,3.638,0.9013,1
ussd_0001,ussd_s005373,-0.2861,0.0836,-0.2033,0.0,0
ussd_0342,ussd_s005374,0.3618,1.0335,-0.8039,0.0,0
ussd_0142,ussd_s005375,-0.0586,0.6593,-0.4466,0.0,0
ussd_0228,ussd_s005376,1.6135,0.0984,0.4009,0.0,0
ussd_0341,ussd_s005377,1.6411,0.9659,1.8063,0.0,0
ussd_0256,ussd_s005378,-0.6146,1.2331,-0.2859,0.5648,0
ussd_0145,ussd_s005379,0.2884,2.2316,0.7197,0.6273,0
ussd_0379,ussd_s005380,-0.7744,1.304,-0.5394,0.0,0
ussd_0289,ussd_s005381,0.0065,0.9736,2.7343,0.9908,0
ussd_0182,ussd_s005382,-0.688,0.3922,0.9103,0.9517,0
ussd_0205,ussd_s005383,0.4386,1.0924,-0.178,0.9936,0
ussd_0055,ussd_s005384,-0.9866,0.1676,-0.2393,0.6067,0
ussd_0245,ussd_s005385,9.7174,5.5417,5.7899,0.0,1
ussd_0376,ussd_s005386,-0.5415,0.5895,-0.5201,0.0143,0
ussd_0226,ussd_s005387,-0.4517,1.5027,-0.425,0.0,0
ussd_0181,ussd_s005388,-0.7558,2.9797,-0.2,0.7457,0
ussd_0145,ussd_s005389,0.7894,0.3571,-0.6561,0.6273,0
ussd_0310,ussd_s005390,-0.7133,0.1766,-0.0456,0.0,0
ussd_0053,ussd_s005391,0.1023,1.9704,0.7665,0.0,0
ussd_0026,ussd_s005392,-0.3129,0.4283,-0.3359,0.0,0
ussd_0049,ussd_s005393,-0.258,0.7927,-0.1461,0.0,0
ussd_0062,ussd_s005394,-0.1917,0.1123,-0.5987,0.0,0
ussd_0298,ussd_s005395,-0.0641,0.1741,-0.047,0.0,0
ussd_0443,ussd_s005396,-0.4743,2.2495,1.2604,0.0,0
ussd_0103,ussd_s005397,-0.6276,0.8812,2.4374,0.0,0
ussd_0165,ussd_s005398,-0.5057,0.6913,-0.2922,0.0,0
ussd_0217,ussd_s005399,0.8885,1.6831,-0.4684,0.0,0
ussd_0157,ussd_s005400,0.5038,1.0325,-0.1299,0.0,0
ussd_0001,ussd_s005401,-0.6532,0.4101,-0.2033,0.0,0
ussd_0436,ussd_s005402,26.4768,2.0306,4.9214,0.8932,1
ussd_0324,ussd_s005403,1.6605,0.9094,-0.2742,0.0,0
ussd_0446,ussd_s005404,-0.8005,0.5945,-0.164,0.0,0
ussd_0184,ussd_s005405,0.3999,1.7369,0.8751,0.5665,0
ussd_0123,ussd_s005406,-0.2117,0.7545,-0.303,0.6336,0
ussd_0013,ussd_s005407,-0.4205,0.2874,-0.3241,0.0,0
ussd_0316,ussd_s005408,1.306,1.5379,-0.0791,0.0,0
ussd_0192,ussd_s005409,-0.1449,0.2499,-0.4069,0.8179,0
ussd_0383,ussd_s005410,0.677,0.4136,-0.1407,0.8163,0
ussd_0276,ussd_s005411,-0.2468,1.0114,0.8413,0.0,0
ussd_0382,ussd_s005412,1.1749,0.1724,1.5645,0.0,0
ussd_0299,ussd_s005413,-0.2164,1.4605,-0.2227,0.0,0
ussd_0409,ussd_s005414,-0.1219,0.7854,-0.2406,0.0,0
ussd_0019,ussd_s005415,0.3635,1.3848,-0.6024,0.8868,0
ussd_0222,ussd_s005416,0.3517,0.1003,0.2474,0.0,0
ussd_0022,ussd_s005417,-0.3274,0.5911,-0.2967,0.0,0
ussd_0247,ussd_s005418,0.6615,0.1356,-0.4155,0.5439,0
ussd_0153,ussd_s005419,-0.1255,0.6338,-0.2831,0.0,0
ussd_0029,ussd_s005420,4.8456,2.9382,-0.5084,0.8084,1
ussd_0262,ussd_s005421,-0.5684,0.4465,-0.0514,0.0,0
ussd_0170,ussd_s005422,0.3392,0.8313,-0.3011,0.0,0
ussd_0424,ussd_s005423,-0.4913,0.376,-0.3623,0.1979,0
ussd_0127,ussd_s005424,-0.6684,0.4717,-0.294,0.0,0
ussd_0276,ussd_s005425,0.4248,0.4935,-0.3862,0.0,0
ussd_0359,ussd_s005426,-0.8868,1.2647,0.458,0.0,0
ussd_0368,ussd_s005427,0.2035,2.566,1.7658,0.0,0
ussd_0026,ussd_s005428,-0.6604,1.3958,-0.3359,0.0,0
ussd_0152,ussd_s005429,-0.7128,0.1023,0.3175,0.0,0
ussd_0446,ussd_s005430,-0.8069,0.0446,-0.164,0.0,0
ussd_0086,ussd_s005431,-0.4143,0.5625,-0.554,0.5947,0
ussd_0148,ussd_s005432,-0.2622,0.9984,-0.509,0.0,0
ussd_0327,ussd_s005433,-0.0308,1.4278,-0.4941,0.0,0
ussd_0405,ussd_s005434,13.4533,3.0936,8.2455,0.902,1
ussd_0148,ussd_s005435,-0.7343,0.7425,-0.509,0.0,0
ussd_0270,ussd_s005436,0.4823,0.377,-0.3367,0.0,0
ussd_0266,ussd_s005437,-0.5683,2.4088,0.2103,0.6032,0
ussd_0311,ussd_s005438,-0.2216,0.1258,-0.1529,0.0,0
ussd_0335,ussd_s005439,0.5569,1.2995,-0.1527,0.0,0
ussd_0179,ussd_s005440,-0.6348,0.0196,0.4074,0.0,0
ussd_0228,ussd_s005441,0.2927,0.426,0.4009,0.0,0
ussd_0036,ussd_s005442,-0.4693,0.7993,-0.6637,0.1846,0
ussd_0003,ussd_s005443,-0.0555,1.1108,-0.5624,0.9723,0
ussd_0293,ussd_s005444,-0.413,2.0803,1.5467,0.0,0
ussd_0299,ussd_s005445,0.4161,0.3179,-0.2227,0.0,0
ussd_0030,ussd_s005446,0.9809,0.6516,-0.2503,0.0,0
ussd_0018,ussd_s005447,-0.6885,0.1663,-0.3891,0.0,0
ussd_0122,ussd_s005448,-0.1095,1.2634,1.5039,0.0,0
ussd_0375,ussd_s005449,0.5218,0.4758,-0.2101,0.5622,0
ussd_0030,ussd_s005450,0.2037,0.6638,-0.2503,0.0,0
ussd_0302,ussd_s005451,-0.7578,1.0775,-0.2993,0.0,0
ussd_0249,ussd_s005452,0.5824,1.7369,0.4303,0.8893,0
ussd_0396,ussd_s005453,-0.5307,0.1949,-0.2678,0.0,0
ussd_0357,ussd_s005454,-0.3029,1.4967,-0.2504,0.0,0
ussd_0292,ussd_s005455,-0.8427,0.6458,-0.3993,0.0,0
ussd_0226,ussd_s005456,0.8536,0.2677,-0.425,0.0,0
ussd_0272,ussd_s005457,-0.3989,2.3297,-0.364,0.0,0
ussd_0109,ussd_s005458,-0.6425,0.8244,0.5618,0.9921,0
ussd_0003,ussd_s005459,-0.6922,1.2123,1.1878,0.9723,0
ussd_0096,ussd_s005460,-0.7973,0.6035,1.2474,0.9419,0
ussd_0158,ussd_s005461,-0.6571,1.2851,-0.162,0.9214,0
ussd_0041,ussd_s005462,0.0582,0.5527,-0.4636,0.0,0
ussd_0092,ussd_s005463,0.0555,0.8328,-0.18,0.0,0
ussd_0131,ussd_s005464,-0.5541,0.304,-0.0764,0.0,0
ussd_0361,ussd_s005465,2.2152,0.0893,-0.1189,0.0474,0
ussd_0154,ussd_s005466,-0.9276,1.6835,1.2543,0.0,0
ussd_0231,ussd_s005467,0.8613,0.932,-0.6587,0.0,0
ussd_0171,ussd_s005468,-0.8048,0.5051,-0.3682,0.0,0
ussd_0192,ussd_s005469,0.8311,1.2231,-0.4069,0.8179,0
ussd_0193,ussd_s005470,-0.3837,0.1719,-0.0722,0.0,0
ussd_0324,ussd_s005471,3.4182,0.8106,-0.2742,0.0,0
ussd_0048,ussd_s005472,-0.7125,1.3526,-0.1091,0.0,0
ussd_0102,ussd_s005473,-0.7836,0.6915,-0.2764,0.0,0
ussd_0364,ussd_s005474,1.9293,0.5399,2.5655,0.0,0
ussd_0184,ussd_s005475,-0.2033,1.8659,-0.375,0.5665,0
ussd_0239,ussd_s005476,-0.2946,1.014,-0.1055,0.0,0
ussd_0072,ussd_s005477,-0.24,0.4414,-0.0655,0.0,0
ussd_0136,ussd_s005478,-0.3029,1.0854,-0.6764,0.2943,0
ussd_0306,ussd_s005479,-0.9104,0.0597,-0.029,0.6558,0
ussd_0298,ussd_s005480,0.4654,0.4715,-0.047,0.0,0
ussd_0069,ussd_s005481,-0.4782,0.4795,-0.251,0.8844,0
ussd_0334,ussd_s005482,0.108,0.3541,-0.0384,0.0,0
ussd_0168,ussd_s005483,-0.1625,0.3618,-0.6184,0.1778,0
ussd_0273,ussd_s005484,-0.8454,0.9395,-0.3565,0.0,0
ussd_0311,ussd_s005485,-0.6439,0.3394,-0.1529,0.0,0
ussd_0050,ussd_s005486,-0.2835,0.3575,0.0871,0.0,0
ussd_0217,ussd_s005487,-0.2977,0.798,-0.4684,0.0,0
ussd_0126,ussd_s005488,0.0897,1.3408,-0.1537,0.4802,0
ussd_0077,ussd_s005489,-0.6261,0.2555,-0.0916,0.0,0
ussd_0014,ussd_s005490,-0.5319,0.5176,-0.3953,0.0,0
ussd_0358,ussd_s005491,0.1238,0.5407,-0.1161,0.0,0
ussd_0039,ussd_s005492,-0.4508,0.5363,-0.6517,0.0,0
ussd_0392,ussd_s005493,0.9773,0.7809,-0.4251,0.9428,0
ussd_0217,ussd_s005494,-0.5144,1.4303,-0.4684,0.0,0
ussd_0277,ussd_s005495,0.454,1.1218,0.1378,0.9062,0
ussd_0269,ussd_s005496,-0.4759,0.3143,-0.0395,0.0,0
ussd_0290,ussd_s005497,-0.7792,0.4497,-0.4046,0.0,0
ussd_0361,ussd_s005498,-0.4937,0.2609,-0.1189,0.0474,0
ussd_0179,ussd_s005499,-0.8088,1.7552,-0.5309,0.0,0
ussd_0076,ussd_s005500,-0.7807,0.0642,-0.3912,0.0,0
ussd_0355,ussd_s005501,-0.5036,1.0298,-0.4131,0.0,0
ussd_0282,ussd_s005502,-0.7165,1.6005,-0.4859,0.0,0
ussd_0362,ussd_s005503,-0.6975,1.1792,-0.3611,0.0,0
ussd_0183,ussd_s005504,-0.49,0.9549,-0.239,0.0,0
ussd_0361,ussd_s005505,4.9331,0.4087,-0.1189,0.0474,0
ussd_0011,ussd_s005506,-0.4903,0.7037,-0.3409,0.9374,0
ussd_0302,ussd_s005507,7.4731,3.4723,3.9048,0.0,1
ussd_0168,ussd_s005508,3.9572,0.8137,0.9082,0.1778,0
ussd_0038,ussd_s005509,-0.733,0.1492,-0.4487,0.0823,0
ussd_0088,ussd_s005510,1.7948,0.0593,-0.0345,0.0,0
ussd_0409,ussd_s005511,-0.6289,1.2079,-0.2406,0.0,0
ussd_0036,ussd_s005512,0.8769,0.0828,-0.6637,0.1846,0
ussd_0041,ussd_s005513,-0.6962,1.6133,-0.4636,0.0,0
ussd_0376,ussd_s005514,-0.3316,0.5931,0.4397,0.0143,0
ussd_0141,ussd_s005515,1.2147,0.9058,1.0134,0.4236,0
ussd_0351,ussd_s005516,-0.2063,0.7381,-0.3952,0.0222,0
ussd_0018,ussd_s005517,-0.6257,0.0741,-0.3891,0.0,0
ussd_0264,ussd_s005518,-0.3166,0.0466,0.3434,0.9204,0
ussd_0050,ussd_s005519,-0.5733,0.1543,-0.6376,0.0,0
ussd_0319,ussd_s005520,-0.7275,1.3717,1.0688,0.5051,0
ussd_0237,ussd_s005521,0.2973,2.0826,2.2836,0.0,0
ussd_0183,ussd_s005522,4.7355,1.0918,5.8487,0.0,1
ussd_0248,ussd_s005523,0.3419,0.6395,1.0737,0.0,0
ussd_0234,ussd_s005524,-0.5109,0.8124,-0.2617,0.0,0
ussd_0421,ussd_s005525,-0.1689,0.6565,-0.0654,0.0,0
ussd_0180,ussd_s005526,-0.7559,0.3944,-0.2644,0.0,0
ussd_0041,ussd_s005527,-0.0455,1.0026,-0.4636,0.0,0
ussd_0178,ussd_s005528,-0.2179,1.2774,-0.3982,0.0,0
ussd_0113,ussd_s005529,-0.6851,0.8989,0.2222,0.0,0
ussd_0057,ussd_s005530,0.6691,0.414,1.5297,0.7354,1
ussd_0204,ussd_s005531,0.7468,1.1334,-0.557,0.0,0
ussd_0154,ussd_s005532,0.485,0.6492,-0.5491,0.0,0
ussd_0371,ussd_s005533,9.6426,0.7229,1.1931,0.8444,1
ussd_0187,ussd_s005534,0.8209,0.7782,-0.1047,0.822,0
ussd_0373,ussd_s005535,-0.7113,0.4002,-0.4251,0.0,0
ussd_0180,ussd_s005536,-0.4779,0.0198,-0.2644,0.0,0
ussd_0131,ussd_s005537,-0.5152,0.6338,-0.0764,0.0,0
ussd_0325,ussd_s005538,-0.5655,0.964,-0.1796,0.0,0
ussd_0411,ussd_s005539,-0.6632,1.5959,-0.0558,0.0,0
ussd_0439,ussd_s005540,-0.3431,0.0597,0.849,0.5928,0
ussd_0126,ussd_s005541,-0.6646,0.5723,-0.1537,0.4802,0
ussd_0417,ussd_s005542,-0.73,0.6232,-0.1046,0.0,0
ussd_0318,ussd_s005543,0.3076,0.932,-0.2747,0.5436,0
ussd_0020,ussd_s005544,0.0888,0.5067,-0.5595,0.0,0
ussd_0230,ussd_s005545,-0.4741,0.1676,-0.32,0.0,0
ussd_0009,ussd_s005546,0.1306,1.224,-0.3849,0.8032,0
ussd_0087,ussd_s005547,0.4148,1.0247,-0.3481,0.0,0
ussd_0419,ussd_s005548,1.9063,1.8931,-0.375,0.0,0
ussd_0273,ussd_s005549,-0.7626,1.0517,-0.3565,0.0,0
ussd_0179,ussd_s005550,-0.3479,1.0144,0.4074,0.0,0
ussd_0302,ussd_s005551,4.8037,2.6479,6.7076,0.6842,1
ussd_0272,ussd_s005552,1.1795,0.7634,-0.364,0.0,0
ussd_0213,ussd_s005553,21.2033,0.9439,4.359,0.9126,1
ussd_0443,ussd_s005554,-0.3297,1.366,-0.2465,0.0,0
ussd_0019,ussd_s005555,-0.4193,0.8992,0.1927,0.8868,0
ussd_0189,ussd_s005556,-0.3085,0.7842,0.6389,0.0,0
ussd_0214,ussd_s005557,-0.6651,0.7368,0.3787,0.663,0
ussd_0271,ussd_s005558,-0.4002,1.4031,-0.1323,0.6586,0
ussd_0377,ussd_s005559,-0.7206,0.0863,0.5647,0.0,0
ussd_0372,ussd_s005560,-0.3302,0.9729,-0.3382,0.0,0
ussd_0435,ussd_s005561,-0.5881,0.7497,-0.2939,0.679,0
ussd_0398,ussd_s005562,0.0039,1.7211,0.9843,0.0,0
ussd_0322,ussd_s005563,-0.7831,0.8006,1.179,0.0,0
ussd_0038,ussd_s005564,-0.5638,0.6624,-0.4487,0.0823,0
ussd_0190,ussd_s005565,-0.1411,0.1957,-0.3928,0.0,0
ussd_0060,ussd_s005566,0.4408,0.7206,0.2763,0.0,0
ussd_0304,ussd_s005567,-0.6721,0.9603,-0.2978,0.0,0
ussd_0290,ussd_s005568,-0.4935,0.5071,-0.4046,0.0,0
ussd_0364,ussd_s005569,1.5926,0.4995,-0.4906,0.0,0
ussd_0107,ussd_s005570,-0.2915,0.0479,-0.4382,0.0,0
ussd_0127,ussd_s005571,-0.3035,0.2114,1.1181,0.0,0
ussd_0137,ussd_s005572,-0.4266,0.5229,-0.3588,0.0,0
ussd_0045,ussd_s005573,-0.3698,1.1332,-0.3986,0.7862,0
ussd_0033,ussd_s005574,0.1397,0.0347,-0.1989,0.0,0
ussd_0178,ussd_s005575,-0.1448,0.774,-0.3982,0.0,0
ussd_0371,ussd_s005576,0.8115,1.2429,-0.269,0.0,0
ussd_0362,ussd_s005577,-0.4887,0.7093,-0.3611,0.0,0
ussd_0102,ussd_s005578,0.0297,0.8046,-0.2764,0.0,0
ussd_0231,ussd_s005579,-0.284,1.0005,-0.6587,0.0,0
ussd_0199,ussd_s005580,-0.2499,0.2123,-0.1795,0.0,0
ussd_0022,ussd_s005581,-0.144,0.5201,1.11,0.0,0
ussd_0051,ussd_s005582,-0.2123,0.0493,-0.297,0.0,0
ussd_0178,ussd_s005583,-0.2386,0.2328,2.0092,0.0,0
ussd_0039,ussd_s005584,0.8417,1.0036,-0.6517,0.0,0
ussd_0249,ussd_s005585,-0.4893,0.5157,-0.5232,0.8893,0
ussd_0287,ussd_s005586,-0.1765,0.5199,0.1089,0.0,0
ussd_0437,ussd_s005587,-0.1692,1.1856,-0.0896,0.0,0
ussd_0089,ussd_s005588,2.0913,0.5303,-0.3172,0.0,0
ussd_0332,ussd_s005589,0.0558,0.194,-0.1385,0.0,0
ussd_0293,ussd_s005590,-0.6959,1.0244,-0.1511,0.0,0
ussd_0089,ussd_s005591,0.3055,0.3934,-0.3172,0.0,0
ussd_0163,ussd_s005592,-0.5202,0.8814,-0.1432,0.0,0
ussd_0001,ussd_s005593,-0.8088,0.5723,-0.2033,0.0,0
ussd_0326,ussd_s005594,0.5283,0.6548,-0.0673,0.0957,0
ussd_0275,ussd_s005595,-0.3899,0.4733,0.1651,0.787,0
ussd_0385,ussd_s005596,-0.5265,0.8342,1.1463,0.772,0
ussd_0267,ussd_s005597,-0.5954,0.4401,-0.3244,0.8579,0
ussd_0127,ussd_s005598,-0.7993,0.4225,-0.294,0.0,0
ussd_0282,ussd_s005599,-0.4884,1.1897,-0.4859,0.0,0
ussd_0218,ussd_s005600,0.5762,0.6727,-0.0704,0.6736,0
ussd_0154,ussd_s005601,-0.1361,0.3036,-0.5491,0.0,0
ussd_0076,ussd_s005602,-0.2228,0.2444,-0.3912,0.0,0
ussd_0298,ussd_s005603,-0.8536,0.2267,-0.047,0.0,0
ussd_0298,ussd_s005604,0.2846,0.7726,-0.047,0.0,0
ussd_0164,ussd_s005605,0.0141,1.9734,1.6285,0.0,0
ussd_0423,ussd_s005606,-0.4786,1.4505,0.26,0.0,0
ussd_0030,ussd_s005607,-0.8733,1.1545,-0.2503,0.0,0
ussd_0072,ussd_s005608,-0.0328,1.4133,-0.0655,0.0,0
ussd_0184,ussd_s005609,0.2645,0.8083,-0.375,0.5665,0
ussd_0157,ussd_s005610,9.729,1.4452,10.3108,0.0,1
ussd_0230,ussd_s005611,-0.4493,0.2066,1.0399,0.0,0
ussd_0436,ussd_s005612,0.7864,0.3309,-0.3421,0.0,0
ussd_0147,ussd_s005613,2.9609,0.5178,-0.5522,0.0,0
ussd_0045,ussd_s005614,-0.3036,1.3831,-0.3986,0.7862,0
ussd_0355,ussd_s005615,-0.2881,0.1384,-0.4131,0.0,0
ussd_0331,ussd_s005616,-0.0025,0.5916,1.3152,0.0,0
ussd_0388,ussd_s005617,0.7786,1.8129,-0.1792,0.8787,0
ussd_0186,ussd_s005618,-0.6818,1.3025,-0.4026,0.087,0
ussd_0388,ussd_s005619,3.4066,0.9152,-0.1792,0.8787,0
ussd_0037,ussd_s005620,0.2978,1.5779,-0.5689,0.0,0
ussd_0208,ussd_s005621,-0.3239,0.732,-0.518,0.5813,0
ussd_0142,ussd_s005622,-0.6458,1.2178,0.6601,0.0,0
ussd_0106,ussd_s005623,-0.8158,1.481,-0.4215,0.783,0
ussd_0349,ussd_s005624,1.1767,0.872,-0.4904,0.0,0
ussd_0281,ussd_s005625,-0.7445,0.4586,-0.3218,0.0,0
ussd_0136,ussd_s005626,0.5005,1.8492,-0.6764,0.2943,0
ussd_0403,ussd_s005627,-0.4771,0.2425,1.0909,0.0,0
ussd_0397,ussd_s005628,-0.352,0.1461,0.7515,0.0,0
ussd_0084,ussd_s005629,4.6225,2.3721,2.8991,0.7241,1
ussd_0392,ussd_s005630,0.3274,0.4187,0.7247,0.9428,0
ussd_0267,ussd_s005631,1.7055,0.7043,-0.3244,0.8579,0
ussd_0177,ussd_s005632,-0.5465,0.6978,0.5918,0.0,0
ussd_0381,ussd_s005633,-0.4175,1.0922,-0.1529,0.0,0
ussd_0169,ussd_s005634,-0.0526,0.3289,0.4899,0.0,0
ussd_0408,ussd_s005635,0.2928,0.7355,0.2039,0.0,0
ussd_0120,ussd_s005636,2.3219,2.2255,-0.2178,0.0,0
ussd_0290,ussd_s005637,-0.6858,0.1606,0.7863,0.0,0
ussd_0168,ussd_s005638,-0.4187,0.2665,-0.6184,0.1778,0
ussd_0243,ussd_s005639,0.37,0.4723,-0.0974,0.0,0
ussd_0194,ussd_s005640,-0.2452,1.5262,-0.4927,0.6378,0
ussd_0405,ussd_s005641,-0.3266,0.1979,-0.1595,0.0,0
ussd_0089,ussd_s005642,-0.5711,0.6827,-0.3172,0.0,0
ussd_0366,ussd_s005643,-0.0366,1.268,-0.2035,0.0,0
ussd_0306,ussd_s005644,1.1637,1.2764,-0.029,0.6558,0
ussd_0270,ussd_s005645,-0.3033,1.9829,0.9898,0.0,0
ussd_0219,ussd_s005646,-0.6918,0.2431,-0.4967,0.0,0
ussd_0068,ussd_s005647,-0.7029,0.2642,-0.0713,0.2031,0
ussd_0227,ussd_s005648,-0.6848,0.3105,-0.0417,0.0,0
ussd_0060,ussd_s005649,3.9717,0.7022,0.2763,0.0,0
ussd_0398,ussd_s005650,0.1565,0.1124,-0.3386,0.0,0
ussd_0129,ussd_s005651,0.3065,1.2315,-0.4407,0.9109,0
ussd_0399,ussd_s005652,-0.7434,1.2028,-0.031,0.0,0
ussd_0077,ussd_s005653,-0.7068,0.7131,-0.0916,0.0,0
ussd_0274,ussd_s005654,-0.4855,1.8394,-0.5036,0.0,0
ussd_0222,ussd_s005655,0.0282,0.9503,-0.5842,0.0,0
ussd_0321,ussd_s005656,-0.3778,1.0924,-0.019,0.0,0
ussd_0388,ussd_s005657,-0.7233,0.4408,-0.1792,0.8787,0
ussd_0391,ussd_s005658,-0.3993,0.6308,0.9844,0.0,0
ussd_0313,ussd_s005659,-0.1509,1.7396,-0.0473,0.0,0
ussd_0283,ussd_s005660,0.2129,1.2729,-0.4815,0.0953,0
ussd_0194,ussd_s005661,0.6806,1.1,0.522,0.6378,0
ussd_0328,ussd_s005662,-0.3025,0.0916,-0.5097,0.0,0
ussd_0292,ussd_s005663,-0.0856,0.6758,-0.3993,0.0,0
ussd_0134,ussd_s005664,-0.2866,0.2109,-0.5784,0.0,0
ussd_0400,ussd_s005665,-0.3129,0.6865,-0.3969,0.0,0
ussd_0427,ussd_s005666,2.029,0.5876,-0.0144,0.8555,0
ussd_0022,ussd_s005667,-0.686,2.1272,1.11,0.0,0
ussd_0027,ussd_s005668,-0.4167,0.7574,-0.388,0.0,0
ussd_0304,ussd_s005669,-0.5592,0.5985,-0.2978,0.0,0
ussd_0254,ussd_s005670,2.0667,0.4734,-0.0603,0.0,0
ussd_0264,ussd_s005671,-0.5718,0.5578,-0.5522,0.9204,0
ussd_0266,ussd_s005672,-0.3996,2.1949,-0.5966,0.6032,0
ussd_0040,ussd_s005673,-0.3834,0.9811,0.0429,0.0,0
ussd_0009,ussd_s005674,-0.594,0.4007,0.8452,0.8032,0
ussd_0033,ussd_s005675,0.1805,0.3358,-0.1989,0.0,0
ussd_0295,ussd_s005676,-0.0282,0.6804,-0.1366,0.0,0
ussd_0058,ussd_s005677,-0.6276,0.0333,-0.5123,0.0,0
ussd_0360,ussd_s005678,0.1091,0.0881,-0.5311,0.0,0
ussd_0396,ussd_s005679,-0.4953,1.7207,-0.2678,0.0,0
ussd_0113,ussd_s005680,0.2159,0.7564,0.2222,0.0,0
ussd_0294,ussd_s005681,0.007,0.6268,-0.1472,0.0,0
ussd_0332,ussd_s005682,-0.4311,1.7551,-0.1385,0.0,0
ussd_0356,ussd_s005683,-0.0445,1.0331,-0.2873,0.9012,0
ussd_0109,ussd_s005684,-0.4472,0.8285,1.603,0.9921,0
ussd_0265,ussd_s005685,-0.3097,0.391,1.3307,0.0,0
ussd_0181,ussd_s005686,0.7311,1.6194,-0.2,0.7457,0
ussd_0100,ussd_s005687,1.1292,3.4953,3.9535,0.0,1
ussd_0260,ussd_s005688,-0.849,1.0618,-0.4123,0.1622,0
ussd_0332,ussd_s005689,-0.8485,0.1723,-0.1385,0.0,0
ussd_0355,ussd_s005690,-0.3394,2.2122,-0.4131,0.0,0
ussd_0124,ussd_s005691,-0.3046,2.4248,-0.443,0.0,0
ussd_0239,ussd_s005692,-0.5863,0.3904,0.4909,0.0,0
ussd_0346,ussd_s005693,1.6938,0.0751,-0.4477,0.0,0
ussd_0085,ussd_s005694,-0.5715,0.9415,-0.2852,0.0,0
ussd_0407,ussd_s005695,-0.5609,1.0195,-0.0652,0.0,0
ussd_0443,ussd_s005696,-0.9146,0.3986,-0.2465,0.0,0
ussd_0148,ussd_s005697,0.6463,0.7786,0.4731,0.0,0
ussd_0080,ussd_s005698,0.2969,0.9875,-0.3273,0.0,0
ussd_0187,ussd_s005699,0.0154,0.7366,-0.1047,0.822,0
ussd_0002,ussd_s005700,-0.7712,0.4826,-0.064,0.7461,0
ussd_0344,ussd_s005701,-0.3592,0.9798,-0.1112,0.0,0
ussd_0349,ussd_s005702,0.3061,1.2543,0.5287,0.0,0
ussd_0032,ussd_s005703,0.5988,0.311,-0.1019,0.0,0
ussd_0091,ussd_s005704,1.4391,0.2547,-0.1477,0.0,0
ussd_0275,ussd_s005705,1.9283,1.4016,0.9418,0.787,0
ussd_0024,ussd_s005706,2.077,0.834,-0.042,0.9298,0
ussd_0378,ussd_s005707,1.0527,0.426,0.8041,0.0,0
ussd_0072,ussd_s005708,0.8133,0.3862,-0.0655,0.0,0
ussd_0195,ussd_s005709,-0.7905,0.3755,-0.2806,0.0,0
ussd_0067,ussd_s005710,-0.6407,1.2262,-0.0935,0.0,0
ussd_0177,ussd_s005711,-0.2217,0.9965,-0.4694,0.0,0
ussd_0063,ussd_s005712,0.1386,1.2411,-0.1743,0.0,0
ussd_0079,ussd_s005713,-0.8346,1.8017,-0.463,0.0,0
ussd_0236,ussd_s005714,-0.3563,0.1047,-0.2892,0.5753,0
ussd_0212,ussd_s005715,-0.0567,2.152,-0.0421,0.0,0
ussd_0439,ussd_s005716,-0.7683,1.176,0.849,0.5928,0
ussd_0005,ussd_s005717,0.4933,0.1323,-0.4853,0.0,0
ussd_0386,ussd_s005718,12.4098,1.1204,1.8589,0.5229,1
ussd_0134,ussd_s005719,-0.1886,0.0681,-0.5784,0.0,0
ussd_0076,ussd_s005720,3.1898,4.2041,2.0439,0.8786,1
ussd_0315,ussd_s005721,-0.4058,0.173,-0.1627,0.0,0
ussd_0332,ussd_s005722,-0.7238,0.0949,-0.1385,0.0,0
ussd_0024,ussd_s005723,0.3482,0.6467,-0.042,0.9298,0
ussd_0157,ussd_s005724,-0.5531,0.5474,-0.1299,0.0,0
ussd_0251,ussd_s005725,-0.437,0.5414,-0.0513,0.0,0
ussd_0440,ussd_s005726,-0.2011,0.1979,-0.201,0.0,0
ussd_0263,ussd_s005727,-0.4956,0.2702,-0.1377,0.0,0
ussd_0015,ussd_s005728,-0.7847,1.841,-0.112,0.0,0
ussd_0178,ussd_s005729,-0.4471,0.836,-0.3982,0.0,0
ussd_0316,ussd_s005730,-0.7907,0.5702,-0.0791,0.0,0
ussd_0314,ussd_s005731,-0.0993,0.1753,-0.2413,0.9397,0
ussd_0365,ussd_s005732,-0.5262,0.4291,-0.0713,0.0,0
ussd_0200,ussd_s005733,0.5361,1.323,-0.2674,0.9146,0
ussd_0367,ussd_s005734,-0.1872,1.2594,-0.0301,0.1755,0
ussd_0046,ussd_s005735,-0.1434,1.1964,2.9553,0.0,0
ussd_0052,ussd_s005736,0.0617,1.0247,-0.2057,0.5566,0
ussd_0192,ussd_s005737,-0.5338,1.3268,-0.4069,0.8179,0
ussd_0292,ussd_s005738,-0.5478,0.1459,-0.3993,0.0,0
ussd_0441,ussd_s005739,0.4557,1.4437,-0.3002,0.0,0
ussd_0353,ussd_s005740,-0.485,0.1102,0.2066,0.0,0
ussd_0118,ussd_s005741,-0.8164,0.6024,-0.639,0.0,0
ussd_0434,ussd_s005742,-0.1279,1.9111,1.1856,0.0,0
ussd_0191,ussd_s005743,0.1902,0.1073,-0.3495,0.0,0
ussd_0345,ussd_s005744,0.1674,1.0588,1.3618,0.0,0
ussd_0218,ussd_s005745,0.0936,1.0523,-0.0704,0.6736,0
ussd_0363,ussd_s005746,0.3627,0.4361,-0.0892,0.9519,0
ussd_0324,ussd_s005747,5.5137,2.0653,5.5322,0.797,1
ussd_0091,ussd_s005748,-0.112,0.322,1.5569,0.0,0
ussd_0002,ussd_s005749,-0.434,0.2069,-0.064,0.7461,0
ussd_0219,ussd_s005750,-0.554,0.5086,-0.4967,0.0,0
ussd_0227,ussd_s005751,-0.2781,0.6326,-0.0417,0.0,0
ussd_0038,ussd_s005752,-0.0754,1.3344,-0.4487,0.0823,0
ussd_0125,ussd_s005753,-0.4607,0.5686,-0.2354,0.0,0
ussd_0180,ussd_s005754,-0.4474,0.3975,-0.2644,0.0,0
ussd_0257,ussd_s005755,1.3333,1.4955,-0.0849,0.0,0
ussd_0449,ussd_s005756,-0.6964,0.2594,1.1936,0.0,0
ussd_0022,ussd_s005757,17.6897,2.5407,2.5167,0.0,1
ussd_0150,ussd_s005758,-0.6066,0.2009,-0.0428,0.0,0
ussd_0190,ussd_s005759,0.1268,0.3515,-0.3928,0.0,0
ussd_0044,ussd_s005760,0.003,1.566,2.9632,0.8935,0
ussd_0395,ussd_s005761,-0.6193,0.3086,-0.4302,0.0,0
ussd_0344,ussd_s005762,-0.8934,0.9956,-0.1112,0.0,0
ussd_0195,ussd_s005763,0.3526,1.1006,-0.2806,0.0,0
ussd_0371,ussd_s005764,-0.7066,0.2593,-0.269,0.0,0
ussd_0281,ussd_s005765,2.4479,1.4126,-0.3218,0.0,0
ussd_0071,ussd_s005766,-0.5297,0.1103,1.3693,0.0,0
ussd_0235,ussd_s005767,-0.5455,1.0579,0.7818,0.0,0
ussd_0306,ussd_s005768,-0.2626,0.1503,-0.029,0.6558,0
ussd_0315,ussd_s005769,-0.6206,0.6394,-0.1627,0.0,0
ussd_0327,ussd_s005770,-0.3734,0.7672,-0.4941,0.0,0
ussd_0232,ussd_s005771,-0.2148,0.3767,-0.5171,0.0,0
ussd_0305,ussd_s005772,-0.6711,1.2382,-0.2808,0.0,0
ussd_0000,ussd_s005773,-0.3736,0.387,-0.5575,0.3567,0
ussd_0162,ussd_s005774,1.1839,0.1348,0.1564,0.9543,0
ussd_0016,ussd_s005775,0.2332,0.1513,-0.1351,0.0,0
ussd_0092,ussd_s005776,-0.4499,0.542,-0.18,0.0,0
ussd_0042,ussd_s005777,0.0494,0.2904,-0.2515,0.0,0
ussd_0313,ussd_s005778,-0.7381,1.1097,-0.0473,0.0,0
ussd_0369,ussd_s005779,0.1927,0.8731,-0.013,0.5925,0
ussd_0419,ussd_s005780,0.3232,1.2717,2.1249,0.0,0
ussd_0105,ussd_s005781,-0.4531,1.1812,0.0454,0.8648,0
ussd_0291,ussd_s005782,-0.6926,1.2018,0.3131,0.0,0
ussd_0296,ussd_s005783,-0.5709,0.4745,0.5456,0.0,0
ussd_0143,ussd_s005784,0.3226,1.005,-0.6482,0.0,0
ussd_0243,ussd_s005785,-0.1297,0.7267,-0.0974,0.0,0
ussd_0271,ussd_s005786,2.0256,2.0892,-0.1323,0.6586,0
ussd_0082,ussd_s005787,-0.3671,1.1755,-0.4217,0.0,0
ussd_0375,ussd_s005788,17.6199,0.7559,9.2686,0.8212,1
ussd_0177,ussd_s005789,1.9877,1.1502,0.5918,0.0,0
ussd_0061,ussd_s005790,-0.8938,1.0327,-0.5219,0.8677,0
ussd_0100,ussd_s005791,-0.0568,0.6082,-0.2924,0.0,0
ussd_0359,ussd_s005792,-0.7615,0.4127,1.0411,0.0,0
ussd_0380,ussd_s005793,0.1443,0.484,-0.228,0.697,0
ussd_0003,ussd_s005794,-0.8241,0.8553,-0.5624,0.9723,0
ussd_0173,ussd_s005795,0.0526,0.3326,-0.0531,0.0,0
ussd_0257,ussd_s005796,-0.4295,0.0347,-0.0849,0.0,0
ussd_0438,ussd_s005797,-0.6297,1.4189,-0.2666,0.8982,0
ussd_0228,ussd_s005798,11.3415,3.2413,2.2689,0.9473,1
ussd_0055,ussd_s005799,-0.6929,1.4009,1.2821,0.6067,0
ussd_0307,ussd_s005800,-0.1678,0.4499,0.1645,0.0,0
ussd_0071,ussd_s005801,1.0184,0.2091,-0.2102,0.0,0
ussd_0074,ussd_s005802,-0.7765,0.1851,-0.6179,0.0,0
ussd_0385,ussd_s005803,0.1586,0.7515,1.1463,0.772,0
ussd_0083,ussd_s005804,-0.7496,0.2919,0.9181,0.0,0
ussd_0158,ussd_s005805,0.9122,0.4267,-0.162,0.9214,0
ussd_0414,ussd_s005806,-0.5862,0.0269,-0.0307,0.8194,0
ussd_0330,ussd_s005807,-0.5091,1.9777,2.0135,0.0,0
ussd_0202,ussd_s005808,-0.8521,0.3255,-0.0483,0.0,0
ussd_0160,ussd_s005809,0.6269,2.1578,0.3489,0.879,0
ussd_0076,ussd_s005810,0.1348,0.5117,-0.3912,0.0,0
ussd_0407,ussd_s005811,-0.0738,0.3146,-0.6884,0.0,0
ussd_0072,ussd_s005812,12.5164,0.7579,9.2798,0.92,1
ussd_0255,ussd_s005813,-0.8745,0.4883,-0.3304,0.0,0
ussd_0087,ussd_s005814,0.5448,0.3227,0.9557,0.0,0
ussd_0214,ussd_s005815,-0.855,2.8931,0.3787,0.663,0
ussd_0428,ussd_s005816,-0.9502,1.4947,-0.204,0.0,0
ussd_0034,ussd_s005817,-0.6204,0.9074,-0.4028,0.1524,0
ussd_0371,ussd_s005818,0.9624,0.4332,-0.269,0.0,0
ussd_0135,ussd_s005819,-0.0073,0.0411,-0.1157,0.0,0
ussd_0417,ussd_s005820,-0.6965,0.494,-0.1046,0.0,0
ussd_0256,ussd_s005821,-0.8996,1.0272,-0.2859,0.5648,0
ussd_0224,ussd_s005822,0.6426,0.5653,-0.2677,0.0,0
ussd_0333,ussd_s005823,-0.426,0.7002,-0.3544,0.0,0
ussd_0166,ussd_s005824,-0.7909,1.5168,-0.3327,0.0,0
ussd_0075,ussd_s005825,-0.1241,1.4006,-0.174,0.0,0
ussd_0206,ussd_s005826,-0.5947,1.3956,-0.0379,0.0,0
ussd_0405,ussd_s005827,-0.1136,0.1429,-0.1595,0.0,0
ussd_0362,ussd_s005828,14.437,3.1107,3.4724,0.0,1
ussd_0429,ussd_s005829,-0.3578,0.5656,-0.1241,0.0,0
ussd_0160,ussd_s005830,-0.8789,0.7377,-0.5504,0.879,0
ussd_0392,ussd_s005831,0.495,0.0839,0.7247,0.9428,0
ussd_0328,ussd_s005832,-0.5448,2.7098,0.471,0.0,0
ussd_0122,ussd_s005833,5.816,0.6539,3.1732,0.6939,1
ussd_0340,ussd_s005834,-0.8661,0.1762,0.3255,0.0,0
ussd_0097,ussd_s005835,-0.1736,0.0431,-0.4961,0.7079,0
ussd_0044,ussd_s005836,-0.0442,0.575,-0.6397,0.8935,0
ussd_0134,ussd_s005837,-0.4878,1.5681,-0.5784,0.0,0
ussd_0032,ussd_s005838,-0.3954,0.8873,-0.1019,0.0,0
ussd_0191,ussd_s005839,-0.6322,0.5337,-0.3495,0.0,0
ussd_0085,ussd_s005840,-0.5473,0.6199,-0.2852,0.0,0
ussd_0079,ussd_s005841,0.0578,0.8244,-0.463,0.0,0
ussd_0257,ussd_s005842,0.146,0.244,-0.0849,0.0,0
ussd_0045,ussd_s005843,0.1038,0.183,-0.3986,0.7862,0
ussd_0281,ussd_s005844,1.3175,0.6109,-0.3218,0.0,0
ussd_0004,ussd_s005845,0.1016,0.7254,-0.5538,0.0,0
ussd_0056,ussd_s005846,-0.637,1.4183,-0.3542,0.0,0
ussd_0396,ussd_s005847,-0.5984,0.5022,1.1966,0.0,0
ussd_0108,ussd_s005848,0.6105,0.193,-0.4641,0.4636,0
ussd_0363,ussd_s005849,-0.6228,0.2214,1.7325,0.9519,0
ussd_0070,ussd_s005850,12.8067,1.0319,6.5639,0.0,1
ussd_0011,ussd_s005851,0.8895,0.2479,0.9773,0.9374,0
ussd_0224,ussd_s005852,-0.8384,0.9679,1.1968,0.0,0
ussd_0186,ussd_s005853,-0.3776,0.8827,-0.4026,0.087,0
ussd_0402,ussd_s005854,0.7198,1.0392,-0.1808,0.9386,0
ussd_0026,ussd_s005855,0.8215,1.5555,-0.3359,0.0,0
ussd_0356,ussd_s005856,-0.018,0.2088,-0.2873,0.9012,0
ussd_0431,ussd_s005857,-0.6134,0.2758,-0.1055,0.0,0
ussd_0410,ussd_s005858,0.6878,0.8015,-0.0424,0.0,0
ussd_0240,ussd_s005859,0.2691,0.0052,-0.234,0.0,0
ussd_0030,ussd_s005860,-0.5261,0.5093,-0.2503,0.0,0
ussd_0028,ussd_s005861,2.8289,1.5091,-0.5506,0.0,0
ussd_0326,ussd_s005862,-0.075,0.2521,-0.0673,0.0957,0
ussd_0155,ussd_s005863,-0.5241,0.1625,-0.507,0.0,0
ussd_0088,ussd_s005864,0.3667,0.8818,-0.6782,0.0,0
ussd_0436,ussd_s005865,0.2809,1.6595,0.9738,0.0,0
ussd_0039,ussd_s005866,-0.1672,0.7127,0.0448,0.0,0
ussd_0022,ussd_s005867,0.748,0.2279,-0.2967,0.0,0
ussd_0057,ussd_s005868,-0.6891,0.0257,-0.1568,0.986,0
ussd_0303,ussd_s005869,1.8264,0.8967,-0.1899,0.8018,0
ussd_0445,ussd_s005870,-0.2442,0.7108,0.3652,0.0,0
ussd_0375,ussd_s005871,-0.0538,0.9447,-0.2101,0.5622,0
ussd_0294,ussd_s005872,0.3653,0.888,-0.1472,0.0,0
ussd_0277,ussd_s005873,-0.047,1.4696,-0.6207,0.9062,0
ussd_0040,ussd_s005874,0.8733,2.8474,0.0429,0.0,0
ussd_0263,ussd_s005875,0.6358,0.5701,-0.1377,0.0,0
ussd_0104,ussd_s005876,-0.8255,0.6175,-0.0379,0.0,0
ussd_0200,ussd_s005877,-0.5148,0.7163,-0.2674,0.9146,0
ussd_0267,ussd_s005878,0.2861,0.555,-0.3244,0.8579,0
ussd_0085,ussd_s005879,-0.7685,0.2267,-0.2852,0.0,0
ussd_0324,ussd_s005880,-0.0307,1.082,-0.2742,0.0,0
ussd_0042,ussd_s005881,0.1605,1.4045,-0.2515,0.0,0
ussd_0257,ussd_s005882,-0.1117,0.082,-0.0849,0.0,0
ussd_0406,ussd_s005883,-0.7449,0.2603,-0.1994,0.0,0
ussd_0145,ussd_s005884,-0.8772,0.4164,-0.6561,0.6273,0
ussd_0431,ussd_s005885,-0.6146,0.6764,-0.1055,0.0,0
ussd_0097,ussd_s005886,-0.4092,1.1526,-0.4961,0.7079,0
ussd_0030,ussd_s005887,0.2093,0.336,-0.2503,0.0,0
ussd_0370,ussd_s005888,0.2935,1.5818,1.0097,0.6778,0
ussd_0131,ussd_s005889,-0.2332,0.9837,-0.0764,0.0,0
ussd_0037,ussd_s005890,8.5111,2.2885,1.1554,0.6768,1
ussd_0236,ussd_s005891,-0.1955,0.6434,-0.2892,0.5753,0
ussd_0106,ussd_s005892,-0.7197,0.1406,-0.4215,0.783,0
ussd_0190,ussd_s005893,-0.2706,0.0017,0.8217,0.0,0
ussd_0327,ussd_s005894,0.8188,0.1971,0.5177,0.0,0
ussd_0148,ussd_s005895,-0.2876,0.103,0.4731,0.0,0
ussd_0315,ussd_s005896,-0.6737,0.125,-0.1627,0.0,0
ussd_0273,ussd_s005897,0.163,1.4085,0.9305,0.0,0
ussd_0257,ussd_s005898,-0.644,0.5028,1.7452,0.0,0
ussd_0104,ussd_s005899,-0.6519,0.632,-0.0379,0.0,0
ussd_0420,ussd_s005900,-0.3044,1.1355,-0.3617,0.6651,0
ussd_0170,ussd_s005901,3.3437,0.0293,-0.3011,0.0,0
ussd_0125,ussd_s005902,1.1886,1.1955,-0.2354,0.0,0
ussd_0065,ussd_s005903,-0.4026,0.6598,-0.3807,0.0,0
ussd_0067,ussd_s005904,10.3115,1.597,7.1583,0.9269,1
ussd_0222,ussd_s005905,-0.7306,0.8758,-0.5842,0.0,0
ussd_0115,ussd_s005906,-0.3123,0.654,1.3228,0.5235,0
ussd_0221,ussd_s005907,-0.4825,0.4948,0.1118,0.0,0
ussd_0162,ussd_s005908,1.0993,1.8717,0.1564,0.9543,0
ussd_0276,ussd_s005909,-0.0578,0.0258,-0.3862,0.0,0
ussd_0062,ussd_s005910,-0.6633,0.7977,0.204,0.0,0
ussd_0242,ussd_s005911,-0.6265,0.4879,-0.3228,0.0,0
ussd_0432,ussd_s005912,-0.6259,0.2812,-0.2825,0.0,0
ussd_0311,ussd_s005913,-0.0656,0.646,-0.1529,0.0,0
ussd_0161,ussd_s005914,-0.1861,0.311,-0.2694,0.0,0
ussd_0048,ussd_s005915,0.4488,2.0547,-0.1091,0.0,0
ussd_0297,ussd_s005916,-0.3936,0.6068,-0.3748,0.0,0
ussd_0250,ussd_s005917,-0.6986,0.0277,-0.5623,0.6003,0
ussd_0435,ussd_s005918,-0.5788,0.3486,-0.2939,0.679,0
ussd_0042,ussd_s005919,-0.0367,0.9274,1.2454,0.0,0
ussd_0304,ussd_s005920,0.8883,0.7795,-0.2978,0.0,0
ussd_0414,ussd_s005921,0.5158,0.0324,-0.0307,0.8194,0
ussd_0101,ussd_s005922,1.5436,0.6896,-0.3326,0.0,0
ussd_0272,ussd_s005923,-0.687,0.1214,0.9081,0.0,0
ussd_0180,ussd_s005924,1.3699,1.5281,-0.2644,0.0,0
ussd_0295,ussd_s005925,-0.2117,0.6104,-0.1366,0.0,0
ussd_0305,ussd_s005926,-0.4792,2.1853,-0.2808,0.0,0
ussd_0224,ussd_s005927,-0.6086,0.2025,-0.2677,0.0,0
ussd_0339,ussd_s005928,-0.5099,0.771,-0.0323,0.4612,0
ussd_0423,ussd_s005929,4.9166,1.9106,1.3399,0.0,1
ussd_0381,ussd_s005930,-0.6235,1.124,-0.1529,0.0,0
ussd_0015,ussd_s005931,5.1118,3.0856,10.5435,0.9276,1
ussd_0111,ussd_s005932,-0.7035,1.7175,-0.5595,0.3775,0
ussd_0057,ussd_s005933,0.3466,0.2066,-0.1568,0.986,0
ussd_0220,ussd_s005934,-0.0617,1.0393,-0.1229,0.0,0
ussd_0331,ussd_s005935,-0.8551,0.0795,-0.2283,0.0,0
ussd_0372,ussd_s005936,-0.5633,2.132,0.9853,0.0,0
ussd_0391,ussd_s005937,1.6278,0.2736,-0.3385,0.0,0
ussd_0285,ussd_s005938,-0.7695,0.6258,0.9344,0.0,0
ussd_0291,ussd_s005939,-0.1715,0.5122,-0.5623,0.0,0
ussd_0179,ussd_s005940,0.6985,0.5791,0.4074,0.0,0
ussd_0400,ussd_s005941,-0.1916,1.4121,0.8094,0.0,0
ussd_0051,ussd_s005942,-0.0665,1.9742,3.9213,0.0,0
ussd_0280,ussd_s005943,-0.1306,0.2601,-0.2533,0.0,0
ussd_0096,ussd_s005944,0.6325,1.0365,1.2474,0.9419,0
ussd_0288,ussd_s005945,-0.7229,0.0997,-0.1842,0.0,0
ussd_0100,ussd_s005946,1.729,0.5193,-0.2924,0.0,0
ussd_0258,ussd_s005947,3.7121,5.066,-0.0176,0.8408,1
ussd_0287,ussd_s005948,-0.4452,0.608,-0.6304,0.0,0
ussd_0322,ussd_s005949,-0.6812,2.2974,-0.2737,0.0,0
ussd_0308,ussd_s005950,-0.5453,1.4917,-0.6891,0.0,0
ussd_0225,ussd_s005951,2.1647,0.0221,-0.0297,0.0,0
ussd_0425,ussd_s005952,-0.6022,0.3105,-0.4279,0.0,0
ussd_0096,ussd_s005953,-0.4791,1.818,-0.2509,0.9419,0
ussd_0344,ussd_s005954,-0.8445,0.5723,-0.1112,0.0,0
ussd_0210,ussd_s005955,1.0411,1.2981,-0.5853,0.0,0
ussd_0060,ussd_s005956,-0.5337,1.0171,-0.5746,0.0,0
ussd_0197,ussd_s005957,-0.6085,1.0004,0.8574,0.0,0
ussd_0109,ussd_s005958,16.0827,2.0452,3.6854,0.8665,1
ussd_0302,ussd_s005959,-0.3406,0.7901,-0.2993,0.0,0
ussd_0331,ussd_s005960,-0.2787,0.4077,1.3152,0.0,0
ussd_0084,ussd_s005961,-0.2575,0.3126,-0.443,0.0,0
ussd_0073,ussd_s005962,-0.3654,0.1288,0.8305,0.0,0
ussd_0280,ussd_s005963,1.4378,0.4424,-0.2533,0.0,0
ussd_0231,ussd_s005964,-0.4216,0.3928,0.0238,0.0,0
ussd_0219,ussd_s005965,-0.5227,0.5711,-0.4967,0.0,0
ussd_0179,ussd_s005966,-0.3616,0.6005,0.4074,0.0,0
ussd_0170,ussd_s005967,-0.6283,1.6604,-0.3011,0.0,0
ussd_0390,ussd_s005968,0.2792,1.0962,0.1833,0.0,0
ussd_0188,ussd_s005969,0.2448,0.6401,-0.3934,0.0,0
ussd_0091,ussd_s005970,-0.1781,0.594,-0.1477,0.0,0
ussd_0180,ussd_s005971,-0.5577,1.1558,-0.2644,0.0,0
ussd_0158,ussd_s005972,-0.1594,1.7259,-0.162,0.9214,0
ussd_0226,ussd_s005973,-0.7046,1.2351,1.875,0.0,0
ussd_0247,ussd_s005974,-0.7032,0.3734,-0.4155,0.5439,0
ussd_0141,ussd_s005975,-0.6788,0.9165,-0.5973,0.4236,0
ussd_0024,ussd_s005976,-0.5617,0.1461,-0.042,0.9298,0
ussd_0092,ussd_s005977,0.6003,0.0813,-0.18,0.0,0
ussd_0262,ussd_s005978,-0.6208,0.6562,-0.0514,0.0,0
ussd_0151,ussd_s005979,-0.5085,1.1827,-0.3497,0.0479,0
ussd_0163,ussd_s005980,-0.5077,1.0569,-0.1432,0.0,0
ussd_0382,ussd_s005981,-0.3734,0.3557,0.5387,0.0,0
ussd_0142,ussd_s005982,0.0651,1.429,-0.4466,0.0,0
ussd_0091,ussd_s005983,-0.7336,1.3137,-0.1477,0.0,0
ussd_0298,ussd_s005984,-0.5399,0.8068,-0.047,0.0,0
ussd_0227,ussd_s005985,0.4477,1.2948,-0.0417,0.0,0
ussd_0138,ussd_s005986,-0.6722,0.9726,-0.2683,0.0,0
ussd_0157,ussd_s005987,2.7259,0.5433,-0.1299,0.0,0
ussd_0010,ussd_s005988,-0.3855,0.2501,-0.111,0.0,0
ussd_0134,ussd_s005989,-0.3785,0.2968,-0.5784,0.0,0
ussd_0110,ussd_s005990,-0.251,1.2315,-0.3506,0.0,0
ussd_0037,ussd_s005991,-0.8021,0.0099,-0.5689,0.0,0
ussd_0245,ussd_s005992,-0.0935,1.8127,-0.2456,0.0,0
ussd_0261,ussd_s005993,-0.5561,1.0315,-0.3923,0.0,0
ussd_0264,ussd_s005994,0.2554,0.6724,-0.5522,0.9204,0
ussd_0287,ussd_s005995,0.3497,0.3355,0.1089,0.0,0
ussd_0003,ussd_s005996,-0.7582,0.7937,0.3127,0.9723,0
ussd_0349,ussd_s005997,-0.5715,0.1886,1.5479,0.0,0
ussd_0245,ussd_s005998,-0.8144,0.1716,-0.2456,0.0,0
ussd_0271,ussd_s005999,-0.7862,0.9547,-0.1323,0.6586,0
ussd_0383,ussd_s006000,-0.6353,0.7993,-0.1407,0.8163,0
ussd_0318,ussd_s006001,-0.5959,0.1067,-0.2747,0.5436,0
ussd_0378,ussd_s006002,-0.6973,1.7546,0.8041,0.0,0
ussd_0158,ussd_s006003,-0.2819,0.7779,-0.162,0.9214,0
ussd_0446,ussd_s006004,-0.5506,0.6828,-0.164,0.0,0
ussd_0356,ussd_s006005,0.0475,0.7991,-0.2873,0.9012,0
ussd_0037,ussd_s006006,-0.684,0.3653,-0.5689,0.0,0
ussd_0287,ussd_s006007,-0.6127,1.4257,-0.6304,0.0,0
ussd_0162,ussd_s006008,2.2943,1.6162,-0.6145,0.9543,0
ussd_0104,ussd_s006009,-0.5432,0.6943,-0.0379,0.0,0
ussd_0417,ussd_s006010,-0.521,0.1254,-0.1046,0.0,0
ussd_0405,ussd_s006011,-0.3915,0.8646,-0.1595,0.0,0
ussd_0020,ussd_s006012,0.003,0.0757,-0.5595,0.0,0
ussd_0142,ussd_s006013,-0.3982,1.6204,0.6601,0.0,0
ussd_0131,ussd_s006014,4.603,3.3525,-0.0764,0.0,1
ussd_0040,ussd_s006015,0.0319,0.915,0.7381,0.0,0
ussd_0195,ussd_s006016,1.7076,1.015,-0.2806,0.0,0
ussd_0275,ussd_s006017,17.4758,3.7509,1.7186,0.7616,1
ussd_0387,ussd_s006018,-0.2848,1.9452,-0.3918,0.0,0
ussd_0213,ussd_s006019,-0.2661,0.0714,0.7863,0.0,0
ussd_0254,ussd_s006020,0.5818,0.5543,-0.0603,0.0,0
ussd_0405,ussd_s006021,-0.9115,0.2751,-0.1595,0.0,0
ussd_0228,ussd_s006022,0.8423,0.5533,0.4009,0.0,0
ussd_0284,ussd_s006023,0.397,1.1645,-0.3243,0.4201,0
ussd_0069,ussd_s006024,-0.5888,0.1962,-0.251,0.8844,0
ussd_0121,ussd_s006025,-0.0509,0.1363,0.1845,0.3602,0
ussd_0106,ussd_s006026,-0.4613,2.347,-0.4215,0.783,0
ussd_0237,ussd_s006027,16.3721,3.1334,0.9702,0.6673,1
ussd_0426,ussd_s006028,-0.0357,0.1112,-0.4251,0.5158,0
ussd_0203,ussd_s006029,-0.2517,0.4886,-0.0347,0.0,0
ussd_0272,ussd_s006030,-0.8398,0.2161,-0.364,0.0,0
ussd_0106,ussd_s006031,-0.0616,1.7306,0.7355,0.783,0
ussd_0346,ussd_s006032,3.6953,0.434,0.657,0.9025,1
ussd_0267,ussd_s006033,-0.7265,0.8507,1.0268,0.8579,0
ussd_0077,ussd_s006034,-0.2929,0.0172,-0.0916,0.0,0
ussd_0005,ussd_s006035,-0.7583,0.2634,-0.4853,0.0,0
ussd_0034,ussd_s006036,0.3742,1.8896,-0.4028,0.1524,0
ussd_0404,ussd_s006037,-0.514,0.8032,-0.5198,0.5724,0
ussd_0306,ussd_s006038,11.739,1.4929,11.6226,0.6558,1
ussd_0220,ussd_s006039,-0.7117,0.5854,-0.1229,0.0,0
ussd_0127,ussd_s006040,-0.6927,1.0964,1.1181,0.0,0
ussd_0014,ussd_s006041,0.1717,1.5617,-0.3953,0.0,0
ussd_0005,ussd_s006042,-0.9562,0.207,-0.4853,0.0,0
ussd_0004,ussd_s006043,-0.0694,0.5283,-0.5538,0.0,0
ussd_0234,ussd_s006044,10.8691,2.1069,2.6914,0.6904,1
ussd_0318,ussd_s006045,-0.1154,0.1953,-0.2747,0.5436,0
ussd_0186,ussd_s006046,0.0617,0.7477,0.7923,0.087,0
ussd_0186,ussd_s006047,-0.6928,0.1305,-0.4026,0.087,0
ussd_0033,ussd_s006048,2.7305,0.0471,-0.1989,0.0,0
ussd_0045,ussd_s006049,-0.0176,0.9497,-0.3986,0.7862,0
ussd_0361,ussd_s006050,-0.1156,1.1473,-0.1189,0.0474,0
ussd_0016,ussd_s006051,-0.4078,1.1667,-0.1351,0.0,0
ussd_0136,ussd_s006052,7.2703,2.9185,3.2067,0.9173,1
ussd_0105,ussd_s006053,-0.2939,1.0891,0.0454,0.8648,0
ussd_0404,ussd_s006054,-0.7434,1.0157,0.4405,0.5724,0
ussd_0166,ussd_s006055,0.964,0.6762,-0.3327,0.0,0
ussd_0336,ussd_s006056,0.0987,2.084,-0.4944,0.0,0
ussd_0259,ussd_s006057,-0.5947,0.9508,-0.2506,0.0,0
ussd_0305,ussd_s006058,-0.4131,0.7566,-0.2808,0.0,0
ussd_0239,ussd_s006059,0.5813,0.8339,-0.7018,0.0,0
ussd_0328,ussd_s006060,-0.5148,0.6697,-0.5097,0.0,0
ussd_0421,ussd_s006061,5.1021,0.071,-0.0654,0.0,0
ussd_0070,ussd_s006062,0.6592,0.4231,-0.1596,0.0,0
ussd_0275,ussd_s006063,-0.3619,1.1814,-0.6116,0.787,0
ussd_0020,ussd_s006064,0.5069,0.9732,0.3216,0.0,0
ussd_0164,ussd_s006065,0.0683,0.0866,0.5771,0.0,0
ussd_0122,ussd_s006066,-0.2054,0.1897,-0.1654,0.0,0
ussd_0093,ussd_s006067,-0.7998,0.0686,-0.1136,0.7111,0
ussd_0184,ussd_s006068,-0.1016,0.9672,0.8751,0.5665,0
ussd_0033,ussd_s006069,5.4049,2.3848,6.2096,0.8298,1
ussd_0008,ussd_s006070,0.0328,1.6369,1.0842,0.0,0
ussd_0230,ussd_s006071,4.3757,1.8844,5.1196,0.0,1
ussd_0069,ussd_s006072,0.146,1.5197,-0.251,0.8844,0
ussd_0410,ussd_s006073,0.5721,0.8995,-0.6808,0.0,0
ussd_0186,ussd_s006074,-0.6574,1.1288,-0.4026,0.087,0
ussd_0418,ussd_s006075,5.1816,1.3519,-0.4902,0.0,0
ussd_0036,ussd_s006076,-0.3091,1.5587,0.009,0.1846,0
ussd_0041,ussd_s006077,-0.0128,1.0749,-0.4636,0.0,0
ussd_0188,ussd_s006078,-0.7089,0.3504,-0.3934,0.0,0
ussd_0071,ussd_s006079,-0.1583,1.0588,-0.2102,0.0,0
ussd_0043,ussd_s006080,0.6749,1.6511,-0.5039,0.0,0
ussd_0036,ussd_s006081,-0.502,1.9028,0.009,0.1846,0
ussd_0137,ussd_s006082,0.855,0.8479,-0.3588,0.0,0
ussd_0301,ussd_s006083,-0.7722,0.296,2.9008,0.9322,0
ussd_0241,ussd_s006084,0.543,0.6029,-0.4608,0.0,0
ussd_0083,ussd_s006085,-0.423,1.8165,-0.3606,0.0,0
ussd_0381,ussd_s006086,2.3724,0.3819,3.2356,0.9368,1
ussd_0010,ussd_s006087,-0.4495,1.007,-0.111,0.0,0
ussd_0124,ussd_s006088,0.6711,1.0412,0.671,0.0,0
ussd_0032,ussd_s006089,-0.6099,1.1891,-0.1019,0.0,0
ussd_0113,ussd_s006090,-0.3259,1.0961,0.2222,0.0,0
ussd_0134,ussd_s006091,-0.8161,0.5626,-0.5784,0.0,0
ussd_0067,ussd_s006092,-0.4583,0.3346,-0.0935,0.0,0
ussd_0248,ussd_s006093,-0.8566,0.6706,-0.5853,0.0,0
ussd_0022,ussd_s006094,-0.7379,0.051,-0.2967,0.0,0
ussd_0068,ussd_s006095,0.8735,0.4284,-0.0713,0.2031,0
ussd_0060,ussd_s006096,0.2376,0.1827,1.1271,0.0,0
ussd_0023,ussd_s006097,-0.9057,2.4178,-0.4193,0.0,0
ussd_0091,ussd_s006098,1.365,0.7189,-0.1477,0.0,0
ussd_0317,ussd_s006099,-0.7845,0.0191,-0.3401,0.0,0
ussd_0134,ussd_s006100,0.1198,1.297,-0.5784,0.0,0
ussd_0122,ussd_s006101,-0.8554,0.4468,0.3911,0.0,0
ussd_0093,ussd_s006102,0.2094,0.2679,-0.1136,0.7111,0
ussd_0096,ussd_s006103,-0.3164,1.1164,-0.2509,0.9419,0
ussd_0392,ussd_s006104,-0.4987,0.9455,-0.4251,0.9428,0
ussd_0047,ussd_s006105,-0.5294,0.4918,-0.3995,0.8009,0
ussd_0247,ussd_s006106,-0.2503,0.6095,0.7535,0.5439,0
ussd_0111,ussd_s006107,-0.3981,0.4813,0.3215,0.3775,0
ussd_0395,ussd_s006108,0.6711,0.6369,0.7094,0.0,0
ussd_0122,ussd_s006109,-0.0053,0.3461,-0.1654,0.0,0
ussd_0102,ussd_s006110,-0.4135,1.1882,-0.2764,0.0,0
ussd_0088,ussd_s006111,-0.6812,0.7263,1.8966,0.0,0
ussd_0143,ussd_s006112,-0.1711,0.5246,-0.6482,0.0,0
ussd_0363,ussd_s006113,0.0759,0.0491,-0.0892,0.9519,0
ussd_0317,ussd_s006114,-0.8062,1.3141,-0.3401,0.0,0
ussd_0064,ussd_s006115,-0.6897,0.6974,-0.3041,0.0,0
ussd_0409,ussd_s006116,-0.7487,0.0178,-0.2406,0.0,0
ussd_0424,ussd_s006117,1.5557,0.0501,0.913,0.1979,0
ussd_0398,ussd_s006118,-0.5691,2.0745,0.9843,0.0,0
ussd_0122,ussd_s006119,-0.3948,0.0539,-0.1654,0.0,0
ussd_0430,ussd_s006120,1.427,0.6323,-0.4448,0.2721,0
ussd_0267,ussd_s006121,-0.5066,1.5049,-0.3244,0.8579,0
ussd_0339,ussd_s006122,-0.6728,0.2258,-0.0323,0.4612,0
ussd_0034,ussd_s006123,-0.1762,0.9344,1.9861,0.1524,0
ussd_0427,ussd_s006124,0.0535,1.225,-0.0144,0.8555,0
ussd_0333,ussd_s006125,4.941,0.1943,3.5195,0.8634,1
ussd_0069,ussd_s006126,0.318,1.1876,-0.251,0.8844,0
ussd_0290,ussd_s006127,-0.1908,0.4778,-0.4046,0.0,0
ussd_0017,ussd_s006128,-0.0275,0.822,-0.1648,0.0,0
ussd_0245,ussd_s006129,14.855,0.7431,1.2633,0.843,1
ussd_0305,ussd_s006130,-0.653,1.0401,-0.2808,0.0,0
ussd_0239,ussd_s006131,0.2507,0.5561,-0.1055,0.0,0
ussd_0353,ussd_s006132,-0.6016,0.3971,0.2066,0.0,0
ussd_0314,ussd_s006133,1.4327,0.8856,-0.2413,0.9397,0
ussd_0208,ussd_s006134,-0.5951,0.9694,-0.518,0.5813,0
ussd_0193,ussd_s006135,-0.2919,0.9097,-0.0722,0.0,0
ussd_0406,ussd_s006136,0.5978,0.8617,-0.1994,0.0,0
ussd_0309,ussd_s006137,-0.465,0.3536,-0.1466,0.0,0
ussd_0143,ussd_s006138,0.06,0.1113,0.0554,0.0,0
ussd_0002,ussd_s006139,-0.4963,0.3556,-0.064,0.7461,0
ussd_0259,ussd_s006140,-0.5921,0.482,-0.2506,0.0,0
ussd_0024,ussd_s006141,-0.0741,0.7045,-0.042,0.9298,0
ussd_0423,ussd_s006142,0.4747,0.383,0.26,0.0,0
ussd_0002,ussd_s006143,-0.9332,0.9212,-0.064,0.7461,0
ussd_0318,ussd_s006144,0.1995,1.187,-0.2747,0.5436,0
ussd_0129,ussd_s006145,-0.1346,0.7531,-0.4407,0.9109,0
ussd_0437,ussd_s006146,-0.5663,0.472,-0.0896,0.0,0
ussd_0244,ussd_s006147,0.289,0.1204,-0.6432,0.68,0
ussd_0117,ussd_s006148,-0.0284,1.0385,-0.1106,0.0,0
ussd_0090,ussd_s006149,-0.7508,1.1687,0.8222,0.0165,0
ussd_0345,ussd_s006150,-0.2105,0.4232,-0.2127,0.0,0
ussd_0421,ussd_s006151,-0.3274,0.3518,-0.0654,0.0,0
ussd_0355,ussd_s006152,-0.1708,1.9927,-0.4131,0.0,0
ussd_0072,ussd_s006153,-0.2319,1.1243,-0.0655,0.0,0
ussd_0352,ussd_s006154,0.0177,1.3503,-0.6599,0.0,0
ussd_0188,ussd_s006155,0.0764,0.388,-0.3934,0.0,0
ussd_0437,ussd_s006156,-0.8102,0.2227,-0.0896,0.0,0
ussd_0442,ussd_s006157,0.659,1.9998,-0.17,0.0,0
ussd_0086,ussd_s006158,-0.5556,0.2798,-0.554,0.5947,0
ussd_0257,ussd_s006159,-0.3847,0.2999,-0.0849,0.0,0
ussd_0076,ussd_s006160,-0.3504,1.5921,-0.3912,0.0,0
ussd_0150,ussd_s006161,-0.3627,1.5805,-0.0428,0.0,0
ussd_0219,ussd_s006162,1.9436,0.0455,-0.4967,0.0,0
ussd_0018,ussd_s006163,-0.7215,0.5971,-0.3891,0.0,0
ussd_0124,ussd_s006164,-0.0153,0.1539,-0.443,0.0,0
ussd_0353,ussd_s006165,-0.0905,0.3881,0.2066,0.0,0
ussd_0100,ussd_s006166,-0.5563,1.3073,-0.2924,0.0,0
ussd_0191,ussd_s006167,-0.5819,0.5512,-0.3495,0.0,0
ussd_0023,ussd_s006168,0.2236,0.3124,-0.4193,0.0,0
ussd_0128,ussd_s006169,-0.1377,0.0951,-0.0275,0.0,0
ussd_0269,ussd_s006170,-0.0805,1.5587,-0.0395,0.0,0
ussd_0395,ussd_s006171,-0.7227,0.9227,-0.4302,0.0,0
ussd_0190,ussd_s006172,-0.4902,0.1777,-0.3928,0.0,0
ussd_0140,ussd_s006173,1.3156,0.062,-0.1488,0.0,0
ussd_0307,ussd_s006174,-0.5336,0.4644,0.1645,0.0,0
ussd_0024,ussd_s006175,-0.566,0.0385,-0.042,0.9298,0
ussd_0050,ussd_s006176,-0.7267,1.5615,0.0871,0.0,0
ussd_0442,ussd_s006177,-0.3701,0.1459,-0.17,0.0,0
ussd_0293,ussd_s006178,-0.5193,0.7825,-0.1511,0.0,0
ussd_0406,ussd_s006179,-0.7725,0.2896,-0.1994,0.0,0
ussd_0249,ussd_s006180,-0.0128,0.3569,-0.5232,0.8893,0
ussd_0274,ussd_s006181,-0.7785,0.4783,-0.5036,0.0,0
ussd_0217,ussd_s006182,0.6004,1.1429,-0.4684,0.0,0
ussd_0245,ussd_s006183,1.4739,0.2049,-0.2456,0.0,0
ussd_0105,ussd_s006184,1.0198,2.0456,0.7424,0.8648,0
ussd_0075,ussd_s006185,2.4557,0.8117,-0.174,0.0,0
ussd_0261,ussd_s006186,-0.8509,0.4722,-0.3923,0.0,0
ussd_0201,ussd_s006187,-0.7552,0.2259,-0.3556,0.0,0
ussd_0156,ussd_s006188,1.49,0.6397,-0.15,0.8076,0
ussd_0254,ussd_s006189,0.3261,1.5865,-0.0603,0.0,0
ussd_0243,ussd_s006190,0.8014,0.2942,-0.0974,0.0,0
ussd_0347,ussd_s006191,4.6031,0.1171,2.0838,0.8219,1
ussd_0281,ussd_s006192,-0.4278,0.77,-0.3218,0.0,0
ussd_0187,ussd_s006193,-0.5348,1.441,-0.1047,0.822,0
ussd_0179,ussd_s006194,0.333,1.4767,0.4074,0.0,0
ussd_0005,ussd_s006195,-0.0967,1.6313,0.544,0.0,0
ussd_0073,ussd_s006196,3.0684,0.2368,-0.6339,0.0,0
ussd_0039,ussd_s006197,0.7937,0.2992,0.0448,0.0,0
ussd_0345,ussd_s006198,1.9841,0.3016,-0.2127,0.0,0
ussd_0045,ussd_s006199,-0.5729,0.452,-0.3986,0.7862,0
ussd_0345,ussd_s006200,1.0275,0.9372,-0.2127,0.0,0
ussd_0328,ussd_s006201,0.249,1.469,-0.5097,0.0,0
ussd_0252,ussd_s006202,0.4674,0.3637,-0.1521,0.0,0
ussd_0220,ussd_s006203,-0.5368,0.0279,-0.1229,0.0,0
ussd_0342,ussd_s006204,-0.8094,0.0597,0.7652,0.0,0
ussd_0162,ussd_s006205,-0.4407,0.3003,-0.6145,0.9543,0
ussd_0244,ussd_s006206,-0.0807,0.6993,0.0703,0.68,0
ussd_0055,ussd_s006207,-0.8262,0.1695,-0.2393,0.6067,0
ussd_0161,ussd_s006208,-0.3153,0.8903,-0.2694,0.0,0
ussd_0440,ussd_s006209,-0.6574,0.3906,-0.201,0.0,0
ussd_0018,ussd_s006210,-0.029,0.1048,-0.3891,0.0,0
ussd_0361,ussd_s006211,-0.6918,0.7236,-0.1189,0.0474,0
ussd_0118,ussd_s006212,-0.0629,0.1312,-0.639,0.0,0
ussd_0173,ussd_s006213,0.1351,0.1718,-0.0531,0.0,0
ussd_0193,ussd_s006214,-0.4574,0.2368,0.5463,0.0,0
ussd_0143,ussd_s006215,4.1532,0.8893,2.1662,0.9141,1
ussd_0204,ussd_s006216,2.1098,1.4697,-0.557,0.0,0
ussd_0322,ussd_s006217,-0.5088,1.2975,-0.2737,0.0,0
ussd_0389,ussd_s006218,-0.2198,0.9013,-0.3543,0.7365,0
ussd_0033,ussd_s006219,0.0076,0.5532,-0.1989,0.0,0
ussd_0059,ussd_s006220,0.4051,0.3609,-0.3921,0.0,0
ussd_0191,ussd_s006221,0.4556,0.3312,-0.3495,0.0,0
ussd_0218,ussd_s006222,0.3754,1.8561,-0.0704,0.6736,0
ussd_0011,ussd_s006223,1.607,0.5853,-0.3409,0.9374,0
ussd_0138,ussd_s006224,-0.6576,0.5399,-0.2683,0.0,0
ussd_0078,ussd_s006225,0.0575,1.5526,0.1674,0.0,0
ussd_0222,ussd_s006226,7.4199,1.4754,2.7423,0.0,1
ussd_0112,ussd_s006227,-0.5295,0.1527,-0.3152,0.7593,0
ussd_0078,ussd_s006228,1.2444,0.8595,-0.6109,0.0,0
ussd_0303,ussd_s006229,-0.1015,0.1818,-0.1899,0.8018,0
ussd_0293,ussd_s006230,0.4608,0.3078,-0.1511,0.0,0
ussd_0248,ussd_s006231,-0.4096,1.1204,0.2442,0.0,0
ussd_0317,ussd_s006232,-0.5785,0.8453,0.9796,0.0,0
ussd_0183,ussd_s006233,-0.3403,1.1458,-0.239,0.0,0
ussd_0330,ussd_s006234,-0.0554,0.8226,-0.3973,0.0,0
ussd_0059,ussd_s006235,0.7091,1.185,-0.3921,0.0,0
ussd_0317,ussd_s006236,0.0567,1.8312,-0.3401,0.0,0
ussd_0229,ussd_s006237,-0.5625,1.7269,-0.2275,0.582,0
ussd_0270,ussd_s006238,-0.8474,1.6719,-0.3367,0.0,0
ussd_0144,ussd_s006239,-0.6591,0.1884,-0.2019,0.7224,0
ussd_0015,ussd_s006240,0.3318,1.5435,-0.112,0.0,0
ussd_0380,ussd_s006241,-0.5564,1.2045,-0.228,0.697,0
ussd_0233,ussd_s006242,-0.4116,0.0997,-0.2472,0.7872,0
ussd_0146,ussd_s006243,-0.6977,0.9365,-0.1106,0.0,0
ussd_0237,ussd_s006244,-0.61,0.4159,-0.3433,0.0,0
ussd_0406,ussd_s006245,2.0441,0.2379,-0.1994,0.0,0
ussd_0278,ussd_s006246,-0.4879,2.5416,-0.4889,0.0,0
ussd_0254,ussd_s006247,-0.0932,0.5564,-0.0603,0.0,0
ussd_0172,ussd_s006248,0.3328,0.8835,-0.3459,0.9157,0
ussd_0141,ussd_s006249,6.1208,5.3381,2.6242,0.8047,1
ussd_0388,ussd_s006250,-0.5039,0.7566,-0.1792,0.8787,0
ussd_0448,ussd_s006251,1.8241,0.5004,-0.2068,0.0,0
ussd_0343,ussd_s006252,-0.4138,1.2449,-0.1302,0.0,0
ussd_0294,ussd_s006253,-0.1165,1.9934,-0.1472,0.0,0
ussd_0014,ussd_s006254,-0.3437,0.9952,-0.3953,0.0,0
ussd_0084,ussd_s006255,-0.6793,0.2115,-0.443,0.0,0
ussd_0160,ussd_s006256,0.4649,1.0049,0.3489,0.879,0
ussd_0093,ussd_s006257,-0.2721,1.5854,-0.1136,0.7111,0
ussd_0215,ussd_s006258,-0.1571,1.1881,1.772,0.0,0
ussd_0264,ussd_s006259,0.2168,0.4729,-0.5522,0.9204,0
ussd_0277,ussd_s006260,1.5094,0.0603,-0.6207,0.9062,0
ussd_0091,ussd_s006261,-0.6655,0.4292,-0.1477,0.0,0
ussd_0128,ussd_s006262,-0.019,0.0344,-0.0275,0.0,0
ussd_0341,ussd_s006263,-0.4827,0.2181,-0.4387,0.0,0
ussd_0059,ussd_s006264,0.59,1.5714,-0.3921,0.0,0
ussd_0016,ussd_s006265,0.4266,0.6556,-0.1351,0.0,0
ussd_0320,ussd_s006266,-0.6223,1.5216,-0.3343,0.0802,0
ussd_0034,ussd_s006267,-0.3354,0.0983,-0.4028,0.1524,0
ussd_0160,ussd_s006268,0.0638,0.8528,0.3489,0.879,0
ussd_0322,ussd_s006269,-0.3222,0.3601,-0.2737,0.0,0
ussd_0335,ussd_s006270,-0.4045,0.1882,-0.1527,0.0,0
ussd_0074,ussd_s006271,-0.2181,0.015,0.9106,0.0,0
ussd_0034,ussd_s006272,0.7629,0.6098,-0.4028,0.1524,0
ussd_0217,ussd_s006273,-0.0084,2.3468,-0.4684,0.0,0
ussd_0114,ussd_s006274,1.4922,2.2461,-0.1616,0.6154,0
ussd_0223,ussd_s006275,-0.2117,0.1233,-0.0673,0.0,0
ussd_0027,ussd_s006276,0.6538,1.1447,-0.388,0.0,0
ussd_0078,ussd_s006277,-0.1458,0.9627,-0.6109,0.0,0
ussd_0137,ussd_s006278,-0.7634,0.3377,0.9235,0.0,0
ussd_0280,ussd_s006279,0.7988,0.3701,-0.2533,0.0,0
ussd_0322,ussd_s006280,1.0868,0.2966,1.179,0.0,0
ussd_0268,ussd_s006281,0.0366,1.2583,-0.0551,0.0,0
ussd_0160,ussd_s006282,-0.0841,1.4035,-0.5504,0.879,0
ussd_0262,ussd_s006283,-0.8725,0.7263,-0.0514,0.0,0
ussd_0179,ussd_s006284,0.1004,1.2239,-0.5309,0.0,0
ussd_0205,ussd_s006285,-0.4252,0.9053,-0.178,0.9936,0
ussd_0448,ussd_s006286,-0.1073,0.2962,-0.2068,0.0,0
ussd_0231,ussd_s006287,-0.8532,1.1243,-0.6587,0.0,0
ussd_0101,ussd_s006288,0.423,0.341,1.0022,0.0,0
ussd_0435,ussd_s006289,-0.5807,0.7454,-0.2939,0.679,0
ussd_0375,ussd_s006290,14.1024,1.8826,2.9495,0.5622,1
ussd_0079,ussd_s006291,-0.3087,0.0961,0.611,0.0,0
ussd_0407,ussd_s006292,13.8597,0.2495,0.5581,0.0,1
ussd_0394,ussd_s006293,0.0921,0.2698,-0.08,0.0,0
ussd_0190,ussd_s006294,0.4553,1.4566,-0.3928,0.0,0
ussd_0216,ussd_s006295,0.0231,0.4785,-0.0659,0.0,0
ussd_0296,ussd_s006296,-0.8499,0.2077,-0.4848,0.0,0
ussd_0378,ussd_s006297,-0.8295,0.7599,-0.3986,0.0,0
ussd_0189,ussd_s006298,-0.2342,1.0594,-0.4537,0.0,0
ussd_0001,ussd_s006299,0.8575,0.3759,-0.2033,0.0,0
ussd_0112,ussd_s006300,-0.5802,0.4367,0.5978,0.7593,0
ussd_0288,ussd_s006301,-0.6285,0.9345,-0.1842,0.0,0
ussd_0026,ussd_s006302,-0.18,0.2367,-0.3359,0.0,0
ussd_0034,ussd_s006303,-0.5913,0.366,-0.4028,0.1524,0
ussd_0265,ussd_s006304,0.5644,0.3272,-0.2231,0.0,0
ussd_0237,ussd_s006305,6.5813,0.0811,3.597,0.7299,1
ussd_0082,ussd_s006306,-0.7162,0.1875,-0.4217,0.0,0
ussd_0254,ussd_s006307,-0.417,0.1254,-0.0603,0.0,0
ussd_0034,ussd_s006308,-0.287,0.4358,0.7917,0.1524,0
ussd_0216,ussd_s006309,3.9431,0.3791,-0.0659,0.0,0
ussd_0001,ussd_s006310,-0.4517,0.5481,-0.2033,0.0,0
ussd_0417,ussd_s006311,-0.7774,0.3781,-0.1046,0.0,0
ussd_0306,ussd_s006312,0.6824,0.9009,-0.029,0.6558,0
ussd_0368,ussd_s006313,-0.5145,0.2712,-0.0781,0.0,0
ussd_0286,ussd_s006314,-0.6559,0.2737,0.7622,0.0,0
ussd_0213,ussd_s006315,-0.6765,0.2139,-0.4046,0.0,0
ussd_0189,ussd_s006316,0.4657,0.2988,-0.4537,0.0,0
ussd_0207,ussd_s006317,-0.7206,2.0108,-0.1689,0.2923,0
ussd_0214,ussd_s006318,-0.4647,0.7311,1.2979,0.663,0
ussd_0324,ussd_s006319,-0.5675,0.4197,-0.2742,0.0,0
ussd_0313,ussd_s006320,-0.8153,0.4544,-0.0473,0.0,0
ussd_0118,ussd_s006321,-0.668,3.111,-0.639,0.0,0
ussd_0242,ussd_s006322,-0.9462,1.4656,-0.3228,0.0,0
ussd_0200,ussd_s006323,0.1577,1.5758,-0.2674,0.9146,0
ussd_0169,ussd_s006324,-0.5042,0.6054,-0.106,0.0,0
ussd_0385,ussd_s006325,-0.8949,0.3803,1.1463,0.772,0
ussd_0051,ussd_s006326,-0.2988,1.1685,-0.297,0.0,0
ussd_0043,ussd_s006327,1.7694,0.6672,0.4883,0.0,0
ussd_0113,ussd_s006328,-0.3257,0.3439,-0.5926,0.0,0
ussd_0271,ussd_s006329,-0.4211,0.7876,-0.1323,0.6586,0
ussd_0181,ussd_s006330,-0.5093,0.488,-0.2,0.7457,0
ussd_0065,ussd_s006331,-0.1267,0.4717,-0.3807,0.0,0
ussd_0254,ussd_s006332,-0.438,2.3878,-0.0603,0.0,0
ussd_0300,ussd_s006333,0.3357,0.3553,-0.0156,0.0,0
ussd_0077,ussd_s006334,3.5044,1.5104,7.1757,0.7302,1
ussd_0188,ussd_s006335,0.3952,0.3682,-0.3934,0.0,0
ussd_0121,ussd_s006336,-0.4127,0.4059,-0.6052,0.3602,0
ussd_0435,ussd_s006337,-0.6752,2.5614,-0.2939,0.679,0
ussd_0387,ussd_s006338,-0.7869,1.1946,-0.3918,0.0,0
ussd_0137,ussd_s006339,-0.5936,0.8805,0.9235,0.0,0
ussd_0418,ussd_s006340,0.0868,0.8915,0.5295,0.0,0
ussd_0399,ussd_s006341,-0.7583,1.7015,-0.031,0.0,0
ussd_0434,ussd_s006342,5.5253,3.9662,5.5567,0.7137,1
ussd_0405,ussd_s006343,-0.5276,2.2147,-0.1595,0.0,0
ussd_0255,ussd_s006344,1.2023,0.8093,-0.3304,0.0,0
ussd_0236,ussd_s006345,-0.5856,0.5788,2.554,0.5753,0
ussd_0023,ussd_s006346,1.0175,0.5172,-0.4193,0.0,0
ussd_0145,ussd_s006347,1.5684,1.0427,0.0318,0.6273,0
ussd_0009,ussd_s006348,-0.6281,1.1617,2.0753,0.8032,0
ussd_0254,ussd_s006349,-0.2076,0.772,-0.0603,0.0,0
ussd_0354,ussd_s006350,-0.4329,0.2328,-0.3806,0.0,0
ussd_0033,ussd_s006351,-0.3281,2.2979,-0.1989,0.0,0
ussd_0096,ussd_s006352,-0.8421,0.2428,-0.2509,0.9419,0
ussd_0418,ussd_s006353,-0.0744,1.81,-0.4902,0.0,0
ussd_0156,ussd_s006354,3.787,1.1618,-0.15,0.8076,0
ussd_0203,ussd_s006355,-0.4445,0.2144,-0.0347,0.0,0
ussd_0149,ussd_s006356,2.0285,0.2117,-0.2069,0.0,0
ussd_0054,ussd_s006357,2.7734,1.0629,-0.1483,0.5714,0
ussd_0132,ussd_s006358,-0.3705,1.3774,-0.2549,0.0,0
ussd_0133,ussd_s006359,9.7098,4.5505,7.4543,0.531,1
ussd_0092,ussd_s006360,-0.5118,0.0447,-0.18,0.0,0
ussd_0334,ussd_s006361,0.0377,1.1836,-0.0384,0.0,0
ussd_0193,ussd_s006362,-0.3216,0.8261,-0.6907,0.0,0
ussd_0310,ussd_s006363,-0.0856,0.4295,-0.0456,0.0,0
ussd_0219,ussd_s006364,-0.6588,1.5623,-0.4967,0.0,0
ussd_0431,ussd_s006365,-0.1267,0.3625,-0.1055,0.0,0
ussd_0111,ussd_s006366,0.266,2.1245,0.3215,0.3775,0
ussd_0237,ussd_s006367,-0.7154,0.0292,0.9702,0.0,0
ussd_0370,ussd_s006368,-0.4987,0.3323,-0.3301,0.6778,0
ussd_0343,ussd_s006369,-0.2259,1.2424,-0.1302,0.0,0
ussd_0310,ussd_s006370,1.3518,0.0987,-0.0456,0.0,0
ussd_0024,ussd_s006371,-0.5638,1.9626,-0.042,0.9298,0
ussd_0057,ussd_s006372,0.2186,0.3226,-0.1568,0.986,0
ussd_0302,ussd_s006373,-0.7361,0.2154,-0.2993,0.0,0
ussd_0429,ussd_s006374,-0.8542,1.1979,-0.1241,0.0,0
ussd_0115,ussd_s006375,-0.863,0.8255,-0.0045,0.5235,0
ussd_0143,ussd_s006376,6.2846,1.4916,4.277,0.0,1
ussd_0146,ussd_s006377,-0.6137,0.1839,-0.1106,0.0,0
ussd_0247,ussd_s006378,-0.758,0.1809,-0.4155,0.5439,0
ussd_0098,ussd_s006379,-0.8509,1.7052,-0.1481,0.0,0
ussd_0226,ussd_s006380,5.3876,0.4151,-0.425,0.8427,1
ussd_0263,ussd_s006381,-0.2981,1.1935,-0.1377,0.0,0
ussd_0003,ussd_s006382,0.305,0.6306,-0.5624,0.9723,0
ussd_0047,ussd_s006383,-0.8232,0.2147,0.8015,0.8009,0
ussd_0362,ussd_s006384,0.0337,0.1539,-0.3611,0.0,0
ussd_0399,ussd_s006385,1.342,0.2566,-0.031,0.0,0
ussd_0014,ussd_s006386,0.2139,0.0478,0.8142,0.0,0
ussd_0001,ussd_s006387,-0.3697,0.0276,-0.2033,0.0,0
ussd_0203,ussd_s006388,3.0164,1.1215,-0.0347,0.0,0
ussd_0330,ussd_s006389,2.0096,0.1811,-0.3973,0.0,0
ussd_0325,ussd_s006390,0.205,0.0739,-0.1796,0.0,0
ussd_0110,ussd_s006391,-0.243,0.0099,-0.3506,0.0,0
ussd_0442,ussd_s006392,-0.7862,1.5364,-0.17,0.0,0
ussd_0123,ussd_s006393,-0.3975,0.6047,-0.303,0.6336,0
ussd_0101,ussd_s006394,4.9729,0.7629,3.6719,0.0,1
ussd_0276,ussd_s006395,-0.5152,0.5924,0.8413,0.0,0
ussd_0297,ussd_s006396,-0.5809,1.0053,-0.3748,0.0,0
ussd_0070,ussd_s006397,0.332,0.1398,-0.1596,0.0,0
ussd_0200,ussd_s006398,-0.7341,2.1793,1.1978,0.9146,0
ussd_0425,ussd_s006399,-0.4598,0.0351,0.7164,0.0,0
ussd_0376,ussd_s006400,-0.8274,0.1028,-0.5201,0.0143,0
ussd_0415,ussd_s006401,-0.6899,0.9612,-0.2031,0.0,0
ussd_0401,ussd_s006402,-0.7218,0.5158,-0.7121,0.0,0
ussd_0202,ussd_s006403,-0.3849,1.8061,-0.0483,0.0,0
ussd_0312,ussd_s006404,8.818,0.6731,4.6763,0.9457,1
ussd_0361,ussd_s006405,-0.1465,0.0768,1.6433,0.0474,0
ussd_0114,ussd_s006406,-0.7534,1.1364,-0.1616,0.6154,0
ussd_0285,ussd_s006407,-0.644,0.2532,-0.6131,0.0,0
ussd_0172,ussd_s006408,-0.3934,1.2984,0.9624,0.9157,0
ussd_0271,ussd_s006409,0.1261,0.3743,-0.1323,0.6586,0
ussd_0115,ussd_s006410,-0.0653,1.0323,-0.6682,0.5235,0
ussd_0250,ussd_s006411,-0.2088,1.3354,-0.5623,0.6003,0
ussd_0112,ussd_s006412,14.8344,3.506,2.4238,0.7622,1
ussd_0254,ussd_s006413,-0.1311,0.371,-0.0603,0.0,0
ussd_0433,ussd_s006414,-0.7682,0.2246,0.1039,0.0,0
ussd_0383,ussd_s006415,0.1167,0.2568,-0.1407,0.8163,0
ussd_0359,ussd_s006416,-0.5925,1.8721,-0.1252,0.0,0
ussd_0170,ussd_s006417,2.7748,1.6536,6.6883,0.8759,1
ussd_0312,ussd_s006418,-0.103,1.6193,-0.1891,0.0,0
ussd_0233,ussd_s006419,-0.6133,0.0081,-0.2472,0.7872,0
ussd_0445,ussd_s006420,0.0376,0.0774,-0.5449,0.0,0
ussd_0063,ussd_s006421,-0.5475,1.7149,-0.1743,0.0,0
ussd_0153,ussd_s006422,0.7684,2.3211,1.1507,0.0,0
ussd_0285,ussd_s006423,0.126,0.9049,-0.6131,0.0,0
ussd_0086,ussd_s006424,-0.4196,1.1622,-0.554,0.5947,0
ussd_0213,ussd_s006425,3.6116,2.0582,5.5499,0.7128,1
ussd_0282,ussd_s006426,-0.1831,1.7093,0.5424,0.0,0
ussd_0165,ussd_s006427,2.7292,1.0447,-0.2922,0.0,0
ussd_0256,ussd_s006428,0.7055,0.514,-0.2859,0.5648,0
ussd_0089,ussd_s006429,0.1053,0.5769,-0.3172,0.0,0
ussd_0198,ussd_s006430,0.4861,1.2187,-0.6072,0.8457,0
ussd_0216,ussd_s006431,-0.1026,0.1003,-0.0659,0.0,0
ussd_0107,ussd_s006432,-0.1284,0.1586,-0.4382,0.0,0
ussd_0200,ussd_s006433,0.6624,0.8864,-0.2674,0.9146,0
ussd_0430,ussd_s006434,1.4766,1.6248,0.6657,0.2721,0
ussd_0018,ussd_s006435,-0.919,0.0446,-0.3891,0.0,0
ussd_0305,ussd_s006436,0.2331,0.0099,-0.2808,0.0,0
ussd_0077,ussd_s006437,-0.2477,1.9952,-0.0916,0.0,0
ussd_0313,ussd_s006438,-0.2502,0.6839,-0.0473,0.0,0
ussd_0184,ussd_s006439,-0.1339,0.7037,2.1251,0.5665,0
ussd_0179,ussd_s006440,-0.2691,0.2419,-0.5309,0.0,0
ussd_0188,ussd_s006441,-0.2262,0.2489,-0.3934,0.0,0
ussd_0193,ussd_s006442,0.8935,0.8543,-0.0722,0.0,0
ussd_0426,ussd_s006443,0.049,1.1555,0.7248,0.5158,0
ussd_0401,ussd_s006444,-0.5355,0.5423,-0.7121,0.0,0
ussd_0245,ussd_s006445,2.5278,0.7348,1.2633,0.0,0
ussd_0034,ussd_s006446,9.2592,2.9931,4.375,0.8637,1
ussd_0179,ussd_s006447,-0.3941,0.7399,-0.5309,0.0,0
ussd_0079,ussd_s006448,4.7653,2.1674,-0.463,0.0,1
ussd_0315,ussd_s006449,-0.1209,1.3748,-0.1627,0.0,0
ussd_0272,ussd_s006450,3.8399,1.4565,7.2686,0.0,1
ussd_0181,ussd_s006451,-0.2703,0.8672,-0.2,0.7457,0
ussd_0423,ussd_s006452,-0.683,0.9449,-0.1,0.0,0
ussd_0378,ussd_s006453,-0.8121,0.1496,-0.3986,0.0,0
ussd_0196,ussd_s006454,-0.7912,1.5516,-0.4157,0.4478,0
ussd_0328,ussd_s006455,-0.6408,0.8745,0.471,0.0,0
ussd_0309,ussd_s006456,-0.3455,0.3455,-0.1466,0.0,0
ussd_0264,ussd_s006457,-0.6457,1.0737,-0.5522,0.9204,0
ussd_0094,ussd_s006458,-0.575,0.3431,1.3272,0.0,0
ussd_0431,ussd_s006459,0.1535,0.7224,-0.1055,0.0,0
ussd_0035,ussd_s006460,0.9737,1.2647,-0.4045,0.0,0
ussd_0341,ussd_s006461,0.8119,2.3196,-0.4387,0.0,0
ussd_0067,ussd_s006462,-0.8042,0.5065,-0.0935,0.0,0
ussd_0139,ussd_s006463,-0.6527,0.3528,-0.2769,0.8304,0
ussd_0197,ussd_s006464,-0.2718,0.8172,-0.3809,0.0,0
ussd_0347,ussd_s006465,-0.4517,0.6892,-0.3832,0.0,0
ussd_0074,ussd_s006466,-0.6823,2.5445,0.9106,0.0,0
ussd_0084,ussd_s006467,0.3556,0.1434,-0.443,0.0,0
ussd_0162,ussd_s006468,0.1786,0.5555,2.4693,0.9543,0
ussd_0127,ussd_s006469,-0.2833,1.1182,2.5301,0.0,0
ussd_0360,ussd_s006470,-0.6277,1.0731,-0.5311,0.0,0
ussd_0440,ussd_s006471,-0.0989,0.3658,1.3969,0.0,0
ussd_0032,ussd_s006472,0.6733,0.9149,-0.1019,0.0,0
ussd_0271,ussd_s006473,0.1943,0.2639,-0.1323,0.6586,0
ussd_0187,ussd_s006474,0.6037,0.9271,-0.1047,0.822,0
ussd_0103,ussd_s006475,0.0294,1.6851,1.0624,0.0,0
ussd_0204,ussd_s006476,-0.7446,0.0063,-0.557,0.0,0
ussd_0224,ussd_s006477,-0.4184,1.0215,-0.2677,0.0,0
ussd_0194,ussd_s006478,-0.6705,0.2465,-0.4927,0.6378,0
ussd_0014,ussd_s006479,-0.645,0.1556,-0.3953,0.0,0
ussd_0405,ussd_s006480,-0.6747,2.5337,-0.1595,0.0,0
ussd_0138,ussd_s006481,-0.2858,0.4968,-0.2683,0.0,0
ussd_0357,ussd_s006482,0.2339,0.7262,-0.2504,0.0,0
ussd_0438,ussd_s006483,0.2283,1.3592,1.2002,0.8982,0
ussd_0103,ussd_s006484,-0.7713,0.8618,-0.3125,0.0,0
ussd_0242,ussd_s006485,-0.4754,0.4059,-0.3228,0.0,0
ussd_0251,ussd_s006486,-0.1298,1.1164,-0.0513,0.0,0
ussd_0161,ussd_s006487,-0.6628,0.1433,1.1918,0.0,0
ussd_0307,ussd_s006488,-0.6964,2.5358,0.6303,0.0,0
ussd_0369,ussd_s006489,11.8346,4.4864,7.883,0.5925,1
ussd_0276,ussd_s006490,-0.0673,0.0634,-0.3862,0.0,0
ussd_0102,ussd_s006491,-0.3945,1.8414,-0.2764,0.0,0
ussd_0408,ussd_s006492,-0.6655,0.1234,-0.5987,0.0,0
ussd_0032,ussd_s006493,-0.6471,0.5289,-0.1019,0.0,0
ussd_0164,ussd_s006494,0.8871,0.8258,0.5771,0.0,0
ussd_0044,ussd_s006495,1.58,0.514,0.0809,0.8935,0
ussd_0065,ussd_s006496,7.0463,3.6322,0.858,0.0,1
ussd_0251,ussd_s006497,-0.5448,0.5179,-0.6838,0.0,0
ussd_0313,ussd_s006498,-0.4844,1.3257,-0.0473,0.0,0
ussd_0250,ussd_s006499,-0.3188,2.4959,-0.5623,0.6003,0
ussd_0237,ussd_s006500,0.3401,0.2554,0.9702,0.0,0
ussd_0386,ussd_s006501,-0.4168,1.4808,-0.047,0.5229,0
ussd_0122,ussd_s006502,-0.6721,2.1276,-0.1654,0.0,0
ussd_0164,ussd_s006503,-0.8169,0.1867,-0.4743,0.0,0
ussd_0123,ussd_s006504,0.1591,0.4781,1.0911,0.6336,0
ussd_0051,ussd_s006505,-0.0353,1.2814,-0.297,0.0,0
ussd_0287,ussd_s006506,-0.4715,0.8223,-0.6304,0.0,0
ussd_0136,ussd_s006507,-0.5581,0.8825,-0.6764,0.2943,0
ussd_0309,ussd_s006508,-0.6639,0.9,-0.1466,0.0,0
ussd_0312,ussd_s006509,0.5876,0.2878,-0.1891,0.0,0
ussd_0159,ussd_s006510,-0.2501,0.2672,-0.0377,0.0,0
ussd_0197,ussd_s006511,-0.6814,1.0122,-0.3809,0.0,0
ussd_0393,ussd_s006512,-0.343,0.4234,0.3855,0.0,0
ussd_0299,ussd_s006513,-0.3043,0.7649,-0.2227,0.0,0
ussd_0329,ussd_s006514,-0.6351,0.296,-0.4971,0.0,0
ussd_0004,ussd_s006515,-0.8196,1.2271,-0.5538,0.0,0
ussd_0166,ussd_s006516,0.0917,1.3953,-0.3327,0.0,0
ussd_0056,ussd_s006517,-0.8638,0.7945,-0.3542,0.0,0
ussd_0442,ussd_s006518,-0.1162,1.3493,-0.17,0.0,0
ussd_0405,ussd_s006519,-0.5382,1.484,-0.1595,0.0,0
ussd_0258,ussd_s006520,14.5509,0.4658,25.5245,0.0,1
ussd_0377,ussd_s006521,1.8837,0.2854,0.5647,0.0,0
ussd_0389,ussd_s006522,-0.1949,1.9088,0.937,0.7365,0
ussd_0305,ussd_s006523,-0.8056,0.8517,-0.2808,0.0,0
ussd_0164,ussd_s006524,0.1762,0.547,0.5771,0.0,0
ussd_0228,ussd_s006525,0.3154,0.3554,0.4009,0.0,0
ussd_0012,ussd_s006526,-0.3158,0.0149,-0.3088,0.0,0
ussd_0132,ussd_s006527,0.3277,1.1011,-0.2549,0.0,0
ussd_0134,ussd_s006528,4.8612,0.0492,-0.5784,0.0,0
ussd_0193,ussd_s006529,0.3935,0.3043,-0.0722,0.0,0
ussd_0008,ussd_s006530,7.877,1.1054,6.6421,0.9443,1
ussd_0388,ussd_s006531,-0.8302,0.2404,-0.1792,0.8787,0
ussd_0046,ussd_s006532,-0.9436,0.4596,0.6951,0.0,0
ussd_0046,ussd_s006533,-0.1668,0.2993,-0.435,0.0,0
ussd_0211,ussd_s006534,-0.8396,1.7363,-0.4115,0.0,0
ussd_0175,ussd_s006535,1.8623,1.4074,-0.4073,0.0,0
ussd_0093,ussd_s006536,0.2648,0.2966,-0.1136,0.7111,0
ussd_0102,ussd_s006537,1.5741,1.6682,1.1709,0.0,0
ussd_0199,ussd_s006538,6.8403,1.2527,11.3068,0.0,1
ussd_0000,ussd_s006539,-0.1599,1.3077,0.3274,0.3567,0
ussd_0220,ussd_s006540,-0.1464,0.0387,-0.1229,0.0,0
ussd_0355,ussd_s006541,-0.3696,0.3888,-0.4131,0.0,0
ussd_0414,ussd_s006542,-0.1577,1.4549,-0.6769,0.8194,0
ussd_0275,ussd_s006543,-0.6427,0.3247,0.1651,0.787,0
ussd_0212,ussd_s006544,0.3427,0.0938,-0.0421,0.0,0
ussd_0423,ussd_s006545,-0.4234,0.1425,0.26,0.0,0
ussd_0356,ussd_s006546,1.0686,0.7899,-0.2873,0.9012,0
ussd_0379,ussd_s006547,0.1182,0.3995,0.3818,0.0,0
ussd_0399,ussd_s006548,-0.3046,0.2861,-0.031,0.0,0
ussd_0170,ussd_s006549,0.2782,0.0064,-0.3011,0.0,0
ussd_0041,ussd_s006550,-0.8753,0.9525,-0.4636,0.0,0
ussd_0205,ussd_s006551,-0.3819,0.0073,-0.178,0.9936,0
ussd_0293,ussd_s006552,-0.6321,0.0498,-0.1511,0.0,0
ussd_0326,ussd_s006553,1.7003,0.042,-0.0673,0.0957,0
ussd_0267,ussd_s006554,-0.5999,1.5883,1.0268,0.8579,0
ussd_0231,ussd_s006555,6.1581,0.4104,4.8015,0.9912,1
ussd_0414,ussd_s006556,-0.3195,0.556,0.6156,0.8194,0
ussd_0008,ussd_s006557,-0.6593,0.9305,-0.3053,0.0,0
ussd_0033,ussd_s006558,0.778,0.9791,-0.1989,0.0,0
ussd_0275,ussd_s006559,3.3509,0.6849,4.0488,0.787,1
ussd_0040,ussd_s006560,1.0147,0.2264,-0.6524,0.0,0
ussd_0264,ussd_s006561,0.5611,1.0672,-0.5522,0.9204,0
ussd_0412,ussd_s006562,-0.1453,0.7647,0.541,0.0,0
ussd_0436,ussd_s006563,0.8556,2.1083,-0.3421,0.0,0
ussd_0254,ussd_s006564,0.3888,0.0034,-0.0603,0.0,0
ussd_0311,ussd_s006565,0.4962,1.3053,-0.1529,0.0,0
ussd_0445,ussd_s006566,-0.8368,0.1927,0.3652,0.0,0
ussd_0296,ussd_s006567,-0.8884,1.8868,-0.4848,0.0,0
ussd_0164,ussd_s006568,-0.5645,0.1301,-0.4743,0.0,0
ussd_0213,ussd_s006569,-0.9234,0.4745,-0.4046,0.0,0
ussd_0445,ussd_s006570,-0.6396,0.1207,1.2754,0.0,0
ussd_0428,ussd_s006571,-0.7945,0.9402,-0.204,0.0,0
ussd_0029,ussd_s006572,2.3508,0.3205,0.4747,0.0,0
ussd_0322,ussd_s006573,-0.271,0.4861,-0.2737,0.0,0
ussd_0000,ussd_s006574,-0.1185,0.3303,0.3274,0.3567,0
ussd_0315,ussd_s006575,0.7731,1.4037,-0.1627,0.0,0
ussd_0118,ussd_s006576,0.6048,0.0963,1.5267,0.0,0
ussd_0129,ussd_s006577,0.0067,0.4448,0.678,0.9109,0
ussd_0375,ussd_s006578,-0.9661,2.3554,-0.2101,0.5622,0
ussd_0092,ussd_s006579,6.5304,0.1363,8.0196,0.0,1
ussd_0344,ussd_s006580,-0.137,1.2635,-0.1112,0.0,0
ussd_0413,ussd_s006581,0.1652,0.242,-0.4768,0.1418,0
ussd_0372,ussd_s006582,-0.769,0.9506,-0.3382,0.0,0
ussd_0247,ussd_s006583,-0.4535,1.0124,0.7535,0.5439,0
ussd_0215,ussd_s006584,1.3867,0.131,-0.4456,0.0,0
ussd_0138,ussd_s006585,-0.6584,0.2736,-0.2683,0.0,0
ussd_0412,ussd_s006586,5.8513,0.4049,2.5957,0.0,1
ussd_0294,ussd_s006587,-0.3063,0.248,-0.1472,0.0,0
ussd_0183,ussd_s006588,-0.4371,0.4737,-0.239,0.0,0
ussd_0047,ussd_s006589,0.755,0.6123,0.8015,0.8009,0
ussd_0159,ussd_s006590,-0.5387,0.0399,-0.0377,0.0,0
ussd_0434,ussd_s006591,2.148,2.322,-0.2715,0.0,0
ussd_0226,ussd_s006592,1.5346,0.2584,-0.425,0.0,0
ussd_0083,ussd_s006593,-0.7731,0.9534,0.9181,0.0,0
ussd_0286,ussd_s006594,-0.7639,0.9657,0.7622,0.0,0
ussd_0159,ussd_s006595,0.1791,1.0375,-0.0377,0.0,0
ussd_0024,ussd_s006596,-0.1451,0.85,-0.042,0.9298,0
ussd_0195,ussd_s006597,-0.7481,0.9893,-0.2806,0.0,0
ussd_0218,ussd_s006598,-0.4144,1.1289,-0.0704,0.6736,0
ussd_0279,ussd_s006599,0.0743,2.3886,-0.3304,0.0,0
ussd_0303,ussd_s006600,0.4254,0.1278,-0.1899,0.8018,0
ussd_0273,ussd_s006601,-0.6691,0.2785,-0.3565,0.0,0
ussd_0271,ussd_s006602,-0.0805,0.4764,-0.1323,0.6586,0
ussd_0011,ussd_s006603,-0.6348,0.5144,-0.3409,0.9374,0
ussd_0334,ussd_s006604,-0.6445,0.8729,-0.0384,0.0,0
ussd_0290,ussd_s006605,0.1711,0.4347,0.7863,0.0,0
ussd_0053,ussd_s006606,0.017,0.8367,0.7665,0.0,0
ussd_0145,ussd_s006607,-0.2845,0.8366,0.0318,0.6273,0
ussd_0244,ussd_s006608,1.3594,0.259,0.7839,0.68,0
ussd_0364,ussd_s006609,-0.2077,1.6104,-0.4906,0.0,0
ussd_0370,ussd_s006610,-0.3861,0.5406,-0.3301,0.6778,0
ussd_0362,ussd_s006611,0.8917,1.3341,-0.3611,0.0,0
ussd_0042,ussd_s006612,-0.8365,0.6948,-0.2515,0.0,0
ussd_0255,ussd_s006613,1.5716,0.6383,-0.3304,0.0,0
ussd_0212,ussd_s006614,-0.7232,0.2172,-0.0421,0.0,0
ussd_0099,ussd_s006615,0.5282,1.3467,-0.0273,0.0,0
ussd_0151,ussd_s006616,-0.3781,0.8591,0.9509,0.0479,0
ussd_0033,ussd_s006617,2.7943,0.9016,9.4138,0.0,1
ussd_0177,ussd_s006618,-0.4827,0.6429,-0.4694,0.0,0
ussd_0118,ussd_s006619,-0.4832,0.5723,-0.639,0.0,0
ussd_0382,ussd_s006620,-0.5002,1.8826,0.5387,0.0,0
ussd_0209,ussd_s006621,-0.3194,0.4586,-0.0474,0.0908,0
ussd_0431,ussd_s006622,0.5131,0.0181,-0.1055,0.0,0
ussd_0260,ussd_s006623,-0.5611,0.7326,-0.4123,0.1622,0
ussd_0181,ussd_s006624,-0.1347,0.0827,-0.2,0.7457,0
ussd_0386,ussd_s006625,1.9407,1.8377,-0.047,0.5229,0
ussd_0052,ussd_s006626,-0.4423,1.3904,-0.2057,0.5566,0
ussd_0431,ussd_s006627,0.6343,0.1651,-0.1055,0.0,0
ussd_0185,ussd_s006628,-0.1003,0.4,1.0936,0.0,0
ussd_0355,ussd_s006629,-0.2206,1.5164,-0.4131,0.0,0
ussd_0400,ussd_s006630,-0.2381,2.9488,-0.3969,0.0,0
ussd_0400,ussd_s006631,-0.5327,0.5988,0.8094,0.0,0
ussd_0275,ussd_s006632,0.0725,0.7168,-0.6116,0.787,0
ussd_0083,ussd_s006633,1.4079,0.7519,-0.3606,0.0,0
ussd_0319,ussd_s006634,-0.6187,0.5279,-0.3104,0.5051,0
ussd_0169,ussd_s006635,0.073,0.7602,-0.702,0.0,0
ussd_0106,ussd_s006636,-0.5947,1.4936,0.7355,0.783,0
ussd_0441,ussd_s006637,-0.9135,0.237,-0.3002,0.0,0
ussd_0086,ussd_s006638,-0.7231,0.3281,-0.554,0.5947,0
ussd_0366,ussd_s006639,-0.8064,0.2377,-0.2035,0.0,0
ussd_0368,ussd_s006640,-0.331,2.0068,-0.0781,0.0,0
ussd_0239,ussd_s006641,-0.2416,0.1118,-0.7018,0.0,0
ussd_0116,ussd_s006642,2.0207,1.1783,-0.0357,0.0,0
ussd_0116,ussd_s006643,-0.5085,0.0952,-0.0357,0.0,0
ussd_0188,ussd_s006644,-0.5629,0.5665,0.8198,0.0,0
ussd_0278,ussd_s006645,-0.7332,0.0344,-0.4889,0.0,0
ussd_0016,ussd_s006646,-0.7589,0.9128,-0.1351,0.0,0
ussd_0233,ussd_s006647,-0.4261,1.3487,1.2585,0.7872,0
ussd_0446,ussd_s006648,0.1318,0.0803,-0.164,0.0,0
ussd_0009,ussd_s006649,0.9291,0.8459,-0.3849,0.8032,0
ussd_0335,ussd_s006650,11.1259,0.6746,4.9309,0.0,1
ussd_0335,ussd_s006651,-0.8396,1.1133,-0.1527,0.0,0
ussd_0371,ussd_s006652,-0.5831,0.5785,-0.269,0.0,0
ussd_0160,ussd_s006653,-0.5058,0.8452,-0.5504,0.879,0
ussd_0056,ussd_s006654,2.0711,0.8312,-0.3542,0.0,0
ussd_0084,ussd_s006655,-0.6714,1.022,-0.443,0.0,0
ussd_0247,ussd_s006656,-0.6035,0.3383,-0.4155,0.5439,0
ussd_0246,ussd_s006657,-0.7964,1.1063,-0.0584,0.8318,0
ussd_0307,ussd_s006658,-0.4561,0.4623,1.0961,0.0,0
ussd_0126,ussd_s006659,-0.2605,0.213,-0.1537,0.4802,0
ussd_0096,ussd_s006660,1.555,0.767,-0.2509,0.9419,0
ussd_0171,ussd_s006661,-0.395,0.7633,-0.3682,0.0,0
ussd_0229,ussd_s006662,-0.2531,0.7401,-0.2275,0.582,0
ussd_0001,ussd_s006663,5.0278,0.1901,6.1703,0.9484,1
ussd_0257,ussd_s006664,-0.8223,0.4361,-0.0849,0.0,0
ussd_0345,ussd_s006665,0.4575,0.4353,-0.2127,0.0,0
ussd_0328,ussd_s006666,-0.3832,0.5063,2.4323,0.0,0
ussd_0402,ussd_s006667,-0.4869,1.6538,-0.1808,0.9386,0
ussd_0277,ussd_s006668,1.7352,2.1799,3.9303,0.9062,1
ussd_0242,ussd_s006669,-0.6021,2.5479,-0.3228,0.0,0
ussd_0384,ussd_s006670,-0.6502,0.2642,-0.44,0.8505,0
ussd_0068,ussd_s006671,-0.5266,0.453,-0.0713,0.2031,0
ussd_0132,ussd_s006672,-0.1264,0.9455,-0.2549,0.0,0
ussd_0300,ussd_s006673,-0.5869,1.1855,-0.0156,0.0,0
ussd_0051,ussd_s006674,-0.63,1.2579,-0.297,0.0,0
ussd_0375,ussd_s006675,0.2265,1.2039,-0.2101,0.5622,0
ussd_0307,ussd_s006676,-0.8762,1.839,0.6303,0.0,0
ussd_0266,ussd_s006677,-0.8079,1.384,0.2103,0.6032,0
ussd_0182,ussd_s006678,1.0288,1.0644,-0.6179,0.9517,0
ussd_0308,ussd_s006679,0.3629,1.8561,-0.6891,0.0,0
ussd_0414,ussd_s006680,2.361,0.4382,2.5542,0.8194,0
ussd_0107,ussd_s006681,-0.7553,0.2683,-0.4382,0.0,0
ussd_0290,ussd_s006682,1.0714,0.6729,-0.4046,0.0,0
ussd_0325,ussd_s006683,-0.6873,1.686,-0.1796,0.0,0
ussd_0390,ussd_s006684,-0.3019,0.675,0.1833,0.0,0
ussd_0222,ussd_s006685,-0.6639,1.4018,-0.5842,0.0,0
ussd_0241,ussd_s006686,1.5352,1.4327,-0.4608,0.0,0
ussd_0414,ussd_s006687,-0.4347,2.0344,0.6156,0.8194,0
ussd_0189,ussd_s006688,-0.6168,0.4939,-0.4537,0.0,0
ussd_0411,ussd_s006689,0.152,1.4409,-0.0558,0.0,0
ussd_0417,ussd_s006690,-0.2266,0.3574,-0.1046,0.0,0
ussd_0317,ussd_s006691,-0.6389,0.4898,-0.3401,0.0,0
ussd_0122,ussd_s006692,2.3323,0.8601,-0.7218,0.0,0
ussd_0105,ussd_s006693,-0.0876,0.2725,0.0454,0.8648,0
ussd_0433,ussd_s006694,-0.189,0.5601,-0.632,0.0,0
ussd_0172,ussd_s006695,5.1999,0.3409,6.1955,0.9157,1
ussd_0425,ussd_s006696,-0.7419,0.3775,-0.4279,0.0,0
ussd_0261,ussd_s006697,0.2329,0.5601,-0.3923,0.0,0
ussd_0119,ussd_s006698,0.1319,0.7473,-0.266,0.0,0
ussd_0141,ussd_s006699,-0.3778,0.0987,1.0134,0.4236,0
ussd_0194,ussd_s006700,0.133,1.2803,-0.4927,0.6378,0
ussd_0194,ussd_s006701,1.1233,0.2158,0.522,0.6378,0
ussd_0250,ussd_s006702,-0.2307,0.7021,-0.5623,0.6003,0
ussd_0057,ussd_s006703,-0.1994,0.0113,-0.1568,0.986,0
ussd_0422,ussd_s006704,7.035,0.4916,19.4238,0.7109,1
ussd_0042,ussd_s006705,-0.5401,0.4116,-0.2515,0.0,0
ussd_0022,ussd_s006706,-0.6401,0.6607,-0.2967,0.0,0
ussd_0031,ussd_s006707,-0.322,0.6932,-0.4503,0.0,0
ussd_0066,ussd_s006708,-0.0092,0.1835,-0.5095,0.515,0
ussd_0365,ussd_s006709,10.5651,1.3315,5.5011,0.0,1
ussd_0325,ussd_s006710,-0.6511,0.6718,-0.1796,0.0,0
ussd_0000,ussd_s006711,0.0078,1.425,-0.5575,0.3567,0
ussd_0150,ussd_s006712,-0.5135,0.8185,-0.0428,0.0,0
ussd_0056,ussd_s006713,-0.3775,1.1065,-0.3542,0.0,0
ussd_0430,ussd_s006714,11.832,2.3966,2.8866,0.7608,1
ussd_0203,ussd_s006715,-0.2604,1.2379,-0.0347,0.0,0
ussd_0183,ussd_s006716,0.8475,0.1725,1.2829,0.0,0
ussd_0160,ussd_s006717,0.8457,2.4538,-0.5504,0.879,0
ussd_0435,ussd_s006718,-0.7416,2.02,-0.2939,0.679,0
ussd_0167,ussd_s006719,10.6697,0.1953,2.4376,0.7348,1
ussd_0128,ussd_s006720,0.7369,1.4277,-0.0275,0.0,0
ussd_0289,ussd_s006721,0.2864,1.106,-0.2531,0.9908,0
ussd_0397,ussd_s006722,-0.5701,0.9102,0.7515,0.0,0
ussd_0279,ussd_s006723,-0.8033,0.3346,-0.3304,0.0,0
ussd_0266,ussd_s006724,-0.7235,0.8533,1.0172,0.6032,0
ussd_0136,ussd_s006725,7.4025,0.0076,1.9123,0.9547,1
ussd_0160,ussd_s006726,-0.3254,0.73,-0.5504,0.879,0
ussd_0345,ussd_s006727,-0.2527,1.0435,-0.2127,0.0,0
ussd_0291,ussd_s006728,0.3379,0.7836,-0.5623,0.0,0
ussd_0280,ussd_s006729,-0.7167,1.2815,-0.2533,0.0,0
ussd_0401,ussd_s006730,0.7497,0.0468,1.5907,0.0,0
ussd_0345,ussd_s006731,-0.5575,0.4895,-0.2127,0.0,0
ussd_0277,ussd_s006732,0.4379,0.0383,0.1378,0.9062,0
ussd_0073,ussd_s006733,-0.5363,0.5114,-0.6339,0.0,0
ussd_0260,ussd_s006734,-0.409,2.6224,0.7632,0.1622,0
ussd_0057,ussd_s006735,-0.3013,0.1408,-0.1568,0.986,0
ussd_0106,ussd_s006736,-0.1362,1.1058,0.7355,0.783,0
ussd_0126,ussd_s006737,-0.6262,0.5921,-0.1537,0.4802,0
ussd_0298,ussd_s006738,0.0917,0.6719,-0.047,0.0,0
ussd_0440,ussd_s006739,0.2041,0.147,-0.201,0.0,0
ussd_0411,ussd_s006740,4.2141,0.2229,-0.0558,0.0,0
ussd_0343,ussd_s006741,0.5679,0.1375,-0.1302,0.0,0
ussd_0135,ussd_s006742,-0.3049,0.2585,-0.1157,0.0,0
ussd_0214,ussd_s006743,1.6958,0.2642,1.2979,0.663,0
ussd_0302,ussd_s006744,-0.389,0.1742,2.5034,0.0,0
ussd_0046,ussd_s006745,0.5532,0.1012,0.6951,0.0,0
ussd_0425,ussd_s006746,3.7827,0.3628,0.7164,0.0,0
ussd_0387,ussd_s006747,0.9939,1.4221,-0.3918,0.0,0
ussd_0333,ussd_s006748,-0.7429,1.1082,-0.3544,0.0,0
ussd_0266,ussd_s006749,-0.7766,0.3866,0.2103,0.6032,0
ussd_0097,ussd_s006750,1.2115,0.368,-0.4961,0.7079,0
ussd_0259,ussd_s006751,2.767,0.1636,-0.2506,0.0,0
ussd_0233,ussd_s006752,-0.6581,1.2986,-0.2472,0.7872,0
ussd_0003,ussd_s006753,3.8892,2.9432,4.6884,0.9723,1
ussd_0364,ussd_s006754,-0.7819,0.7264,-0.4906,0.0,0
ussd_0096,ussd_s006755,0.9218,0.0069,-0.2509,0.9419,0
ussd_0400,ussd_s006756,-0.1539,0.2534,0.8094,0.0,0
ussd_0441,ussd_s006757,-0.7258,0.6864,1.0994,0.0,0
ussd_0335,ussd_s006758,-0.5434,0.2159,-0.1527,0.0,0
ussd_0430,ussd_s006759,-0.2444,0.6459,-0.4448,0.2721,0
ussd_0139,ussd_s006760,0.4442,2.8289,-0.2769,0.8304,0
ussd_0317,ussd_s006761,-0.7191,1.1573,-0.3401,0.0,0
ussd_0315,ussd_s006762,-0.9303,0.0362,-0.1627,0.0,0
ussd_0270,ussd_s006763,-0.6177,1.0019,0.9898,0.0,0
ussd_0281,ussd_s006764,-0.5069,0.0228,-0.3218,0.0,0
ussd_0226,ussd_s006765,-0.4254,0.3221,-0.425,0.0,0
ussd_0098,ussd_s006766,0.7137,1.4726,1.5558,0.0,0
ussd_0030,ussd_s006767,-0.1788,2.5241,-0.2503,0.0,0
ussd_0254,ussd_s006768,-0.3616,1.2249,-0.0603,0.0,0
ussd_0173,ussd_s006769,0.0552,0.2736,-0.0531,0.0,0
ussd_0139,ussd_s006770,-0.4368,1.0793,-0.2769,0.8304,0
ussd_0135,ussd_s006771,-0.037,0.5587,-0.1157,0.0,0
ussd_0011,ussd_s006772,0.9931,0.2474,0.9773,0.9374,0
ussd_0433,ussd_s006773,0.3655,0.2881,0.1039,0.0,0
ussd_0386,ussd_s006774,1.2621,2.0615,-0.047,0.5229,0
ussd_0140,ussd_s006775,2.8653,0.3633,-0.1488,0.0,0
ussd_0209,ussd_s006776,-0.6018,0.8691,-0.0474,0.0908,0
ussd_0187,ussd_s006777,-0.045,0.8855,-0.1047,0.822,0
ussd_0191,ussd_s006778,2.1611,0.1596,-0.3495,0.0,0
ussd_0448,ussd_s006779,-0.6742,0.913,-0.2068,0.0,0
ussd_0190,ussd_s006780,-0.8128,0.0899,-0.3928,0.0,0
ussd_0442,ussd_s006781,-0.4169,0.8622,-0.17,0.0,0
ussd_0179,ussd_s006782,-0.8867,1.2582,1.3457,0.0,0
ussd_0355,ussd_s006783,0.5449,0.4358,-0.4131,0.0,0
ussd_0079,ussd_s006784,-0.6754,0.8418,0.611,0.0,0
ussd_0191,ussd_s006785,-0.3988,0.3504,-0.3495,0.0,0
ussd_0214,ussd_s006786,-0.9539,1.7091,1.2979,0.663,0
ussd_0446,ussd_s006787,-0.2661,0.002,-0.164,0.0,0
ussd_0262,ussd_s006788,-0.6559,0.1272,-0.0514,0.0,0
ussd_0391,ussd_s006789,-0.1442,0.3859,-0.3385,0.0,0
ussd_0360,ussd_s006790,0.8144,1.2309,-0.5311,0.0,0
ussd_0254,ussd_s006791,-0.3292,2.9262,-0.0603,0.0,0
ussd_0174,ussd_s006792,-0.4679,1.0447,-0.0646,0.8039,0
ussd_0428,ussd_s006793,-0.6352,0.6127,-0.204,0.0,0
ussd_0195,ussd_s006794,0.3875,1.3548,-0.2806,0.0,0
ussd_0092,ussd_s006795,3.2805,1.5801,-0.18,0.0,0
ussd_0203,ussd_s006796,0.748,0.5598,-0.0347,0.0,0
ussd_0199,ussd_s006797,34.5276,2.2843,11.3068,0.8082,1
ussd_0193,ussd_s006798,24.919,0.7988,-0.6907,0.7219,1
ussd_0097,ussd_s006799,-0.8079,0.1179,0.5116,0.7079,0
ussd_0178,ussd_s006800,8.3313,0.9105,5.6201,0.0,1
ussd_0335,ussd_s006801,-0.5464,0.1707,1.5418,0.0,0
ussd_0311,ussd_s006802,10.7039,0.7905,6.6235,0.9915,1
ussd_0006,ussd_s006803,-0.3408,0.9364,-0.0722,0.0,0
ussd_0394,ussd_s006804,4.8144,1.2824,1.76,0.0,0
ussd_0041,ussd_s006805,-0.6152,0.1746,-0.4636,0.0,0
ussd_0255,ussd_s006806,-0.1973,1.7822,-0.3304,0.0,0
ussd_0055,ussd_s006807,1.2323,0.1704,-0.2393,0.6067,0
ussd_0081,ussd_s006808,-0.4914,0.6675,0.6229,0.0,0
ussd_0057,ussd_s006809,0.4703,1.079,-0.1568,0.986,0
ussd_0237,ussd_s006810,-0.2754,1.417,-0.3433,0.0,0
ussd_0222,ussd_s006811,0.1901,0.5549,0.2474,0.0,0
ussd_0256,ussd_s006812,6.8196,0.5297,6.8552,0.9089,1
ussd_0400,ussd_s006813,-0.254,0.7606,-0.3969,0.0,0
ussd_0199,ussd_s006814,-0.8185,0.7949,-0.1795,0.0,0
ussd_0276,ussd_s006815,0.8924,1.1334,-0.3862,0.0,0
ussd_0373,ussd_s006816,0.5481,1.9494,-0.4251,0.0,0
ussd_0153,ussd_s006817,-0.8058,0.7004,-0.2831,0.0,0
ussd_0040,ussd_s006818,0.3316,0.4859,-0.6524,0.0,0
ussd_0249,ussd_s006819,-0.4125,0.1128,0.4303,0.8893,0
ussd_0235,ussd_s006820,-0.079,1.0719,-0.4061,0.0,0
ussd_0180,ussd_s006821,-0.3923,0.1678,-0.2644,0.0,0
ussd_0304,ussd_s006822,1.1186,0.1715,1.1065,0.0,0
ussd_0101,ussd_s006823,1.6378,1.0069,1.0022,0.0,0
ussd_0178,ussd_s006824,-0.0044,0.5278,-0.3982,0.0,0
ussd_0363,ussd_s006825,0.8537,0.6918,-0.0892,0.9519,0
ussd_0388,ussd_s006826,-0.3589,0.8421,-0.1792,0.8787,0
ussd_0001,ussd_s006827,-0.4875,0.1187,-0.2033,0.0,0
ussd_0125,ussd_s006828,-0.4604,0.52,1.2939,0.0,0
ussd_0219,ussd_s006829,-0.3452,1.5944,-0.4967,0.0,0
ussd_0275,ussd_s006830,-0.8433,0.5161,-0.6116,0.787,0
ussd_0262,ussd_s006831,0.4204,1.009,-0.0514,0.0,0
ussd_0284,ussd_s006832,0.0461,0.6819,-0.3243,0.4201,0
ussd_0115,ussd_s006833,-0.0609,0.6821,-0.0045,0.5235,0
ussd_0020,ussd_s006834,-0.5774,1.4426,0.3216,0.0,0
ussd_0090,ussd_s006835,-0.7268,0.5345,0.8222,0.0165,0
ussd_0356,ussd_s006836,0.8818,0.9634,-0.2873,0.9012,0
ussd_0217,ussd_s006837,-0.5273,0.7896,-0.4684,0.0,0
ussd_0272,ussd_s006838,-0.4756,0.8664,-0.364,0.0,0
ussd_0293,ussd_s006839,-0.2504,0.9635,-0.1511,0.0,0
ussd_0441,ussd_s006840,0.3257,0.7061,1.0994,0.0,0
ussd_0235,ussd_s006841,-0.3982,0.4694,0.7818,0.0,0
ussd_0058,ussd_s006842,0.5591,0.245,-0.5123,0.0,0
ussd_0337,ussd_s006843,0.4618,0.8338,-0.1851,0.5151,0
ussd_0163,ussd_s006844,-0.4267,0.8789,1.5704,0.0,0
ussd_0421,ussd_s006845,1.2255,1.0243,-0.0654,0.0,0
ussd_0321,ussd_s006846,-0.0318,0.5239,-0.019,0.0,0
ussd_0035,ussd_s006847,-0.3364,1.0144,1.9775,0.0,0
ussd_0216,ussd_s006848,-0.3838,2.2836,-0.0659,0.0,0
ussd_0081,ussd_s006849,0.0109,0.7162,-0.6754,0.0,0
ussd_0153,ussd_s006850,-0.2446,0.8279,1.1507,0.0,0
ussd_0104,ussd_s006851,-0.0982,0.1633,-0.0379,0.0,0
ussd_0384,ussd_s006852,-0.0786,2.0187,-0.44,0.8505,0
ussd_0092,ussd_s006853,-0.3424,1.5513,-0.18,0.0,0
ussd_0412,ussd_s006854,0.4009,0.627,-0.4863,0.0,0
ussd_0154,ussd_s006855,0.4115,0.1819,-0.5491,0.0,0
ussd_0146,ussd_s006856,0.4357,1.1399,-0.1106,0.0,0
ussd_0254,ussd_s006857,-0.6682,0.4086,-0.0603,0.0,0
ussd_0403,ussd_s006858,0.7599,0.5181,-0.303,0.0,0
ussd_0368,ussd_s006859,-0.4113,2.2728,-0.0781,0.0,0
ussd_0132,ussd_s006860,2.1002,0.3244,1.2353,0.0,0
ussd_0323,ussd_s006861,-0.0745,0.6487,-0.1924,0.5402,0
ussd_0313,ussd_s006862,-0.4655,0.2694,-0.0473,0.0,0
ussd_0443,ussd_s006863,-0.4559,0.3504,-0.2465,0.0,0
ussd_0041,ussd_s006864,0.1574,0.3988,-0.4636,0.0,0
ussd_0202,ussd_s006865,-0.8931,1.02,-0.0483,0.0,0
ussd_0227,ussd_s006866,-0.1899,0.6199,-0.0417,0.0,0
ussd_0060,ussd_s006867,-0.2981,0.4383,0.2763,0.0,0
ussd_0331,ussd_s006868,0.6594,0.5825,-0.2283,0.0,0
ussd_0428,ussd_s006869,-0.2685,1.6659,1.3881,0.0,0
ussd_0126,ussd_s006870,-0.4673,0.1635,-0.1537,0.4802,0
ussd_0426,ussd_s006871,-0.5658,1.1547,-0.4251,0.5158,0
ussd_0393,ussd_s006872,-0.4525,0.8618,-0.5382,0.0,0
ussd_0349,ussd_s006873,-0.2471,0.3171,-0.4904,0.0,0
ussd_0152,ussd_s006874,-0.5806,0.8531,-0.5608,0.0,0
ussd_0309,ussd_s006875,-0.1827,0.2521,-0.1466,0.0,0
ussd_0210,ussd_s006876,-0.5755,0.2882,-0.5853,0.0,0
ussd_0408,ussd_s006877,-0.6723,0.6962,-0.5987,0.0,0
ussd_0129,ussd_s006878,0.0305,0.0801,0.678,0.9109,0
ussd_0303,ussd_s006879,-0.8193,0.6327,1.4302,0.8018,0
ussd_0077,ussd_s006880,6.5631,0.6994,7.1757,0.0,1
ussd_0385,ussd_s006881,-0.7117,0.4266,-0.2846,0.772,0
ussd_0391,ussd_s006882,-0.2217,0.5433,-0.3385,0.0,0
ussd_0037,ussd_s006883,0.4263,0.7476,0.2932,0.0,0
ussd_0003,ussd_s006884,0.5147,0.6552,0.3127,0.9723,0
ussd_0113,ussd_s006885,-0.8765,0.0669,-0.5926,0.0,0
ussd_0081,ussd_s006886,-0.7262,0.3203,1.9213,0.0,0
ussd_0432,ussd_s006887,-0.6142,2.5838,-0.2825,0.0,0
ussd_0070,ussd_s006888,-0.2897,0.86,-0.1596,0.0,0
ussd_0336,ussd_s006889,-0.0396,1.9142,-0.4944,0.0,0
ussd_0182,ussd_s006890,-0.2849,0.9233,0.1462,0.9517,0
ussd_0180,ussd_s006891,-0.676,1.4808,-0.2644,0.0,0
ussd_0435,ussd_s006892,0.036,1.764,1.1183,0.679,0
ussd_0445,ussd_s006893,0.3301,1.3975,-0.5449,0.0,0
ussd_0034,ussd_s006894,-0.0109,1.1429,-0.4028,0.1524,0
ussd_0372,ussd_s006895,-0.63,0.307,-0.3382,0.0,0
ussd_0224,ussd_s006896,-0.6239,0.7183,-0.2677,0.0,0
ussd_0232,ussd_s006897,-0.4049,2.0391,-0.5171,0.0,0
ussd_0170,ussd_s006898,-0.6378,0.0799,-0.3011,0.0,0
ussd_0225,ussd_s006899,-0.3123,0.8058,-0.0297,0.0,0
ussd_0144,ussd_s006900,-0.8253,1.049,0.8621,0.7224,0
ussd_0251,ussd_s006901,-0.2796,2.5745,0.5812,0.0,0
ussd_0191,ussd_s006902,4.1806,0.9084,3.5535,0.9979,1
ussd_0021,ussd_s006903,1.1759,0.9501,4.2757,0.7273,1
ussd_0329,ussd_s006904,-0.3042,0.4271,0.5087,0.0,0
ussd_0136,ussd_s006905,-0.414,1.7636,0.618,0.2943,0
ussd_0128,ussd_s006906,-0.2795,1.3563,-0.0275,0.0,0
ussd_0433,ussd_s006907,-0.6349,2.1075,0.8398,0.0,0
ussd_0337,ussd_s006908,0.4409,0.7913,-0.1851,0.5151,0
ussd_0141,ussd_s006909,0.116,0.838,0.2081,0.4236,0
ussd_0428,ussd_s006910,-0.5828,0.1458,-0.204,0.0,0
ussd_0024,ussd_s006911,-0.3402,1.8746,-0.042,0.9298,0
ussd_0027,ussd_s006912,-0.5109,0.3999,-0.388,0.0,0
ussd_0330,ussd_s006913,-0.7243,0.6406,-0.3973,0.0,0
ussd_0116,ussd_s006914,3.9394,0.2468,7.6783,0.0,1
ussd_0012,ussd_s006915,-0.8081,0.5115,-0.3088,0.0,0
ussd_0356,ussd_s006916,-0.3901,0.8838,1.138,0.9012,0
ussd_0389,ussd_s006917,-0.4908,0.7409,-0.3543,0.7365,0
ussd_0282,ussd_s006918,0.3079,2.0535,-0.4859,0.0,0
ussd_0112,ussd_s006919,-0.3723,0.6671,-0.3152,0.7593,0
ussd_0315,ussd_s006920,1.128,1.3068,-0.1627,0.0,0
ussd_0039,ussd_s006921,0.3888,1.1422,-0.6517,0.0,0
ussd_0383,ussd_s006922,-0.5521,0.608,-0.1407,0.8163,0
ussd_0155,ussd_s006923,-0.1297,0.1612,0.4789,0.0,0
ussd_0400,ussd_s006924,-0.3318,1.3275,0.8094,0.0,0
ussd_0401,ussd_s006925,0.3126,0.7443,1.5907,0.0,0
ussd_0366,ussd_s006926,0.8169,0.9693,-0.2035,0.0,0
ussd_0064,ussd_s006927,-0.4546,0.3138,-0.3041,0.0,0
ussd_0308,ussd_s006928,0.5658,1.6027,-0.0672,0.0,0
ussd_0140,ussd_s006929,-0.0854,0.704,-0.1488,0.0,0
ussd_0439,ussd_s006930,-0.0848,0.2775,-0.3837,0.5928,0
ussd_0215,ussd_s006931,0.3417,1.2786,0.6632,0.0,0
ussd_0116,ussd_s006932,-0.3991,0.1302,-0.0357,0.0,0
ussd_0196,ussd_s006933,0.0776,1.1685,-0.4157,0.4478,0
ussd_0279,ussd_s006934,0.6615,0.5584,-0.3304,0.0,0
ussd_0346,ussd_s006935,-0.1876,1.0303,1.7616,0.0,0
ussd_0414,ussd_s006936,0.1143,0.4369,-0.0307,0.8194,0
ussd_0298,ussd_s006937,-0.4013,0.0625,-0.047,0.0,0
ussd_0360,ussd_s006938,-0.3971,2.5972,0.4068,0.0,0
ussd_0006,ussd_s006939,0.6831,1.8025,-0.0722,0.0,0
ussd_0430,ussd_s006940,-0.2148,1.4682,-0.4448,0.2721,0
ussd_0054,ussd_s006941,1.07,2.6837,-0.1483,0.5714,0
ussd_0191,ussd_s006942,-0.0642,1.3504,-0.3495,0.0,0
ussd_0025,ussd_s006943,5.0496,0.0205,5.5633,0.9486,1
ussd_0110,ussd_s006944,-0.0352,0.5273,-0.3506,0.0,0
ussd_0395,ussd_s006945,-0.6597,0.5773,-0.4302,0.0,0
ussd_0041,ussd_s006946,-0.3054,1.8365,1.6821,0.0,0
ussd_0414,ussd_s006947,-0.6472,0.7367,0.6156,0.8194,0
ussd_0140,ussd_s006948,-0.4542,0.5678,-0.1488,0.0,0
ussd_0146,ussd_s006949,1.3644,1.0678,-0.1106,0.0,0
ussd_0195,ussd_s006950,-0.2325,0.7888,-0.2806,0.0,0
ussd_0105,ussd_s006951,0.2724,0.6855,0.0454,0.8648,0
ussd_0363,ussd_s006952,-0.3407,0.6946,-0.0892,0.9519,0
ussd_0186,ussd_s006953,-0.3654,1.1437,-0.4026,0.087,0
ussd_0121,ussd_s006954,-0.1251,0.9812,0.9741,0.3602,0
ussd_0108,ussd_s006955,-0.2462,0.0441,-0.4641,0.4636,0
ussd_0065,ussd_s006956,-0.4971,0.1743,-0.3807,0.0,0
ussd_0197,ussd_s006957,-0.5564,1.3659,0.8574,0.0,0
ussd_0075,ussd_s006958,-0.4993,0.208,-0.174,0.0,0
ussd_0265,ussd_s006959,-0.3296,0.7179,-0.2231,0.0,0
ussd_0034,ussd_s006960,-0.5198,0.1876,-0.4028,0.1524,0
ussd_0097,ussd_s006961,-0.6694,0.4329,0.5116,0.7079,0
ussd_0076,ussd_s006962,-0.6347,0.6518,0.8264,0.0,0
ussd_0444,ussd_s006963,-0.3685,1.6052,-0.356,0.0,0
ussd_0081,ussd_s006964,0.9706,1.9304,-0.6754,0.0,0
ussd_0405,ussd_s006965,-0.425,0.5602,-0.1595,0.0,0
ussd_0184,ussd_s006966,-0.4054,0.5184,-0.375,0.5665,0
ussd_0295,ussd_s006967,-0.3914,1.1681,-0.1366,0.0,0
ussd_0164,ussd_s006968,0.6048,0.8179,1.6285,0.0,0
ussd_0148,ussd_s006969,-0.2598,0.4334,-0.509,0.0,0
ussd_0296,ussd_s006970,-0.3522,1.8872,0.5456,0.0,0
ussd_0363,ussd_s006971,-0.2025,1.7297,-0.0892,0.9519,0
ussd_0338,ussd_s006972,1.0819,0.5456,-0.1227,0.0,0
ussd_0443,ussd_s006973,0.7268,0.2977,-0.2465,0.0,0
ussd_0207,ussd_s006974,-0.818,2.2024,-0.1689,0.2923,0
ussd_0094,ussd_s006975,-0.5041,0.3481,-0.2243,0.0,0
ussd_0374,ussd_s006976,-0.6805,0.9001,-0.3138,0.0,0
ussd_0302,ussd_s006977,-0.8406,0.3136,-0.2993,0.0,0
ussd_0233,ussd_s006978,-0.8836,1.1504,-0.2472,0.7872,0
ussd_0268,ussd_s006979,0.6944,0.1863,-0.0551,0.0,0
ussd_0434,ussd_s006980,-0.1104,0.7677,-0.2715,0.0,0
ussd_0447,ussd_s006981,-0.3985,1.6295,-0.4084,0.0,0
ussd_0434,ussd_s006982,0.3425,0.2774,-0.2715,0.0,0
ussd_0429,ussd_s006983,-0.7321,0.6329,1.6278,0.0,0
ussd_0164,ussd_s006984,0.1529,0.3429,-0.4743,0.0,0
ussd_0283,ussd_s006985,0.7167,0.5627,-0.4815,0.0953,0
ussd_0207,ussd_s006986,-0.6129,0.3025,-0.1689,0.2923,0
ussd_0194,ussd_s006987,-0.6608,1.3989,-0.4927,0.6378,0
ussd_0309,ussd_s006988,-0.4179,0.3187,-0.1466,0.0,0
ussd_0124,ussd_s006989,-0.2735,0.2223,-0.443,0.0,0
ussd_0318,ussd_s006990,-0.3414,0.4578,-0.2747,0.5436,0
ussd_0292,ussd_s006991,-0.29,0.2739,-0.3993,0.0,0
ussd_0039,ussd_s006992,8.1721,3.3203,2.1344,0.7229,1
ussd_0033,ussd_s006993,0.5317,0.2946,1.4032,0.0,0
ussd_0255,ussd_s006994,0.3271,1.0548,-0.3304,0.0,0
ussd_0439,ussd_s006995,-0.3279,0.7112,-0.3837,0.5928,0
ussd_0399,ussd_s006996,-0.5422,0.0277,-0.031,0.0,0
ussd_0000,ussd_s006997,6.996,0.6599,2.9821,0.3567,1
ussd_0358,ussd_s006998,-0.7294,0.6014,-0.1161,0.0,0
ussd_0267,ussd_s006999,-0.5656,0.1439,-0.3244,0.8579,0
ussd_0091,ussd_s007000,1.8155,0.9522,8.3753,0.9883,1
ussd_0405,ussd_s007001,2.1889,0.7984,-0.1595,0.0,0
ussd_0321,ussd_s007002,-0.1335,0.8049,-0.019,0.0,0
ussd_0139,ussd_s007003,-0.1277,1.1076,-0.2769,0.8304,0
ussd_0110,ussd_s007004,0.9815,0.3802,-0.3506,0.0,0
ussd_0321,ussd_s007005,-0.7343,0.1412,-0.019,0.0,0
ussd_0332,ussd_s007006,-0.6577,0.8783,-0.1385,0.0,0
ussd_0071,ussd_s007007,0.3252,0.4044,-0.2102,0.0,0
ussd_0130,ussd_s007008,5.256,0.2451,1.6169,0.8828,1
ussd_0398,ussd_s007009,-0.8432,1.3071,-0.3386,0.0,0
ussd_0182,ussd_s007010,1.5473,0.6522,-0.6179,0.9517,0
ussd_0061,ussd_s007011,-0.8213,0.7539,-0.5219,0.8677,0
ussd_0031,ussd_s007012,0.1511,1.3886,-0.4503,0.0,0
ussd_0379,ussd_s007013,-0.3932,1.0874,-0.5394,0.0,0
ussd_0189,ussd_s007014,-0.2904,0.1637,-0.4537,0.0,0
ussd_0065,ussd_s007015,-0.559,0.5038,-0.3807,0.0,0
ussd_0058,ussd_s007016,0.2237,1.058,-0.5123,0.0,0
ussd_0292,ussd_s007017,-0.5109,2.5125,-0.3993,0.0,0
ussd_0012,ussd_s007018,2.2833,0.174,1.0735,0.0,0
ussd_0296,ussd_s007019,-0.3101,0.0161,-0.4848,0.0,0
ussd_0023,ussd_s007020,-0.6603,2.5352,-0.4193,0.0,0
ussd_0216,ussd_s007021,-0.6318,0.8762,-0.0659,0.0,0
ussd_0296,ussd_s007022,-0.4703,1.2452,-0.4848,0.0,0
ussd_0330,ussd_s007023,-0.1259,0.2342,0.8081,0.0,0
ussd_0309,ussd_s007024,-0.6034,0.8941,-0.1466,0.0,0
ussd_0356,ussd_s007025,1.7004,1.1039,-0.2873,0.9012,0
ussd_0330,ussd_s007026,0.1893,0.994,-0.3973,0.0,0
ussd_0057,ussd_s007027,-0.4688,0.4281,-0.1568,0.986,0
ussd_0140,ussd_s007028,-0.93,1.556,-0.1488,0.0,0
ussd_0326,ussd_s007029,-0.8033,0.0842,-0.0673,0.0957,0
ussd_0318,ussd_s007030,-0.7127,0.2558,1.1758,0.5436,0
ussd_0426,ussd_s007031,0.046,0.0485,-0.4251,0.5158,0
ussd_0059,ussd_s007032,-0.7625,0.816,0.8238,0.0,0
ussd_0148,ussd_s007033,-0.6765,0.0252,-0.509,0.0,0
ussd_0329,ussd_s007034,2.9228,0.4089,-0.4971,0.0,0
ussd_0145,ussd_s007035,-0.637,0.6225,0.0318,0.6273,0
ussd_0073,ussd_s007036,0.4093,0.5343,0.0983,0.0,0
ussd_0438,ussd_s007037,-0.2283,0.3689,1.2002,0.8982,0
ussd_0362,ussd_s007038,-0.3787,0.2421,2.1946,0.0,0
ussd_0357,ussd_s007039,8.009,0.4045,2.7482,0.8189,1
ussd_0329,ussd_s007040,-0.6258,0.6499,-0.4971,0.0,0
ussd_0098,ussd_s007041,0.1413,0.5108,-0.1481,0.0,0
ussd_0399,ussd_s007042,4.5185,0.4517,-0.031,0.0,0
ussd_0028,ussd_s007043,-0.742,1.0451,-0.5506,0.0,0
ussd_0231,ussd_s007044,-0.7265,0.8301,0.0238,0.0,0
ussd_0351,ussd_s007045,0.776,0.2285,-0.3952,0.0222,0
ussd_0199,ussd_s007046,-0.0067,0.5656,-0.1795,0.0,0
ussd_0298,ussd_s007047,-0.1546,0.5344,-0.047,0.0,0
ussd_0028,ussd_s007048,-0.744,0.5048,1.2472,0.0,0
ussd_0021,ussd_s007049,1.2547,0.1951,0.7586,0.0,0
ussd_0212,ussd_s007050,-0.6556,0.9436,-0.0421,0.0,0
ussd_0346,ussd_s007051,0.5299,0.4602,-0.4477,0.0,0
ussd_0348,ussd_s007052,0.3146,0.0302,-0.2464,0.0,0
ussd_0052,ussd_s007053,-0.2332,1.1776,-0.2057,0.5566,0
ussd_0133,ussd_s007054,3.7401,0.0561,3.5523,0.7017,1
ussd_0013,ussd_s007055,1.5241,1.1648,-0.3241,0.0,0
ussd_0120,ussd_s007056,0.1301,0.8842,1.3465,0.0,0
ussd_0122,ussd_s007057,0.0472,0.0024,-0.1654,0.0,0
ussd_0028,ussd_s007058,-0.936,0.2328,0.3483,0.0,0
ussd_0052,ussd_s007059,-0.6569,0.3173,-0.2057,0.5566,0
ussd_0300,ussd_s007060,0.2786,1.8683,-0.6719,0.0,0
ussd_0088,ussd_s007061,1.1903,0.4248,-0.6782,0.0,0
ussd_0264,ussd_s007062,-0.5659,0.0444,-0.5522,0.9204,0
ussd_0122,ussd_s007063,1.5795,0.4624,-0.1654,0.0,0
ussd_0153,ussd_s007064,-0.7136,1.7595,1.1507,0.0,0
ussd_0248,ussd_s007065,-0.0795,0.283,-0.5853,0.0,0
ussd_0376,ussd_s007066,-0.5921,0.7957,-0.5201,0.0143,0
ussd_0320,ussd_s007067,-0.2797,0.3765,-0.3343,0.0802,0
ussd_0049,ussd_s007068,-0.918,0.2128,-0.1461,0.0,0
ussd_0386,ussd_s007069,-0.0902,1.9843,-0.047,0.5229,0
ussd_0335,ussd_s007070,8.4212,0.8692,6.6254,0.676,1
ussd_0214,ussd_s007071,-0.4523,0.5259,0.3787,0.663,0
ussd_0119,ussd_s007072,-0.82,0.9485,-0.266,0.0,0
ussd_0081,ussd_s007073,-0.5219,1.7338,0.6229,0.0,0
ussd_0253,ussd_s007074,3.5738,0.0969,-0.1831,0.0,0
ussd_0408,ussd_s007075,-0.5883,2.0901,-0.5987,0.0,0
ussd_0273,ussd_s007076,-0.5187,0.6091,-0.3565,0.0,0
ussd_0217,ussd_s007077,0.4118,0.0445,-0.4684,0.0,0
ussd_0398,ussd_s007078,-0.4403,1.5978,-0.3386,0.0,0
ussd_0151,ussd_s007079,-0.3719,0.8446,-0.3497,0.0479,0
ussd_0322,ussd_s007080,9.3917,1.6414,5.5371,0.7289,1
ussd_0050,ussd_s007081,2.1319,1.5601,2.9862,0.0,1
ussd_0037,ussd_s007082,-0.2788,0.651,0.2932,0.0,0
ussd_0034,ussd_s007083,0.2917,1.374,0.7917,0.1524,0
ussd_0071,ussd_s007084,-0.6238,0.4445,-0.2102,0.0,0
ussd_0324,ussd_s007085,-0.5089,1.3178,-0.2742,0.0,0
ussd_0422,ussd_s007086,1.0498,0.2117,1.664,0.7109,0
ussd_0343,ussd_s007087,0.4467,0.3969,-0.1302,0.0,0
ussd_0345,ussd_s007088,0.4534,0.2922,-0.2127,0.0,0
ussd_0388,ussd_s007089,-0.2493,2.0408,-0.1792,0.8787,0
ussd_0389,ussd_s007090,-0.7751,1.4929,-0.3543,0.7365,0
ussd_0023,ussd_s007091,1.2902,0.5723,-0.4193,0.0,0
ussd_0223,ussd_s007092,7.0461,2.6029,7.3944,0.0,1
ussd_0142,ussd_s007093,0.2756,0.0274,-0.4466,0.0,0
ussd_0222,ussd_s007094,-0.236,1.0077,-0.5842,0.0,0
ussd_0352,ussd_s007095,0.1603,0.2372,-0.6599,0.0,0
ussd_0361,ussd_s007096,-0.6629,0.4676,-0.1189,0.0474,0
ussd_0131,ussd_s007097,2.0302,0.9041,-0.0764,0.0,0
ussd_0302,ussd_s007098,0.9265,0.4439,-0.2993,0.0,0
ussd_0282,ussd_s007099,0.1386,0.5701,1.5707,0.0,0
ussd_0342,ussd_s007100,-0.4923,1.9223,-0.4116,0.0,0
ussd_0323,ussd_s007101,0.1685,0.8522,1.4229,0.5402,0
ussd_0285,ussd_s007102,1.0483,1.4959,0.1607,0.0,0
ussd_0357,ussd_s007103,-0.0522,1.0575,-0.2504,0.0,0
ussd_0169,ussd_s007104,-0.638,0.7219,1.0859,0.0,0
ussd_0426,ussd_s007105,-0.8654,0.5464,-0.4251,0.5158,0
ussd_0133,ussd_s007106,-0.8355,0.4249,-0.3497,0.531,0
ussd_0374,ussd_s007107,-0.5992,0.284,-0.3138,0.0,0
ussd_0342,ussd_s007108,-0.3381,1.6329,-0.0193,0.0,0
ussd_0169,ussd_s007109,-0.4473,0.4752,-0.106,0.0,0
ussd_0385,ussd_s007110,3.5598,0.3882,-0.2846,0.772,0
ussd_0234,ussd_s007111,1.2858,0.7174,-0.2617,0.0,0
ussd_0329,ussd_s007112,-0.8444,0.3131,-0.4971,0.0,0
ussd_0355,ussd_s007113,-0.4409,0.3669,-0.4131,0.0,0
ussd_0307,ussd_s007114,1.2593,2.415,-0.7671,0.0,0
ussd_0174,ussd_s007115,-0.7406,1.5024,-0.0646,0.8039,0
ussd_0426,ussd_s007116,-0.8028,0.5906,-0.4251,0.5158,0
ussd_0187,ussd_s007117,-0.3093,0.8878,-0.1047,0.822,0
ussd_0159,ussd_s007118,-0.7688,0.497,-0.0377,0.0,0
ussd_0342,ussd_s007119,0.8324,1.4744,0.7652,0.0,0
ussd_0265,ussd_s007120,7.4025,1.9768,5.9922,0.0,1
ussd_0271,ussd_s007121,-0.8511,1.8487,-0.1323,0.6586,0
ussd_0152,ussd_s007122,-0.3985,0.7092,-0.5608,0.0,0
ussd_0093,ussd_s007123,0.4492,1.3158,-0.1136,0.7111,0
ussd_0332,ussd_s007124,7.2918,0.8795,3.3077,0.8028,1
ussd_0341,ussd_s007125,-0.6852,0.904,0.6838,0.0,0
ussd_0409,ussd_s007126,-0.6169,0.4848,-0.2406,0.0,0
ussd_0258,ussd_s007127,-0.6522,1.5637,-0.0176,0.0,0
ussd_0231,ussd_s007128,-0.8861,0.5217,0.7063,0.0,0
ussd_0188,ussd_s007129,-0.565,1.246,-0.3934,0.0,0
ussd_0051,ussd_s007130,-0.7723,1.3921,-0.297,0.0,0
ussd_0367,ussd_s007131,-0.6884,0.5577,-0.0301,0.1755,0
ussd_0241,ussd_s007132,-0.4138,0.2723,-0.4608,0.0,0
ussd_0094,ussd_s007133,0.0506,1.1926,-0.2243,0.0,0
ussd_0415,ussd_s007134,-0.3582,0.1738,-0.2031,0.0,0
ussd_0335,ussd_s007135,-0.2231,0.3404,-0.1527,0.0,0
ussd_0348,ussd_s007136,-0.0745,0.3466,-0.2464,0.0,0
ussd_0195,ussd_s007137,-0.5058,0.2143,-0.2806,0.0,0
ussd_0119,ussd_s007138,-0.5037,1.5145,1.202,0.0,0
ussd_0004,ussd_s007139,-0.5663,1.5473,-0.5538,0.0,0
ussd_0327,ussd_s007140,-0.8726,0.0418,-0.4941,0.0,0
ussd_0292,ussd_s007141,-0.8432,2.057,-0.3993,0.0,0
ussd_0078,ussd_s007142,-0.8033,0.389,2.5023,0.0,0
ussd_0069,ussd_s007143,-0.7398,1.452,-0.251,0.8844,0
ussd_0056,ussd_s007144,-0.2948,1.5885,-0.3542,0.0,0
ussd_0053,ussd_s007145,-0.0058,0.2411,-0.4112,0.0,0
ussd_0181,ussd_s007146,0.166,0.4099,-0.2,0.7457,0
ussd_0215,ussd_s007147,-0.6557,0.1807,2.8808,0.0,0
ussd_0181,ussd_s007148,0.142,0.1812,-0.2,0.7457,0
ussd_0146,ussd_s007149,-0.5908,1.2738,-0.1106,0.0,0
ussd_0053,ussd_s007150,-0.524,1.1727,-0.4112,0.0,0
ussd_0382,ussd_s007151,-0.2624,0.0667,0.5387,0.0,0
ussd_0371,ussd_s007152,-0.5224,0.5261,-0.269,0.0,0
ussd_0154,ussd_s007153,-0.5036,0.3779,-0.5491,0.0,0
ussd_0159,ussd_s007154,0.0097,0.3216,-0.0377,0.0,0
ussd_0233,ussd_s007155,-0.2143,0.0286,-0.2472,0.7872,0
ussd_0306,ussd_s007156,1.3025,0.8001,-0.029,0.6558,0
ussd_0041,ussd_s007157,-0.3546,1.2786,0.6093,0.0,0
ussd_0437,ussd_s007158,-0.3918,0.1845,-0.0896,0.0,0
ussd_0050,ussd_s007159,-0.4509,0.087,-0.6376,0.0,0
ussd_0261,ussd_s007160,-0.1897,0.904,-0.3923,0.0,0
ussd_0235,ussd_s007161,-0.4986,1.9082,-0.4061,0.0,0
ussd_0117,ussd_s007162,0.2222,0.5016,-0.1106,0.0,0
ussd_0359,ussd_s007163,-0.0434,0.7974,0.458,0.0,0
ussd_0061,ussd_s007164,-0.4281,0.7934,1.3906,0.8677,0
ussd_0106,ussd_s007165,-0.7874,0.5874,-0.4215,0.783,0
ussd_0235,ussd_s007166,-0.4179,1.1421,-0.4061,0.0,0
ussd_0067,ussd_s007167,-0.7554,0.2419,-0.0935,0.0,0
ussd_0331,ussd_s007168,-0.199,0.834,-0.2283,0.0,0
ussd_0427,ussd_s007169,4.0141,1.5122,-0.0144,0.8555,0
ussd_0409,ussd_s007170,0.0132,0.3346,-0.2406,0.0,0
ussd_0196,ussd_s007171,-0.2358,0.0496,-0.4157,0.4478,0
ussd_0136,ussd_s007172,0.04,0.8718,-0.6764,0.2943,0
ussd_0285,ussd_s007173,-0.9044,0.1656,0.1607,0.0,0
ussd_0091,ussd_s007174,-0.4527,0.0841,-0.1477,0.0,0
ussd_0101,ussd_s007175,-0.6907,1.5637,-0.3326,0.0,0
ussd_0398,ussd_s007176,-0.196,1.9007,-0.3386,0.0,0
ussd_0413,ussd_s007177,-0.7104,0.7096,0.5695,0.1418,0
ussd_0266,ussd_s007178,-0.0443,0.7896,0.2103,0.6032,0
ussd_0387,ussd_s007179,0.4217,1.8722,0.8247,0.0,0
ussd_0277,ussd_s007180,4.2239,1.4202,3.9303,0.9062,1
ussd_0187,ussd_s007181,-0.467,0.4534,-0.1047,0.822,0
ussd_0236,ussd_s007182,-0.6709,0.6465,-0.2892,0.5753,0
ussd_0318,ussd_s007183,-0.5755,1.4327,2.6264,0.5436,0
ussd_0232,ussd_s007184,-0.562,0.8551,-0.5171,0.0,0
ussd_0014,ussd_s007185,-0.5253,1.3145,-0.3953,0.0,0
ussd_0197,ussd_s007186,0.2405,0.4167,-0.3809,0.0,0
ussd_0018,ussd_s007187,-0.9234,1.7265,-0.3891,0.0,0
ussd_0346,ussd_s007188,1.816,0.5347,-0.4477,0.0,0
ussd_0026,ussd_s007189,-0.6799,0.6444,-0.3359,0.0,0
ussd_0340,ussd_s007190,-0.7139,0.4778,-0.2047,0.0,0
ussd_0167,ussd_s007191,-0.7475,0.1562,0.1459,0.0,0
ussd_0180,ussd_s007192,0.3133,0.1358,1.2069,0.0,0
ussd_0147,ussd_s007193,1.3809,0.8542,0.3435,0.0,0
ussd_0045,ussd_s007194,-0.0583,1.2141,-0.3986,0.7862,0
ussd_0230,ussd_s007195,-0.4876,0.6841,-0.32,0.0,0
ussd_0329,ussd_s007196,0.9556,0.5366,0.5087,0.0,0
ussd_0378,ussd_s007197,-0.9462,0.9196,-0.3986,0.0,0
ussd_0336,ussd_s007198,-0.5477,0.2084,3.55,0.0,0
ussd_0140,ussd_s007199,-0.4407,1.2762,-0.1488,0.0,0
ussd_0127,ussd_s007200,0.0894,0.6512,1.1181,0.0,0
ussd_0323,ussd_s007201,3.6592,1.0167,-0.1924,0.5402,0
ussd_0097,ussd_s007202,-0.8059,0.169,0.5116,0.7079,0
ussd_0238,ussd_s007203,-0.9169,1.3691,-0.1474,0.0,0
ussd_0206,ussd_s007204,-0.5695,0.6841,-0.0379,0.0,0
ussd_0222,ussd_s007205,-0.6517,1.1841,-0.5842,0.0,0
ussd_0325,ussd_s007206,-0.5306,0.5282,-0.1796,0.0,0
ussd_0136,ussd_s007207,-0.1085,1.4733,-0.0292,0.2943,0
ussd_0392,ussd_s007208,0.0142,3.4019,-0.4251,0.9428,0
ussd_0446,ussd_s007209,0.3167,1.1292,-0.164,0.0,0
ussd_0397,ussd_s007210,-0.3013,0.656,-0.4162,0.0,0
ussd_0265,ussd_s007211,-0.0557,0.2485,-0.2231,0.0,0
ussd_0230,ussd_s007212,-0.7525,0.3671,-0.32,0.0,0
ussd_0397,ussd_s007213,-0.62,1.5956,-0.4162,0.0,0
ussd_0174,ussd_s007214,-0.538,0.9054,-0.0646,0.8039,0
ussd_0188,ussd_s007215,-0.8432,0.0375,-0.3934,0.0,0
ussd_0303,ussd_s007216,-0.7872,0.0201,-0.1899,0.8018,0
ussd_0001,ussd_s007217,-0.2256,0.4559,-0.2033,0.0,0
ussd_0265,ussd_s007218,-0.2659,0.7439,-0.2231,0.0,0
ussd_0430,ussd_s007219,1.0911,2.0364,0.6657,0.2721,0
ussd_0279,ussd_s007220,-0.297,0.8716,-0.3304,0.0,0
ussd_0332,ussd_s007221,0.1278,1.0065,-0.1385,0.0,0
ussd_0187,ussd_s007222,-0.76,2.1304,-0.1047,0.822,0
ussd_0050,ussd_s007223,-0.6071,0.0337,0.0871,0.0,0
ussd_0037,ussd_s007224,-0.6116,0.8506,-0.5689,0.0,0
ussd_0062,ussd_s007225,-0.3505,0.7677,0.204,0.0,0
ussd_0343,ussd_s007226,-0.5345,0.5843,-0.1302,0.0,0
ussd_0228,ussd_s007227,0.4267,0.0327,-0.533,0.0,0
ussd_0103,ussd_s007228,-0.1142,1.1345,-0.3125,0.0,0
ussd_0160,ussd_s007229,4.6887,2.3121,1.2481,0.879,0
ussd_0373,ussd_s007230,0.0269,0.739,-0.4251,0.0,0
ussd_0099,ussd_s007231,0.0345,0.6206,-0.0273,0.0,0
ussd_0380,ussd_s007232,-0.4225,0.6048,-0.228,0.697,0
ussd_0083,ussd_s007233,-0.1335,1.2293,-0.3606,0.0,0
ussd_0077,ussd_s007234,0.2667,0.8086,-0.0916,0.0,0
ussd_0418,ussd_s007235,-0.7082,0.5168,-0.4902,0.0,0
ussd_0289,ussd_s007236,-0.8165,0.4817,-0.2531,0.9908,0
ussd_0168,ussd_s007237,-0.5967,0.1763,0.1449,0.1778,0
ussd_0132,ussd_s007238,0.877,0.255,-0.2549,0.0,0
ussd_0033,ussd_s007239,0.6153,0.7706,-0.1989,0.0,0
ussd_0197,ussd_s007240,-0.1899,0.7206,-0.3809,0.0,0
ussd_0047,ussd_s007241,-0.8203,0.1531,0.8015,0.8009,0
ussd_0068,ussd_s007242,2.548,0.9874,5.5007,0.2031,1
ussd_0105,ussd_s007243,-0.5377,1.2024,0.0454,0.8648,0
ussd_0217,ussd_s007244,-0.6053,0.5782,-0.4684,0.0,0
ussd_0098,ussd_s007245,3.5452,2.2618,-0.1481,0.0,0
ussd_0127,ussd_s007246,0.6677,0.079,-0.294,0.0,0
ussd_0112,ussd_s007247,0.6174,0.0975,-0.3152,0.7593,0
ussd_0368,ussd_s007248,-0.9315,0.288,-0.0781,0.0,0
ussd_0086,ussd_s007249,2.9381,0.5646,1.23,0.5947,0
ussd_0362,ussd_s007250,0.7201,0.225,-0.3611,0.0,0
ussd_0119,ussd_s007251,-0.6708,0.3293,-0.266,0.0,0
ussd_0352,ussd_s007252,-0.5823,0.4327,1.3805,0.0,0
ussd_0332,ussd_s007253,-0.4902,2.4417,-0.1385,0.0,0
ussd_0304,ussd_s007254,-0.7077,0.3229,-0.2978,0.0,0
ussd_0422,ussd_s007255,0.8441,0.246,-0.112,0.7109,0
ussd_0061,ussd_s007256,-0.7352,0.5414,0.4344,0.8677,0
ussd_0444,ussd_s007257,0.2191,0.2043,-0.356,0.0,0
ussd_0077,ussd_s007258,-0.4473,1.2296,-0.0916,0.0,0
ussd_0306,ussd_s007259,-0.5593,1.6367,-0.029,0.6558,0
ussd_0350,ussd_s007260,-0.4977,2.4445,-0.2522,0.0,0
ussd_0206,ussd_s007261,-0.8461,1.2259,-0.0379,0.0,0
ussd_0131,ussd_s007262,0.1153,0.391,-0.0764,0.0,0
ussd_0083,ussd_s007263,0.4847,1.1288,-0.3606,0.0,0
ussd_0068,ussd_s007264,-0.0967,0.9325,-0.0713,0.2031,0
ussd_0170,ussd_s007265,0.3486,0.6788,-0.3011,0.0,0
ussd_0154,ussd_s007266,-0.7471,0.3578,-0.5491,0.0,0
ussd_0385,ussd_s007267,-0.1617,0.1464,-0.2846,0.772,0
ussd_0345,ussd_s007268,-0.4195,0.3167,-0.2127,0.0,0
ussd_0101,ussd_s007269,0.5897,0.5495,2.3371,0.0,0
ussd_0010,ussd_s007270,-0.1551,1.5527,-0.111,0.0,0
ussd_0399,ussd_s007271,-0.5971,0.9907,-0.031,0.0,0
ussd_0202,ussd_s007272,-0.1572,0.1041,-0.0483,0.0,0
ussd_0411,ussd_s007273,-0.7037,0.4678,-0.0558,0.0,0
ussd_0160,ussd_s007274,6.9317,1.8587,5.7444,0.7745,1
ussd_0271,ussd_s007275,-0.2017,0.1302,-0.1323,0.6586,0
ussd_0276,ussd_s007276,-0.7008,0.3141,0.8413,0.0,0
ussd_0361,ussd_s007277,-0.3692,0.4993,-0.1189,0.0474,0
ussd_0431,ussd_s007278,-0.3311,1.6249,-0.1055,0.0,0
ussd_0013,ussd_s007279,0.8723,0.4973,-0.3241,0.0,0
ussd_0014,ussd_s007280,0.4347,0.597,-0.3953,0.0,0
ussd_0417,ussd_s007281,0.2348,0.7474,-0.1046,0.0,0
ussd_0227,ussd_s007282,-0.2202,0.1867,-0.0417,0.0,0
ussd_0359,ussd_s007283,-0.4423,0.6772,-0.7084,0.0,0
ussd_0438,ussd_s007284,0.2216,0.9661,-0.2666,0.8982,0
ussd_0429,ussd_s007285,-0.3161,0.1974,-0.1241,0.0,0
ussd_0333,ussd_s007286,-0.8413,0.2271,-0.3544,0.0,0
ussd_0223,ussd_s007287,-0.7633,0.05,-0.0673,0.0,0
ussd_0266,ussd_s007288,-0.0075,0.7809,0.2103,0.6032,0
ussd_0026,ussd_s007289,0.7621,0.3146,2.3207,0.0,0
ussd_0084,ussd_s007290,-0.2019,0.7504,-0.443,0.0,0
ussd_0029,ussd_s007291,-0.7961,0.1332,0.4747,0.0,0
ussd_0374,ussd_s007292,1.2734,0.259,1.0585,0.0,0
ussd_0308,ussd_s007293,-0.2384,1.6464,0.5547,0.0,0
ussd_0385,ussd_s007294,-0.1678,0.96,-0.2846,0.772,0
ussd_0377,ussd_s007295,0.2911,0.5704,0.5647,0.0,0
ussd_0310,ussd_s007296,-0.0816,0.7818,-0.0456,0.0,0
ussd_0189,ussd_s007297,-0.3863,0.0903,2.8242,0.0,0
ussd_0217,ussd_s007298,1.2383,0.3572,-0.4684,0.0,0
ussd_0037,ussd_s007299,-0.593,2.67,-0.5689,0.0,0
ussd_0107,ussd_s007300,-0.7488,0.0277,-0.4382,0.0,0
ussd_0348,ussd_s007301,-0.8199,1.1614,-0.2464,0.0,0
ussd_0004,ussd_s007302,0.1453,0.4573,-0.5538,0.0,0
ussd_0029,ussd_s007303,-0.5411,1.1945,-0.5084,0.0,0
ussd_0403,ussd_s007304,0.745,0.1428,1.0909,0.0,0
ussd_0305,ussd_s007305,-0.7533,0.1455,-0.2808,0.0,0
ussd_0356,ussd_s007306,6.6578,2.4492,5.414,0.9012,1
ussd_0075,ussd_s007307,-0.4372,0.1074,-0.174,0.0,0
ussd_0182,ussd_s007308,-0.5371,0.2477,0.1462,0.9517,0
ussd_0151,ussd_s007309,0.0707,0.6899,2.2516,0.0479,0
ussd_0189,ussd_s007310,-0.2749,0.2678,-0.4537,0.0,0
ussd_0159,ussd_s007311,-0.4101,0.8918,-0.0377,0.0,0
ussd_0341,ussd_s007312,-0.4578,1.1129,-0.4387,0.0,0
ussd_0318,ussd_s007313,0.3746,1.1647,1.1758,0.5436,0
ussd_0389,ussd_s007314,-0.815,1.6038,-0.3543,0.7365,0
ussd_0182,ussd_s007315,-0.095,0.4335,0.9103,0.9517,0
ussd_0402,ussd_s007316,0.683,0.0175,-0.1808,0.9386,0
ussd_0081,ussd_s007317,-0.3048,2.5476,-0.6754,0.0,0
ussd_0317,ussd_s007318,-0.7005,0.6121,-0.3401,0.0,0
ussd_0174,ussd_s007319,0.2862,0.099,-0.0646,0.8039,0
ussd_0078,ussd_s007320,0.3493,0.4656,-0.6109,0.0,0
ussd_0400,ussd_s007321,3.5433,0.3577,-0.3969,0.0,0
ussd_0397,ussd_s007322,6.9788,2.012,4.2546,0.7349,1
ussd_0403,ussd_s007323,-0.4316,0.0958,-0.303,0.0,0
ussd_0150,ussd_s007324,-0.216,0.7361,-0.0428,0.0,0
ussd_0243,ussd_s007325,4.2092,3.4481,8.9289,0.0,1
ussd_0258,ussd_s007326,-0.57,0.9339,-0.0176,0.0,0
ussd_0273,ussd_s007327,0.8413,2.4473,0.9305,0.0,0
ussd_0144,ussd_s007328,-0.0456,0.6273,-0.734,0.7224,0
ussd_0266,ussd_s007329,-0.2975,0.2371,0.2103,0.6032,0
ussd_0370,ussd_s007330,-0.2219,1.9582,-0.3301,0.6778,0
ussd_0300,ussd_s007331,-0.3857,0.6331,-0.6719,0.0,0
ussd_0259,ussd_s007332,-0.4737,0.5349,-0.2506,0.0,0
ussd_0170,ussd_s007333,0.4737,2.8845,-0.3011,0.0,0
ussd_0261,ussd_s007334,-0.0099,1.4735,-0.3923,0.0,0
ussd_0392,ussd_s007335,-0.8048,1.0648,-0.4251,0.9428,0
ussd_0004,ussd_s007336,-0.4572,1.6267,-0.5538,0.0,0
ussd_0033,ussd_s007337,-0.4551,0.6122,-0.1989,0.0,0
ussd_0022,ussd_s007338,-0.6365,0.3332,-0.2967,0.0,0
ussd_0332,ussd_s007339,-0.5928,1.4913,-0.1385,0.0,0
ussd_0008,ussd_s007340,0.1835,0.1944,-0.3053,0.0,0
ussd_0264,ussd_s007341,-0.7046,0.1684,-0.5522,0.9204,0
ussd_0405,ussd_s007342,-0.4417,0.1605,-0.1595,0.0,0
ussd_0345,ussd_s007343,-0.2992,1.7812,-0.2127,0.0,0
ussd_0438,ussd_s007344,-0.4384,0.0604,-0.2666,0.8982,0
ussd_0082,ussd_s007345,-0.3437,1.8884,-0.4217,0.0,0
ussd_0427,ussd_s007346,0.5004,1.1209,-0.0144,0.8555,0
ussd_0428,ussd_s007347,-0.4503,0.7914,-0.204,0.0,0
ussd_0133,ussd_s007348,0.6072,2.1717,0.951,0.531,0
ussd_0027,ussd_s007349,-0.3874,1.082,-0.388,0.0,0
ussd_0336,ussd_s007350,-0.5361,1.1935,0.5167,0.0,0
ussd_0192,ussd_s007351,-0.8197,0.3179,-0.4069,0.8179,0
ussd_0258,ussd_s007352,0.9413,0.2027,-0.0176,0.0,0
ussd_0152,ussd_s007353,12.3489,1.726,2.0741,0.0,1
ussd_0023,ussd_s007354,-0.5193,0.0383,-0.4193,0.0,0
ussd_0112,ussd_s007355,-0.0164,1.8204,-0.3152,0.7593,0
ussd_0328,ussd_s007356,-0.8036,0.2916,-0.5097,0.0,0
ussd_0105,ussd_s007357,0.1291,0.1923,-0.6515,0.8648,0
ussd_0150,ussd_s007358,-0.422,1.0226,-0.0428,0.0,0
ussd_0118,ussd_s007359,-0.6894,0.5283,-0.639,0.0,0
ussd_0344,ussd_s007360,7.2114,2.3795,3.4441,0.0,1
ussd_0447,ussd_s007361,-0.2757,0.0255,1.9578,0.0,0
ussd_0430,ussd_s007362,3.2321,0.8565,-0.4448,0.2721,0
ussd_0332,ussd_s007363,0.4696,0.8066,-0.1385,0.0,0
ussd_0291,ussd_s007364,-0.5556,0.3031,1.1886,0.0,0
ussd_0157,ussd_s007365,0.2398,0.2277,-0.1299,0.0,0
ussd_0168,ussd_s007366,1.1871,0.8683,0.1449,0.1778,0
ussd_0439,ussd_s007367,3.3252,0.4277,0.849,0.5928,0
ussd_0124,ussd_s007368,0.9788,2.1911,-0.443,0.0,0
ussd_0356,ussd_s007369,1.7244,1.0022,-0.2873,0.9012,0
ussd_0090,ussd_s007370,-0.0615,0.1217,-0.3926,0.0165,0
ussd_0419,ussd_s007371,-0.0225,0.6195,-0.375,0.0,0
ussd_0165,ussd_s007372,-0.6956,0.8945,1.1234,0.0,0
ussd_0360,ussd_s007373,-0.0222,0.8536,-0.5311,0.0,0
ussd_0324,ussd_s007374,-0.84,0.0711,-0.2742,0.0,0
ussd_0042,ussd_s007375,1.3584,1.1992,1.2454,0.0,0
ussd_0046,ussd_s007376,5.5407,2.8744,4.0853,0.7263,1
ussd_0221,ussd_s007377,0.2529,1.2102,0.1118,0.0,0
ussd_0317,ussd_s007378,0.8093,0.9969,-0.3401,0.0,0
ussd_0331,ussd_s007379,5.5233,0.3721,-0.2283,0.0,0
ussd_0244,ussd_s007380,0.7509,0.1572,-0.6432,0.68,0
ussd_0373,ussd_s007381,1.4519,0.1638,-0.4251,0.0,0
ussd_0231,ussd_s007382,-0.646,0.3181,0.0238,0.0,0
ussd_0065,ussd_s007383,-0.4478,2.1977,-0.3807,0.0,0
ussd_0247,ussd_s007384,-0.078,1.4108,1.9224,0.5439,0
ussd_0143,ussd_s007385,-0.7806,0.552,0.0554,0.0,0
ussd_0139,ussd_s007386,0.2797,1.6047,-0.2769,0.8304,0
ussd_0210,ussd_s007387,2.0472,0.2209,-0.5853,0.0,0
ussd_0293,ussd_s007388,8.2765,0.2734,3.2444,0.7171,1
ussd_0329,ussd_s007389,-0.6833,0.5414,-0.4971,0.0,0
ussd_0189,ussd_s007390,-0.6865,0.3708,1.7315,0.0,0
ussd_0301,ussd_s007391,0.1493,0.6826,1.3405,0.9322,0
ussd_0077,ussd_s007392,0.3039,0.7022,-0.0916,0.0,0
ussd_0259,ussd_s007393,1.2766,0.4001,-0.2506,0.0,0
ussd_0090,ussd_s007394,6.8095,0.0542,5.6813,0.72,1
ussd_0027,ussd_s007395,0.5757,0.6691,-0.388,0.0,0
ussd_0150,ussd_s007396,0.1569,2.4808,-0.0428,0.0,0
ussd_0378,ussd_s007397,0.8138,0.8442,-0.3986,0.0,0
ussd_0349,ussd_s007398,-0.5443,0.0676,-0.4904,0.0,0
ussd_0232,ussd_s007399,-0.644,0.8058,-0.5171,0.0,0
ussd_0359,ussd_s007400,0.1373,1.1055,0.458,0.0,0
ussd_0013,ussd_s007401,0.4092,0.64,-0.3241,0.0,0
ussd_0091,ussd_s007402,-0.7272,0.5764,-0.1477,0.0,0
ussd_0175,ussd_s007403,3.2629,0.4822,3.1492,0.0,0
ussd_0213,ussd_s007404,-0.5952,0.7638,-0.4046,0.0,0
ussd_0373,ussd_s007405,1.682,0.8841,0.7248,0.0,0
ussd_0289,ussd_s007406,-0.3205,1.2844,1.2406,0.9908,0
ussd_0152,ussd_s007407,-0.8634,0.3456,0.3175,0.0,0
ussd_0357,ussd_s007408,-0.7574,1.5363,-0.2504,0.0,0
ussd_0205,ussd_s007409,-0.6581,0.5856,-0.178,0.9936,0
ussd_0067,ussd_s007410,-0.6603,0.5968,-0.0935,0.0,0
ussd_0074,ussd_s007411,0.3801,2.1902,-0.6179,0.0,0
ussd_0413,ussd_s007412,-0.2847,0.3179,-0.4768,0.1418,0
ussd_0429,ussd_s007413,0.1591,1.156,-0.1241,0.0,0
ussd_0201,ussd_s007414,-0.7312,0.4123,-0.3556,0.0,0
ussd_0190,ussd_s007415,0.46,1.5253,0.8217,0.0,0
ussd_0060,ussd_s007416,0.0073,0.7682,-0.5746,0.0,0
ussd_0448,ussd_s007417,-0.6445,0.128,-0.2068,0.0,0
ussd_0327,ussd_s007418,-0.7811,0.4682,0.5177,0.0,0
ussd_0427,ussd_s007419,1.4729,0.0566,-0.0144,0.8555,0
ussd_0423,ussd_s007420,0.8714,1.3346,-0.1,0.0,0
ussd_0295,ussd_s007421,3.3613,0.6522,-0.1366,0.0,0
ussd_0293,ussd_s007422,0.0844,0.0375,-0.1511,0.0,0
ussd_0182,ussd_s007423,-0.5899,0.0686,-0.6179,0.9517,0
ussd_0181,ussd_s007424,2.5014,0.9586,1.3999,0.7457,0
ussd_0303,ussd_s007425,-0.5535,0.0721,1.4302,0.8018,0
ussd_0333,ussd_s007426,-0.0199,0.7343,-0.3544,0.0,0
ussd_0166,ussd_s007427,0.6621,0.3888,-0.3327,0.0,0
ussd_0444,ussd_s007428,6.1725,1.7363,7.3714,0.0,1
ussd_0179,ussd_s007429,-0.7468,0.6031,0.4074,0.0,0
ussd_0362,ussd_s007430,-0.2675,0.1723,-0.3611,0.0,0
ussd_0158,ussd_s007431,-0.6737,2.2168,-0.162,0.9214,0
ussd_0227,ussd_s007432,-0.5955,1.432,-0.0417,0.0,0
ussd_0048,ussd_s007433,1.9628,1.456,-0.1091,0.0,0
ussd_0409,ussd_s007434,-0.7972,0.2297,-0.2406,0.0,0
ussd_0094,ussd_s007435,7.7354,3.3062,7.533,0.9468,1
ussd_0078,ussd_s007436,-0.6095,0.2471,-0.6109,0.0,0
ussd_0092,ussd_s007437,0.049,1.6188,1.4599,0.0,0
ussd_0097,ussd_s007438,0.7131,0.1521,1.5193,0.7079,0
ussd_0063,ussd_s007439,1.7363,0.0339,-0.1743,0.0,0
ussd_0361,ussd_s007440,2.0724,0.2467,-0.1189,0.0474,0
ussd_0254,ussd_s007441,-0.2545,0.0243,-0.0603,0.0,0
ussd_0137,ussd_s007442,-0.5558,0.335,-0.3588,0.0,0
ussd_0351,ussd_s007443,-0.5424,0.8422,-0.3952,0.0222,0
ussd_0089,ussd_s007444,0.3935,0.4122,-0.3172,0.0,0
ussd_0418,ussd_s007445,1.316,0.192,-0.4902,0.0,0
ussd_0038,ussd_s007446,1.3367,0.1182,-0.4487,0.0823,0
ussd_0111,ussd_s007447,-0.4998,0.5632,-0.5595,0.3775,0
ussd_0082,ussd_s007448,-0.4221,0.0647,-0.4217,0.0,0
ussd_0330,ussd_s007449,-0.0072,0.3764,-0.3973,0.0,0
ussd_0160,ussd_s007450,15.8552,1.166,3.0467,0.8686,1
ussd_0142,ussd_s007451,-0.1482,1.1447,-0.4466,0.0,0
ussd_0117,ussd_s007452,-0.2649,1.0654,-0.1106,0.0,0
ussd_0280,ussd_s007453,-0.3098,0.2096,-0.2533,0.0,0
ussd_0239,ussd_s007454,-0.6023,0.362,-0.7018,0.0,0
ussd_0428,ussd_s007455,0.0138,1.0901,-0.204,0.0,0
ussd_0404,ussd_s007456,-0.2257,0.2461,1.4008,0.5724,0
ussd_0070,ussd_s007457,0.8338,0.3508,-0.1596,0.0,0
ussd_0046,ussd_s007458,4.3885,1.111,-0.435,0.0,0
ussd_0376,ussd_s007459,0.4527,0.6821,-0.5201,0.0143,0
ussd_0220,ussd_s007460,-0.6547,0.3999,-0.1229,0.0,0
ussd_0103,ussd_s007461,-0.1726,0.726,-0.3125,0.0,0
ussd_0010,ussd_s007462,-0.5441,0.3668,-0.111,0.0,0
ussd_0343,ussd_s007463,2.3985,0.7805,-0.1302,0.0,0
ussd_0430,ussd_s007464,-0.6768,0.3762,0.6657,0.2721,0
ussd_0424,ussd_s007465,-0.4116,1.0498,-0.3623,0.1979,0
ussd_0088,ussd_s007466,-0.0005,1.652,-0.6782,0.0,0
ussd_0354,ussd_s007467,3.3719,1.3875,0.8583,0.7827,1
ussd_0139,ussd_s007468,-0.1603,1.6397,-0.2769,0.8304,0
ussd_0377,ussd_s007469,3.0248,0.9012,-0.4784,0.0,0
ussd_0292,ussd_s007470,0.704,0.0625,-0.3993,0.0,0
ussd_0289,ussd_s007471,-0.7213,1.2035,-0.2531,0.9908,0
ussd_0218,ussd_s007472,-0.5379,0.5607,-0.0704,0.6736,0
ussd_0271,ussd_s007473,-0.2745,0.2309,-0.1323,0.6586,0
ussd_0279,ussd_s007474,5.9568,0.1393,-0.3304,0.0,0
ussd_0009,ussd_s007475,0.2232,0.2487,0.8452,0.8032,0
ussd_0141,ussd_s007476,-0.6988,2.3646,-0.5973,0.4236,0
ussd_0103,ussd_s007477,-0.7508,1.3496,-0.3125,0.0,0
ussd_0186,ussd_s007478,-0.7458,1.1553,0.7923,0.087,0
ussd_0162,ussd_s007479,0.1743,1.7542,-0.6145,0.9543,0
ussd_0329,ussd_s007480,-0.264,0.5776,0.5087,0.0,0
ussd_0101,ussd_s007481,-0.6497,0.2782,-0.3326,0.0,0
ussd_0246,ussd_s007482,0.9189,0.4742,-0.0584,0.8318,0
ussd_0433,ussd_s007483,-0.5722,0.9301,-0.632,0.0,0
ussd_0112,ussd_s007484,1.6785,1.0147,-0.3152,0.7593,0
ussd_0054,ussd_s007485,10.0496,1.7294,3.2583,0.5714,1
ussd_0368,ussd_s007486,0.4242,0.1705,-0.0781,0.0,0
ussd_0384,ussd_s007487,0.2403,1.0351,-0.44,0.8505,0
ussd_0201,ussd_s007488,-0.6089,1.0021,0.9333,0.0,0
ussd_0334,ussd_s007489,0.7465,1.6796,-0.0384,0.0,0
ussd_0386,ussd_s007490,-0.3106,2.2276,-0.047,0.5229,0
ussd_0054,ussd_s007491,0.7078,0.2384,1.555,0.5714,0
ussd_0308,ussd_s007492,-0.2563,0.0814,-0.6891,0.0,0
ussd_0314,ussd_s007493,-0.4931,1.3781,-0.2413,0.9397,0
ussd_0278,ussd_s007494,-0.5551,0.1729,-0.4889,0.0,0
ussd_0418,ussd_s007495,0.0796,0.6966,-0.4902,0.0,0
ussd_0249,ussd_s007496,0.646,0.3323,1.3838,0.8893,0
ussd_0067,ussd_s007497,0.0612,1.1048,-0.0935,0.0,0
ussd_0304,ussd_s007498,-0.47,1.4872,-0.2978,0.0,0
ussd_0415,ussd_s007499,-0.5785,0.3301,-0.2031,0.0,0
ussd_0175,ussd_s007500,-0.2612,0.4605,-0.4073,0.0,0
ussd_0412,ussd_s007501,-0.547,0.0888,-0.4863,0.0,0
ussd_0303,ussd_s007502,0.6236,0.1091,-0.1899,0.8018,0
ussd_0044,ussd_s007503,-0.8232,0.3685,0.0809,0.8935,0
ussd_0119,ussd_s007504,-0.8213,1.7097,1.202,0.0,0
ussd_0437,ussd_s007505,0.7041,0.5511,-0.0896,0.0,0
ussd_0242,ussd_s007506,-0.3921,0.8318,-0.3228,0.0,0
ussd_0408,ussd_s007507,2.1089,0.0893,-0.5987,0.0,0
ussd_0357,ussd_s007508,0.9511,1.2922,-0.2504,0.0,0
ussd_0221,ussd_s007509,-0.4143,0.406,0.1118,0.0,0
ussd_0392,ussd_s007510,-0.5424,0.8233,-0.4251,0.9428,0
ussd_0331,ussd_s007511,-0.7354,1.9437,1.3152,0.0,0
ussd_0386,ussd_s007512,0.7142,0.773,-0.047,0.5229,0
ussd_0174,ussd_s007513,-0.7624,0.5858,-0.0646,0.8039,0
ussd_0058,ussd_s007514,-0.3749,0.3217,-0.5123,0.0,0
ussd_0390,ussd_s007515,1.0945,0.4712,1.7611,0.0,0
ussd_0437,ussd_s007516,-0.2452,0.7823,-0.0896,0.0,0
ussd_0349,ussd_s007517,2.4837,0.9027,-0.4904,0.0,0
ussd_0209,ussd_s007518,-0.6172,0.8896,-0.0474,0.0908,0
ussd_0087,ussd_s007519,1.2309,0.589,-0.3481,0.0,0
ussd_0181,ussd_s007520,-0.9021,0.0287,-0.2,0.7457,0
ussd_0296,ussd_s007521,-0.5388,1.9234,-0.4848,0.0,0
ussd_0143,ussd_s007522,2.641,1.3145,4.277,0.7174,1
ussd_0384,ussd_s007523,-0.4692,0.9231,-0.44,0.8505,0
ussd_0138,ussd_s007524,-0.2488,0.5378,-0.2683,0.0,0
ussd_0430,ussd_s007525,-0.7373,0.4988,-0.4448,0.2721,0
ussd_0164,ussd_s007526,-0.6021,1.0909,0.5771,0.0,0
ussd_0422,ussd_s007527,-0.101,0.2675,-0.112,0.7109,0
ussd_0383,ussd_s007528,0.0994,0.1941,-0.1407,0.8163,0
ussd_0105,ussd_s007529,0.4284,0.0481,0.0454,0.8648,0
ussd_0221,ussd_s007530,-0.5049,0.8943,-0.6294,0.0,0
ussd_0368,ussd_s007531,-0.5331,0.9422,-0.0781,0.0,0
ussd_0445,ussd_s007532,0.4036,0.1187,-0.5449,0.0,0
ussd_0060,ussd_s007533,-0.2591,1.0178,-0.5746,0.0,0
ussd_0104,ussd_s007534,0.1911,0.3047,-0.0379,0.0,0
ussd_0277,ussd_s007535,-0.8115,1.173,0.1378,0.9062,0
ussd_0437,ussd_s007536,0.1425,0.0607,-0.0896,0.0,0
ussd_0050,ussd_s007537,-0.5538,1.5873,-0.6376,0.0,0
ussd_0322,ussd_s007538,0.0277,0.0722,1.179,0.0,0
ussd_0413,ussd_s007539,-0.1628,0.789,-0.4768,0.1418,0
ussd_0395,ussd_s007540,-0.3919,1.1173,-0.4302,0.0,0
ussd_0390,ussd_s007541,-0.8418,1.2016,0.1833,0.0,0
ussd_0447,ussd_s007542,-0.7854,0.5683,-0.4084,0.0,0
ussd_0278,ussd_s007543,-0.3815,0.0979,-0.4889,0.0,0
ussd_0160,ussd_s007544,-0.9385,0.3097,3.0467,0.879,0
ussd_0205,ussd_s007545,0.4338,0.0487,-0.178,0.9936,0
ussd_0294,ussd_s007546,-0.6394,0.2856,-0.1472,0.0,0
ussd_0032,ussd_s007547,-0.2645,0.9033,-0.1019,0.0,0
ussd_0047,ussd_s007548,-0.2657,1.0036,-0.3995,0.8009,0
ussd_0406,ussd_s007549,-0.7585,0.0764,-0.1994,0.0,0
ussd_0144,ussd_s007550,-0.4301,0.9953,-0.2019,0.7224,0
ussd_0006,ussd_s007551,-0.2097,0.1123,-0.0722,0.0,0
ussd_0406,ussd_s007552,-0.6899,1.6955,1.4017,0.0,0
ussd_0219,ussd_s007553,2.7206,0.6388,0.51,0.8866,1
ussd_0325,ussd_s007554,-0.5523,1.1303,-0.1796,0.0,0
ussd_0379,ussd_s007555,0.0121,0.4803,-0.5394,0.0,0
ussd_0275,ussd_s007556,1.1222,0.0353,-0.6116,0.787,0
ussd_0408,ussd_s007557,-0.6511,1.6334,0.2039,0.0,0
ussd_0170,ussd_s007558,-0.3656,1.8568,-0.3011,0.0,0
ussd_0221,ussd_s007559,-0.5524,1.9924,-0.6294,0.0,0
ussd_0318,ussd_s007560,0.6831,0.4085,-0.2747,0.5436,0
ussd_0074,ussd_s007561,-0.6813,1.0051,-0.6179,0.0,0
ussd_0275,ussd_s007562,-0.3421,0.9512,0.1651,0.787,0
ussd_0161,ussd_s007563,0.7149,0.9522,-0.2694,0.0,0
ussd_0394,ussd_s007564,0.2689,0.3689,-0.08,0.0,0
ussd_0091,ussd_s007565,-0.4988,1.1326,-0.1477,0.0,0
ussd_0305,ussd_s007566,-0.0287,2.2182,-0.2808,0.0,0
ussd_0265,ussd_s007567,-0.1304,1.3028,-0.2231,0.0,0
ussd_0069,ussd_s007568,-0.4873,1.0469,1.2471,0.8844,0
ussd_0403,ussd_s007569,0.5161,0.47,-0.303,0.0,0
ussd_0373,ussd_s007570,-0.8426,0.6761,-0.4251,0.0,0
ussd_0191,ussd_s007571,-0.5831,1.5478,-0.3495,0.0,0
ussd_0271,ussd_s007572,-0.8169,0.9857,-0.1323,0.6586,0
ussd_0217,ussd_s007573,0.3785,0.9118,-0.4684,0.0,0
ussd_0054,ussd_s007574,-0.1731,0.8043,-0.1483,0.5714,0
ussd_0380,ussd_s007575,-0.2615,0.1416,-0.228,0.697,0
ussd_0425,ussd_s007576,-0.6287,0.4238,0.7164,0.0,0
ussd_0140,ussd_s007577,-0.6448,0.2264,-0.1488,0.0,0
ussd_0176,ussd_s007578,-0.3148,1.5214,-0.0892,0.0,0
ussd_0160,ussd_s007579,1.6809,0.495,-0.5504,0.879,0
ussd_0059,ussd_s007580,-0.6942,1.0845,-0.3921,0.0,0
ussd_0021,ussd_s007581,0.0667,0.9308,1.9309,0.0,0
ussd_0164,ussd_s007582,0.0821,0.6056,0.5771,0.0,0
ussd_0431,ussd_s007583,-0.7926,1.2993,-0.1055,0.0,0
ussd_0292,ussd_s007584,1.5486,0.8755,-0.3993,0.0,0
ussd_0237,ussd_s007585,-0.7445,0.7233,-0.3433,0.0,0
ussd_0404,ussd_s007586,-0.2552,1.1301,-0.5198,0.5724,0
ussd_0000,ussd_s007587,-0.5302,0.9553,-0.5575,0.3567,0
ussd_0158,ussd_s007588,0.1377,0.663,-0.162,0.9214,0
ussd_0064,ussd_s007589,-0.5475,1.5983,-0.3041,0.0,0
ussd_0030,ussd_s007590,-0.444,1.1702,-0.2503,0.0,0
ussd_0187,ussd_s007591,-0.3972,0.3456,-0.1047,0.822,0
ussd_0157,ussd_s007592,-0.7964,0.6006,-0.1299,0.0,0
ussd_0013,ussd_s007593,0.7331,2.6441,1.0276,0.0,0
ussd_0277,ussd_s007594,-0.4282,0.4139,0.1378,0.9062,0
ussd_0267,ussd_s007595,-0.016,0.3571,1.0268,0.8579,0
ussd_0107,ussd_s007596,0.0149,0.93,-0.4382,0.0,0
ussd_0108,ussd_s007597,-0.8896,0.3666,-0.4641,0.4636,0
ussd_0297,ussd_s007598,1.3364,0.5181,0.8755,0.0,0
ussd_0361,ussd_s007599,-0.0319,0.6748,-0.1189,0.0474,0
ussd_0375,ussd_s007600,-0.6727,1.8189,-0.2101,0.5622,0
ussd_0328,ussd_s007601,-0.7619,0.8279,-0.5097,0.0,0
ussd_0214,ussd_s007602,-0.4228,0.4543,0.3787,0.663,0
ussd_0277,ussd_s007603,0.0837,1.1355,-0.6207,0.9062,0
ussd_0234,ussd_s007604,-0.1706,1.1198,-0.2617,0.0,0
ussd_0058,ussd_s007605,-0.257,0.8728,0.463,0.0,0
ussd_0119,ussd_s007606,0.7767,0.9855,-0.266,0.0,0
ussd_0031,ussd_s007607,-0.3088,0.5655,-0.4503,0.0,0
ussd_0071,ussd_s007608,0.98,0.0359,-0.2102,0.0,0
ussd_0351,ussd_s007609,-0.3875,1.9363,-0.3952,0.0222,0
ussd_0069,ussd_s007610,4.807,5.233,5.7412,0.8844,1
ussd_0189,ussd_s007611,-0.2498,1.2054,0.6389,0.0,0
ussd_0214,ussd_s007612,1.08,1.4028,-0.5404,0.663,0
ussd_0374,ussd_s007613,1.4837,1.0668,-0.3138,0.0,0
ussd_0028,ussd_s007614,-0.8526,1.7001,1.2472,0.0,0
ussd_0392,ussd_s007615,0.9121,0.7065,0.7247,0.9428,0
ussd_0158,ussd_s007616,-0.8217,0.721,-0.162,0.9214,0
ussd_0393,ussd_s007617,-0.7385,0.8821,-0.5382,0.0,0
ussd_0259,ussd_s007618,-0.0665,0.0619,-0.2506,0.0,0
ussd_0149,ussd_s007619,-0.8074,0.7629,-0.2069,0.0,0
ussd_0293,ussd_s007620,2.7024,1.6288,1.5467,0.0,0
ussd_0378,ussd_s007621,-0.6298,0.1493,0.8041,0.0,0
ussd_0012,ussd_s007622,-0.554,1.2018,-0.3088,0.0,0
ussd_0210,ussd_s007623,-0.2052,0.5379,0.2441,0.0,0
ussd_0011,ussd_s007624,0.1128,0.0379,-0.3409,0.9374,0
ussd_0370,ussd_s007625,0.1065,0.1358,1.0097,0.6778,0
ussd_0306,ussd_s007626,0.1037,0.0277,-0.029,0.6558,0
ussd_0407,ussd_s007627,0.0658,1.1883,-0.0652,0.0,0
ussd_0425,ussd_s007628,0.4825,0.062,-0.4279,0.0,0
ussd_0220,ussd_s007629,-0.429,0.6587,-0.1229,0.0,0
ussd_0070,ussd_s007630,-0.4757,0.1469,-0.1596,0.0,0
ussd_0221,ussd_s007631,0.4467,1.6702,0.8531,0.0,0
ussd_0264,ussd_s007632,-0.6556,0.6034,-0.5522,0.9204,0
ussd_0028,ussd_s007633,0.125,0.3871,-0.5506,0.0,0
ussd_0125,ussd_s007634,-0.4281,0.5849,-0.2354,0.0,0
ussd_0383,ussd_s007635,2.3766,1.1895,5.0148,0.7272,1
ussd_0067,ussd_s007636,-0.5717,0.9861,-0.0935,0.0,0
ussd_0299,ussd_s007637,2.2174,0.0387,-0.2227,0.0,0
ussd_0230,ussd_s007638,0.7655,1.6327,-0.32,0.0,0
ussd_0347,ussd_s007639,-0.4188,0.7747,-0.3832,0.0,0
ussd_0336,ussd_s007640,-0.4111,1.3734,0.5167,0.0,0
ussd_0187,ussd_s007641,-0.1118,1.084,-0.1047,0.822,0
ussd_0082,ussd_s007642,-0.757,1.0117,-0.4217,0.0,0
ussd_0017,ussd_s007643,-0.2523,0.6299,-0.1648,0.0,0
ussd_0129,ussd_s007644,2.9666,0.1925,-0.4407,0.9109,0
ussd_0193,ussd_s007645,-0.2255,0.3877,0.5463,0.0,0
ussd_0376,ussd_s007646,0.1562,1.3318,-0.5201,0.0143,0
ussd_0013,ussd_s007647,0.3747,0.644,1.0276,0.0,0
ussd_0168,ussd_s007648,-0.6978,0.2974,-0.6184,0.1778,0
ussd_0063,ussd_s007649,0.3312,0.062,-0.1743,0.0,0
ussd_0240,ussd_s007650,-0.7387,0.7117,1.2981,0.0,0
ussd_0096,ussd_s007651,-0.0539,1.0386,-0.2509,0.9419,0
ussd_0070,ussd_s007652,-0.2907,1.6172,-0.1596,0.0,0
ussd_0407,ussd_s007653,-0.6015,0.6933,-0.6884,0.0,0
ussd_0087,ussd_s007654,-0.1343,0.3601,-0.3481,0.0,0
ussd_0130,ussd_s007655,-0.3472,0.149,-0.4766,0.0,0
ussd_0032,ussd_s007656,2.0969,1.5849,-0.1019,0.0,0
ussd_0381,ussd_s007657,-0.7492,2.2988,-0.1529,0.0,0
ussd_0342,ussd_s007658,0.1751,1.0633,0.7652,0.0,0
ussd_0130,ussd_s007659,0.9088,0.6272,1.6169,0.0,0
ussd_0031,ussd_s007660,1.1689,0.4884,-0.4503,0.0,0
ussd_0247,ussd_s007661,0.5434,0.2941,-0.4155,0.5439,0
ussd_0432,ussd_s007662,4.9614,1.8781,2.5876,0.7943,1
ussd_0051,ussd_s007663,-0.2653,1.065,-0.297,0.0,0
ussd_0163,ussd_s007664,-0.9352,0.6411,-0.1432,0.0,0
ussd_0132,ussd_s007665,8.5504,0.3305,1.2353,0.9332,1
ussd_0327,ussd_s007666,-0.2184,1.4591,0.5177,0.0,0
ussd_0117,ussd_s007667,-0.0722,0.2678,-0.1106,0.0,0
ussd_0084,ussd_s007668,-0.2754,0.3532,-0.443,0.0,0
ussd_0368,ussd_s007669,-0.5476,0.8081,-0.0781,0.0,0
ussd_0052,ussd_s007670,-0.2724,0.9514,-0.2057,0.5566,0
ussd_0204,ussd_s007671,-0.6726,1.9959,0.3289,0.0,0
ussd_0226,ussd_s007672,5.0092,0.9172,0.725,0.9467,1
ussd_0167,ussd_s007673,-0.4315,0.7809,0.9098,0.0,0
ussd_0403,ussd_s007674,13.7824,0.1303,5.2728,0.6917,1
ussd_0388,ussd_s007675,0.3661,0.1566,-0.1792,0.8787,0
ussd_0380,ussd_s007676,-0.2578,0.727,1.3161,0.697,0
ussd_0406,ussd_s007677,-0.4894,0.4077,-0.1994,0.0,0
ussd_0004,ussd_s007678,12.0336,3.0219,6.585,0.9062,1
ussd_0326,ussd_s007679,-0.3687,1.0583,1.7982,0.0957,0
ussd_0045,ussd_s007680,1.2155,0.1386,-0.3986,0.7862,0
ussd_0319,ussd_s007681,0.6836,1.1958,-0.3104,0.5051,0
ussd_0361,ussd_s007682,-0.0914,0.1564,-0.1189,0.0474,0
ussd_0149,ussd_s007683,-0.197,0.6357,1.3794,0.0,0
ussd_0177,ussd_s007684,-0.0393,0.661,0.5918,0.0,0
ussd_0376,ussd_s007685,0.4925,0.7041,0.4397,0.0143,0
ussd_0154,ussd_s007686,4.3125,0.2538,3.0578,0.0,1
ussd_0425,ussd_s007687,-0.6368,0.5276,-0.4279,0.0,0
ussd_0066,ussd_s007688,0.5933,0.1621,-0.5095,0.515,0
ussd_0034,ussd_s007689,3.9324,2.5059,1.9861,0.7228,1
ussd_0391,ussd_s007690,-0.3484,0.4565,-0.3385,0.0,0
ussd_0193,ussd_s007691,6.8832,2.4265,1.1649,0.0,1
ussd_0094,ussd_s007692,0.1706,0.175,2.8786,0.0,0
ussd_0419,ussd_s007693,-0.7704,0.3122,0.8749,0.0,0
ussd_0221,ussd_s007694,-0.7611,0.7016,0.1118,0.0,0
ussd_0008,ussd_s007695,1.5049,0.798,-0.3053,0.0,0
ussd_0152,ussd_s007696,-0.892,2.4368,1.1958,0.0,0
ussd_0135,ussd_s007697,0.6438,1.7536,-0.1157,0.0,0
ussd_0076,ussd_s007698,0.1808,0.2316,-0.3912,0.0,0
ussd_0443,ussd_s007699,-0.4565,0.1642,-0.2465,0.0,0
ussd_0167,ussd_s007700,-0.4994,1.7357,-0.618,0.0,0
ussd_0313,ussd_s007701,-0.7564,0.322,-0.0473,0.0,0
ussd_0286,ussd_s007702,-0.6204,0.4662,0.7622,0.0,0
ussd_0182,ussd_s007703,-0.4285,0.0971,-0.6179,0.9517,0
ussd_0370,ussd_s007704,-0.493,0.5556,1.0097,0.6778,0
ussd_0054,ussd_s007705,-0.4273,0.4523,1.555,0.5714,0
ussd_0068,ussd_s007706,0.2263,0.2547,-0.0713,0.2031,0
ussd_0032,ussd_s007707,0.5739,0.5508,-0.1019,0.0,0
ussd_0209,ussd_s007708,0.259,1.2442,-0.0474,0.0908,0
ussd_0025,ussd_s007709,-0.0426,0.8054,-0.2707,0.0,0
ussd_0068,ussd_s007710,-0.4592,1.7749,-0.0713,0.2031,0
ussd_0316,ussd_s007711,5.5548,0.5726,-0.0791,0.0,0
ussd_0070,ussd_s007712,-0.5575,0.2422,1.5213,0.0,0
ussd_0395,ussd_s007713,-0.7518,0.4914,1.849,0.0,0
ussd_0004,ussd_s007714,0.5237,1.7007,-0.5538,0.0,0
ussd_0348,ussd_s007715,0.0295,0.7893,-0.2464,0.0,0
ussd_0006,ussd_s007716,-0.7385,1.6521,-0.0722,0.0,0
ussd_0209,ussd_s007717,0.0469,0.7082,-0.0474,0.0908,0
ussd_0390,ussd_s007718,-0.0597,1.2331,0.1833,0.0,0
ussd_0229,ussd_s007719,-0.459,1.5102,-0.2275,0.582,0
ussd_0352,ussd_s007720,6.2076,0.7629,-0.6599,0.0,0
ussd_0077,ussd_s007721,1.3194,0.7839,-0.0916,0.0,0
ussd_0353,ussd_s007722,1.6783,0.2502,0.2066,0.0,0
ussd_0059,ussd_s007723,0.3165,1.2114,0.8238,0.0,0
ussd_0291,ussd_s007724,-0.4583,1.6036,-0.5623,0.0,0
ussd_0355,ussd_s007725,1.3374,0.354,-0.4131,0.0,0
ussd_0031,ussd_s007726,0.0024,0.5107,-0.4503,0.0,0
ussd_0196,ussd_s007727,-0.7483,1.4789,-0.4157,0.4478,0
ussd_0252,ussd_s007728,-0.7479,1.6898,-0.1521,0.0,0
ussd_0299,ussd_s007729,-0.469,0.6075,1.332,0.0,0
ussd_0342,ussd_s007730,-0.5026,1.4717,-0.4116,0.0,0
ussd_0425,ussd_s007731,-0.604,0.8101,-0.4279,0.0,0
ussd_0312,ussd_s007732,1.5633,0.896,-0.1891,0.0,0
ussd_0043,ussd_s007733,-0.6005,1.1581,-0.5039,0.0,0
ussd_0294,ussd_s007734,0.1678,1.2592,-0.1472,0.0,0
ussd_0072,ussd_s007735,-0.7032,0.1013,-0.0655,0.0,0
ussd_0042,ussd_s007736,-0.7089,0.8662,-0.2515,0.0,0
ussd_0122,ussd_s007737,-0.5535,0.2834,-0.1654,0.0,0
ussd_0064,ussd_s007738,0.343,0.1621,-0.3041,0.0,0
ussd_0314,ussd_s007739,-0.7748,1.1423,-0.2413,0.9397,0
ussd_0040,ussd_s007740,0.5176,1.4865,0.0429,0.0,0
ussd_0361,ussd_s007741,-0.3666,0.4412,-0.1189,0.0474,0
ussd_0037,ussd_s007742,-0.1834,0.1841,2.0175,0.0,0
ussd_0315,ussd_s007743,-0.5987,0.8023,-0.1627,0.0,0
ussd_0004,ussd_s007744,1.3539,0.4408,0.3385,0.0,0
ussd_0240,ussd_s007745,-0.5946,0.5658,1.2981,0.0,0
ussd_0054,ussd_s007746,-0.8844,0.501,-0.1483,0.5714,0
ussd_0430,ussd_s007747,-0.5341,0.4721,-0.4448,0.2721,0
ussd_0178,ussd_s007748,-0.1537,1.2253,0.8055,0.0,0
ussd_0426,ussd_s007749,-0.1987,0.6162,0.7248,0.5158,0
ussd_0392,ussd_s007750,-0.5969,0.3259,-0.4251,0.9428,0
ussd_0417,ussd_s007751,-0.6181,2.4958,-0.1046,0.0,0
ussd_0358,ussd_s007752,-0.2845,1.6055,-0.1161,0.0,0
ussd_0155,ussd_s007753,-0.5365,1.1305,0.4789,0.0,0
ussd_0199,ussd_s007754,-0.2755,1.8809,-0.1795,0.0,0
ussd_0400,ussd_s007755,-0.6401,2.7479,-0.3969,0.0,0
ussd_0346,ussd_s007756,-0.4139,0.1958,-0.4477,0.0,0
ussd_0230,ussd_s007757,-0.8036,0.8282,1.0399,0.0,0
ussd_0127,ussd_s007758,2.0199,1.6971,-0.294,0.0,0
ussd_0112,ussd_s007759,-0.8989,2.5381,0.5978,0.7593,0
ussd_0112,ussd_s007760,1.0286,0.2548,-0.7717,0.7593,0
ussd_0048,ussd_s007761,1.2052,0.4299,-0.1091,0.0,0
ussd_0205,ussd_s007762,-0.7928,1.2771,-0.178,0.9936,0
ussd_0157,ussd_s007763,-0.6731,2.0955,-0.1299,0.0,0
ussd_0134,ussd_s007764,-0.7164,0.8841,0.2647,0.0,0
ussd_0088,ussd_s007765,-0.6438,1.0843,-0.6782,0.0,0
ussd_0172,ussd_s007766,0.3173,0.0506,0.9624,0.9157,0
ussd_0199,ussd_s007767,-0.6322,1.5975,-0.1795,0.0,0
ussd_0259,ussd_s007768,3.5572,0.4205,4.2455,0.0,1
ussd_0286,ussd_s007769,0.9993,0.834,-0.4126,0.0,0
ussd_0355,ussd_s007770,-0.5436,0.7166,-0.4131,0.0,0
ussd_0190,ussd_s007771,2.6503,0.3265,-0.3928,0.0,0
ussd_0084,ussd_s007772,-0.7947,0.3265,-0.443,0.0,0
ussd_0382,ussd_s007773,-0.49,2.7589,0.5387,0.0,0
ussd_0431,ussd_s007774,0.0826,0.4556,-0.1055,0.0,0
ussd_0130,ussd_s007775,-0.2185,1.1937,-0.4766,0.0,0
ussd_0037,ussd_s007776,-0.6645,0.3343,-0.5689,0.0,0
ussd_0389,ussd_s007777,-0.0833,1.0829,-0.3543,0.7365,0
ussd_0416,ussd_s007778,1.6957,0.5416,1.1441,0.8605,0
ussd_0300,ussd_s007779,-0.0476,1.5998,-0.0156,0.0,0
ussd_0122,ussd_s007780,0.8698,0.6492,-0.1654,0.0,0
ussd_0341,ussd_s007781,13.2624,0.5109,-0.4387,0.0,0
ussd_0355,ussd_s007782,-0.6062,0.3424,-0.4131,0.0,0
ussd_0303,ussd_s007783,0.4814,0.8676,-0.1899,0.8018,0
ussd_0376,ussd_s007784,-0.6854,1.0669,-0.5201,0.0143,0
ussd_0409,ussd_s007785,-0.3066,0.6312,-0.2406,0.0,0
ussd_0063,ussd_s007786,0.0333,0.9492,1.4771,0.0,0
ussd_0373,ussd_s007787,2.3754,0.1584,-0.4251,0.0,0
ussd_0193,ussd_s007788,0.2222,1.2463,-0.6907,0.0,0
ussd_0365,ussd_s007789,0.2245,1.3512,-0.0713,0.0,0
ussd_0284,ussd_s007790,-0.4975,1.2232,1.0272,0.4201,0
ussd_0238,ussd_s007791,-0.4091,1.9744,-0.1474,0.0,0
ussd_0069,ussd_s007792,2.7961,1.2236,-0.251,0.8844,0
ussd_0344,ussd_s007793,0.6252,0.4323,-0.1112,0.0,0
ussd_0140,ussd_s007794,6.6175,1.6484,4.9583,0.7041,1
ussd_0006,ussd_s007795,-0.7199,0.2631,-0.0722,0.0,0
ussd_0306,ussd_s007796,0.1071,0.4319,-0.029,0.6558,0
ussd_0312,ussd_s007797,-0.1307,0.5376,-0.1891,0.0,0
ussd_0266,ussd_s007798,0.8409,0.492,0.2103,0.6032,0
ussd_0445,ussd_s007799,0.2132,1.1477,-0.5449,0.0,0
ussd_0197,ussd_s007800,0.9804,0.1936,-0.3809,0.0,0
ussd_0121,ussd_s007801,-0.3068,0.1328,0.1845,0.3602,0
ussd_0102,ussd_s007802,0.0496,0.3147,-0.2764,0.0,0
ussd_0070,ussd_s007803,-0.8474,1.0189,-0.1596,0.0,0
ussd_0245,ussd_s007804,-0.2272,0.1547,-0.2456,0.0,0
ussd_0331,ussd_s007805,-0.0286,0.357,-0.2283,0.0,0
ussd_0218,ussd_s007806,-0.8116,1.5927,1.7888,0.6736,0
ussd_0429,ussd_s007807,-0.5314,0.1496,-0.1241,0.0,0
ussd_0118,ussd_s007808,1.6228,0.4661,-0.639,0.0,0
ussd_0224,ussd_s007809,-0.4569,2.122,-0.2677,0.0,0
ussd_0449,ussd_s007810,-0.3336,0.4456,-0.2688,0.0,0
ussd_0220,ussd_s007811,1.9155,0.6038,-0.1229,0.0,0
ussd_0300,ussd_s007812,-0.5558,0.8134,-0.0156,0.0,0
ussd_0181,ussd_s007813,24.9387,3.2981,6.1998,0.8429,1
ussd_0047,ussd_s007814,1.1449,1.1563,-0.3995,0.8009,0
ussd_0368,ussd_s007815,-0.3664,1.0072,-0.0781,0.0,0
ussd_0406,ussd_s007816,-0.4908,0.8088,-0.1994,0.0,0
ussd_0216,ussd_s007817,-0.3495,0.9461,-0.0659,0.0,0
ussd_0045,ussd_s007818,-0.4331,1.3002,0.8043,0.7862,0
ussd_0170,ussd_s007819,0.4292,1.1884,1.0968,0.0,0
ussd_0417,ussd_s007820,-0.7083,0.3632,-0.1046,0.0,0
ussd_0171,ussd_s007821,1.4594,0.9102,-0.3682,0.0,0
ussd_0175,ussd_s007822,-0.4836,0.7222,-0.4073,0.0,0
ussd_0295,ussd_s007823,0.4422,0.7541,-0.1366,0.0,0
ussd_0271,ussd_s007824,0.0493,1.7163,-0.1323,0.6586,0
ussd_0181,ussd_s007825,-0.8129,1.1309,-0.2,0.7457,0
ussd_0419,ussd_s007826,-0.7183,0.5013,-0.375,0.0,0
ussd_0153,ussd_s007827,-0.52,1.0842,-0.2831,0.0,0
ussd_0388,ussd_s007828,-0.8174,0.3276,-0.1792,0.8787,0
ussd_0007,ussd_s007829,0.1041,0.2925,-0.4364,0.0,0
ussd_0385,ussd_s007830,0.2685,0.4827,-0.2846,0.772,0
ussd_0422,ussd_s007831,-0.7829,1.2246,-0.112,0.7109,0
ussd_0293,ussd_s007832,-0.2241,0.4476,-0.1511,0.0,0
ussd_0365,ussd_s007833,-0.1031,1.4671,-0.0713,0.0,0
ussd_0228,ussd_s007834,1.2733,0.3841,0.4009,0.0,0
ussd_0339,ussd_s007835,-0.4852,0.5728,-0.0323,0.4612,0
ussd_0244,ussd_s007836,1.3745,0.8047,0.0703,0.68,0
ussd_0310,ussd_s007837,-0.4044,1.0498,-0.0456,0.0,0
ussd_0381,ussd_s007838,6.9873,0.9107,8.3183,0.0,1
ussd_0206,ussd_s007839,-0.5822,1.6393,-0.0379,0.0,0
ussd_0442,ussd_s007840,-0.5977,0.0615,-0.17,0.0,0
ussd_0286,ussd_s007841,11.5979,0.773,3.1119,0.0,1
ussd_0188,ussd_s007842,0.5642,0.6178,-0.3934,0.0,0
ussd_0247,ussd_s007843,4.1503,1.443,-0.4155,0.5439,0
ussd_0273,ussd_s007844,-0.3566,0.1531,0.9305,0.0,0
ussd_0113,ussd_s007845,-0.5819,0.8189,0.2222,0.0,0
ussd_0343,ussd_s007846,0.059,0.7354,-0.1302,0.0,0
ussd_0355,ussd_s007847,2.0761,0.7579,-0.4131,0.0,0
ussd_0085,ussd_s007848,9.921,0.4778,4.0033,0.0,1
ussd_0447,ussd_s007849,-0.4129,0.3457,-0.4084,0.0,0
ussd_0345,ussd_s007850,0.112,0.4684,-0.2127,0.0,0
ussd_0001,ussd_s007851,0.5427,0.7205,-0.2033,0.0,0
ussd_0251,ussd_s007852,0.3339,0.7499,0.5812,0.0,0
ussd_0027,ussd_s007853,-0.1702,0.0242,-0.388,0.0,0
ussd_0385,ussd_s007854,0.9177,1.0006,-0.2846,0.772,0
ussd_0051,ussd_s007855,-0.4728,1.9913,-0.297,0.0,0
ussd_0434,ussd_s007856,1.0618,0.2516,-0.2715,0.0,0
ussd_0078,ussd_s007857,-0.4874,1.0406,1.724,0.0,0
ussd_0325,ussd_s007858,0.5502,0.0523,-0.1796,0.0,0
ussd_0403,ussd_s007859,-0.3134,1.7071,-0.303,0.0,0
ussd_0224,ussd_s007860,-0.1792,1.2941,-0.2677,0.0,0
ussd_0167,ussd_s007861,-0.5792,0.1937,0.1459,0.0,0
ussd_0232,ussd_s007862,6.4982,3.2907,1.4143,0.0,1
ussd_0094,ussd_s007863,-0.7742,0.2296,-0.2243,0.0,0
ussd_0031,ussd_s007864,-0.6178,0.1387,-0.4503,0.0,0
ussd_0384,ussd_s007865,0.1667,0.1258,-0.44,0.8505,0
ussd_0115,ussd_s007866,-0.4944,0.0631,-0.0045,0.5235,0
ussd_0394,ussd_s007867,-0.277,0.309,-0.08,0.0,0
ussd_0264,ussd_s007868,-0.1229,0.1398,-0.5522,0.9204,0
ussd_0308,ussd_s007869,-0.1532,0.8505,-0.0672,0.0,0
ussd_0136,ussd_s007870,0.0038,1.149,-0.6764,0.2943,0
ussd_0289,ussd_s007871,-0.8789,1.2501,-0.2531,0.9908,0
ussd_0387,ussd_s007872,0.0761,1.9008,-0.3918,0.0,0
ussd_0274,ussd_s007873,6.2273,1.2349,0.4891,0.0,0
ussd_0145,ussd_s007874,-0.6665,0.3751,0.7197,0.6273,0
ussd_0328,ussd_s007875,-0.3038,0.3684,0.471,0.0,0
ussd_0091,ussd_s007876,-0.4405,0.0774,-0.1477,0.0,0
ussd_0290,ussd_s007877,1.1758,0.5246,-0.4046,0.0,0
ussd_0297,ussd_s007878,5.0057,0.9799,3.3763,0.867,1
ussd_0077,ussd_s007879,0.5596,1.0342,-0.0916,0.0,0
ussd_0289,ussd_s007880,3.597,1.1524,-0.2531,0.9908,0
ussd_0182,ussd_s007881,19.9551,1.1506,3.9668,0.9517,1
ussd_0284,ussd_s007882,-0.537,0.542,-0.3243,0.4201,0
ussd_0409,ussd_s007883,5.8238,0.1083,-0.2406,0.0,0
ussd_0388,ussd_s007884,-0.5892,0.3498,-0.1792,0.8787,0
ussd_0392,ussd_s007885,2.9065,0.9535,-0.4251,0.9428,0
ussd_0138,ussd_s007886,0.4783,0.796,-0.2683,0.0,0
ussd_0444,ussd_s007887,-0.3008,0.9691,-0.356,0.0,0
ussd_0130,ussd_s007888,1.6671,0.9695,0.5701,0.0,0
ussd_0067,ussd_s007889,-0.8927,0.2268,-0.0935,0.0,0
ussd_0314,ussd_s007890,-0.3988,0.0488,-0.2413,0.9397,0
ussd_0111,ussd_s007891,4.1344,0.2069,2.9646,0.3775,1
ussd_0241,ussd_s007892,0.1133,0.2066,0.6176,0.0,0
ussd_0020,ussd_s007893,0.1029,1.4571,0.3216,0.0,0
ussd_0237,ussd_s007894,-0.5764,0.2694,0.9702,0.0,0
ussd_0174,ussd_s007895,-0.1337,0.6641,-0.0646,0.8039,0
ussd_0081,ussd_s007896,-0.9585,0.2701,2.5705,0.0,0
ussd_0208,ussd_s007897,1.4865,1.3265,-0.518,0.5813,0
ussd_0401,ussd_s007898,-0.6435,1.5642,-0.7121,0.0,0
ussd_0097,ussd_s007899,17.1475,5.4871,1.5193,0.7079,1
ussd_0267,ussd_s007900,-0.5873,1.5831,3.7291,0.8579,0
ussd_0410,ussd_s007901,-0.5726,0.4766,0.5959,0.0,0
ussd_0016,ussd_s007902,-0.4822,0.464,1.5947,0.0,0
ussd_0365,ussd_s007903,-0.8062,0.3194,-0.0713,0.0,0
ussd_0255,ussd_s007904,-0.1238,0.6806,-0.3304,0.0,0
ussd_0359,ussd_s007905,0.2487,1.3823,-0.7084,0.0,0
ussd_0347,ussd_s007906,-0.6371,1.8892,-0.3832,0.0,0
ussd_0285,ussd_s007907,1.2467,0.3229,-0.6131,0.0,0
ussd_0112,ussd_s007908,-0.0277,1.6615,0.1413,0.7593,0
ussd_0366,ussd_s007909,-0.4059,0.1452,-0.2035,0.0,0
ussd_0430,ussd_s007910,-0.4874,1.1416,0.6657,0.2721,0
ussd_0380,ussd_s007911,-0.5196,0.6999,-0.228,0.697,0
ussd_0213,ussd_s007912,0.5638,0.5332,-0.4046,0.0,0
ussd_0383,ussd_s007913,-0.5204,0.8616,-0.1407,0.8163,0
ussd_0208,ussd_s007914,-0.5679,0.6397,1.4102,0.5813,0
ussd_0241,ussd_s007915,0.8396,1.138,-0.4608,0.0,0
ussd_0447,ussd_s007916,0.1022,0.1724,-0.4084,0.0,0
ussd_0014,ussd_s007917,0.7449,1.5421,-0.3953,0.0,0
ussd_0418,ussd_s007918,-0.2607,0.024,-0.4902,0.0,0
ussd_0045,ussd_s007919,-0.8093,0.5361,-0.3986,0.7862,0
ussd_0325,ussd_s007920,-0.9443,1.6146,-0.1796,0.0,0
ussd_0055,ussd_s007921,6.054,1.4755,7.3676,0.9019,1
ussd_0184,ussd_s007922,-0.5007,0.784,-0.375,0.5665,0
ussd_0117,ussd_s007923,0.7631,0.2876,-0.1106,0.0,0
ussd_0376,ussd_s007924,-0.4356,0.6094,0.4397,0.0143,0
ussd_0277,ussd_s007925,-0.4036,2.273,0.1378,0.9062,0
ussd_0178,ussd_s007926,10.4198,0.1425,0.8055,0.8842,1
ussd_0119,ussd_s007927,-0.7088,0.1472,-0.266,0.0,0
ussd_0368,ussd_s007928,-0.8489,1.9505,-0.0781,0.0,0
ussd_0417,ussd_s007929,-0.4821,0.2372,-0.1046,0.0,0
ussd_0294,ussd_s007930,-0.385,1.3413,1.5584,0.0,0
ussd_0352,ussd_s007931,-0.3461,1.0695,0.0202,0.0,0
ussd_0385,ussd_s007932,0.7315,0.0946,-0.2846,0.772,0
ussd_0295,ussd_s007933,-0.5854,1.2657,-0.1366,0.0,0
ussd_0040,ussd_s007934,-0.9189,0.5029,1.4333,0.0,0
ussd_0057,ussd_s007935,-0.0396,1.3039,-0.1568,0.986,0
ussd_0077,ussd_s007936,-0.8336,0.5672,-0.0916,0.0,0
ussd_0358,ussd_s007937,-0.2763,1.9799,-0.1161,0.0,0
ussd_0390,ussd_s007938,-0.835,2.3027,0.1833,0.0,0
ussd_0194,ussd_s007939,-0.6549,0.3604,-0.4927,0.6378,0
ussd_0201,ussd_s007940,4.9872,2.5978,0.9333,0.978,1
ussd_0250,ussd_s007941,-0.47,0.1658,-0.5623,0.6003,0
ussd_0309,ussd_s007942,-0.3519,0.7284,-0.1466,0.0,0
ussd_0037,ussd_s007943,-0.8432,0.825,0.2932,0.0,0
ussd_0032,ussd_s007944,-0.4655,0.7051,-0.1019,0.0,0
ussd_0098,ussd_s007945,0.0214,0.4079,-0.1481,0.0,0
ussd_0384,ussd_s007946,-0.4269,1.5152,-0.44,0.8505,0
ussd_0239,ussd_s007947,-0.284,0.3015,0.4909,0.0,0
ussd_0144,ussd_s007948,1.1014,0.483,-0.734,0.7224,0
ussd_0147,ussd_s007949,1.2678,0.2396,-0.5522,0.0,0
ussd_0440,ussd_s007950,0.4,0.344,-0.201,0.0,0
ussd_0039,ussd_s007951,0.1587,0.6827,0.0448,0.0,0
ussd_0393,ussd_s007952,-0.7848,0.5204,-0.5382,0.0,0
ussd_0427,ussd_s007953,-0.5714,0.4579,-0.0144,0.8555,0
ussd_0302,ussd_s007954,-0.7276,1.4167,-0.2993,0.0,0
ussd_0409,ussd_s007955,-0.2395,1.7002,-0.2406,0.0,0
ussd_0055,ussd_s007956,-0.6942,0.8816,-0.2393,0.6067,0
ussd_0303,ussd_s007957,-0.8108,1.8922,-0.1899,0.8018,0
ussd_0148,ussd_s007958,-0.6835,0.6795,-0.509,0.0,0
ussd_0266,ussd_s007959,-0.0854,0.9031,-0.5966,0.6032,0
ussd_0301,ussd_s007960,-0.762,1.6226,-0.2198,0.9322,0
ussd_0423,ussd_s007961,-0.2108,1.0477,-0.1,0.0,0
ussd_0220,ussd_s007962,-0.513,1.1464,1.6312,0.0,0
ussd_0057,ussd_s007963,-0.262,1.3671,-0.1568,0.986,0
ussd_0406,ussd_s007964,-0.7084,0.8133,-0.1994,0.0,0
ussd_0349,ussd_s007965,0.1843,1.7891,-0.4904,0.0,0
ussd_0189,ussd_s007966,0.7458,0.5813,-0.4537,0.0,0
ussd_0293,ussd_s007967,-0.2107,1.0162,-0.1511,0.0,0
ussd_0172,ussd_s007968,-0.1678,1.6088,-0.3459,0.9157,0
ussd_0266,ussd_s007969,1.5983,0.7167,-0.5966,0.6032,0
ussd_0268,ussd_s007970,0.4195,0.1684,-0.0551,0.0,0
ussd_0295,ussd_s007971,0.9596,0.7696,-0.1366,0.0,0
ussd_0424,ussd_s007972,3.6346,3.7306,-0.3623,0.7467,1
ussd_0041,ussd_s007973,-0.7318,1.6493,-0.4636,0.0,0
ussd_0395,ussd_s007974,-0.4935,0.7109,-0.4302,0.0,0
ussd_0318,ussd_s007975,-0.5851,2.4225,-0.2747,0.5436,0
ussd_0179,ussd_s007976,1.0997,0.3675,-0.5309,0.0,0
ussd_0359,ussd_s007977,-0.4476,0.8399,-0.1252,0.0,0
ussd_0131,ussd_s007978,1.0184,2.4001,-0.0764,0.0,0
ussd_0343,ussd_s007979,0.9953,1.5241,1.6094,0.0,0
ussd_0342,ussd_s007980,1.7139,0.1626,0.7652,0.0,0
ussd_0123,ussd_s007981,-0.1487,1.0477,-0.303,0.6336,0
ussd_0340,ussd_s007982,-0.0497,0.1264,0.8557,0.0,0
ussd_0090,ussd_s007983,-0.8068,0.3299,-0.3926,0.0165,0
ussd_0334,ussd_s007984,3.2802,2.1777,-0.0384,0.0,0
ussd_0329,ussd_s007985,15.4613,1.446,6.5437,0.7937,1
ussd_0260,ussd_s007986,-0.6934,1.5037,-0.4123,0.1622,0
ussd_0139,ussd_s007987,0.1845,0.5951,-0.2769,0.8304,0
ussd_0395,ussd_s007988,-0.6534,0.1401,-0.4302,0.0,0
ussd_0246,ussd_s007989,0.6871,1.071,-0.0584,0.8318,0
ussd_0169,ussd_s007990,-0.4029,0.6449,-0.702,0.0,0
ussd_0301,ussd_s007991,-0.6882,0.4536,-0.2198,0.9322,0
ussd_0360,ussd_s007992,-0.4412,1.697,-0.5311,0.0,0
ussd_0380,ussd_s007993,-0.3302,0.736,-0.228,0.697,0
ussd_0207,ussd_s007994,2.3478,0.154,-0.1689,0.2923,0
ussd_0232,ussd_s007995,-0.7501,1.6582,-0.5171,0.0,0
ussd_0311,ussd_s007996,-0.1038,1.4222,-0.1529,0.0,0
ussd_0169,ussd_s007997,-0.8393,0.254,-0.106,0.0,0
ussd_0120,ussd_s007998,-0.2889,0.7249,-0.2178,0.0,0
ussd_0069,ussd_s007999,0.2324,0.7767,-0.251,0.8844,0
ussd_0089,ussd_s008000,0.4506,0.6775,-0.3172,0.0,0
ussd_0362,ussd_s008001,0.4247,0.3343,-0.3611,0.0,0
ussd_0222,ussd_s008002,-0.0772,0.656,0.2474,0.0,0
ussd_0324,ussd_s008003,-0.3449,0.8198,-0.2742,0.0,0
ussd_0000,ussd_s008004,0.2219,2.396,0.3274,0.3567,0
ussd_0088,ussd_s008005,0.6194,2.368,-0.6782,0.0,0
ussd_0149,ussd_s008006,-0.1432,0.962,-0.2069,0.0,0
ussd_0257,ussd_s008007,-0.8118,1.0874,-0.0849,0.0,0
ussd_0056,ussd_s008008,0.0392,0.112,-0.3542,0.0,0
ussd_0355,ussd_s008009,0.8764,0.1293,-0.4131,0.0,0
ussd_0074,ussd_s008010,-0.6941,1.1618,-0.6179,0.0,0
ussd_0122,ussd_s008011,-0.42,1.6312,-0.1654,0.0,0
ussd_0032,ussd_s008012,-0.6521,0.8313,1.6943,0.0,0
ussd_0313,ussd_s008013,-0.6236,0.517,-0.0473,0.0,0
ussd_0068,ussd_s008014,-0.8585,0.5425,-0.0713,0.2031,0
ussd_0034,ussd_s008015,1.4579,1.1228,-0.4028,0.1524,0
ussd_0280,ussd_s008016,-0.7715,1.1016,-0.2533,0.0,0
ussd_0182,ussd_s008017,-0.2467,1.0627,-0.6179,0.9517,0
ussd_0163,ussd_s008018,-0.3089,0.5939,-0.1432,0.0,0
ussd_0404,ussd_s008019,-0.266,1.3641,-0.5198,0.5724,0
ussd_0180,ussd_s008020,2.3632,1.1604,-0.2644,0.0,0
ussd_0308,ussd_s008021,0.0203,0.0271,-0.0672,0.0,0
ussd_0071,ussd_s008022,-0.2092,1.2133,-0.2102,0.0,0
ussd_0285,ussd_s008023,-0.8212,0.4929,-0.6131,0.0,0
ussd_0191,ussd_s008024,-0.2298,0.3111,0.9515,0.0,0
ussd_0062,ussd_s008025,2.0595,0.2096,1.0066,0.0,0
ussd_0316,ussd_s008026,0.2915,0.962,-0.0791,0.0,0
ussd_0069,ussd_s008027,-0.403,1.3556,-0.251,0.8844,0
ussd_0138,ussd_s008028,-0.7518,0.8794,-0.2683,0.0,0
ussd_0122,ussd_s008029,0.274,1.4056,0.3911,0.0,0
ussd_0322,ussd_s008030,0.0231,0.2504,-0.2737,0.0,0
ussd_0437,ussd_s008031,3.224,4.4821,7.1937,0.6797,1
ussd_0198,ussd_s008032,-0.6849,0.5693,0.1783,0.8457,0
ussd_0366,ussd_s008033,2.2533,0.2126,-0.2035,0.0,0
ussd_0292,ussd_s008034,-0.6758,0.1508,-0.3993,0.0,0
ussd_0007,ussd_s008035,1.4785,0.0167,-0.4364,0.0,0
ussd_0202,ussd_s008036,-0.3725,0.6964,-0.0483,0.0,0
ussd_0188,ussd_s008037,-0.5736,0.5267,-0.3934,0.0,0
ussd_0334,ussd_s008038,-0.4962,0.0448,-0.0384,0.0,0
ussd_0180,ussd_s008039,-0.7243,0.9247,-0.2644,0.0,0
ussd_0255,ussd_s008040,-0.0658,0.7266,1.0087,0.0,0
ussd_0112,ussd_s008041,4.8639,0.6453,0.1413,0.7593,0
ussd_0244,ussd_s008042,-0.0046,0.7986,0.0703,0.68,0
ussd_0019,ussd_s008043,0.5316,1.1352,-0.6024,0.8868,0
ussd_0326,ussd_s008044,-0.359,0.1204,-0.0673,0.0957,0
ussd_0172,ussd_s008045,-0.3458,2.7485,-0.3459,0.9157,0
ussd_0083,ussd_s008046,-0.8045,0.0618,-0.3606,0.0,0
ussd_0039,ussd_s008047,-0.4043,1.0413,-0.6517,0.0,0
ussd_0436,ussd_s008048,0.5068,0.3468,-0.3421,0.0,0
ussd_0075,ussd_s008049,-0.837,1.0532,-0.174,0.0,0
ussd_0439,ussd_s008050,-0.9497,0.0031,-0.3837,0.5928,0
ussd_0343,ussd_s008051,-0.7042,0.5533,-0.1302,0.0,0
ussd_0227,ussd_s008052,-0.6637,1.7483,-0.0417,0.0,0
ussd_0054,ussd_s008053,-0.8256,1.2476,-0.1483,0.5714,0
ussd_0111,ussd_s008054,-0.7355,0.8952,-0.5595,0.3775,0
ussd_0034,ussd_s008055,12.5109,0.0881,6.7639,0.9616,1
ussd_0240,ussd_s008056,0.1281,0.7419,-0.234,0.0,0
ussd_0251,ussd_s008057,-0.6089,0.2141,-0.0513,0.0,0
ussd_0407,ussd_s008058,-0.4574,0.6769,0.5581,0.0,0
ussd_0336,ussd_s008059,-0.5442,1.0219,-0.4944,0.0,0
ussd_0394,ussd_s008060,-0.5572,0.0356,-0.08,0.0,0
ussd_0292,ussd_s008061,0.6508,1.3013,-0.3993,0.0,0
ussd_0142,ussd_s008062,-0.7994,1.8007,0.6601,0.0,0
ussd_0042,ussd_s008063,-0.2237,0.7399,-0.2515,0.0,0
ussd_0258,ussd_s008064,2.3302,0.2886,-0.0176,0.0,0
ussd_0206,ussd_s008065,0.5442,1.3525,-0.0379,0.0,0
ussd_0319,ussd_s008066,-0.3436,0.3804,1.0688,0.5051,0
ussd_0176,ussd_s008067,2.2235,0.8095,-0.0892,0.0,0
ussd_0328,ussd_s008068,1.4728,0.5091,2.4323,0.0,0
ussd_0378,ussd_s008069,-0.7859,0.7233,0.8041,0.0,0
ussd_0390,ussd_s008070,-0.6403,0.0208,-0.6056,0.0,0
ussd_0121,ussd_s008071,0.2027,0.1317,1.7638,0.3602,0
ussd_0197,ussd_s008072,-0.6526,1.4387,-0.3809,0.0,0
ussd_0336,ussd_s008073,-0.2477,1.3838,0.5167,0.0,0
ussd_0198,ussd_s008074,-0.4263,0.802,-0.6072,0.8457,0
ussd_0176,ussd_s008075,0.2569,0.0784,-0.0892,0.0,0
ussd_0127,ussd_s008076,-0.8866,1.066,-0.294,0.0,0
ussd_0333,ussd_s008077,-0.3747,0.4101,0.9369,0.0,0
ussd_0445,ussd_s008078,-0.561,1.3981,-0.5449,0.0,0
ussd_0240,ussd_s008079,-0.2942,0.1009,-0.234,0.0,0
ussd_0389,ussd_s008080,-0.1847,0.9189,-0.3543,0.7365,0
ussd_0099,ussd_s008081,-0.0738,0.3505,-0.0273,0.0,0
ussd_0047,ussd_s008082,0.1294,1.3637,0.8015,0.8009,0
ussd_0255,ussd_s008083,-0.0291,1.5387,-0.3304,0.0,0
ussd_0110,ussd_s008084,0.8597,0.5087,-0.3506,0.0,0
ussd_0347,ussd_s008085,-0.5382,1.019,0.8503,0.0,0
ussd_0354,ussd_s008086,0.0684,0.7737,2.0972,0.0,0
ussd_0089,ussd_s008087,-0.6868,0.1514,-0.3172,0.0,0
ussd_0351,ussd_s008088,0.4771,0.5308,0.8145,0.0222,0
ussd_0067,ussd_s008089,-0.4561,0.9434,-0.0935,0.0,0
ussd_0110,ussd_s008090,-0.0605,0.0809,-0.3506,0.0,0
ussd_0309,ussd_s008091,-0.5037,0.3694,-0.1466,0.0,0
ussd_0361,ussd_s008092,6.2191,1.3291,-0.1189,0.0474,0
ussd_0416,ussd_s008093,20.5205,0.5037,5.4322,0.8605,1
ussd_0007,ussd_s008094,-0.7313,0.342,-0.4364,0.0,0
ussd_0324,ussd_s008095,-0.177,0.1507,-0.2742,0.0,0
ussd_0121,ussd_s008096,-0.6544,0.7261,0.1845,0.3602,0
ussd_0137,ussd_s008097,3.0856,0.612,0.9235,0.0,0
ussd_0419,ussd_s008098,-0.5355,0.3488,-0.375,0.0,0
ussd_0369,ussd_s008099,0.2912,2.8497,-0.013,0.5925,0
ussd_0447,ussd_s008100,0.7077,0.3582,-0.4084,0.0,0
ussd_0320,ussd_s008101,3.3084,0.2115,-0.3343,0.0802,0
ussd_0365,ussd_s008102,-0.7392,1.7765,-0.0713,0.0,0
ussd_0342,ussd_s008103,-0.5866,0.2033,0.373,0.0,0
ussd_0101,ussd_s008104,-0.6894,0.1793,1.0022,0.0,0
ussd_0127,ussd_s008105,0.5003,0.825,-0.294,0.0,0
ussd_0314,ussd_s008106,-0.6751,0.7958,1.2761,0.9397,0
ussd_0270,ussd_s008107,-0.3743,0.7856,-0.3367,0.0,0
ussd_0304,ussd_s008108,-0.8149,0.7457,-0.2978,0.0,0
ussd_0238,ussd_s008109,2.2931,0.3228,-0.1474,0.0,0
ussd_0055,ussd_s008110,-0.8084,1.4917,-0.2393,0.6067,0
ussd_0101,ussd_s008111,1.791,1.6229,-0.3326,0.0,0
ussd_0168,ussd_s008112,0.1894,0.248,1.6715,0.1778,0
ussd_0401,ussd_s008113,-0.5619,0.0247,-0.7121,0.0,0
ussd_0174,ussd_s008114,-0.5208,0.0631,-0.0646,0.8039,0
ussd_0401,ussd_s008115,-0.7254,0.6071,-0.1364,0.0,0
ussd_0448,ussd_s008116,-0.2546,1.9145,-0.2068,0.0,0
ussd_0092,ussd_s008117,0.0486,0.6179,-0.18,0.0,0
ussd_0326,ussd_s008118,-0.3806,0.8209,-0.0673,0.0957,0
ussd_0156,ussd_s008119,0.0348,0.0917,-0.15,0.8076,0
ussd_0389,ussd_s008120,2.5469,0.8825,-0.3543,0.7365,0
ussd_0439,ussd_s008121,-0.7877,0.1313,0.849,0.5928,0
ussd_0165,ussd_s008122,7.1424,1.307,3.9545,0.7348,1
ussd_0189,ussd_s008123,-0.1532,0.2075,0.6389,0.0,0
ussd_0063,ussd_s008124,24.0663,1.5833,17.9913,0.6694,1
ussd_0036,ussd_s008125,-0.7684,1.0112,0.009,0.1846,0
ussd_0320,ussd_s008126,-0.2377,0.2167,-0.3343,0.0802,0
ussd_0023,ussd_s008127,-0.1072,1.9477,0.7422,0.0,0
ussd_0084,ussd_s008128,-0.3682,0.5262,-0.443,0.0,0
ussd_0077,ussd_s008129,-0.642,1.166,-0.0916,0.0,0
ussd_0257,ussd_s008130,-0.1922,0.6698,-0.0849,0.0,0
ussd_0202,ussd_s008131,1.9201,1.355,-0.0483,0.0,0
ussd_0198,ussd_s008132,-0.7614,0.8198,-0.6072,0.8457,0
ussd_0231,ussd_s008133,-0.4977,1.0314,0.0238,0.0,0
ussd_0029,ussd_s008134,-0.3945,1.879,-0.5084,0.0,0
ussd_0280,ussd_s008135,0.031,0.5429,-0.2533,0.0,0
ussd_0438,ussd_s008136,-0.8486,0.6688,-0.2666,0.8982,0
ussd_0155,ussd_s008137,0.5956,0.7304,-0.507,0.0,0
ussd_0123,ussd_s008138,-0.284,1.4865,-0.303,0.6336,0
ussd_0072,ussd_s008139,-0.8128,0.7885,-0.0655,0.0,0
ussd_0354,ussd_s008140,-0.4653,0.6357,0.8583,0.0,0
ussd_0110,ussd_s008141,-0.4478,0.2083,-0.3506,0.0,0
ussd_0234,ussd_s008142,0.1266,0.4851,-0.2617,0.0,0
ussd_0336,ussd_s008143,-0.1264,0.5987,-0.4944,0.0,0
ussd_0350,ussd_s008144,0.7955,0.138,-0.2522,0.0,0
ussd_0392,ussd_s008145,0.7584,0.6975,-0.4251,0.9428,0
ussd_0324,ussd_s008146,-0.4411,0.4427,-0.2742,0.0,0
ussd_0393,ussd_s008147,-0.3982,1.036,-0.5382,0.0,0
ussd_0001,ussd_s008148,-0.0458,0.3127,-0.2033,0.0,0
ussd_0386,ussd_s008149,0.7789,0.4214,-0.047,0.5229,0
ussd_0128,ussd_s008150,0.2203,0.6559,-0.0275,0.0,0
ussd_0202,ussd_s008151,-0.6469,0.3112,-0.0483,0.0,0
ussd_0162,ussd_s008152,-0.6578,0.1326,-0.6145,0.9543,0
ussd_0197,ussd_s008153,-0.4426,0.6135,2.0957,0.0,0
ussd_0147,ussd_s008154,-0.1533,1.9004,0.3435,0.0,0
ussd_0246,ussd_s008155,6.1287,0.137,-0.0584,0.8318,0
ussd_0199,ussd_s008156,2.3954,0.9078,-0.1795,0.0,0
ussd_0107,ussd_s008157,-0.774,0.4064,0.6855,0.0,0
ussd_0012,ussd_s008158,-0.8824,0.0952,-0.3088,0.0,0
ussd_0106,ussd_s008159,-0.3081,0.9063,-0.4215,0.783,0
ussd_0102,ussd_s008160,0.2513,0.6284,-0.2764,0.0,0
ussd_0234,ussd_s008161,-0.5231,1.2301,-0.2617,0.0,0
ussd_0320,ussd_s008162,-0.8179,0.6502,-0.3343,0.0802,0
ussd_0110,ussd_s008163,-0.3955,0.7502,-0.3506,0.0,0
ussd_0242,ussd_s008164,-0.1198,1.0426,-0.3228,0.0,0
ussd_0085,ussd_s008165,6.7081,0.0271,8.2918,0.8913,1
ussd_0321,ussd_s008166,-0.6295,2.0525,-0.019,0.0,0
ussd_0368,ussd_s008167,0.1733,0.3712,-0.0781,0.0,0
ussd_0246,ussd_s008168,0.6569,0.7252,-0.0584,0.8318,0
ussd_0309,ussd_s008169,-0.75,0.5172,-0.1466,0.0,0
ussd_0134,ussd_s008170,0.6162,0.8609,0.2647,0.0,0
ussd_0261,ussd_s008171,1.2669,0.3099,-0.3923,0.0,0
ussd_0210,ussd_s008172,-0.5695,0.871,1.0734,0.0,0
ussd_0247,ussd_s008173,-0.8536,1.6965,0.7535,0.5439,0
ussd_0253,ussd_s008174,-0.4283,1.3489,-0.1831,0.0,0
ussd_0021,ussd_s008175,0.1095,0.7819,0.7586,0.0,0
ussd_0225,ussd_s008176,-0.3467,0.4957,-0.0297,0.0,0
ussd_0279,ussd_s008177,0.1426,1.3319,2.3478,0.0,0
ussd_0253,ussd_s008178,-0.7416,1.0861,-0.1831,0.0,0
ussd_0106,ussd_s008179,-0.43,0.2975,-0.4215,0.783,0
ussd_0098,ussd_s008180,0.5319,0.5234,-0.1481,0.0,0
ussd_0070,ussd_s008181,-0.5986,0.1614,-0.1596,0.0,0
ussd_0387,ussd_s008182,0.6533,0.5599,-0.3918,0.0,0
ussd_0287,ussd_s008183,-0.0064,0.1835,-0.6304,0.0,0
ussd_0145,ussd_s008184,-0.6096,0.6988,0.7197,0.6273,0
ussd_0083,ussd_s008185,2.01,1.0921,-0.3606,0.0,0
ussd_0389,ussd_s008186,0.162,1.3597,-0.3543,0.7365,0
ussd_0306,ussd_s008187,4.3016,0.9284,-0.029,0.6558,0
ussd_0047,ussd_s008188,-0.5107,0.3612,-0.3995,0.8009,0
ussd_0086,ussd_s008189,5.2209,0.6142,2.122,0.5947,1
ussd_0105,ussd_s008190,-0.583,1.7782,0.0454,0.8648,0
ussd_0428,ussd_s008191,0.3665,1.605,-0.204,0.0,0
ussd_0291,ussd_s008192,-0.8149,1.6329,0.3131,0.0,0
ussd_0294,ussd_s008193,0.6227,0.7424,-0.1472,0.0,0
ussd_0065,ussd_s008194,0.0377,0.7547,-0.3807,0.0,0
ussd_0279,ussd_s008195,-0.1352,1.2293,-0.3304,0.0,0
ussd_0166,ussd_s008196,0.3638,0.2256,-0.3327,0.0,0
ussd_0223,ussd_s008197,-0.7517,0.8691,1.7981,0.0,0
ussd_0271,ussd_s008198,-0.5544,0.2167,-0.1323,0.6586,0
ussd_0369,ussd_s008199,-0.4128,1.4327,-0.013,0.5925,0
ussd_0099,ussd_s008200,-0.3436,0.0286,-0.0273,0.0,0
ussd_0397,ussd_s008201,-0.1762,0.3586,0.7515,0.0,0
ussd_0062,ussd_s008202,-0.5866,1.0495,1.0066,0.0,0
ussd_0267,ussd_s008203,-0.7027,0.0329,-0.3244,0.8579,0
ussd_0108,ussd_s008204,-0.7382,1.1473,-0.4641,0.4636,0
ussd_0010,ussd_s008205,0.244,0.2719,-0.111,0.0,0
ussd_0415,ussd_s008206,-0.5526,2.0213,-0.2031,0.0,0
ussd_0155,ussd_s008207,-0.6804,0.2445,-0.507,0.0,0
ussd_0010,ussd_s008208,-0.6548,1.6621,-0.111,0.0,0
ussd_0154,ussd_s008209,-0.5475,0.4327,1.2543,0.0,0
ussd_0298,ussd_s008210,-0.2598,0.8844,-0.047,0.0,0
ussd_0409,ussd_s008211,-0.8439,1.3602,-0.2406,0.0,0
ussd_0027,ussd_s008212,-0.8869,0.8162,-0.388,0.0,0
ussd_0144,ussd_s008213,-0.0484,0.1372,-0.2019,0.7224,0
ussd_0193,ussd_s008214,0.0713,0.1089,-0.0722,0.0,0
ussd_0289,ussd_s008215,-0.3673,0.5484,-0.2531,0.9908,0
ussd_0033,ussd_s008216,-0.1887,1.025,-0.1989,0.0,0
ussd_0439,ussd_s008217,-0.0163,0.2324,0.849,0.5928,0
ussd_0424,ussd_s008218,-0.0407,1.4534,0.913,0.1979,0
ussd_0079,ussd_s008219,1.4192,0.7984,-0.463,0.0,0
ussd_0000,ussd_s008220,-0.5994,1.4379,-0.5575,0.3567,0
ussd_0043,ussd_s008221,0.1493,0.3201,0.4883,0.0,0
ussd_0109,ussd_s008222,-0.4026,1.0672,0.5618,0.9921,0
ussd_0113,ussd_s008223,0.1454,0.0471,0.2222,0.0,0
ussd_0400,ussd_s008224,0.1156,0.7143,-0.3969,0.0,0
ussd_0332,ussd_s008225,0.5559,0.5658,-0.1385,0.0,0
ussd_0348,ussd_s008226,-0.7233,0.2131,-0.2464,0.0,0
ussd_0148,ussd_s008227,-0.6426,1.37,-0.509,0.0,0
ussd_0297,ussd_s008228,0.426,1.2531,-0.3748,0.0,0
ussd_0128,ussd_s008229,-0.0907,2.0176,-0.0275,0.0,0
ussd_0023,ussd_s008230,-0.7513,0.8133,0.7422,0.0,0
ussd_0236,ussd_s008231,0.0219,0.2909,-0.2892,0.5753,0
ussd_0197,ussd_s008232,-0.406,0.6307,-0.3809,0.0,0
ussd_0258,ussd_s008233,-0.0457,0.7973,-0.0176,0.0,0
ussd_0313,ussd_s008234,-0.7136,0.1459,-0.0473,0.0,0
ussd_0170,ussd_s008235,0.7037,0.2267,-0.3011,0.0,0
ussd_0081,ussd_s008236,-0.3136,1.6414,1.2721,0.0,0
ussd_0201,ussd_s008237,-0.7392,0.5195,-0.3556,0.0,0
ussd_0378,ussd_s008238,-0.6012,0.376,-0.3986,0.0,0
ussd_0021,ussd_s008239,-0.7276,0.2777,-0.4138,0.0,0
ussd_0217,ussd_s008240,-0.632,0.1937,-0.4684,0.0,0
ussd_0443,ussd_s008241,6.2912,2.1163,8.795,0.0,1
ussd_0125,ussd_s008242,4.0197,1.6035,5.8817,0.0,1
ussd_0363,ussd_s008243,-0.7629,0.8821,-0.0892,0.9519,0
ussd_0325,ussd_s008244,-0.5593,0.3746,-0.1796,0.0,0
ussd_0272,ussd_s008245,0.6698,0.4483,-0.364,0.0,0
ussd_0424,ussd_s008246,-0.5068,0.8959,-0.3623,0.1979,0
ussd_0051,ussd_s008247,-0.7106,1.427,-0.297,0.0,0
ussd_0338,ussd_s008248,1.433,1.387,-0.1227,0.0,0
ussd_0404,ussd_s008249,5.7254,2.3072,1.4008,0.8008,1
ussd_0399,ussd_s008250,-0.1289,1.0401,-0.031,0.0,0
ussd_0232,ussd_s008251,-0.1816,0.6429,1.4143,0.0,0
ussd_0303,ussd_s008252,-0.671,0.8277,-0.1899,0.8018,0
ussd_0093,ussd_s008253,-0.5955,0.5522,-0.1136,0.7111,0
ussd_0022,ussd_s008254,0.1853,0.9345,-0.2967,0.0,0
ussd_0349,ussd_s008255,2.8692,0.5585,-0.4904,0.0,0
ussd_0001,ussd_s008256,1.8749,1.9417,-0.2033,0.0,0
ussd_0366,ussd_s008257,-0.6767,1.1616,-0.2035,0.0,0
ussd_0408,ussd_s008258,0.1102,2.0387,-0.5987,0.0,0
ussd_0298,ussd_s008259,-0.5454,1.5569,-0.047,0.0,0
ussd_0025,ussd_s008260,-0.5701,2.0537,1.1878,0.0,0
ussd_0073,ussd_s008261,-0.6751,0.1997,-0.6339,0.0,0
ussd_0288,ussd_s008262,-0.1515,1.7094,-0.1842,0.0,0
ussd_0301,ussd_s008263,0.7233,0.6207,1.3405,0.9322,0
ussd_0092,ussd_s008264,-0.5535,0.9434,-0.18,0.0,0
ussd_0164,ussd_s008265,3.2156,0.4893,-0.4743,0.0,0
ussd_0404,ussd_s008266,-0.5295,1.0403,-0.5198,0.5724,0
ussd_0121,ussd_s008267,0.8668,1.8527,0.1845,0.3602,0
ussd_0077,ussd_s008268,1.522,0.4675,-0.0916,0.0,0
ussd_0315,ussd_s008269,1.3212,0.0133,-0.1627,0.0,0
ussd_0130,ussd_s008270,-0.6545,0.906,1.6169,0.0,0
ussd_0386,ussd_s008271,-0.348,1.4073,-0.047,0.5229,0
ussd_0081,ussd_s008272,-0.7873,1.4185,0.6229,0.0,0
ussd_0022,ussd_s008273,-0.6873,1.0106,-0.2967,0.0,0
ussd_0216,ussd_s008274,-0.8837,0.3081,-0.0659,0.0,0
ussd_0002,ussd_s008275,-0.7629,0.9924,-0.064,0.7461,0
ussd_0432,ussd_s008276,1.282,0.3205,-0.2825,0.0,0
ussd_0198,ussd_s008277,-0.4913,0.7755,-0.6072,0.8457,0
ussd_0122,ussd_s008278,-0.8434,1.2929,0.9475,0.0,0
ussd_0027,ussd_s008279,-0.761,0.7949,2.06,0.0,0
ussd_0395,ussd_s008280,-0.7632,0.5105,0.7094,0.0,0
ussd_0416,ussd_s008281,-0.1188,0.5452,-0.2853,0.8605,0
ussd_0448,ussd_s008282,-0.8456,2.2015,1.3795,0.0,0
ussd_0232,ussd_s008283,9.7735,0.1718,3.3457,0.0,1
ussd_0357,ussd_s008284,-0.1347,0.7547,-0.2504,0.0,0
ussd_0220,ussd_s008285,-0.7161,0.7477,-0.1229,0.0,0
ussd_0164,ussd_s008286,-0.5232,0.1364,-0.4743,0.0,0
ussd_0028,ussd_s008287,0.4551,1.0407,-0.5506,0.0,0
ussd_0391,ussd_s008288,0.4484,1.1512,-0.3385,0.0,0
ussd_0126,ussd_s008289,-0.0922,0.413,-0.1537,0.4802,0
ussd_0441,ussd_s008290,-0.7699,0.9518,-0.3002,0.0,0
ussd_0125,ussd_s008291,0.8499,1.247,-0.2354,0.0,0
ussd_0060,ussd_s008292,1.4336,0.5867,-0.5746,0.0,0
ussd_0119,ussd_s008293,11.2131,3.2722,7.074,0.0,1
ussd_0227,ussd_s008294,-0.3278,0.2595,-0.0417,0.0,0
ussd_0146,ussd_s008295,0.0471,0.8252,-0.1106,0.0,0
ussd_0017,ussd_s008296,0.4762,0.7071,-0.1648,0.0,0
ussd_0047,ussd_s008297,-0.3305,0.7323,-0.3995,0.8009,0
ussd_0301,ussd_s008298,-0.4527,1.7972,-0.2198,0.9322,0
ussd_0273,ussd_s008299,-0.329,0.9754,0.9305,0.0,0
ussd_0008,ussd_s008300,-0.3234,1.0808,-0.3053,0.0,0
ussd_0288,ussd_s008301,0.4636,0.667,1.4473,0.0,0
ussd_0134,ussd_s008302,6.2347,1.3768,1.1078,0.9009,1
ussd_0303,ussd_s008303,-0.2372,0.1787,-0.1899,0.8018,0
ussd_0295,ussd_s008304,-0.4503,0.3219,-0.1366,0.0,0
ussd_0182,ussd_s008305,-0.3312,1.0145,0.1462,0.9517,0
ussd_0289,ussd_s008306,1.5045,0.0382,-0.2531,0.9908,0
ussd_0095,ussd_s008307,-0.3364,0.0343,2.1203,0.0,0
ussd_0213,ussd_s008308,2.2443,1.6308,-0.4046,0.0,0
ussd_0032,ussd_s008309,-0.8662,0.843,-0.1019,0.0,0
ussd_0296,ussd_s008310,-0.2317,1.4671,-0.4848,0.0,0
ussd_0194,ussd_s008311,-0.5037,0.7922,-0.4927,0.6378,0
ussd_0048,ussd_s008312,0.6677,0.012,-0.1091,0.0,0
ussd_0224,ussd_s008313,-0.1407,2.6312,-0.2677,0.0,0
ussd_0168,ussd_s008314,0.1919,0.9345,-0.6184,0.1778,0
ussd_0177,ussd_s008315,-0.2141,0.8737,-0.4694,0.0,0
ussd_0112,ussd_s008316,-0.2998,2.0774,0.1413,0.7593,0
ussd_0386,ussd_s008317,-0.8085,0.4174,-0.047,0.5229,0
ussd_0080,ussd_s008318,-0.2703,1.1701,-0.3273,0.0,0
ussd_0144,ussd_s008319,0.9317,0.3406,-0.734,0.7224,0
ussd_0148,ussd_s008320,1.1536,0.0121,-0.509,0.0,0
ussd_0289,ussd_s008321,-0.7015,1.4063,-0.2531,0.9908,0
ussd_0350,ussd_s008322,4.208,0.2803,7.2256,0.0,1
ussd_0148,ussd_s008323,-0.3322,0.0669,0.4731,0.0,0
ussd_0240,ussd_s008324,-0.1442,0.8184,-0.234,0.0,0
ussd_0163,ussd_s008325,-0.7818,0.1487,-0.1432,0.0,0
ussd_0402,ussd_s008326,-0.8888,0.3624,-0.1808,0.9386,0
ussd_0272,ussd_s008327,15.4599,0.208,3.4523,0.0,1
ussd_0062,ussd_s008328,-0.5793,0.5688,-0.5987,0.0,0
ussd_0441,ussd_s008329,19.6689,0.2031,8.0975,0.0,1
ussd_0318,ussd_s008330,-0.8385,0.3396,-0.2747,0.5436,0
ussd_0197,ussd_s008331,-0.1162,0.0022,-0.3809,0.0,0
ussd_0076,ussd_s008332,-0.7662,0.3586,-0.3912,0.0,0
ussd_0223,ussd_s008333,2.9125,0.8054,-0.0673,0.0,0
ussd_0383,ussd_s008334,9.8654,2.0559,3.2963,0.8799,1
ussd_0392,ussd_s008335,2.8986,0.3694,0.7247,0.9428,0
ussd_0371,ussd_s008336,-0.7812,0.0419,-0.269,0.0,0
ussd_0049,ussd_s008337,-0.3826,0.4104,0.4231,0.0,0
ussd_0221,ussd_s008338,-0.8981,0.2537,-0.6294,0.0,0
ussd_0186,ussd_s008339,-0.8427,0.6934,-0.4026,0.087,0
ussd_0423,ussd_s008340,1.1197,1.0586,0.26,0.0,0
ussd_0234,ussd_s008341,1.3731,0.1154,1.2149,0.0,0
ussd_0216,ussd_s008342,-0.45,0.6249,-0.0659,0.0,0
ussd_0177,ussd_s008343,-0.001,1.8934,0.5918,0.0,0
ussd_0299,ussd_s008344,-0.7853,1.049,-0.2227,0.0,0
ussd_0338,ussd_s008345,-0.0284,1.2674,-0.1227,0.0,0
ussd_0422,ussd_s008346,0.3638,0.4549,-0.112,0.7109,0
ussd_0162,ussd_s008347,-0.4597,0.2485,-0.6145,0.9543,0
ussd_0113,ussd_s008348,-0.6184,1.539,0.2222,0.0,0
ussd_0362,ussd_s008349,1.3152,0.7081,-0.3611,0.0,0
ussd_0021,ussd_s008350,-0.3786,0.4842,-0.4138,0.0,0
ussd_0385,ussd_s008351,-0.8311,0.6783,-0.2846,0.772,0
ussd_0097,ussd_s008352,-0.3409,0.4298,-0.4961,0.7079,0
ussd_0171,ussd_s008353,0.2867,0.2008,-0.3682,0.0,0
ussd_0176,ussd_s008354,-0.6764,2.0392,-0.0892,0.0,0
ussd_0258,ussd_s008355,3.4869,0.7877,9.8063,0.7754,1
ussd_0246,ussd_s008356,0.7135,0.6196,-0.0584,0.8318,0
ussd_0074,ussd_s008357,0.5435,0.3311,0.1464,0.0,0
ussd_0159,ussd_s008358,0.273,1.3021,-0.0377,0.0,0
ussd_0136,ussd_s008359,-0.7091,0.4718,-0.0292,0.2943,0
ussd_0257,ussd_s008360,-0.4863,0.8321,-0.0849,0.0,0
ussd_0139,ussd_s008361,0.5461,0.8822,2.6154,0.8304,0
ussd_0121,ussd_s008362,-0.8412,0.2319,0.1845,0.3602,0
ussd_0360,ussd_s008363,-0.7131,0.3485,-0.5311,0.0,0
ussd_0145,ussd_s008364,-0.8215,1.1267,0.0318,0.6273,0
ussd_0377,ussd_s008365,-0.3617,1.3795,-0.4784,0.0,0
ussd_0188,ussd_s008366,-0.6011,1.048,-0.3934,0.0,0
ussd_0318,ussd_s008367,-0.4666,0.9749,-0.2747,0.5436,0
ussd_0155,ussd_s008368,-0.6907,0.334,-0.507,0.0,0
ussd_0196,ussd_s008369,0.7436,0.7701,-0.4157,0.4478,0
ussd_0373,ussd_s008370,-0.3694,0.0679,0.7248,0.0,0
ussd_0105,ussd_s008371,-0.579,1.4048,0.7424,0.8648,0
ussd_0348,ussd_s008372,-0.6924,0.5355,-0.2464,0.0,0
ussd_0416,ussd_s008373,-0.1842,0.401,-0.2853,0.8605,0
ussd_0364,ussd_s008374,-0.3944,0.2665,0.5281,0.0,0
ussd_0052,ussd_s008375,-0.6597,0.1568,-0.2057,0.5566,0
ussd_0436,ussd_s008376,-0.406,0.6331,-0.3421,0.0,0
ussd_0185,ussd_s008377,2.2595,1.6181,1.0936,0.0,0
ussd_0258,ussd_s008378,-0.4198,0.8972,-0.0176,0.0,0
ussd_0229,ussd_s008379,-0.7223,0.5056,-0.2275,0.582,0
ussd_0263,ussd_s008380,-0.6046,0.0707,-0.1377,0.0,0
ussd_0222,ussd_s008381,0.9281,1.0355,0.2474,0.0,0
ussd_0269,ussd_s008382,-0.5984,1.3947,-0.0395,0.0,0
ussd_0315,ussd_s008383,-0.9292,2.2253,-0.1627,0.0,0
ussd_0050,ussd_s008384,7.7567,1.3669,3.711,0.0,1
ussd_0387,ussd_s008385,0.1336,0.6688,-0.3918,0.0,0
ussd_0318,ussd_s008386,0.1142,1.1727,-0.2747,0.5436,0
ussd_0278,ussd_s008387,0.6616,0.3796,-0.4889,0.0,0
ussd_0406,ussd_s008388,-0.8544,1.3739,-0.1994,0.0,0
ussd_0037,ussd_s008389,-0.1866,0.0843,0.2932,0.0,0
ussd_0277,ussd_s008390,-0.5112,0.1942,0.8963,0.9062,0
ussd_0109,ussd_s008391,-0.3263,0.8949,-0.4794,0.9921,0
ussd_0045,ussd_s008392,-0.6268,0.0244,-0.3986,0.7862,0
ussd_0053,ussd_s008393,-0.5223,1.3641,0.7665,0.0,0
ussd_0316,ussd_s008394,-0.4811,0.8181,-0.0791,0.0,0
ussd_0432,ussd_s008395,-0.7877,0.1768,-0.2825,0.0,0
ussd_0084,ussd_s008396,-0.5815,1.392,-0.443,0.0,0
ussd_0257,ussd_s008397,6.7825,3.0769,3.5753,0.7805,1
ussd_0093,ussd_s008398,0.2373,1.5518,-0.1136,0.7111,0
ussd_0091,ussd_s008399,-0.4196,0.8064,-0.1477,0.0,0
ussd_0165,ussd_s008400,-0.4401,0.7019,-0.2922,0.0,0
ussd_0009,ussd_s008401,0.3865,0.4617,0.8452,0.8032,0
ussd_0407,ussd_s008402,0.7594,0.1262,1.1813,0.0,0
ussd_0121,ussd_s008403,-0.8336,0.6043,-0.6052,0.3602,0
ussd_0220,ussd_s008404,-0.6807,0.2279,-0.1229,0.0,0
ussd_0098,ussd_s008405,0.0712,1.4801,-0.1481,0.0,0
ussd_0066,ussd_s008406,-0.5344,0.8763,-0.5095,0.515,0
ussd_0114,ussd_s008407,-0.1921,0.9581,-0.1616,0.6154,0
ussd_0257,ussd_s008408,-0.453,0.1263,-0.0849,0.0,0
ussd_0380,ussd_s008409,-0.7451,0.6849,-0.228,0.697,0
ussd_0034,ussd_s008410,0.4763,0.037,0.7917,0.1524,0
ussd_0398,ussd_s008411,-0.5015,1.7682,-0.3386,0.0,0
ussd_0335,ussd_s008412,-0.336,2.3167,-0.1527,0.0,0
ussd_0328,ussd_s008413,-0.1398,0.5267,-0.5097,0.0,0
ussd_0409,ussd_s008414,-0.5715,2.9451,-0.2406,0.0,0
ussd_0410,ussd_s008415,-0.8209,1.1822,0.5959,0.0,0
ussd_0089,ussd_s008416,-0.7464,0.5513,-0.3172,0.0,0
ussd_0272,ussd_s008417,0.1036,0.7327,-0.364,0.0,0
ussd_0357,ussd_s008418,0.37,0.0574,-0.2504,0.0,0
ussd_0425,ussd_s008419,0.422,0.7419,-0.4279,0.0,0
ussd_0133,ussd_s008420,0.0713,1.1286,-0.3497,0.531,0
ussd_0017,ussd_s008421,0.0889,0.6615,-0.1648,0.0,0
ussd_0086,ussd_s008422,-0.527,0.5145,-0.554,0.5947,0
ussd_0113,ussd_s008423,-0.1356,0.8229,-0.5926,0.0,0
ussd_0447,ussd_s008424,0.1654,0.6694,-0.4084,0.0,0
ussd_0289,ussd_s008425,-0.8602,1.0775,1.2406,0.9908,0
ussd_0157,ussd_s008426,-0.8181,1.6572,-0.1299,0.0,0
ussd_0117,ussd_s008427,-0.6218,1.307,-0.1106,0.0,0
ussd_0136,ussd_s008428,0.4235,0.2975,1.2652,0.2943,0
ussd_0287,ussd_s008429,0.416,0.5077,0.1089,0.0,0
ussd_0087,ussd_s008430,-0.4265,3.0539,-0.3481,0.0,0
ussd_0179,ussd_s008431,-0.3027,0.6322,-0.5309,0.0,0
ussd_0304,ussd_s008432,-0.4814,1.2745,-0.2978,0.0,0
ussd_0256,ussd_s008433,1.6794,1.9883,1.1423,0.5648,0
ussd_0168,ussd_s008434,0.2434,1.2629,0.1449,0.1778,0
ussd_0254,ussd_s008435,0.2311,0.1741,-0.0603,0.0,0
ussd_0299,ussd_s008436,-0.6582,0.2595,-0.2227,0.0,0
ussd_0219,ussd_s008437,-0.1735,0.0526,1.5166,0.0,0
ussd_0399,ussd_s008438,-0.2227,1.0247,-0.031,0.0,0
ussd_0407,ussd_s008439,-0.3417,0.5666,-0.0652,0.0,0
ussd_0190,ussd_s008440,-0.4694,2.1711,-0.3928,0.0,0
ussd_0054,ussd_s008441,-0.4533,1.8409,-0.1483,0.5714,0
ussd_0338,ussd_s008442,-0.8948,1.3989,-0.1227,0.0,0
ussd_0438,ussd_s008443,3.322,1.4229,-0.2666,0.8982,0
ussd_0356,ussd_s008444,-0.8155,0.8912,-0.2873,0.9012,0
ussd_0077,ussd_s008445,13.7121,0.4623,3.5421,0.0,1
ussd_0150,ussd_s008446,0.2134,0.1143,-0.0428,0.0,0
ussd_0190,ussd_s008447,0.4682,1.3228,0.8217,0.0,0
ussd_0037,ussd_s008448,0.1622,0.0196,0.2932,0.0,0
ussd_0231,ussd_s008449,-0.0264,2.7729,-0.6587,0.0,0
ussd_0126,ussd_s008450,-0.4717,1.5644,-0.1537,0.4802,0
ussd_0169,ussd_s008451,1.67,1.2853,0.4899,0.0,0
ussd_0416,ussd_s008452,-0.9439,1.0304,-0.2853,0.8605,0
ussd_0087,ussd_s008453,0.6863,0.2204,-0.3481,0.0,0
ussd_0293,ussd_s008454,4.8915,2.9792,4.9422,0.0,1
ussd_0057,ussd_s008455,-0.0137,0.6703,-0.1568,0.986,0
ussd_0174,ussd_s008456,-0.645,0.1841,-0.0646,0.8039,0
ussd_0239,ussd_s008457,-0.5248,1.2438,-0.1055,0.0,0
ussd_0374,ussd_s008458,-0.4198,0.7695,-0.3138,0.0,0
ussd_0090,ussd_s008459,-0.5234,1.5538,-0.3926,0.0165,0
ussd_0208,ussd_s008460,0.5748,0.5743,0.4461,0.5813,0
ussd_0075,ussd_s008461,4.3357,2.351,-0.174,0.0,0
ussd_0098,ussd_s008462,-0.703,0.7296,-0.1481,0.0,0
ussd_0021,ussd_s008463,-0.3655,0.4082,-0.4138,0.0,0
ussd_0254,ussd_s008464,-0.6671,0.3716,-0.0603,0.0,0
ussd_0319,ussd_s008465,4.1553,2.8206,3.8273,0.5051,1
ussd_0142,ussd_s008466,1.655,0.476,-0.4466,0.0,0
ussd_0046,ussd_s008467,0.2041,0.4971,-0.435,0.0,0
ussd_0281,ussd_s008468,3.627,4.7335,2.3909,0.0,1
ussd_0270,ussd_s008469,-0.2841,0.4353,0.9898,0.0,0
ussd_0015,ussd_s008470,-0.1517,0.6629,-0.112,0.0,0
ussd_0217,ussd_s008471,-0.3616,0.4789,-0.4684,0.0,0
ussd_0216,ussd_s008472,1.5135,1.458,-0.0659,0.0,0
ussd_0281,ussd_s008473,0.1235,0.8297,1.0345,0.0,0
ussd_0008,ussd_s008474,1.601,1.1403,-0.3053,0.0,0
ussd_0146,ussd_s008475,-0.6388,0.1146,-0.1106,0.0,0
ussd_0201,ussd_s008476,0.0417,0.18,0.9333,0.0,0
ussd_0418,ussd_s008477,13.108,0.0431,2.5688,0.9444,1
ussd_0291,ussd_s008478,0.3878,0.1472,-0.5623,0.0,0
ussd_0417,ussd_s008479,-0.6978,1.1744,-0.1046,0.0,0
ussd_0378,ussd_s008480,-0.8495,1.657,-0.3986,0.0,0
ussd_0090,ussd_s008481,-0.3845,0.1824,0.8222,0.0165,0
ussd_0315,ussd_s008482,-0.734,0.7537,-0.1627,0.0,0
ussd_0232,ussd_s008483,0.0582,0.04,-0.5171,0.0,0
ussd_0362,ussd_s008484,1.8186,0.963,-0.3611,0.0,0
ussd_0399,ussd_s008485,-0.7539,0.154,-0.031,0.0,0
ussd_0363,ussd_s008486,-0.6349,0.4311,-0.0892,0.9519,0
ussd_0419,ussd_s008487,-0.6677,0.6815,-0.375,0.0,0
ussd_0342,ussd_s008488,-0.0946,0.7824,-0.8039,0.0,0
ussd_0401,ussd_s008489,-0.0727,0.0727,-0.1364,0.0,0
ussd_0192,ussd_s008490,0.8025,1.2472,0.7794,0.8179,0
ussd_0378,ussd_s008491,1.0358,0.6158,0.8041,0.0,0
ussd_0208,ussd_s008492,2.7894,0.2118,0.4461,0.5813,0
ussd_0138,ussd_s008493,-0.2214,1.3883,-0.2683,0.0,0
ussd_0414,ussd_s008494,-0.3549,0.8436,-0.0307,0.8194,0
ussd_0240,ussd_s008495,-0.7883,1.0954,1.2981,0.0,0
ussd_0217,ussd_s008496,-0.8963,0.9113,-0.4684,0.0,0
ussd_0198,ussd_s008497,-0.6564,1.9338,-0.6072,0.8457,0
ussd_0093,ussd_s008498,-0.3649,1.4956,-0.1136,0.7111,0
ussd_0192,ussd_s008499,1.2633,1.1565,0.7794,0.8179,0
ussd_0070,ussd_s008500,-0.2872,0.442,-0.1596,0.0,0
ussd_0079,ussd_s008501,2.171,0.5459,-0.463,0.0,0
ussd_0136,ussd_s008502,1.8339,0.7413,-0.6764,0.2943,0
ussd_0326,ussd_s008503,0.2258,0.1609,-0.0673,0.0957,0
ussd_0319,ussd_s008504,-0.3265,0.6173,-0.3104,0.5051,0
ussd_0284,ussd_s008505,-0.2636,0.0586,1.0272,0.4201,0
ussd_0393,ussd_s008506,-0.0587,0.3573,-0.5382,0.0,0
ussd_0415,ussd_s008507,-0.1272,1.5212,-0.2031,0.0,0
ussd_0358,ussd_s008508,-0.6297,0.4662,-0.1161,0.0,0
ussd_0191,ussd_s008509,-0.7979,2.1997,-0.3495,0.0,0
ussd_0038,ussd_s008510,0.1671,0.3064,-0.4487,0.0823,0
ussd_0197,ussd_s008511,0.6739,0.2524,-0.3809,0.0,0
ussd_0131,ussd_s008512,-0.7297,1.4808,-0.0764,0.0,0
ussd_0100,ussd_s008513,-0.687,0.1081,-0.2924,0.0,0
ussd_0261,ussd_s008514,-0.3644,1.6503,-0.3923,0.0,0
ussd_0296,ussd_s008515,0.6537,0.3919,-0.4848,0.0,0
ussd_0150,ussd_s008516,0.2701,2.4914,-0.0428,0.0,0
ussd_0139,ussd_s008517,-0.8519,0.3915,-0.2769,0.8304,0
ussd_0298,ussd_s008518,1.5256,1.0027,-0.047,0.0,0
ussd_0269,ussd_s008519,-0.8485,0.7123,-0.0395,0.0,0
ussd_0443,ussd_s008520,-0.5125,1.5617,2.7673,0.0,0
ussd_0319,ussd_s008521,0.9128,0.9435,-0.3104,0.5051,0
ussd_0406,ussd_s008522,-0.292,0.313,-0.1994,0.0,0
ussd_0270,ussd_s008523,-0.1521,0.1617,0.9898,0.0,0
ussd_0032,ussd_s008524,0.0755,0.2797,-0.1019,0.0,0
ussd_0438,ussd_s008525,1.4104,0.9451,-0.2666,0.8982,0
ussd_0413,ussd_s008526,0.5224,0.3519,0.5695,0.1418,0
ussd_0373,ussd_s008527,6.4564,1.8947,4.1745,0.8182,1
ussd_0177,ussd_s008528,-0.6061,0.0944,-0.4694,0.0,0
ussd_0349,ussd_s008529,-0.4622,1.5009,1.5479,0.0,0
ussd_0023,ussd_s008530,0.1113,0.0042,-0.4193,0.0,0
ussd_0301,ussd_s008531,-0.2829,0.0811,-0.2198,0.9322,0
ussd_0192,ussd_s008532,0.1853,0.102,0.7794,0.8179,0
ussd_0054,ussd_s008533,-0.8341,0.4026,-0.1483,0.5714,0
ussd_0041,ussd_s008534,-0.525,0.4311,1.6821,0.0,0
ussd_0094,ussd_s008535,-0.6302,1.2281,-0.2243,0.0,0
ussd_0148,ussd_s008536,0.0401,0.2047,-0.509,0.0,0
ussd_0389,ussd_s008537,-0.7154,0.7199,-0.3543,0.7365,0
ussd_0387,ussd_s008538,0.667,1.0919,0.8247,0.0,0
ussd_0057,ussd_s008539,-0.5277,0.4781,-0.1568,0.986,0
ussd_0050,ussd_s008540,1.2454,1.3352,0.0871,0.0,0
ussd_0370,ussd_s008541,-0.282,0.0829,-0.3301,0.6778,0
ussd_0069,ussd_s008542,-0.7954,1.0875,-0.251,0.8844,0
ussd_0147,ussd_s008543,-0.4312,0.0149,1.2391,0.0,0
ussd_0279,ussd_s008544,-0.3549,0.9268,-0.3304,0.0,0
ussd_0447,ussd_s008545,2.0271,0.6685,-0.4084,0.0,0
ussd_0403,ussd_s008546,-0.478,1.1744,1.0909,0.0,0
ussd_0070,ussd_s008547,1.9757,0.5389,-0.1596,0.0,0
ussd_0254,ussd_s008548,0.4755,1.2405,-0.0603,0.0,0
ussd_0425,ussd_s008549,-0.1498,0.0859,0.7164,0.0,0
ussd_0139,ussd_s008550,-0.7288,0.9139,-0.2769,0.8304,0
ussd_0259,ussd_s008551,-0.2242,2.1526,-0.2506,0.0,0
ussd_0199,ussd_s008552,3.735,0.6766,-0.1795,0.0,0
ussd_0266,ussd_s008553,-0.5804,0.3149,-0.5966,0.6032,0
ussd_0021,ussd_s008554,-0.3702,0.8403,-0.4138,0.0,0
ussd_0395,ussd_s008555,0.1651,1.0095,-0.4302,0.0,0
ussd_0187,ussd_s008556,0.562,0.6651,-0.1047,0.822,0
ussd_0125,ussd_s008557,-0.686,0.5379,-0.2354,0.0,0
ussd_0269,ussd_s008558,-0.6795,0.6818,-0.0395,0.0,0
ussd_0403,ussd_s008559,-0.6497,0.2261,-0.303,0.0,0
ussd_0228,ussd_s008560,0.0067,0.9739,-0.533,0.0,0
ussd_0410,ussd_s008561,2.1996,0.4557,0.5959,0.0,0
ussd_0117,ussd_s008562,1.9462,0.3447,-0.1106,0.0,0
ussd_0175,ussd_s008563,-0.7268,0.967,-0.4073,0.0,0
ussd_0199,ussd_s008564,5.3007,1.5368,8.025,0.0,1
ussd_0356,ussd_s008565,-0.7068,1.5052,-0.2873,0.9012,0
ussd_0221,ussd_s008566,-0.7421,0.6662,0.8531,0.0,0
ussd_0404,ussd_s008567,-0.4811,0.7983,-0.5198,0.5724,0
ussd_0401,ussd_s008568,-0.9219,0.4138,1.5907,0.0,0
ussd_0447,ussd_s008569,2.8765,1.9578,-0.4084,0.0,0
ussd_0025,ussd_s008570,-0.5282,0.9123,-0.2707,0.0,0
ussd_0372,ussd_s008571,-0.7096,0.8469,-0.3382,0.0,0
ussd_0360,ussd_s008572,-0.8785,0.5134,-0.5311,0.0,0
ussd_0157,ussd_s008573,-0.6327,0.6652,-0.1299,0.0,0
ussd_0028,ussd_s008574,-0.5303,0.3096,0.3483,0.0,0
ussd_0216,ussd_s008575,-0.3068,1.3569,-0.0659,0.0,0
ussd_0270,ussd_s008576,0.5169,0.438,-0.3367,0.0,0
ussd_0330,ussd_s008577,0.7143,0.4803,-0.3973,0.0,0
ussd_0127,ussd_s008578,-0.2173,1.2972,-0.294,0.0,0
ussd_0160,ussd_s008579,-0.5774,1.0992,0.3489,0.879,0
ussd_0108,ussd_s008580,0.4581,0.6818,0.6076,0.4636,0
ussd_0380,ussd_s008581,0.9988,1.9393,-0.228,0.697,0
ussd_0014,ussd_s008582,0.8128,0.2745,2.0237,0.0,0
ussd_0171,ussd_s008583,-0.4723,0.8785,-0.3682,0.0,0
ussd_0193,ussd_s008584,11.8745,2.8947,1.1649,0.837,1
ussd_0267,ussd_s008585,-0.7769,1.4687,-0.3244,0.8579,0
ussd_0041,ussd_s008586,1.1271,1.9949,-0.4636,0.0,0
ussd_0123,ussd_s008587,-0.2885,2.1846,-0.303,0.6336,0
ussd_0254,ussd_s008588,-0.5676,1.6252,-0.0603,0.0,0
ussd_0209,ussd_s008589,-0.075,0.2326,-0.0474,0.0908,0
ussd_0224,ussd_s008590,0.2861,0.2038,-0.2677,0.0,0
ussd_0234,ussd_s008591,-0.5039,0.8068,-0.2617,0.0,0
ussd_0318,ussd_s008592,0.0029,1.0191,-0.2747,0.5436,0
ussd_0360,ussd_s008593,-0.5896,0.0998,-0.5311,0.0,0
ussd_0100,ussd_s008594,-0.547,1.4939,-0.2924,0.0,0
ussd_0377,ussd_s008595,1.8009,0.0663,-0.4784,0.0,0
ussd_0315,ussd_s008596,-0.6208,2.3635,-0.1627,0.0,0
ussd_0442,ussd_s008597,-0.1681,1.4966,-0.17,0.0,0
ussd_0274,ussd_s008598,-0.7539,1.0466,-0.5036,0.0,0
ussd_0119,ussd_s008599,0.5266,1.1178,-0.266,0.0,0
ussd_0370,ussd_s008600,-0.0153,0.5022,-0.3301,0.6778,0
ussd_0096,ussd_s008601,-0.6381,1.4691,-0.2509,0.9419,0
ussd_0443,ussd_s008602,-0.3481,0.5394,-0.2465,0.0,0
ussd_0039,ussd_s008603,-0.767,0.9787,-0.6517,0.0,0
ussd_0103,ussd_s008604,-0.7651,0.8659,-0.3125,0.0,0
ussd_0306,ussd_s008605,3.9487,0.3655,1.9129,0.9858,1
ussd_0082,ussd_s008606,0.559,0.0767,0.7348,0.0,0
ussd_0326,ussd_s008607,-0.4126,0.0443,-0.0673,0.0957,0
ussd_0295,ussd_s008608,0.0316,0.6815,1.5903,0.0,0
ussd_0005,ussd_s008609,-0.5846,0.5782,-0.4853,0.0,0
ussd_0129,ussd_s008610,-0.5228,0.5742,-0.4407,0.9109,0
ussd_0044,ussd_s008611,-0.3381,0.8966,0.8015,0.8935,0
ussd_0300,ussd_s008612,-0.0352,0.9222,-0.6719,0.0,0
ussd_0254,ussd_s008613,-0.3246,1.9494,-0.0603,0.0,0
ussd_0172,ussd_s008614,0.5567,0.0484,-0.3459,0.9157,0
ussd_0278,ussd_s008615,-0.6078,1.4327,-0.4889,0.0,0
ussd_0033,ussd_s008616,4.1529,2.9499,1.4032,0.7474,1
ussd_0123,ussd_s008617,-0.782,0.6458,-0.303,0.6336,0
ussd_0238,ussd_s008618,-0.1791,1.156,-0.1474,0.0,0
ussd_0149,ussd_s008619,0.3194,0.6322,-0.2069,0.0,0
ussd_0084,ussd_s008620,-0.369,1.0344,-0.443,0.0,0
ussd_0219,ussd_s008621,-0.2628,0.4489,-0.4967,0.0,0
ussd_0132,ussd_s008622,-0.7618,0.3898,-0.2549,0.0,0
ussd_0145,ussd_s008623,0.7998,0.7751,0.0318,0.6273,0
ussd_0412,ussd_s008624,-0.2808,0.1461,-0.4863,0.0,0
ussd_0238,ussd_s008625,-0.8259,1.2194,-0.1474,0.0,0
ussd_0220,ussd_s008626,-0.2333,0.2429,-0.1229,0.0,0
ussd_0376,ussd_s008627,11.314,3.1336,8.1179,0.6851,1
ussd_0425,ussd_s008628,-0.682,0.7125,-0.4279,0.0,0
ussd_0324,ussd_s008629,1.0016,0.1133,-0.2742,0.0,0
ussd_0375,ussd_s008630,-0.6276,1.2346,-0.2101,0.5622,0
ussd_0227,ussd_s008631,-0.8198,0.6191,-0.0417,0.0,0
ussd_0025,ussd_s008632,1.3261,1.3024,-0.2707,0.0,0
ussd_0378,ussd_s008633,0.399,0.2992,-0.3986,0.0,0
ussd_0190,ussd_s008634,-0.5482,0.135,-0.3928,0.0,0
ussd_0287,ussd_s008635,1.3974,0.7868,-0.6304,0.0,0
ussd_0197,ussd_s008636,-0.7292,0.3772,-0.3809,0.0,0
ussd_0418,ussd_s008637,2.1494,0.5787,-0.4902,0.0,0
ussd_0368,ussd_s008638,-0.5563,0.9261,-0.0781,0.0,0
ussd_0268,ussd_s008639,-0.6432,1.2993,-0.0551,0.0,0
ussd_0150,ussd_s008640,0.5077,0.6521,-0.0428,0.0,0
ussd_0132,ussd_s008641,-0.8722,2.066,-0.2549,0.0,0
ussd_0192,ussd_s008642,1.7445,0.4548,0.7794,0.8179,0
ussd_0046,ussd_s008643,-0.4797,0.4052,-0.435,0.0,0
ussd_0064,ussd_s008644,-0.2544,0.0977,-0.3041,0.0,0
ussd_0426,ussd_s008645,-0.5327,1.6655,1.8746,0.5158,0
ussd_0251,ussd_s008646,-0.4438,0.8648,-0.0513,0.0,0
ussd_0173,ussd_s008647,0.2313,0.9504,-0.0531,0.0,0
ussd_0346,ussd_s008648,0.4936,0.2913,-0.4477,0.0,0
ussd_0147,ussd_s008649,0.596,0.1202,0.3435,0.0,0
ussd_0401,ussd_s008650,-0.3205,1.6012,-0.1364,0.0,0
ussd_0294,ussd_s008651,-0.3823,0.3071,-0.1472,0.0,0
ussd_0089,ussd_s008652,0.9809,1.0052,-0.3172,0.0,0
ussd_0193,ussd_s008653,0.1172,0.4427,0.5463,0.0,0
ussd_0329,ussd_s008654,-0.2322,1.3781,-0.4971,0.0,0
ussd_0162,ussd_s008655,-0.6132,0.9627,0.1564,0.9543,0
ussd_0261,ussd_s008656,0.0371,0.7707,0.8232,0.0,0
ussd_0342,ussd_s008657,-0.4629,0.7856,0.7652,0.0,0
ussd_0098,ussd_s008658,-0.0087,1.0355,-0.1481,0.0,0
ussd_0398,ussd_s008659,-0.6816,1.5125,-0.3386,0.0,0
ussd_0295,ussd_s008660,0.1462,0.6322,-0.1366,0.0,0
ussd_0088,ussd_s008661,-0.6471,0.4006,0.6092,0.0,0
ussd_0338,ussd_s008662,-0.7134,0.6841,-0.1227,0.0,0
ussd_0190,ussd_s008663,-0.4528,0.073,-0.3928,0.0,0
ussd_0361,ussd_s008664,-0.5105,0.0908,-0.1189,0.0474,0
ussd_0155,ussd_s008665,-0.7896,0.2375,0.4789,0.0,0
ussd_0011,ussd_s008666,-0.4949,0.8857,0.9773,0.9374,0
ussd_0377,ussd_s008667,-0.3892,0.3762,-0.4784,0.0,0
ussd_0093,ussd_s008668,1.0932,0.28,-0.1136,0.7111,0
ussd_0133,ussd_s008669,-0.572,1.5311,-0.3497,0.531,0
ussd_0289,ussd_s008670,0.1223,0.6582,-0.2531,0.9908,0
ussd_0444,ussd_s008671,0.4415,0.3091,0.9319,0.0,0
ussd_0440,ussd_s008672,-0.0192,0.3043,-0.201,0.0,0
ussd_0171,ussd_s008673,-0.2546,0.5024,0.8955,0.0,0
ussd_0325,ussd_s008674,0.7927,1.4614,-0.1796,0.0,0
ussd_0283,ussd_s008675,-0.6567,0.4126,-0.4815,0.0953,0
ussd_0409,ussd_s008676,-0.408,0.6682,-0.2406,0.0,0
ussd_0190,ussd_s008677,-0.0533,0.9503,-0.3928,0.0,0
ussd_0388,ussd_s008678,-0.725,0.1127,-0.1792,0.8787,0
ussd_0271,ussd_s008679,-0.5709,0.5503,-0.1323,0.6586,0
ussd_0147,ussd_s008680,2.916,1.13,-0.5522,0.0,0
ussd_0301,ussd_s008681,-0.5559,0.705,-0.2198,0.9322,0
ussd_0034,ussd_s008682,-0.4158,0.0144,0.7917,0.1524,0
ussd_0314,ussd_s008683,-0.5543,0.6452,1.2761,0.9397,0
ussd_0341,ussd_s008684,-0.4022,1.0393,-0.4387,0.0,0
ussd_0018,ussd_s008685,-0.3868,1.398,-0.3891,0.0,0
ussd_0045,ussd_s008686,-0.4521,1.7085,-0.3986,0.7862,0
ussd_0442,ussd_s008687,-0.4628,1.5648,-0.17,0.0,0
ussd_0424,ussd_s008688,-0.1921,0.0204,0.913,0.1979,0
ussd_0399,ussd_s008689,0.1604,1.0017,-0.031,0.0,0
ussd_0022,ussd_s008690,0.4391,0.0507,-0.2967,0.0,0
ussd_0314,ussd_s008691,-0.6401,0.3698,-0.2413,0.9397,0
ussd_0326,ussd_s008692,-0.6274,0.162,-0.0673,0.0957,0
ussd_0099,ussd_s008693,2.2692,1.0096,-0.0273,0.0,0
ussd_0403,ussd_s008694,-0.7333,0.6593,-0.303,0.0,0
ussd_0291,ussd_s008695,0.0463,0.3234,2.064,0.0,0
ussd_0182,ussd_s008696,-0.4879,1.7972,0.1462,0.9517,0
ussd_0047,ussd_s008697,-0.6021,0.4666,0.8015,0.8009,0
ussd_0292,ussd_s008698,0.2883,1.3215,-0.3993,0.0,0
ussd_0267,ussd_s008699,-0.643,0.7647,-0.3244,0.8579,0
ussd_0288,ussd_s008700,0.0316,0.4245,-0.1842,0.0,0
ussd_0116,ussd_s008701,0.2332,1.5568,-0.0357,0.0,0
ussd_0280,ussd_s008702,-0.7527,0.8015,-0.2533,0.0,0
ussd_0229,ussd_s008703,-0.3856,0.6607,-0.2275,0.582,0
ussd_0064,ussd_s008704,-0.5509,2.0078,1.0877,0.0,0
ussd_0063,ussd_s008705,-0.5169,0.786,1.4771,0.0,0
ussd_0189,ussd_s008706,-0.5617,0.4321,-0.4537,0.0,0
ussd_0007,ussd_s008707,4.0313,4.2005,6.3269,0.0,1
ussd_0065,ussd_s008708,1.3985,1.1106,0.858,0.0,0
ussd_0205,ussd_s008709,-0.8408,0.3368,-0.178,0.9936,0
ussd_0044,ussd_s008710,-0.2935,0.1214,0.0809,0.8935,0
ussd_0410,ussd_s008711,12.2958,0.1843,-0.0424,0.0,0
ussd_0310,ussd_s008712,0.4508,0.3653,-0.0456,0.0,0
ussd_0097,ussd_s008713,-0.4162,1.3331,0.5116,0.7079,0
ussd_0418,ussd_s008714,-0.8474,0.902,-0.4902,0.0,0
ussd_0112,ussd_s008715,4.3973,0.9925,0.5978,0.7593,0
ussd_0106,ussd_s008716,2.5863,0.5077,-0.4215,0.783,0
ussd_0328,ussd_s008717,-0.8285,1.9709,-0.5097,0.0,0
ussd_0075,ussd_s008718,0.6966,0.4818,-0.174,0.0,0
ussd_0278,ussd_s008719,-0.3838,0.0434,-0.4889,0.0,0
ussd_0153,ussd_s008720,-0.6822,2.8173,-0.2831,0.0,0
ussd_0412,ussd_s008721,5.1381,1.8173,0.541,0.0,0
ussd_0394,ussd_s008722,-0.7576,0.0647,-0.08,0.0,0
ussd_0344,ussd_s008723,7.1274,0.6515,5.2218,0.9295,1
ussd_0422,ussd_s008724,-0.6041,0.8533,-0.112,0.7109,0
ussd_0098,ussd_s008725,-0.4697,0.4847,1.5558,0.0,0
ussd_0104,ussd_s008726,-0.6364,0.6444,-0.0379,0.0,0
ussd_0060,ussd_s008727,0.2088,0.3979,-0.5746,0.0,0
ussd_0305,ussd_s008728,-0.2209,0.1093,-0.2808,0.0,0
ussd_0425,ussd_s008729,-0.0459,0.11,-0.4279,0.0,0
ussd_0144,ussd_s008730,-0.4838,1.0889,1.3942,0.7224,0
ussd_0371,ussd_s008731,-0.5127,0.7141,-0.269,0.0,0
ussd_0088,ussd_s008732,0.4506,0.6283,-0.6782,0.0,0
ussd_0018,ussd_s008733,-0.4269,0.4163,-0.3891,0.0,0
ussd_0406,ussd_s008734,0.7527,1.3013,-0.1994,0.0,0
ussd_0403,ussd_s008735,-0.7399,0.7192,-0.303,0.0,0
ussd_0124,ussd_s008736,0.9029,2.047,0.671,0.0,0
ussd_0278,ussd_s008737,-0.6253,0.5477,-0.4889,0.0,0
ussd_0225,ussd_s008738,0.3207,0.1557,-0.0297,0.0,0
ussd_0201,ussd_s008739,-0.1405,0.3632,-0.3556,0.0,0
ussd_0153,ussd_s008740,-0.6736,0.9215,-0.2831,0.0,0
ussd_0032,ussd_s008741,0.4223,2.1092,-0.1019,0.0,0
ussd_0153,ussd_s008742,-0.2787,0.5572,-0.2831,0.0,0
ussd_0283,ussd_s008743,-0.8019,0.7227,-0.4815,0.0953,0
ussd_0178,ussd_s008744,-0.4368,0.9475,0.8055,0.0,0
ussd_0370,ussd_s008745,1.5225,0.927,-0.3301,0.6778,0
ussd_0009,ussd_s008746,-0.6591,0.0388,-0.3849,0.8032,0
ussd_0098,ussd_s008747,-0.6403,2.5961,-0.1481,0.0,0
ussd_0223,ussd_s008748,0.6603,0.9813,-0.0673,0.0,0
ussd_0270,ussd_s008749,-0.4743,1.8524,0.9898,0.0,0
ussd_0260,ussd_s008750,-0.0225,1.7215,-0.4123,0.1622,0
ussd_0238,ussd_s008751,-0.3234,1.0513,-0.1474,0.0,0
ussd_0144,ussd_s008752,1.4795,0.596,0.8621,0.7224,0
ussd_0074,ussd_s008753,-0.5804,0.4083,-0.6179,0.0,0
ussd_0408,ussd_s008754,-0.4103,0.5925,0.2039,0.0,0
ussd_0008,ussd_s008755,-0.5502,0.0539,-0.3053,0.0,0
ussd_0096,ussd_s008756,1.3365,1.6759,-0.2509,0.9419,0
ussd_0359,ussd_s008757,-0.7752,1.0042,-0.1252,0.0,0
ussd_0213,ussd_s008758,1.5514,0.6604,-0.4046,0.0,0
ussd_0439,ussd_s008759,-0.6278,2.2344,-0.3837,0.5928,0
ussd_0069,ussd_s008760,0.3628,0.0499,-0.251,0.8844,0
ussd_0395,ussd_s008761,-0.7093,1.0747,-0.4302,0.0,0
ussd_0051,ussd_s008762,-0.0797,0.6532,-0.297,0.0,0
ussd_0061,ussd_s008763,0.6377,0.1158,-0.5219,0.8677,0
ussd_0315,ussd_s008764,-0.1692,0.1307,-0.1627,0.0,0
ussd_0188,ussd_s008765,-0.1524,0.4463,-0.3934,0.0,0
ussd_0177,ussd_s008766,-0.481,0.0901,0.5918,0.0,0
ussd_0412,ussd_s008767,0.1135,0.6567,-0.4863,0.0,0
ussd_0056,ussd_s008768,-0.6446,1.1378,-0.3542,0.0,0
ussd_0242,ussd_s008769,-0.5794,1.4831,2.3862,0.0,0
ussd_0445,ussd_s008770,0.466,0.4463,-0.5449,0.0,0
ussd_0185,ussd_s008771,0.2115,0.3204,1.0936,0.0,0
ussd_0236,ussd_s008772,-0.4289,0.0045,-0.2892,0.5753,0
ussd_0428,ussd_s008773,-0.803,0.8244,-0.204,0.0,0
ussd_0347,ussd_s008774,-0.1216,1.2296,-0.3832,0.0,0
ussd_0167,ussd_s008775,-0.3238,1.0702,-0.618,0.0,0
ussd_0447,ussd_s008776,-0.7176,0.4017,-0.4084,0.0,0
ussd_0401,ussd_s008777,0.0533,0.4752,-0.7121,0.0,0
ussd_0127,ussd_s008778,0.3185,0.7257,1.1181,0.0,0
ussd_0108,ussd_s008779,0.1445,0.1648,-0.4641,0.4636,0
ussd_0375,ussd_s008780,-0.5432,0.4133,1.3697,0.5622,0
ussd_0058,ussd_s008781,0.7578,0.7841,0.463,0.0,0
ussd_0402,ussd_s008782,-0.9044,2.6756,-0.1808,0.9386,0
ussd_0030,ussd_s008783,-0.0928,0.6085,-0.2503,0.0,0
ussd_0250,ussd_s008784,0.1264,0.0922,0.3132,0.6003,0
ussd_0129,ussd_s008785,0.6775,0.6801,-0.4407,0.9109,0
ussd_0287,ussd_s008786,14.2531,4.4972,0.8481,0.6834,1
ussd_0431,ussd_s008787,-0.4054,1.9073,-0.1055,0.0,0
ussd_0043,ussd_s008788,-0.5329,1.1768,-0.5039,0.0,0
ussd_0103,ussd_s008789,0.3238,0.8272,1.0624,0.0,0
ussd_0441,ussd_s008790,-0.259,0.9645,-0.3002,0.0,0
ussd_0428,ussd_s008791,0.355,1.2936,-0.204,0.0,0
ussd_0250,ussd_s008792,-0.6714,1.844,0.3132,0.6003,0
ussd_0401,ussd_s008793,-0.2158,1.4766,-0.1364,0.0,0
ussd_0023,ussd_s008794,-0.877,1.3885,-0.4193,0.0,0
ussd_0049,ussd_s008795,-0.7322,0.0408,0.9924,0.0,0
ussd_0040,ussd_s008796,-0.6357,1.2034,0.0429,0.0,0
ussd_0419,ussd_s008797,8.437,1.6888,0.8749,0.0,1
ussd_0241,ussd_s008798,-0.5745,0.539,0.6176,0.0,0
ussd_0264,ussd_s008799,-0.8564,0.9349,-0.5522,0.9204,0
ussd_0338,ussd_s008800,-0.519,0.043,-0.1227,0.0,0
ussd_0053,ussd_s008801,0.7139,0.181,-0.4112,0.0,0
ussd_0237,ussd_s008802,-0.2319,0.8881,-0.3433,0.0,0
ussd_0022,ussd_s008803,-0.7098,0.1131,-0.2967,0.0,0
ussd_0278,ussd_s008804,3.5604,1.2126,2.5778,0.7676,1
ussd_0400,ussd_s008805,-0.015,0.3683,0.8094,0.0,0
ussd_0328,ussd_s008806,-0.8421,1.7116,-0.5097,0.0,0
ussd_0199,ussd_s008807,7.67,1.602,6.3841,0.0,1
ussd_0041,ussd_s008808,-0.074,1.0802,-0.4636,0.0,0
ussd_0196,ussd_s008809,0.4851,0.0982,-0.4157,0.4478,0
ussd_0446,ussd_s008810,-0.4273,0.0645,-0.164,0.0,0
ussd_0237,ussd_s008811,-0.7468,1.4912,-0.3433,0.0,0
ussd_0280,ussd_s008812,-0.7024,0.6274,-0.2533,0.0,0
ussd_0447,ussd_s008813,-0.6193,0.1762,-0.4084,0.0,0
ussd_0066,ussd_s008814,-0.4369,1.4982,0.4714,0.515,0
ussd_0313,ussd_s008815,-0.5577,0.1582,-0.0473,0.0,0
ussd_0252,ussd_s008816,0.799,1.2399,-0.1521,0.0,0
ussd_0409,ussd_s008817,0.0785,0.4089,-0.2406,0.0,0
ussd_0179,ussd_s008818,2.0184,0.4381,0.4074,0.0,0
ussd_0076,ussd_s008819,-0.0429,0.3432,-0.3912,0.0,0
ussd_0295,ussd_s008820,-0.858,0.3393,-0.1366,0.0,0
ussd_0043,ussd_s008821,0.2098,0.3786,-0.5039,0.0,0
ussd_0016,ussd_s008822,0.4347,0.0936,-0.1351,0.0,0
ussd_0138,ussd_s008823,-0.2605,2.4899,1.1951,0.0,0
ussd_0033,ussd_s008824,-0.3288,0.569,-0.1989,0.0,0
ussd_0318,ussd_s008825,-0.5404,0.6766,1.1758,0.5436,0
ussd_0229,ussd_s008826,-0.6234,0.2909,-0.2275,0.582,0
ussd_0129,ussd_s008827,-0.118,0.4302,0.678,0.9109,0
ussd_0377,ussd_s008828,0.4623,0.9432,-0.4784,0.0,0
ussd_0307,ussd_s008829,-0.5426,1.3916,1.0961,0.0,0
ussd_0286,ussd_s008830,-0.7616,0.8457,-0.4126,0.0,0
ussd_0304,ussd_s008831,-0.788,1.0301,1.1065,0.0,0
ussd_0120,ussd_s008832,-0.7788,0.039,2.9109,0.0,0
ussd_0026,ussd_s008833,-0.4396,0.633,-0.3359,0.0,0
ussd_0296,ussd_s008834,-0.2727,0.5303,-0.4848,0.0,0
ussd_0436,ussd_s008835,-0.5771,0.3396,-0.3421,0.0,0
ussd_0362,ussd_s008836,1.7238,1.0666,-0.3611,0.0,0
ussd_0380,ussd_s008837,0.6187,0.9053,-0.228,0.697,0
ussd_0087,ussd_s008838,-0.3404,0.0943,0.9557,0.0,0
ussd_0085,ussd_s008839,-0.6533,1.4713,-0.2852,0.0,0
ussd_0063,ussd_s008840,-0.0668,0.1633,-0.1743,0.0,0
ussd_0101,ussd_s008841,-0.5485,1.1763,1.0022,0.0,0
ussd_0292,ussd_s008842,-0.3882,1.6751,0.8021,0.0,0
ussd_0434,ussd_s008843,5.669,0.6011,-0.2715,0.0,0
ussd_0104,ussd_s008844,-0.7568,0.154,-0.0379,0.0,0
ussd_0357,ussd_s008845,-0.3005,0.1602,-0.2504,0.0,0
ussd_0337,ussd_s008846,0.0763,0.9431,-0.1851,0.5151,0
ussd_0364,ussd_s008847,0.695,0.2124,1.5468,0.0,0
ussd_0448,ussd_s008848,2.4608,0.313,-0.2068,0.0,0
ussd_0341,ussd_s008849,0.284,1.2473,0.6838,0.0,0
ussd_0189,ussd_s008850,-0.3497,0.075,1.7315,0.0,0
ussd_0032,ussd_s008851,2.4875,1.2856,-0.1019,0.0,0
ussd_0328,ussd_s008852,-0.5238,0.6514,-0.5097,0.0,0
ussd_0204,ussd_s008853,-0.5088,0.3259,0.3289,0.0,0
ussd_0030,ussd_s008854,-0.4329,0.6238,-0.2503,0.0,0
ussd_0129,ussd_s008855,3.6454,0.3311,7.3901,0.9109,1
ussd_0020,ussd_s008856,-0.1921,2.094,1.2027,0.0,0
ussd_0254,ussd_s008857,-0.9039,0.636,-0.0603,0.0,0
ussd_0276,ussd_s008858,-0.037,0.531,-0.3862,0.0,0
ussd_0135,ussd_s008859,-0.5098,0.5075,-0.1157,0.0,0
ussd_0154,ussd_s008860,1.0819,1.6462,0.3526,0.0,0
ussd_0380,ussd_s008861,-0.5984,0.842,1.3161,0.697,0
ussd_0053,ussd_s008862,-0.4276,0.6413,-0.4112,0.0,0
ussd_0062,ussd_s008863,0.3919,0.1538,-0.5987,0.0,0
ussd_0098,ussd_s008864,0.7316,0.8272,-0.1481,0.0,0
ussd_0179,ussd_s008865,16.3481,2.3703,2.284,0.0,1
ussd_0392,ussd_s008866,-0.3295,0.3236,-0.4251,0.9428,0
ussd_0208,ussd_s008867,-0.7158,0.0342,-0.518,0.5813,0
ussd_0165,ussd_s008868,-0.267,0.3589,-0.2922,0.0,0
ussd_0238,ussd_s008869,-0.8004,0.5203,-0.1474,0.0,0
ussd_0217,ussd_s008870,-0.5929,0.6856,-0.4684,0.0,0
ussd_0186,ussd_s008871,-0.295,1.632,-0.4026,0.087,0
ussd_0427,ussd_s008872,0.1468,1.0672,-0.0144,0.8555,0
ussd_0221,ussd_s008873,-0.2015,0.3725,0.8531,0.0,0
ussd_0340,ussd_s008874,-0.4421,0.4986,0.3255,0.0,0
ussd_0279,ussd_s008875,4.542,1.2637,1.0087,0.0,0
ussd_0036,ussd_s008876,-0.4738,1.092,0.6817,0.1846,0
ussd_0378,ussd_s008877,-0.1793,0.0202,0.8041,0.0,0
ussd_0094,ussd_s008878,-0.7615,0.5659,1.3272,0.0,0
ussd_0107,ussd_s008879,0.2673,1.7475,-0.4382,0.0,0
ussd_0051,ussd_s008880,-0.312,0.6007,-0.297,0.0,0
ussd_0016,ussd_s008881,-0.615,2.4296,-0.1351,0.0,0
ussd_0393,ussd_s008882,-0.3217,1.1899,-0.5382,0.0,0
ussd_0149,ussd_s008883,-0.5547,0.5772,-0.2069,0.0,0
ussd_0160,ussd_s008884,0.0759,0.7945,-0.5504,0.879,0
ussd_0222,ussd_s008885,0.0016,1.4831,-0.5842,0.0,0
ussd_0089,ussd_s008886,-0.0972,1.6292,1.0484,0.0,0
ussd_0176,ussd_s008887,0.5917,0.2703,-0.0892,0.0,0
ussd_0246,ussd_s008888,-0.8774,0.1757,-0.0584,0.8318,0
ussd_0103,ussd_s008889,-0.4837,0.4275,-0.3125,0.0,0
ussd_0021,ussd_s008890,0.0725,2.0377,1.9309,0.0,0
ussd_0354,ussd_s008891,-0.0673,0.0293,-0.3806,0.0,0
ussd_0344,ussd_s008892,-0.8149,0.3109,-0.1112,0.0,0
ussd_0202,ussd_s008893,-0.2656,1.121,-0.0483,0.0,0
ussd_0105,ussd_s008894,-0.4344,0.2961,0.7424,0.8648,0
ussd_0100,ussd_s008895,-0.8254,0.2326,1.1229,0.0,0
ussd_0343,ussd_s008896,-0.6643,1.4083,-0.1302,0.0,0
ussd_0441,ussd_s008897,-0.631,0.902,-0.3002,0.0,0
ussd_0287,ussd_s008898,-0.5952,0.374,0.8481,0.0,0
ussd_0363,ussd_s008899,-0.8021,0.7926,-0.0892,0.9519,0
ussd_0078,ussd_s008900,4.0077,2.0482,5.6154,0.0,1
ussd_0095,ussd_s008901,-0.1701,1.1941,-0.3759,0.0,0
ussd_0254,ussd_s008902,-0.8923,0.0782,-0.0603,0.0,0
ussd_0181,ussd_s008903,-0.7607,0.0213,-0.2,0.7457,0
ussd_0063,ussd_s008904,-0.5096,0.3124,-0.1743,0.0,0
ussd_0026,ussd_s008905,-0.8346,0.3591,-0.3359,0.0,0
ussd_0075,ussd_s008906,-0.2274,0.2573,-0.174,0.0,0
ussd_0343,ussd_s008907,0.3724,0.6056,-0.1302,0.0,0
ussd_0365,ussd_s008908,-0.6288,1.1838,-0.0713,0.0,0
ussd_0019,ussd_s008909,-0.4947,0.2298,-0.6024,0.8868,0
ussd_0294,ussd_s008910,0.4209,0.5207,-0.1472,0.0,0
ussd_0444,ussd_s008911,-0.5528,1.0422,-0.356,0.0,0
ussd_0405,ussd_s008912,-0.4805,2.1579,-0.1595,0.0,0
ussd_0290,ussd_s008913,8.8358,0.004,5.5498,0.9034,1
ussd_0220,ussd_s008914,-0.2722,0.6479,-0.1229,0.0,0
ussd_0226,ussd_s008915,-0.3438,0.6368,0.725,0.0,0
ussd_0404,ussd_s008916,1.7164,0.8028,0.4405,0.5724,0
ussd_0375,ussd_s008917,-0.5484,2.0269,1.3697,0.5622,0
ussd_0142,ussd_s008918,4.6375,0.3054,-0.4466,0.0,1
ussd_0132,ussd_s008919,6.3932,2.2977,2.7255,0.9197,1
ussd_0016,ussd_s008920,-0.3214,0.0982,-0.1351,0.0,0
ussd_0029,ussd_s008921,-0.5446,1.123,-0.5084,0.0,0
ussd_0334,ussd_s008922,-0.3698,1.1724,-0.0384,0.0,0
ussd_0135,ussd_s008923,2.571,0.2976,-0.1157,0.0,0
ussd_0317,ussd_s008924,-0.3106,0.8731,-0.3401,0.0,0
ussd_0290,ussd_s008925,-0.6111,0.2365,-0.4046,0.0,0
ussd_0233,ussd_s008926,-0.0494,1.2528,-0.2472,0.7872,0
ussd_0309,ussd_s008927,-0.0617,0.9019,-0.1466,0.0,0
ussd_0318,ussd_s008928,-0.432,1.257,1.1758,0.5436,0
ussd_0061,ussd_s008929,-0.0058,0.6371,-0.5219,0.8677,0
ussd_0171,ussd_s008930,0.5763,1.1738,-0.3682,0.0,0
ussd_0158,ussd_s008931,1.558,0.1959,-0.162,0.9214,0
ussd_0011,ussd_s008932,-0.7699,0.0828,0.9773,0.9374,0
ussd_0102,ussd_s008933,-0.5907,0.4436,-0.2764,0.0,0
ussd_0336,ussd_s008934,3.1777,1.5372,-0.4944,0.0,0
ussd_0039,ussd_s008935,-0.4821,0.5096,0.7414,0.0,0
ussd_0194,ussd_s008936,-0.349,0.617,-0.4927,0.6378,0
ussd_0312,ussd_s008937,2.2187,0.2602,3.0545,0.69,1
ussd_0209,ussd_s008938,0.1196,0.0112,-0.0474,0.0908,0
ussd_0055,ussd_s008939,-0.6656,0.5902,-0.2393,0.6067,0
ussd_0173,ussd_s008940,0.2847,0.9913,1.8407,0.0,0
ussd_0378,ussd_s008941,0.1453,1.3302,0.8041,0.0,0
ussd_0020,ussd_s008942,1.0234,1.2353,0.3216,0.0,0
ussd_0324,ussd_s008943,1.2177,0.4088,-0.2742,0.0,0
ussd_0124,ussd_s008944,1.7317,0.0883,1.785,0.0,0
ussd_0083,ussd_s008945,1.3765,1.0637,-0.3606,0.0,0
ussd_0232,ussd_s008946,-0.1959,0.0815,0.4486,0.0,0
ussd_0334,ussd_s008947,-0.8799,0.7598,-0.0384,0.0,0
ussd_0099,ussd_s008948,6.5468,1.2932,9.7002,0.0,1
ussd_0410,ussd_s008949,-0.2628,0.1293,-0.0424,0.0,0
ussd_0319,ussd_s008950,0.8053,0.8016,-0.3104,0.5051,0
ussd_0385,ussd_s008951,-0.3052,1.3312,-0.2846,0.772,0
ussd_0015,ussd_s008952,-0.3578,0.3092,-0.112,0.0,0
ussd_0308,ussd_s008953,3.3374,0.4502,2.4204,0.8374,1
ussd_0293,ussd_s008954,-0.4079,0.6726,-0.1511,0.0,0
ussd_0209,ussd_s008955,-0.584,0.3633,-0.0474,0.0908,0
ussd_0114,ussd_s008956,0.3637,0.5692,-0.1616,0.6154,0
ussd_0115,ussd_s008957,-0.4391,0.5716,-0.0045,0.5235,0
ussd_0092,ussd_s008958,-0.251,0.967,-0.18,0.0,0
ussd_0413,ussd_s008959,1.0605,0.709,-0.4768,0.1418,0
ussd_0321,ussd_s008960,10.115,0.0418,9.7913,0.0,1
ussd_0359,ussd_s008961,-0.6233,1.9259,1.0411,0.0,0
ussd_0136,ussd_s008962,-0.6943,0.4719,1.2652,0.2943,0
ussd_0309,ussd_s008963,-0.4615,0.0191,-0.1466,0.0,0
ussd_0231,ussd_s008964,-0.8212,0.8563,0.0238,0.0,0
ussd_0167,ussd_s008965,-0.5126,0.0913,0.1459,0.0,0
ussd_0088,ussd_s008966,7.1165,5.0834,2.5403,0.9001,1
ussd_0154,ussd_s008967,0.4798,1.3969,2.156,0.0,0
ussd_0423,ussd_s008968,-0.5034,0.7619,0.62,0.0,0
ussd_0410,ussd_s008969,-0.7439,0.1292,0.5959,0.0,0
ussd_0224,ussd_s008970,6.8415,2.7746,-0.2677,0.8762,1
ussd_0179,ussd_s008971,0.1507,0.2707,-0.5309,0.0,0
ussd_0238,ussd_s008972,-0.9391,0.1561,-0.1474,0.0,0
ussd_0306,ussd_s008973,-0.0451,0.6085,-0.029,0.6558,0
ussd_0212,ussd_s008974,-0.5775,0.0801,-0.0421,0.0,0
ussd_0268,ussd_s008975,-0.0386,0.5506,-0.0551,0.0,0
ussd_0366,ussd_s008976,-0.9053,2.4363,-0.2035,0.0,0
ussd_0316,ussd_s008977,-0.7258,1.186,-0.0791,0.0,0
ussd_0122,ussd_s008978,3.9059,0.5162,0.3911,0.0,1
ussd_0230,ussd_s008979,-0.1257,0.8374,1.0399,0.0,0
ussd_0384,ussd_s008980,-0.0207,0.6531,0.6801,0.8505,0
ussd_0144,ussd_s008981,0.5659,0.5661,-0.2019,0.7224,0
ussd_0446,ussd_s008982,-0.6898,0.3422,-0.164,0.0,0
ussd_0142,ussd_s008983,-0.237,0.0962,-0.4466,0.0,0
ussd_0219,ussd_s008984,0.8798,0.1379,0.51,0.0,0
ussd_0046,ussd_s008985,-0.7762,0.29,0.6951,0.0,0
ussd_0166,ussd_s008986,0.0449,1.4219,-0.3327,0.0,0
ussd_0379,ussd_s008987,-0.7276,0.7912,1.303,0.0,0
ussd_0198,ussd_s008988,2.6213,0.201,0.1783,0.8457,0
ussd_0391,ussd_s008989,0.2081,0.2948,0.9844,0.0,0
ussd_0239,ussd_s008990,0.4087,0.086,0.4909,0.0,0
ussd_0032,ussd_s008991,3.7068,1.7867,5.2868,0.8735,1
ussd_0265,ussd_s008992,-0.5701,0.2503,-0.2231,0.0,0
ussd_0413,ussd_s008993,-0.4329,0.0987,0.5695,0.1418,0
ussd_0205,ussd_s008994,-0.49,0.1182,-0.178,0.9936,0
ussd_0443,ussd_s008995,1.8138,0.9175,-0.2465,0.0,0
ussd_0237,ussd_s008996,-0.3909,0.7155,-0.3433,0.0,0
ussd_0137,ussd_s008997,-0.3173,3.1791,0.9235,0.0,0
ussd_0362,ussd_s008998,-0.8782,0.5593,2.1946,0.0,0
ussd_0058,ussd_s008999,-0.8862,0.3301,-0.5123,0.0,0
ussd_0207,ussd_s009000,0.7889,1.3511,-0.1689,0.2923,0
ussd_0432,ussd_s009001,-0.5381,1.0745,-0.2825,0.0,0
ussd_0402,ussd_s009002,2.6991,1.8261,-0.1808,0.9386,0
ussd_0218,ussd_s009003,-0.8893,0.4756,-0.0704,0.6736,0
ussd_0336,ussd_s009004,9.9863,1.1151,2.5389,0.0,1
ussd_0415,ussd_s009005,-0.4764,1.0117,-0.2031,0.0,0
ussd_0313,ussd_s009006,4.1641,0.2443,-0.0473,0.0,0
ussd_0364,ussd_s009007,0.007,0.8969,-0.4906,0.0,0
ussd_0341,ussd_s009008,-0.9007,2.0741,-0.4387,0.0,0
ussd_0221,ussd_s009009,0.1273,0.6104,-0.6294,0.0,0
ussd_0169,ussd_s009010,0.3569,0.9731,-0.106,0.0,0
ussd_0254,ussd_s009011,7.1492,0.3087,7.4574,0.0,1
ussd_0361,ussd_s009012,1.514,2.1907,-0.1189,0.0474,0
ussd_0084,ussd_s009013,0.0309,0.0067,0.671,0.0,0
ussd_0301,ussd_s009014,-0.6428,0.2558,-0.2198,0.9322,0
ussd_0055,ussd_s009015,-0.7844,0.4446,-0.2393,0.6067,0
ussd_0304,ussd_s009016,-0.1856,0.3383,-0.2978,0.0,0
ussd_0411,ussd_s009017,1.7384,0.2997,-0.0558,0.0,0
ussd_0090,ussd_s009018,-0.8186,1.2097,-0.3926,0.0165,0
ussd_0045,ussd_s009019,-0.4289,0.6682,0.8043,0.7862,0
ussd_0074,ussd_s009020,-0.5218,0.02,-0.6179,0.0,0
ussd_0208,ussd_s009021,-0.6253,0.2728,0.4461,0.5813,0
ussd_0050,ussd_s009022,-0.1317,0.6317,0.0871,0.0,0
ussd_0316,ussd_s009023,-0.5352,0.6887,-0.0791,0.0,0
ussd_0113,ussd_s009024,-0.7562,0.8152,-0.5926,0.0,0
ussd_0289,ussd_s009025,-0.6262,0.1072,-0.2531,0.9908,0
ussd_0379,ussd_s009026,-0.4928,0.2695,0.3818,0.0,0
ussd_0046,ussd_s009027,0.9869,0.7726,-0.435,0.0,0
ussd_0245,ussd_s009028,0.1616,0.1601,1.2633,0.0,0
ussd_0006,ussd_s009029,-0.2003,0.8019,-0.0722,0.0,0
ussd_0000,ussd_s009030,-0.6599,0.5132,0.3274,0.3567,0
ussd_0017,ussd_s009031,-0.44,0.8269,-0.1648,0.0,0
ussd_0366,ussd_s009032,-0.3427,0.3696,-0.2035,0.0,0
ussd_0123,ussd_s009033,-0.6087,0.3702,-0.303,0.6336,0
ussd_0173,ussd_s009034,0.2886,0.1703,-0.0531,0.0,0
ussd_0003,ussd_s009035,-0.3185,0.7527,0.3127,0.9723,0
ussd_0317,ussd_s009036,-0.7201,0.7473,-0.3401,0.0,0
ussd_0141,ussd_s009037,0.3213,0.9475,0.2081,0.4236,0
ussd_0402,ussd_s009038,-0.758,0.4985,-0.1808,0.9386,0
ussd_0384,ussd_s009039,-0.4012,0.9551,0.6801,0.8505,0
ussd_0012,ussd_s009040,-0.4798,0.5794,-0.3088,0.0,0
ussd_0054,ussd_s009041,4.6299,1.0022,8.3682,0.7898,1
ussd_0428,ussd_s009042,-0.7214,1.4081,-0.204,0.0,0
ussd_0376,ussd_s009043,14.5341,1.0517,3.319,0.7518,1
ussd_0368,ussd_s009044,-0.3003,0.2282,-0.0781,0.0,0
ussd_0187,ussd_s009045,-0.8032,0.1163,-0.1047,0.822,0
ussd_0283,ussd_s009046,-0.4316,1.4308,-0.4815,0.0953,0
ussd_0096,ussd_s009047,-0.3217,2.546,-0.2509,0.9419,0
ussd_0222,ussd_s009048,-0.8167,0.6432,-0.5842,0.0,0
ussd_0054,ussd_s009049,-0.7429,0.283,-0.1483,0.5714,0
ussd_0178,ussd_s009050,-0.1694,0.9912,-0.3982,0.0,0
ussd_0204,ussd_s009051,-0.416,0.7369,0.3289,0.0,0
ussd_0399,ussd_s009052,0.3001,0.6975,-0.031,0.0,0
ussd_0153,ussd_s009053,-0.4448,0.1897,-0.2831,0.0,0
ussd_0112,ussd_s009054,0.9101,0.2798,0.1413,0.7593,0
ussd_0081,ussd_s009055,-0.3753,0.4198,-0.0262,0.0,0
ussd_0448,ussd_s009056,-0.388,0.0347,-0.2068,0.0,0
ussd_0273,ussd_s009057,-0.0617,0.6458,0.9305,0.0,0
ussd_0197,ussd_s009058,-0.4849,0.2538,-0.3809,0.0,0
ussd_0299,ussd_s009059,-0.8497,0.7152,-0.2227,0.0,0
ussd_0041,ussd_s009060,-0.2905,0.9769,2.755,0.0,0
ussd_0205,ussd_s009061,0.0181,1.5909,-0.178,0.9936,0
ussd_0200,ussd_s009062,1.6283,0.2936,-0.2674,0.9146,0
ussd_0407,ussd_s009063,-0.8305,1.1981,1.1813,0.0,0
ussd_0291,ussd_s009064,2.9777,0.7097,1.1886,0.8997,1
ussd_0154,ussd_s009065,-0.2601,1.4299,-0.5491,0.0,0
ussd_0111,ussd_s009066,-0.8323,0.1283,0.3215,0.3775,0
ussd_0077,ussd_s009067,-0.3914,0.757,-0.0916,0.0,0
ussd_0368,ussd_s009068,-0.5441,0.4045,-0.0781,0.0,0
ussd_0275,ussd_s009069,-0.879,1.3908,0.9418,0.787,0
ussd_0070,ussd_s009070,-0.334,1.3507,-0.1596,0.0,0
ussd_0196,ussd_s009071,0.6649,1.0444,-0.4157,0.4478,0
ussd_0097,ussd_s009072,-0.6148,0.4794,-0.4961,0.7079,0
ussd_0223,ussd_s009073,1.2212,0.5368,-0.0673,0.0,0
ussd_0084,ussd_s009074,-0.7179,2.3693,-0.443,0.0,0
ussd_0416,ussd_s009075,-0.065,0.4527,-0.2853,0.8605,0
ussd_0139,ussd_s009076,-0.8836,0.4413,-0.2769,0.8304,0
ussd_0323,ussd_s009077,-0.684,0.1303,-0.1924,0.5402,0
ussd_0289,ussd_s009078,-0.7069,0.5421,-0.2531,0.9908,0
ussd_0182,ussd_s009079,-0.4943,0.9479,-0.6179,0.9517,0
ussd_0356,ussd_s009080,-0.5101,1.4798,-0.2873,0.9012,0
ussd_0047,ussd_s009081,-0.1606,0.4712,-0.3995,0.8009,0
ussd_0333,ussd_s009082,0.151,1.6705,-0.3544,0.0,0
ussd_0350,ussd_s009083,-0.6494,0.6946,-0.2522,0.0,0
ussd_0396,ussd_s009084,-0.4939,0.6586,-0.2678,0.0,0
ussd_0405,ussd_s009085,0.3309,1.2336,-0.1595,0.0,0
ussd_0264,ussd_s009086,0.5097,0.2802,0.3434,0.9204,0
ussd_0333,ussd_s009087,-0.5316,0.8382,0.9369,0.0,0
ussd_0024,ussd_s009088,-0.746,1.1487,-0.042,0.9298,0
ussd_0396,ussd_s009089,-0.7706,0.4989,-0.2678,0.0,0
ussd_0397,ussd_s009090,-0.3219,0.8718,-0.4162,0.0,0
ussd_0413,ussd_s009091,0.8128,1.5621,-0.4768,0.1418,0
ussd_0219,ussd_s009092,-0.3731,0.9266,0.51,0.0,0
ussd_0443,ussd_s009093,-0.5712,0.2084,-0.2465,0.0,0
ussd_0107,ussd_s009094,-0.408,0.0488,0.6855,0.0,0
ussd_0052,ussd_s009095,-0.5098,0.0849,-0.2057,0.5566,0
ussd_0194,ussd_s009096,-0.2264,0.3532,1.5366,0.6378,0
ussd_0047,ussd_s009097,0.0016,1.1802,-0.3995,0.8009,0
ussd_0133,ussd_s009098,-0.7883,1.3592,-0.3497,0.531,0
ussd_0142,ussd_s009099,0.0951,0.4747,1.7668,0.0,0
ussd_0407,ussd_s009100,0.9932,0.3619,-0.6884,0.0,0
ussd_0422,ussd_s009101,-0.5926,1.2868,-0.112,0.7109,0
ussd_0370,ussd_s009102,1.3039,0.5963,-0.3301,0.6778,0
ussd_0241,ussd_s009103,-0.2494,1.7279,-0.4608,0.0,0
ussd_0209,ussd_s009104,-0.4046,1.8889,-0.0474,0.0908,0
ussd_0273,ussd_s009105,1.5987,0.155,0.9305,0.0,0
ussd_0150,ussd_s009106,-0.8306,0.6111,-0.0428,0.0,0
ussd_0248,ussd_s009107,0.1825,1.9806,-0.5853,0.0,0
ussd_0205,ussd_s009108,-0.7009,0.8915,-0.178,0.9936,0
ussd_0129,ussd_s009109,-0.3023,0.189,0.678,0.9109,0
ussd_0243,ussd_s009110,-0.2626,1.1304,-0.0974,0.0,0
ussd_0018,ussd_s009111,0.5887,0.3258,0.8328,0.0,0
ussd_0331,ussd_s009112,-0.3019,1.0081,-0.2283,0.0,0
ussd_0244,ussd_s009113,-0.8116,0.9581,0.0703,0.68,0
ussd_0112,ussd_s009114,0.474,0.2006,0.5978,0.7593,0
ussd_0155,ussd_s009115,-0.0566,0.6947,0.4789,0.0,0
ussd_0405,ussd_s009116,-0.4722,0.021,-0.1595,0.0,0
ussd_0447,ussd_s009117,0.6057,3.1278,-0.4084,0.0,0
ussd_0361,ussd_s009118,-0.5088,1.0604,-0.1189,0.0474,0
ussd_0134,ussd_s009119,-0.4416,1.359,-0.5784,0.0,0
ussd_0303,ussd_s009120,0.0501,1.2507,1.4302,0.8018,0
ussd_0400,ussd_s009121,-0.1972,0.0338,-0.3969,0.0,0
ussd_0419,ussd_s009122,-0.1489,1.0212,0.8749,0.0,0
ussd_0107,ussd_s009123,-0.4633,0.3473,-0.4382,0.0,0
ussd_0151,ussd_s009124,0.7685,0.5443,-0.3497,0.0479,0
ussd_0011,ussd_s009125,-0.2513,0.326,0.9773,0.9374,0
ussd_0188,ussd_s009126,1.4088,0.0456,-0.3934,0.0,0
ussd_0188,ussd_s009127,-0.0252,1.3653,-0.3934,0.0,0
ussd_0035,ussd_s009128,-0.9636,2.5892,0.7865,0.0,0
ussd_0421,ussd_s009129,-0.6982,0.584,-0.0654,0.0,0
ussd_0347,ussd_s009130,-0.6305,0.3827,0.8503,0.0,0
ussd_0008,ussd_s009131,0.3422,0.376,-0.3053,0.0,0
ussd_0228,ussd_s009132,0.4224,0.1173,-0.533,0.0,0
ussd_0085,ussd_s009133,-0.6606,1.2227,-0.2852,0.0,0
ussd_0248,ussd_s009134,-0.3351,0.8491,0.2442,0.0,0
ussd_0249,ussd_s009135,-0.4552,0.5311,-0.5232,0.8893,0
ussd_0067,ussd_s009136,-0.3879,1.3834,-0.0935,0.0,0
ussd_0395,ussd_s009137,0.5788,0.581,-0.4302,0.0,0
ussd_0235,ussd_s009138,-0.5902,0.8127,0.7818,0.0,0
ussd_0134,ussd_s009139,-0.7132,0.4672,1.1078,0.0,0
ussd_0328,ussd_s009140,-0.443,2.5902,-0.5097,0.0,0
ussd_0279,ussd_s009141,-0.3762,1.5332,1.0087,0.0,0
ussd_0422,ussd_s009142,-0.5392,0.3571,-0.112,0.7109,0
ussd_0302,ussd_s009143,0.1965,1.0673,-0.2993,0.0,0
ussd_0311,ussd_s009144,-0.8223,1.2536,-0.1529,0.0,0
ussd_0138,ussd_s009145,1.4881,0.0254,-0.2683,0.0,0
ussd_0252,ussd_s009146,0.7611,0.4452,-0.1521,0.0,0
ussd_0092,ussd_s009147,0.0413,0.6745,-0.18,0.0,0
ussd_0011,ussd_s009148,-0.4559,1.4966,-0.3409,0.9374,0
ussd_0298,ussd_s009149,-0.5268,0.2981,-0.047,0.0,0
ussd_0360,ussd_s009150,-0.5542,0.0901,0.4068,0.0,0
ussd_0051,ussd_s009151,-0.6775,0.6054,-0.297,0.0,0
ussd_0234,ussd_s009152,0.1228,1.7389,-0.2617,0.0,0
ussd_0217,ussd_s009153,0.5991,0.2661,0.5947,0.0,0
ussd_0418,ussd_s009154,1.3262,0.0121,-0.4902,0.0,0
ussd_0315,ussd_s009155,-0.2316,1.5306,-0.1627,0.0,0
ussd_0019,ussd_s009156,0.0801,0.1775,-0.6024,0.8868,0
ussd_0368,ussd_s009157,-0.3385,0.4878,-0.0781,0.0,0
ussd_0181,ussd_s009158,16.4004,1.2725,9.3997,0.9503,1
ussd_0325,ussd_s009159,-0.3749,1.3869,-0.1796,0.0,0
ussd_0241,ussd_s009160,2.1597,0.5674,0.6176,0.0,0
ussd_0021,ussd_s009161,2.0547,2.6173,-0.4138,0.0,0
ussd_0370,ussd_s009162,-0.1399,1.0604,-0.3301,0.6778,0
ussd_0243,ussd_s009163,-0.2998,0.3125,-0.0974,0.0,0
ussd_0136,ussd_s009164,-0.4646,0.481,0.618,0.2943,0
ussd_0259,ussd_s009165,0.4591,2.0857,-0.2506,0.0,0
ussd_0028,ussd_s009166,-0.1968,0.9977,0.3483,0.0,0
ussd_0121,ussd_s009167,-0.4109,0.4793,-0.6052,0.3602,0
ussd_0325,ussd_s009168,0.3105,0.4824,-0.1796,0.0,0
ussd_0043,ussd_s009169,-0.2819,0.8503,-0.5039,0.0,0
ussd_0007,ussd_s009170,-0.5032,0.7027,0.6908,0.0,0
ussd_0289,ussd_s009171,-0.7376,1.7638,-0.2531,0.9908,0
ussd_0035,ussd_s009172,-0.7488,0.3666,0.7865,0.0,0
ussd_0097,ussd_s009173,0.8461,0.2426,-0.4961,0.7079,0
ussd_0176,ussd_s009174,-0.7199,0.1922,-0.0892,0.0,0
ussd_0108,ussd_s009175,0.4436,0.4642,0.6076,0.4636,0
ussd_0290,ussd_s009176,14.846,1.1612,6.7407,0.7305,1
ussd_0027,ussd_s009177,-0.2886,0.3848,0.836,0.0,0
ussd_0201,ussd_s009178,-0.589,0.1402,-0.3556,0.0,0
ussd_0125,ussd_s009179,-0.758,0.4026,1.2939,0.0,0
ussd_0169,ussd_s009180,-0.6072,1.4325,0.4899,0.0,0
ussd_0275,ussd_s009181,-0.2825,1.3024,0.9418,0.787,0
ussd_0185,ussd_s009182,-0.2822,1.2487,-0.3021,0.0,0
ussd_0400,ussd_s009183,-0.7878,0.2269,-0.3969,0.0,0
ussd_0281,ussd_s009184,-0.6497,1.1545,-0.3218,0.0,0
ussd_0419,ussd_s009185,-0.8018,0.0394,0.8749,0.0,0
ussd_0323,ussd_s009186,1.0349,0.0694,-0.1924,0.5402,0
ussd_0379,ussd_s009187,1.485,0.8871,0.3818,0.0,0
ussd_0091,ussd_s009188,-0.2342,0.7456,-0.1477,0.0,0
ussd_0216,ussd_s009189,-0.741,0.3847,-0.0659,0.0,0
ussd_0022,ussd_s009190,-0.7323,1.0943,-0.2967,0.0,0
ussd_0292,ussd_s009191,8.549,0.9051,0.8021,0.8866,1
ussd_0266,ussd_s009192,-0.232,0.2579,1.0172,0.6032,0
ussd_0076,ussd_s009193,-0.4552,0.7896,-0.3912,0.0,0
ussd_0199,ussd_s009194,-0.6257,0.2558,-0.1795,0.0,0
ussd_0066,ussd_s009195,0.1238,1.2146,0.4714,0.515,0
ussd_0228,ussd_s009196,0.2493,0.467,-0.533,0.0,0
ussd_0044,ussd_s009197,-0.7356,0.1021,0.0809,0.8935,0
ussd_0255,ussd_s009198,-0.3201,1.5303,-0.3304,0.0,0
ussd_0013,ussd_s009199,-0.4203,0.2206,-0.3241,0.0,0
ussd_0154,ussd_s009200,-0.6843,2.0731,-0.5491,0.0,0
ussd_0261,ussd_s009201,0.9072,0.3737,-0.3923,0.0,0
ussd_0004,ussd_s009202,-0.6306,0.6471,0.3385,0.0,0
ussd_0254,ussd_s009203,-0.6497,0.3776,-0.0603,0.0,0
ussd_0145,ussd_s009204,-0.3671,0.4241,-0.6561,0.6273,0
ussd_0396,ussd_s009205,-0.8052,1.85,-0.2678,0.0,0
ussd_0356,ussd_s009206,-0.0683,0.2798,-0.2873,0.9012,0
ussd_0098,ussd_s009207,-0.5138,0.7527,-0.1481,0.0,0
ussd_0432,ussd_s009208,0.1557,0.0446,-0.2825,0.0,0
ussd_0299,ussd_s009209,0.0677,0.1557,-0.2227,0.0,0
ussd_0443,ussd_s009210,-0.1644,0.4847,-0.2465,0.0,0
ussd_0137,ussd_s009211,3.6415,4.3052,3.4882,0.7854,1
ussd_0101,ussd_s009212,5.9648,2.0909,3.6719,0.6828,1
ussd_0182,ussd_s009213,0.0831,1.6784,-0.6179,0.9517,0
ussd_0099,ussd_s009214,4.6166,2.6987,11.6457,0.7336,1
ussd_0216,ussd_s009215,-0.4011,0.2989,-0.0659,0.0,0
ussd_0238,ussd_s009216,-0.1915,0.4408,-0.1474,0.0,0
ussd_0055,ussd_s009217,-0.4836,0.6074,-0.2393,0.6067,0
ussd_0138,ussd_s009218,-0.7456,0.0552,-0.2683,0.0,0
ussd_0352,ussd_s009219,0.0042,1.5833,-0.6599,0.0,0
ussd_0314,ussd_s009220,-0.6092,1.7625,-0.2413,0.9397,0
ussd_0195,ussd_s009221,15.8211,4.9524,1.1583,0.8193,1
ussd_0166,ussd_s009222,-0.3549,0.7075,1.0019,0.0,0
ussd_0373,ussd_s009223,1.1554,0.2461,-0.4251,0.0,0
ussd_0311,ussd_s009224,-0.7391,0.2163,-0.1529,0.0,0
ussd_0311,ussd_s009225,-0.5809,0.2984,-0.1529,0.0,0
ussd_0256,ussd_s009226,1.1772,1.5975,-0.2859,0.5648,0
ussd_0206,ussd_s009227,0.4017,0.7862,-0.0379,0.0,0
ussd_0191,ussd_s009228,2.3177,1.5948,0.9515,0.0,0
ussd_0129,ussd_s009229,-0.2408,0.5211,0.678,0.9109,0
ussd_0061,ussd_s009230,10.2267,0.1331,3.3031,0.7353,1
ussd_0073,ussd_s009231,-0.5988,0.2679,-0.6339,0.0,0
ussd_0388,ussd_s009232,-0.7011,0.6188,-0.1792,0.8787,0
ussd_0145,ussd_s009233,-0.1315,1.4021,0.0318,0.6273,0
ussd_0028,ussd_s009234,-0.7008,0.7839,0.3483,0.0,0
ussd_0049,ussd_s009235,-0.0854,0.7429,0.4231,0.0,0
ussd_0003,ussd_s009236,-0.7346,0.2061,0.3127,0.9723,0
ussd_0049,ussd_s009237,1.039,1.0024,-0.1461,0.0,0
ussd_0285,ussd_s009238,-0.5986,0.0952,-0.6131,0.0,0
ussd_0141,ussd_s009239,-0.5211,0.713,0.2081,0.4236,0
ussd_0203,ussd_s009240,-0.2309,0.0426,-0.0347,0.0,0
ussd_0226,ussd_s009241,-0.3842,0.5524,-0.425,0.0,0
ussd_0186,ussd_s009242,-0.2558,0.4052,-0.4026,0.087,0
ussd_0143,ussd_s009243,14.1717,0.1407,3.5734,0.0,1
ussd_0409,ussd_s009244,1.1331,0.5453,-0.2406,0.0,0
ussd_0212,ussd_s009245,0.8592,1.074,-0.0421,0.0,0
ussd_0448,ussd_s009246,1.1315,0.7344,-0.2068,0.0,0
ussd_0247,ussd_s009247,-0.371,0.2554,0.7535,0.5439,0
ussd_0371,ussd_s009248,-0.8517,1.7175,-0.269,0.0,0
ussd_0037,ussd_s009249,5.4652,1.1669,0.2932,0.0,0
ussd_0391,ussd_s009250,-0.7651,0.212,-0.3385,0.0,0
ussd_0229,ussd_s009251,-0.7128,0.2699,1.3175,0.582,0
ussd_0208,ussd_s009252,-0.4168,0.3993,-0.518,0.5813,0
ussd_0041,ussd_s009253,-0.5894,0.0655,-0.4636,0.0,0
ussd_0195,ussd_s009254,-0.5795,2.0743,-0.2806,0.0,0
ussd_0441,ussd_s009255,-0.3408,1.1912,-0.3002,0.0,0
ussd_0149,ussd_s009256,-0.7362,1.1483,-0.2069,0.0,0
ussd_0227,ussd_s009257,-0.2958,1.6894,-0.0417,0.0,0
ussd_0130,ussd_s009258,0.3667,0.724,0.5701,0.0,0
ussd_0258,ussd_s009259,0.0685,0.2876,-0.0176,0.0,0
ussd_0388,ussd_s009260,-0.6324,0.3068,1.4624,0.8787,0
ussd_0103,ussd_s009261,-0.6886,0.212,-0.3125,0.0,0
ussd_0080,ussd_s009262,-0.2186,0.5394,1.0182,0.0,0
ussd_0246,ussd_s009263,-0.6936,0.3241,-0.0584,0.8318,0
ussd_0069,ussd_s009264,0.5093,2.0362,1.2471,0.8844,0
ussd_0387,ussd_s009265,-0.0741,1.203,-0.3918,0.0,0
ussd_0266,ussd_s009266,-0.6219,0.6559,-0.5966,0.6032,0
ussd_0091,ussd_s009267,-0.6737,0.8811,-0.1477,0.0,0
ussd_0377,ussd_s009268,-0.6114,0.2845,-0.4784,0.0,0
ussd_0338,ussd_s009269,3.6573,1.7908,-0.1227,0.0,0
ussd_0205,ussd_s009270,-0.2515,0.728,-0.178,0.9936,0
ussd_0192,ussd_s009271,-0.4692,0.5843,-0.4069,0.8179,0
ussd_0012,ussd_s009272,-0.4451,0.2121,-0.3088,0.0,0
ussd_0201,ussd_s009273,0.6758,1.4125,-0.3556,0.0,0
ussd_0322,ussd_s009274,-0.222,1.514,-0.2737,0.0,0
ussd_0202,ussd_s009275,0.0697,0.3424,-0.0483,0.0,0
ussd_0353,ussd_s009276,-0.5515,1.1065,0.2066,0.0,0
ussd_0008,ussd_s009277,1.3145,0.2361,-0.3053,0.0,0
ussd_0309,ussd_s009278,-0.62,0.5874,-0.1466,0.0,0
ussd_0215,ussd_s009279,-0.3765,1.7616,-0.4456,0.0,0
ussd_0349,ussd_s009280,1.1937,0.2012,-0.4904,0.0,0
ussd_0391,ussd_s009281,0.2457,0.1871,-0.3385,0.0,0
ussd_0087,ussd_s009282,-0.0526,1.0863,0.9557,0.0,0
ussd_0347,ussd_s009283,-0.2855,0.9121,-0.3832,0.0,0
ussd_0160,ussd_s009284,-0.2356,0.9246,-0.5504,0.879,0
ussd_0020,ussd_s009285,-0.5301,0.4758,-0.5595,0.0,0
ussd_0341,ussd_s009286,0.7763,0.6303,-0.4387,0.0,0
ussd_0249,ussd_s009287,2.6505,0.4558,1.3838,0.8893,0
ussd_0403,ussd_s009288,-0.7799,1.4144,-0.303,0.0,0
ussd_0150,ussd_s009289,-0.5912,1.4457,-0.0428,0.0,0
ussd_0255,ussd_s009290,-0.1388,0.4667,-0.3304,0.0,0
ussd_0205,ussd_s009291,5.3917,0.0364,8.0423,0.9936,1
ussd_0006,ussd_s009292,0.3552,0.7853,-0.0722,0.0,0
ussd_0072,ussd_s009293,-0.3772,0.1091,-0.0655,0.0,0
ussd_0285,ussd_s009294,-0.216,0.9331,0.1607,0.0,0
ussd_0265,ussd_s009295,-0.7568,1.3376,-0.2231,0.0,0
ussd_0340,ussd_s009296,-0.3729,1.2378,0.8557,0.0,0
ussd_0152,ussd_s009297,-0.7351,0.9581,-0.5608,0.0,0
ussd_0438,ussd_s009298,-0.8467,0.5249,2.667,0.8982,0
ussd_0015,ussd_s009299,9.3814,0.7855,8.7676,0.0,1
ussd_0081,ussd_s009300,-0.2184,1.4969,-0.0262,0.0,0
ussd_0175,ussd_s009301,-0.6073,0.949,-0.4073,0.0,0
ussd_0212,ussd_s009302,-0.6681,0.7328,-0.0421,0.0,0
ussd_0115,ussd_s009303,-0.6455,1.3203,-0.0045,0.5235,0
ussd_0219,ussd_s009304,-0.8317,1.8598,-0.4967,0.0,0
ussd_0055,ussd_s009305,5.6552,0.7669,1.2821,0.6067,0
ussd_0291,ussd_s009306,-0.4625,1.9156,-0.5623,0.0,0
ussd_0155,ussd_s009307,0.5197,0.3656,-0.507,0.0,0
ussd_0294,ussd_s009308,-0.574,0.7441,-0.1472,0.0,0
ussd_0115,ussd_s009309,1.1736,0.8159,-0.6682,0.5235,0
ussd_0201,ussd_s009310,-0.5669,0.6499,-0.3556,0.0,0
ussd_0443,ussd_s009311,-0.1404,1.5343,1.2604,0.0,0
ussd_0127,ussd_s009312,0.0098,1.1727,-0.294,0.0,0
ussd_0271,ussd_s009313,0.3082,0.418,-0.1323,0.6586,0
ussd_0038,ussd_s009314,2.5449,0.2933,-0.4487,0.0823,0
ussd_0247,ussd_s009315,-0.1915,0.3871,-0.4155,0.5439,0
ussd_0047,ussd_s009316,0.112,0.9571,-0.3995,0.8009,0
ussd_0212,ussd_s009317,4.4269,1.2694,9.5371,0.0,1
ussd_0408,ussd_s009318,-0.7506,1.0963,0.2039,0.0,0
ussd_0422,ussd_s009319,-0.7039,1.316,-0.112,0.7109,0
ussd_0343,ussd_s009320,0.1655,0.5794,-0.1302,0.0,0
ussd_0148,ussd_s009321,2.7085,3.5582,-0.509,0.0,0
ussd_0047,ussd_s009322,0.7081,1.5575,0.8015,0.8009,0
ussd_0142,ussd_s009323,0.8459,1.0654,-0.4466,0.0,0
ussd_0300,ussd_s009324,0.8979,1.0949,-0.6719,0.0,0
ussd_0437,ussd_s009325,-0.754,0.8102,-0.0896,0.0,0
ussd_0283,ussd_s009326,-0.9215,0.337,-0.4815,0.0953,0
ussd_0113,ussd_s009327,-0.5456,1.0623,0.2222,0.0,0
ussd_0189,ussd_s009328,-0.353,0.3103,-0.4537,0.0,0
ussd_0274,ussd_s009329,-0.678,1.4532,0.4891,0.0,0
ussd_0296,ussd_s009330,0.5834,0.8182,-0.4848,0.0,0
ussd_0192,ussd_s009331,0.1216,0.8913,3.1519,0.8179,0
ussd_0082,ussd_s009332,-0.8058,0.5222,0.7348,0.0,0
ussd_0381,ussd_s009333,-0.4844,0.5663,-0.1529,0.0,0
ussd_0133,ussd_s009334,0.0396,1.3032,-0.3497,0.531,0
ussd_0187,ussd_s009335,-0.647,0.3836,-0.1047,0.822,0
ussd_0145,ussd_s009336,-0.0662,0.559,-0.6561,0.6273,0
ussd_0229,ussd_s009337,0.5319,0.9609,-0.2275,0.582,0
ussd_0100,ussd_s009338,-0.5552,0.2324,-0.2924,0.0,0
ussd_0203,ussd_s009339,-0.6655,0.5244,1.8958,0.0,0
ussd_0257,ussd_s009340,-0.0945,0.341,-0.0849,0.0,0
ussd_0031,ussd_s009341,-0.4606,2.0664,-0.4503,0.0,0
ussd_0185,ussd_s009342,0.0805,1.1142,-0.3021,0.0,0
ussd_0016,ussd_s009343,-0.7324,0.9174,-0.1351,0.0,0
ussd_0393,ussd_s009344,-0.1511,0.8503,0.3855,0.0,0
ussd_0195,ussd_s009345,8.6337,0.7237,4.0361,0.7084,1
ussd_0402,ussd_s009346,0.4517,0.1625,-0.1808,0.9386,0
ussd_0381,ussd_s009347,-0.1473,0.0577,-0.1529,0.0,0
ussd_0022,ussd_s009348,3.6223,2.6356,9.55,0.8046,1
ussd_0166,ussd_s009349,0.0984,0.0571,-0.3327,0.0,0
ussd_0005,ussd_s009350,-0.8093,2.6757,1.5734,0.0,0
ussd_0406,ussd_s009351,-0.0666,0.1455,-0.1994,0.0,0
ussd_0156,ussd_s009352,0.2627,0.9068,-0.15,0.8076,0
ussd_0239,ussd_s009353,-0.9545,1.7726,-0.7018,0.0,0
ussd_0288,ussd_s009354,-0.8432,0.8347,-0.1842,0.0,0
ussd_0111,ussd_s009355,-0.2501,0.3887,2.0835,0.3775,0
ussd_0192,ussd_s009356,-0.5861,0.0058,-0.4069,0.8179,0
ussd_0284,ussd_s009357,-0.6709,1.7718,-0.3243,0.4201,0
ussd_0324,ussd_s009358,0.5884,1.5399,1.1774,0.0,0
ussd_0018,ussd_s009359,0.3622,1.4888,-0.3891,0.0,0
ussd_0165,ussd_s009360,-0.4413,0.5166,-0.2922,0.0,0
ussd_0093,ussd_s009361,1.2591,0.5361,-0.1136,0.7111,0
ussd_0037,ussd_s009362,-0.7444,1.2508,-0.5689,0.0,0
ussd_0446,ussd_s009363,-0.7996,0.944,-0.164,0.0,0
ussd_0368,ussd_s009364,0.3882,0.3508,-0.0781,0.0,0
ussd_0053,ussd_s009365,-0.5796,0.113,-0.4112,0.0,0
ussd_0240,ussd_s009366,-0.6679,0.0671,-0.234,0.0,0
ussd_0316,ussd_s009367,1.2025,0.0786,-0.0791,0.0,0
ussd_0093,ussd_s009368,-0.5183,0.4346,-0.1136,0.7111,0
ussd_0339,ussd_s009369,-0.6262,0.7754,-0.0323,0.4612,0
ussd_0416,ussd_s009370,-0.0983,0.0864,-0.2853,0.8605,0
ussd_0145,ussd_s009371,-0.7842,0.3754,0.0318,0.6273,0
ussd_0212,ussd_s009372,1.3778,1.2873,-0.0421,0.0,0
ussd_0397,ussd_s009373,-0.6424,0.8645,-0.4162,0.0,0
ussd_0088,ussd_s009374,-0.3472,1.0153,-0.6782,0.0,0
ussd_0228,ussd_s009375,-0.8366,0.0916,-0.533,0.0,0
ussd_0205,ussd_s009376,1.7569,0.3418,-0.178,0.9936,0
ussd_0355,ussd_s009377,-0.2534,0.3416,-0.4131,0.0,0
ussd_0434,ussd_s009378,0.6135,0.4956,-0.2715,0.0,0
ussd_0135,ussd_s009379,-0.2256,1.6914,-0.1157,0.0,0
ussd_0444,ussd_s009380,0.5898,1.037,-0.356,0.0,0
ussd_0040,ussd_s009381,-0.1816,0.3461,0.0429,0.0,0
ussd_0161,ussd_s009382,-0.1068,0.3041,1.1918,0.0,0
ussd_0418,ussd_s009383,-0.8531,0.1798,-0.4902,0.0,0
ussd_0253,ussd_s009384,-0.5276,0.4844,-0.1831,0.0,0
ussd_0317,ussd_s009385,1.1966,0.2199,-0.3401,0.0,0
ussd_0376,ussd_s009386,-0.2076,0.27,-0.5201,0.0143,0
ussd_0250,ussd_s009387,7.4246,2.5566,2.9395,0.9572,1
ussd_0317,ussd_s009388,-0.7693,1.3218,-0.3401,0.0,0
ussd_0080,ussd_s009389,-0.8831,0.1212,-0.3273,0.0,0
ussd_0422,ussd_s009390,0.2243,1.4448,-0.112,0.7109,0
ussd_0315,ussd_s009391,0.6503,0.7566,-0.1627,0.0,0
ussd_0017,ussd_s009392,-0.2741,1.1392,-0.1648,0.0,0
ussd_0401,ussd_s009393,-0.0853,0.7299,-0.7121,0.0,0
ussd_0186,ussd_s009394,-0.6282,0.1577,-0.4026,0.087,0
ussd_0100,ussd_s009395,4.0998,3.4216,2.5382,0.8722,1
ussd_0012,ussd_s009396,-0.1611,0.1641,-0.3088,0.0,0
ussd_0329,ussd_s009397,-0.6937,1.131,-0.4971,0.0,0
ussd_0186,ussd_s009398,2.1992,0.3065,0.7923,0.087,0
ussd_0294,ussd_s009399,-0.4456,0.2831,-0.1472,0.0,0
ussd_0317,ussd_s009400,-0.6037,0.0889,-0.3401,0.0,0
ussd_0352,ussd_s009401,-0.8914,1.1327,-0.6599,0.0,0
ussd_0066,ussd_s009402,-0.1651,0.6292,-0.5095,0.515,0
ussd_0070,ussd_s009403,-0.135,1.3788,1.5213,0.0,0
ussd_0280,ussd_s009404,-0.3076,0.4067,-0.2533,0.0,0
ussd_0249,ussd_s009405,-0.5775,0.0921,-0.5232,0.8893,0
ussd_0269,ussd_s009406,-0.4818,0.0508,-0.0395,0.0,0
ussd_0293,ussd_s009407,0.272,0.864,-0.1511,0.0,0
ussd_0077,ussd_s009408,-0.1921,0.3294,-0.0916,0.0,0
ussd_0351,ussd_s009409,-0.1487,0.5773,-0.3952,0.0222,0
ussd_0362,ussd_s009410,-0.2336,0.5221,-0.3611,0.0,0
ussd_0414,ussd_s009411,-0.7923,1.0109,0.6156,0.8194,0
ussd_0368,ussd_s009412,0.0893,0.2443,-0.0781,0.0,0
ussd_0356,ussd_s009413,-0.1871,0.4694,-0.2873,0.9012,0
ussd_0374,ussd_s009414,-0.8997,0.4566,-0.3138,0.0,0
ussd_0364,ussd_s009415,-0.8665,0.7729,-0.4906,0.0,0
ussd_0284,ussd_s009416,0.8483,0.9661,-0.3243,0.4201,0
ussd_0438,ussd_s009417,-0.6956,0.4376,-0.2666,0.8982,0
ussd_0325,ussd_s009418,6.1827,0.3599,-0.1796,0.9126,1
ussd_0339,ussd_s009419,-0.2797,1.9185,-0.0323,0.4612,0
ussd_0083,ussd_s009420,-0.906,0.2347,-0.3606,0.0,0
ussd_0370,ussd_s009421,-0.7984,0.2912,-0.3301,0.6778,0
ussd_0306,ussd_s009422,0.2209,0.687,-0.029,0.6558,0
ussd_0132,ussd_s009423,1.5844,0.3525,-0.2549,0.0,0
ussd_0323,ussd_s009424,-0.2892,0.1092,-0.1924,0.5402,0
ussd_0021,ussd_s009425,-0.8125,0.7521,-0.4138,0.0,0
ussd_0352,ussd_s009426,-0.3906,0.893,0.7004,0.0,0
ussd_0226,ussd_s009427,1.0178,0.0259,0.725,0.0,0
ussd_0150,ussd_s009428,-0.7016,1.3773,-0.0428,0.0,0
ussd_0270,ussd_s009429,-0.8555,0.3608,2.3164,0.0,0
ussd_0176,ussd_s009430,6.5887,4.1382,7.1968,0.0,1
ussd_0260,ussd_s009431,-0.0739,1.5511,-0.4123,0.1622,0
ussd_0214,ussd_s009432,-0.2402,0.2109,0.3787,0.663,0
ussd_0048,ussd_s009433,-0.7326,0.25,-0.1091,0.0,0
ussd_0120,ussd_s009434,-0.342,0.0755,-0.2178,0.0,0
ussd_0143,ussd_s009435,-0.2805,0.0162,-0.6482,0.0,0
ussd_0053,ussd_s009436,-0.8185,1.019,-0.4112,0.0,0
ussd_0150,ussd_s009437,0.5356,1.0861,-0.0428,0.0,0
ussd_0061,ussd_s009438,-0.7103,0.6891,-0.5219,0.8677,0
ussd_0099,ussd_s009439,-0.832,1.4136,-0.0273,0.0,0
ussd_0240,ussd_s009440,0.494,1.4194,-0.234,0.0,0
ussd_0363,ussd_s009441,-0.3471,0.0858,1.7325,0.9519,0
ussd_0365,ussd_s009442,-0.8928,1.1311,-0.0713,0.0,0
ussd_0386,ussd_s009443,-0.2631,0.7863,-0.047,0.5229,0
ussd_0078,ussd_s009444,0.5333,0.5865,0.1674,0.0,0
ussd_0317,ussd_s009445,0.2078,1.1719,0.9796,0.0,0
ussd_0370,ussd_s009446,1.0237,0.4802,-0.3301,0.6778,0
ussd_0254,ussd_s009447,-0.7993,0.4767,-0.0603,0.0,0
ussd_0064,ussd_s009448,-0.1104,0.4635,-0.3041,0.0,0
ussd_0424,ussd_s009449,-0.4969,0.2452,-0.3623,0.1979,0
ussd_0431,ussd_s009450,-0.0581,0.6292,-0.1055,0.0,0
ussd_0014,ussd_s009451,-0.2135,0.948,0.8142,0.0,0
ussd_0213,ussd_s009452,0.2408,0.3837,-0.4046,0.0,0
ussd_0176,ussd_s009453,-0.4464,0.0434,-0.0892,0.0,0
ussd_0321,ussd_s009454,0.5615,0.0193,-0.019,0.0,0
ussd_0353,ussd_s009455,-0.7226,1.6703,-0.5978,0.0,0
ussd_0398,ussd_s009456,0.1596,0.6414,-0.3386,0.0,0
ussd_0148,ussd_s009457,-0.791,1.7355,0.4731,0.0,0
ussd_0235,ussd_s009458,0.0939,0.6687,-0.4061,0.0,0
ussd_0218,ussd_s009459,-0.1278,1.7798,-0.0704,0.6736,0
ussd_0072,ussd_s009460,1.4521,1.8165,-0.0655,0.0,0
ussd_0159,ussd_s009461,1.9862,0.0656,-0.0377,0.0,0
ussd_0406,ussd_s009462,0.1104,0.285,-0.1994,0.0,0
ussd_0194,ussd_s009463,-0.3828,0.9907,1.5366,0.6378,0
ussd_0074,ussd_s009464,-0.7868,0.7624,-0.6179,0.0,0
ussd_0437,ussd_s009465,0.0777,0.3939,-0.0896,0.0,0
ussd_0182,ussd_s009466,2.3705,0.6229,-0.6179,0.9517,0
ussd_0352,ussd_s009467,-0.789,0.1973,0.0202,0.0,0
ussd_0294,ussd_s009468,-0.4953,0.6185,-0.1472,0.0,0
ussd_0179,ussd_s009469,-0.3445,0.0367,0.4074,0.0,0
ussd_0284,ussd_s009470,1.2202,1.4444,-0.3243,0.4201,0
ussd_0293,ussd_s009471,2.2162,0.1987,-0.1511,0.0,0
ussd_0344,ussd_s009472,-0.8407,0.7946,-0.1112,0.0,0
ussd_0088,ussd_s009473,0.423,0.2331,0.6092,0.0,0
ussd_0399,ussd_s009474,-0.708,0.433,-0.031,0.0,0
ussd_0081,ussd_s009475,-0.4221,0.68,-0.6754,0.0,0
ussd_0257,ussd_s009476,-0.7489,0.3105,-0.0849,0.0,0
ussd_0113,ussd_s009477,0.7667,0.2194,-0.5926,0.0,0
ussd_0426,ussd_s009478,-0.6761,1.6657,0.7248,0.5158,0
ussd_0188,ussd_s009479,0.5016,1.4634,0.8198,0.0,0
ussd_0441,ussd_s009480,-0.5047,0.5748,1.0994,0.0,0
ussd_0191,ussd_s009481,-0.7447,1.8294,-0.3495,0.0,0
ussd_0024,ussd_s009482,20.9322,0.4425,3.7899,0.9298,1
ussd_0371,ussd_s009483,-0.8346,0.7359,-0.269,0.0,0
ussd_0128,ussd_s009484,-0.6732,0.5046,-0.0275,0.0,0
ussd_0183,ussd_s009485,-0.798,0.426,1.2829,0.0,0
ussd_0082,ussd_s009486,-0.7227,0.3599,-0.4217,0.0,0
ussd_0122,ussd_s009487,-0.5206,0.9097,-0.1654,0.0,0
ussd_0224,ussd_s009488,-0.6805,1.3544,-0.2677,0.0,0
ussd_0105,ussd_s009489,-0.8447,2.2217,-0.6515,0.8648,0
ussd_0078,ussd_s009490,-0.5699,0.433,-0.6109,0.0,0
ussd_0315,ussd_s009491,-0.2486,0.8154,-0.1627,0.0,0
ussd_0252,ussd_s009492,0.9099,0.2141,-0.1521,0.0,0
ussd_0116,ussd_s009493,-0.6608,0.3453,-0.0357,0.0,0
ussd_0356,ussd_s009494,0.6855,1.4105,-0.2873,0.9012,0
ussd_0023,ussd_s009495,5.6009,1.3875,1.9037,0.8678,1
ussd_0261,ussd_s009496,0.0622,0.5576,-0.3923,0.0,0
ussd_0351,ussd_s009497,-0.6294,0.4647,-0.3952,0.0222,0
ussd_0249,ussd_s009498,-0.2891,0.6957,0.4303,0.8893,0
ussd_0213,ussd_s009499,-0.242,0.7821,0.7863,0.0,0
ussd_0408,ussd_s009500,-0.6935,0.515,0.2039,0.0,0
ussd_0099,ussd_s009501,0.5367,1.0116,-0.0273,0.0,0
ussd_0420,ussd_s009502,-0.6196,0.7514,-0.3617,0.6651,0
ussd_0434,ussd_s009503,1.0466,2.296,1.1856,0.0,0
ussd_0200,ussd_s009504,0.0242,1.2629,-0.2674,0.9146,0
ussd_0077,ussd_s009505,-0.0331,0.9447,-0.0916,0.0,0
ussd_0247,ussd_s009506,-0.0912,0.6011,-0.4155,0.5439,0
ussd_0077,ussd_s009507,0.3247,0.1964,-0.0916,0.0,0
ussd_0321,ussd_s009508,0.78,1.5737,-0.019,0.0,0
ussd_0374,ussd_s009509,0.1268,0.2688,-0.3138,0.0,0
ussd_0182,ussd_s009510,-0.2296,0.9898,-0.6179,0.9517,0
ussd_0044,ussd_s009511,-0.3028,0.7705,-0.6397,0.8935,0
ussd_0081,ussd_s009512,0.5875,0.64,-0.6754,0.0,0
ussd_0111,ussd_s009513,1.9475,1.8869,0.3215,0.3775,0
ussd_0112,ussd_s009514,-0.797,0.5515,0.5978,0.7593,0
ussd_0354,ussd_s009515,-0.8443,1.0895,-0.3806,0.0,0
ussd_0062,ussd_s009516,-0.4222,1.3178,-0.5987,0.0,0
ussd_0225,ussd_s009517,0.3304,0.7231,-0.0297,0.0,0
ussd_0141,ussd_s009518,-0.0738,0.6912,-0.5973,0.4236,0
ussd_0445,ussd_s009519,-0.142,2.4508,-0.5449,0.0,0
ussd_0172,ussd_s009520,-0.5159,0.4375,-0.3459,0.9157,0
ussd_0347,ussd_s009521,1.3533,0.5,-0.3832,0.0,0
ussd_0314,ussd_s009522,-0.6138,0.5686,1.2761,0.9397,0
ussd_0205,ussd_s009523,-0.1219,2.0696,-0.178,0.9936,0
ussd_0081,ussd_s009524,0.7078,0.1392,-0.6754,0.0,0
ussd_0081,ussd_s009525,0.6615,1.3224,0.6229,0.0,0
ussd_0185,ussd_s009526,0.5012,0.8561,2.4894,0.0,0
ussd_0203,ussd_s009527,-0.7214,0.2847,-0.0347,0.0,0
ussd_0219,ussd_s009528,0.1496,0.4288,-0.4967,0.0,0
ussd_0430,ussd_s009529,0.0077,0.1787,-0.4448,0.2721,0
ussd_0138,ussd_s009530,-0.5978,0.8494,-0.2683,0.0,0
ussd_0384,ussd_s009531,10.598,0.3806,7.4007,0.8505,1
ussd_0441,ussd_s009532,-0.7893,1.4952,-0.3002,0.0,0
ussd_0154,ussd_s009533,-0.7652,0.4719,-0.5491,0.0,0
ussd_0048,ussd_s009534,-0.8144,0.6067,-0.1091,0.0,0
ussd_0370,ussd_s009535,-0.5551,0.2092,-0.3301,0.6778,0
ussd_0087,ussd_s009536,1.0824,1.7092,-0.3481,0.0,0
ussd_0215,ussd_s009537,-0.2663,0.1579,0.6632,0.0,0
ussd_0159,ussd_s009538,0.7659,1.7571,-0.0377,0.0,0
ussd_0374,ussd_s009539,-0.8173,0.9272,1.0585,0.0,0
ussd_0053,ussd_s009540,-0.8999,1.2497,-0.4112,0.0,0
ussd_0220,ussd_s009541,-0.3926,0.7317,-0.1229,0.0,0
ussd_0361,ussd_s009542,0.1918,1.2423,-0.1189,0.0474,0
ussd_0390,ussd_s009543,-0.6585,0.3423,-0.6056,0.0,0
ussd_0363,ussd_s009544,-0.3459,1.5021,-0.0892,0.9519,0
ussd_0047,ussd_s009545,0.1269,0.2251,-0.3995,0.8009,0
ussd_0376,ussd_s009546,19.2376,1.1677,5.2386,0.6726,1
ussd_0016,ussd_s009547,0.385,0.1124,-0.1351,0.0,0
ussd_0442,ussd_s009548,-0.6547,0.7979,-0.17,0.0,0
ussd_0004,ussd_s009549,-0.7454,0.061,-0.5538,0.0,0
ussd_0428,ussd_s009550,0.3654,0.4477,-0.204,0.0,0
ussd_0413,ussd_s009551,0.5347,2.0581,-0.4768,0.1418,0
ussd_0166,ussd_s009552,2.7758,0.323,1.0019,0.7953,1
ussd_0302,ussd_s009553,-0.6084,0.1475,-0.2993,0.0,0
ussd_0263,ussd_s009554,-0.6117,0.7292,-0.1377,0.0,0
ussd_0300,ussd_s009555,-0.4908,1.2173,0.6407,0.0,0
ussd_0198,ussd_s009556,-0.1469,0.4177,0.1783,0.8457,0
ussd_0014,ussd_s009557,10.8099,1.1958,5.652,0.0,1
ussd_0241,ussd_s009558,4.2472,0.9594,4.931,0.7174,1
ussd_0295,ussd_s009559,-0.4156,1.8738,-0.1366,0.0,0
ussd_0279,ussd_s009560,0.9994,2.0381,-0.3304,0.0,0
ussd_0348,ussd_s009561,0.1188,0.3309,-0.2464,0.0,0
ussd_0362,ussd_s009562,19.5112,0.1598,0.9167,0.0,1
ussd_0069,ussd_s009563,-0.3641,0.7834,-0.251,0.8844,0
ussd_0262,ussd_s009564,-0.4514,1.1123,-0.0514,0.0,0
ussd_0071,ussd_s009565,0.5106,1.555,-0.2102,0.0,0
ussd_0399,ussd_s009566,-0.6141,0.2686,-0.031,0.0,0
ussd_0138,ussd_s009567,1.1979,0.5303,-0.2683,0.0,0
ussd_0398,ussd_s009568,13.5937,1.6023,10.2441,0.9792,1
ussd_0374,ussd_s009569,9.7535,3.1984,3.8031,0.769,1
ussd_0357,ussd_s009570,-0.6223,0.3878,-0.2504,0.0,0
ussd_0125,ussd_s009571,1.1443,1.0008,-0.2354,0.0,0
ussd_0098,ussd_s009572,-0.6226,0.4658,-0.1481,0.0,0
ussd_0376,ussd_s009573,1.0852,0.0487,1.3995,0.0143,0
ussd_0199,ussd_s009574,1.7917,0.5126,-0.1795,0.0,0
ussd_0427,ussd_s009575,0.366,0.3716,-0.0144,0.8555,0
ussd_0446,ussd_s009576,0.259,0.8105,-0.164,0.0,0
ussd_0181,ussd_s009577,0.0882,1.6692,-0.2,0.7457,0
ussd_0110,ussd_s009578,-0.1792,1.9865,-0.3506,0.0,0
ussd_0266,ussd_s009579,-0.8562,0.3541,0.2103,0.6032,0
ussd_0384,ussd_s009580,0.5676,0.3849,0.6801,0.8505,0
ussd_0443,ussd_s009581,-0.5679,0.213,-0.2465,0.0,0
ussd_0073,ussd_s009582,-0.6617,0.8935,0.0983,0.0,0
ussd_0030,ussd_s009583,12.8513,1.4477,5.7477,0.789,1
ussd_0346,ussd_s009584,-0.714,0.5509,-0.4477,0.0,0
ussd_0210,ussd_s009585,-0.6276,0.0361,1.0734,0.0,0
ussd_0175,ussd_s009586,-0.2544,1.0462,-0.4073,0.0,0
ussd_0385,ussd_s009587,2.0318,2.0761,-0.2846,0.772,0
ussd_0288,ussd_s009588,-0.29,0.6113,3.0789,0.0,0
ussd_0181,ussd_s009589,-0.2933,1.1458,-0.2,0.7457,0
ussd_0297,ussd_s009590,2.118,1.8663,-0.3748,0.0,0
ussd_0154,ussd_s009591,0.566,0.2425,-0.5491,0.0,0
ussd_0291,ussd_s009592,0.8855,1.2338,-0.5623,0.0,0
ussd_0257,ussd_s009593,-0.7674,0.8347,-0.0849,0.0,0
ussd_0038,ussd_s009594,-0.1654,0.2594,-0.4487,0.0823,0
ussd_0043,ussd_s009595,-0.1794,2.5061,-0.5039,0.0,0
ussd_0016,ussd_s009596,-0.7201,1.5456,-0.1351,0.0,0
ussd_0195,ussd_s009597,2.8002,0.3726,-0.2806,0.0,0
ussd_0061,ussd_s009598,0.0867,1.4528,-0.5219,0.8677,0
ussd_0286,ussd_s009599,0.7466,0.2339,-0.4126,0.0,0
ussd_0090,ussd_s009600,1.0063,0.7104,-0.3926,0.0165,0
ussd_0119,ussd_s009601,-0.6631,1.296,-0.266,0.0,0
ussd_0008,ussd_s009602,-0.4393,0.9513,1.0842,0.0,0
ussd_0229,ussd_s009603,5.3153,0.4803,-0.2275,0.582,0
ussd_0399,ussd_s009604,-0.3138,0.9292,-0.031,0.0,0
ussd_0350,ussd_s009605,-0.6755,0.4347,-0.2522,0.0,0
ussd_0326,ussd_s009606,-0.3321,1.1405,-0.0673,0.0957,0
ussd_0018,ussd_s009607,-0.7072,0.2745,-0.3891,0.0,0
ussd_0173,ussd_s009608,-0.204,1.2442,-0.0531,0.0,0
ussd_0187,ussd_s009609,-0.557,1.5209,-0.1047,0.822,0
ussd_0052,ussd_s009610,-0.5432,0.9166,1.3829,0.5566,0
ussd_0158,ussd_s009611,0.3377,0.2525,-0.162,0.9214,0
ussd_0298,ussd_s009612,-0.6453,0.3614,-0.047,0.0,0
ussd_0220,ussd_s009613,-0.6879,0.99,-0.1229,0.0,0
ussd_0236,ussd_s009614,1.75,0.1245,-0.2892,0.5753,0
ussd_0204,ussd_s009615,-0.6656,0.4255,-0.557,0.0,0
ussd_0150,ussd_s009616,1.0393,2.1838,-0.0428,0.0,0
ussd_0342,ussd_s009617,0.3052,0.5301,1.1575,0.0,0
ussd_0006,ussd_s009618,-0.1767,0.4938,-0.0722,0.0,0
ussd_0283,ussd_s009619,-0.0138,0.7165,-0.4815,0.0953,0
ussd_0376,ussd_s009620,0.2563,0.2614,-0.5201,0.0143,0
ussd_0026,ussd_s009621,0.5009,0.0767,0.9924,0.0,0
ussd_0035,ussd_s009622,-0.7979,0.3855,-0.4045,0.0,0
ussd_0127,ussd_s009623,-0.5646,1.6471,-0.294,0.0,0
ussd_0327,ussd_s009624,-0.6857,1.1679,1.5295,0.0,0
ussd_0234,ussd_s009625,-0.6393,1.4552,-0.2617,0.0,0
ussd_0404,ussd_s009626,1.0697,1.0354,-0.5198,0.5724,0
ussd_0112,ussd_s009627,-0.3871,0.547,-0.3152,0.7593,0
ussd_0233,ussd_s009628,1.2764,0.7174,-0.2472,0.7872,0
ussd_0308,ussd_s009629,-0.1119,0.1132,-0.6891,0.0,0
ussd_0427,ussd_s009630,-0.4407,0.5058,-0.0144,0.8555,0
ussd_0135,ussd_s009631,-0.3806,0.3542,-0.1157,0.0,0
ussd_0362,ussd_s009632,-0.4164,1.0228,-0.3611,0.0,0
ussd_0386,ussd_s009633,0.0633,0.3528,-0.047,0.5229,0
ussd_0023,ussd_s009634,-0.899,1.2725,0.7422,0.0,0
ussd_0222,ussd_s009635,-0.4026,0.8078,-0.5842,0.0,0
ussd_0135,ussd_s009636,-0.5536,1.0085,-0.1157,0.0,0
ussd_0306,ussd_s009637,-0.6472,0.8134,-0.029,0.6558,0
ussd_0048,ussd_s009638,0.0818,0.4046,-0.1091,0.0,0
ussd_0313,ussd_s009639,-0.1726,0.4179,-0.0473,0.0,0
ussd_0065,ussd_s009640,0.5398,0.2709,-0.3807,0.0,0
ussd_0283,ussd_s009641,-0.9306,0.6577,0.5555,0.0953,0
ussd_0000,ussd_s009642,-0.7082,0.5759,-0.5575,0.3567,0
ussd_0214,ussd_s009643,-0.8148,0.5835,-0.5404,0.663,0
ussd_0136,ussd_s009644,-0.1682,0.068,-0.6764,0.2943,0
ussd_0296,ussd_s009645,-0.5797,0.8192,-0.4848,0.0,0
ussd_0273,ussd_s009646,6.7682,0.9039,0.9305,0.0,0
ussd_0015,ussd_s009647,-0.7497,0.1881,-0.112,0.0,0
ussd_0171,ussd_s009648,-0.4508,0.3015,-0.3682,0.0,0
ussd_0275,ussd_s009649,0.1257,0.0333,-0.6116,0.787,0
ussd_0291,ussd_s009650,1.7641,0.3044,0.3131,0.0,0
ussd_0265,ussd_s009651,-0.5871,1.3701,-0.2231,0.0,0
ussd_0288,ussd_s009652,5.1371,3.1655,7.9735,0.9148,1
ussd_0272,ussd_s009653,0.3995,0.0572,2.1802,0.0,0
ussd_0158,ussd_s009654,0.4137,1.2579,-0.162,0.9214,0
ussd_0364,ussd_s009655,0.0812,0.0317,-0.4906,0.0,0
ussd_0385,ussd_s009656,-0.5004,2.6993,-0.2846,0.772,0
ussd_0014,ussd_s009657,-0.6919,1.1004,-0.3953,0.0,0
ussd_0253,ussd_s009658,-0.7587,1.0083,-0.1831,0.0,0
ussd_0392,ussd_s009659,-0.8351,0.2508,-0.4251,0.9428,0
ussd_0143,ussd_s009660,-0.3343,0.1026,1.4626,0.0,0
ussd_0149,ussd_s009661,-0.7744,0.2542,-0.2069,0.0,0
ussd_0427,ussd_s009662,4.1214,0.2457,-0.0144,0.8555,0
ussd_0304,ussd_s009663,1.1719,1.3941,-0.2978,0.0,0
ussd_0410,ussd_s009664,-0.1281,0.0007,-0.6808,0.0,0
ussd_0117,ussd_s009665,0.2955,0.6463,-0.1106,0.0,0
ussd_0079,ussd_s009666,-0.6501,1.0422,-0.463,0.0,0
ussd_0081,ussd_s009667,0.1639,0.4375,-0.6754,0.0,0
ussd_0096,ussd_s009668,-0.7756,0.1254,-0.2509,0.9419,0
ussd_0181,ussd_s009669,0.4614,0.0194,-0.2,0.7457,0
ussd_0403,ussd_s009670,-0.4044,1.0665,1.0909,0.0,0
ussd_0056,ussd_s009671,0.5868,0.5891,-0.3542,0.0,0
ussd_0162,ussd_s009672,0.6541,0.0473,-0.6145,0.9543,0
ussd_0183,ussd_s009673,-0.7546,0.3638,-0.239,0.0,0
ussd_0116,ussd_s009674,-0.5395,0.4562,-0.0357,0.0,0
ussd_0341,ussd_s009675,0.1969,0.6294,-0.4387,0.0,0
ussd_0053,ussd_s009676,0.4695,2.2751,-0.4112,0.0,0
ussd_0012,ussd_s009677,-0.4404,0.5416,1.0735,0.0,0
ussd_0110,ussd_s009678,0.3198,0.5085,0.9481,0.0,0
ussd_0155,ussd_s009679,-0.4371,1.3089,-0.507,0.0,0
ussd_0374,ussd_s009680,1.6116,0.2601,-0.3138,0.0,0
ussd_0229,ussd_s009681,-0.0799,0.9957,-0.2275,0.582,0
ussd_0361,ussd_s009682,-0.6923,1.1238,1.6433,0.0474,0
ussd_0127,ussd_s009683,-0.2542,1.7055,-0.294,0.0,0
ussd_0287,ussd_s009684,-0.1238,0.7681,0.1089,0.0,0
ussd_0384,ussd_s009685,-0.1375,2.2478,-0.44,0.8505,0
ussd_0259,ussd_s009686,-0.2815,0.6207,1.2481,0.0,0
ussd_0150,ussd_s009687,1.5001,0.6109,-0.0428,0.0,0
ussd_0273,ussd_s009688,-0.8148,1.2947,2.2174,0.0,0
ussd_0383,ussd_s009689,1.1077,1.2151,-0.1407,0.8163,0
ussd_0253,ussd_s009690,-0.6334,0.2719,-0.1831,0.0,0
ussd_0173,ussd_s009691,-0.9078,1.2938,-0.0531,0.0,0
ussd_0422,ussd_s009692,-0.2177,1.2786,-0.112,0.7109,0
ussd_0202,ussd_s009693,-0.421,0.751,-0.0483,0.0,0
ussd_0355,ussd_s009694,-0.7863,0.0283,-0.4131,0.0,0
ussd_0442,ussd_s009695,-0.8379,0.0858,-0.17,0.0,0
ussd_0186,ussd_s009696,-0.1781,0.2275,1.9871,0.087,0
ussd_0407,ussd_s009697,-0.8645,0.22,-0.6884,0.0,0
ussd_0339,ussd_s009698,5.9733,1.1095,-0.0323,0.4612,0
ussd_0079,ussd_s009699,2.4704,0.9441,-0.463,0.0,0
ussd_0232,ussd_s009700,0.1043,0.1592,0.4486,0.0,0
ussd_0353,ussd_s009701,-0.675,1.0703,-0.5978,0.0,0
ussd_0384,ussd_s009702,-0.7208,0.1162,-0.44,0.8505,0
ussd_0029,ussd_s009703,0.6137,0.0337,-0.5084,0.0,0
ussd_0055,ussd_s009704,-0.629,0.8609,-0.2393,0.6067,0
ussd_0259,ussd_s009705,-0.7224,0.8198,-0.2506,0.0,0
ussd_0165,ussd_s009706,0.0122,0.6015,-0.2922,0.0,0
ussd_0050,ussd_s009707,0.6841,0.2358,0.8119,0.0,0
ussd_0171,ussd_s009708,-0.6929,1.9588,-0.3682,0.0,0
ussd_0419,ussd_s009709,0.3835,0.8446,-0.375,0.0,0
ussd_0026,ussd_s009710,-0.4479,1.5626,0.9924,0.0,0
ussd_0138,ussd_s009711,0.2277,0.7054,-0.2683,0.0,0
ussd_0359,ussd_s009712,-0.8334,0.1008,-0.1252,0.0,0
ussd_0028,ussd_s009713,-0.5617,0.6281,-0.5506,0.0,0
ussd_0033,ussd_s009714,-0.2934,0.1754,-0.1989,0.0,0
ussd_0202,ussd_s009715,-0.2983,0.1076,-0.0483,0.0,0
ussd_0258,ussd_s009716,0.6454,1.9037,-0.0176,0.0,0
ussd_0229,ussd_s009717,0.454,0.4081,-0.2275,0.582,0
ussd_0049,ussd_s009718,-0.5666,0.8088,0.4231,0.0,0
ussd_0052,ussd_s009719,-0.0317,0.1122,-0.2057,0.5566,0
ussd_0396,ussd_s009720,-0.679,1.3934,-0.2678,0.0,0
ussd_0308,ussd_s009721,1.3536,0.3272,-0.6891,0.0,0
ussd_0302,ussd_s009722,-0.4857,0.3676,-0.2993,0.0,0
ussd_0245,ussd_s009723,0.7257,1.5106,-0.2456,0.0,0
ussd_0181,ussd_s009724,5.2106,0.8488,9.3997,0.7457,1
ussd_0107,ussd_s009725,-0.5626,2.1634,0.6855,0.0,0
ussd_0359,ussd_s009726,1.4247,1.0225,-0.1252,0.0,0
ussd_0295,ussd_s009727,14.5061,0.2181,5.044,0.78,1
ussd_0221,ussd_s009728,5.6474,0.9988,0.1118,0.0,0
ussd_0032,ussd_s009729,-0.4977,0.3608,-0.1019,0.0,0
ussd_0059,ussd_s009730,23.3322,5.4159,5.6874,0.9614,1
ussd_0427,ussd_s009731,0.3879,0.3177,-0.0144,0.8555,0
ussd_0221,ussd_s009732,-0.1459,0.0124,-0.6294,0.0,0
ussd_0099,ussd_s009733,-0.2823,0.3272,-0.0273,0.0,0
ussd_0141,ussd_s009734,-0.2564,0.7983,-0.5973,0.4236,0
ussd_0104,ussd_s009735,-0.4599,0.1617,-0.0379,0.0,0
ussd_0082,ussd_s009736,1.4759,0.7802,0.7348,0.0,0
ussd_0007,ussd_s009737,-0.5864,0.2334,-0.4364,0.0,0
ussd_0157,ussd_s009738,-0.6826,0.4542,-0.1299,0.0,0
ussd_0426,ussd_s009739,0.101,0.1739,-0.4251,0.5158,0
ussd_0227,ussd_s009740,0.2763,1.8104,-0.0417,0.0,0
ussd_0167,ussd_s009741,-0.6673,0.2053,-0.618,0.0,0
ussd_0217,ussd_s009742,-0.5371,0.8314,1.6578,0.0,0
ussd_0013,ussd_s009743,-0.2651,1.4418,-0.3241,0.0,0
ussd_0324,ussd_s009744,-0.2208,0.6538,-0.2742,0.0,0
ussd_0252,ussd_s009745,-0.7961,0.7993,1.5438,0.0,0
ussd_0362,ussd_s009746,-0.5764,1.4235,-0.3611,0.0,0
ussd_0277,ussd_s009747,-0.5586,1.6591,-0.6207,0.9062,0
ussd_0178,ussd_s009748,-0.2577,0.3277,2.0092,0.0,0
ussd_0414,ussd_s009749,-0.0007,1.3938,-0.6769,0.8194,0
ussd_0272,ussd_s009750,-0.7264,1.3608,-0.364,0.0,0
ussd_0198,ussd_s009751,-0.4845,0.3907,0.1783,0.8457,0
ussd_0096,ussd_s009752,-0.2154,0.5417,-0.2509,0.9419,0
ussd_0406,ussd_s009753,0.5644,0.0805,-0.1994,0.0,0
ussd_0078,ussd_s009754,2.358,0.6984,0.1674,0.0,0
ussd_0269,ussd_s009755,0.0363,0.0518,-0.0395,0.0,0
ussd_0345,ussd_s009756,-0.6386,1.15,-0.2127,0.0,0
ussd_0419,ussd_s009757,0.5281,2.3636,-0.375,0.0,0
ussd_0067,ussd_s009758,-0.7504,0.7523,-0.0935,0.0,0
ussd_0236,ussd_s009759,-0.4339,1.5404,1.1324,0.5753,0
ussd_0158,ussd_s009760,-0.5125,0.2321,-0.162,0.9214,0
ussd_0260,ussd_s009761,0.4261,0.6184,-0.4123,0.1622,0
ussd_0182,ussd_s009762,-0.0014,1.2616,-0.6179,0.9517,0
ussd_0333,ussd_s009763,1.0294,0.6174,-0.3544,0.0,0
ussd_0221,ussd_s009764,0.2037,0.1541,0.8531,0.0,0
ussd_0029,ussd_s009765,-0.8868,1.3578,-0.5084,0.0,0
ussd_0144,ussd_s009766,-0.8046,0.9302,-0.2019,0.7224,0
ussd_0229,ussd_s009767,-0.8077,1.6335,-0.2275,0.582,0
ussd_0125,ussd_s009768,-0.756,0.7236,1.2939,0.0,0
ussd_0100,ussd_s009769,-0.2624,0.2482,-0.2924,0.0,0
ussd_0207,ussd_s009770,-0.6406,0.9363,-0.1689,0.2923,0
ussd_0365,ussd_s009771,0.4012,0.1372,-0.0713,0.0,0
ussd_0269,ussd_s009772,-0.8454,2.6956,-0.0395,0.0,0
ussd_0235,ussd_s009773,0.0888,0.2188,0.7818,0.0,0
ussd_0031,ussd_s009774,0.4505,0.7959,0.6491,0.0,0
ussd_0371,ussd_s009775,-0.2433,0.9079,1.1931,0.0,0
ussd_0400,ussd_s009776,1.1789,0.018,-0.3969,0.0,0
ussd_0367,ussd_s009777,-0.6097,1.8969,-0.0301,0.1755,0
ussd_0149,ussd_s009778,-0.4647,0.2162,-0.2069,0.0,0
ussd_0239,ussd_s009779,-0.3742,0.4835,-0.1055,0.0,0
ussd_0234,ussd_s009780,-0.4991,0.6304,-0.2617,0.0,0
ussd_0242,ussd_s009781,-0.6405,1.7109,-0.3228,0.0,0
ussd_0252,ussd_s009782,-0.2362,1.1174,-0.1521,0.0,0
ussd_0004,ussd_s009783,-0.4785,1.5746,0.3385,0.0,0
ussd_0232,ussd_s009784,-0.9642,0.6063,-0.5171,0.0,0
ussd_0343,ussd_s009785,-0.6538,0.6631,-0.1302,0.0,0
ussd_0182,ussd_s009786,2.2154,0.9241,-0.6179,0.9517,0
ussd_0308,ussd_s009787,-0.5514,0.7618,1.7985,0.0,0
ussd_0360,ussd_s009788,-0.5194,0.3099,-0.5311,0.0,0
ussd_0014,ussd_s009789,0.9595,1.081,0.8142,0.0,0
ussd_0118,ussd_s009790,-0.3502,0.5221,0.8048,0.0,0
ussd_0286,ussd_s009791,0.2499,0.1217,-0.4126,0.0,0
ussd_0056,ussd_s009792,-0.7975,1.6983,-0.3542,0.0,0
ussd_0201,ussd_s009793,0.5222,0.6402,-0.3556,0.0,0
ussd_0393,ussd_s009794,1.1328,0.1874,0.3855,0.0,0
ussd_0107,ussd_s009795,-0.5792,1.2162,0.6855,0.0,0
ussd_0374,ussd_s009796,0.9343,0.7551,-0.3138,0.0,0
ussd_0066,ussd_s009797,-0.0134,0.7088,-0.5095,0.515,0
ussd_0142,ussd_s009798,-0.5724,0.7203,-0.4466,0.0,0
ussd_0421,ussd_s009799,-0.4437,1.5155,-0.0654,0.0,0
ussd_0168,ussd_s009800,-0.1076,0.9243,-0.6184,0.1778,0
ussd_0191,ussd_s009801,11.1867,1.0718,-0.3495,0.0,0
ussd_0407,ussd_s009802,-0.3561,0.4109,-0.0652,0.0,0
ussd_0188,ussd_s009803,-0.7586,2.0245,-0.3934,0.0,0
ussd_0412,ussd_s009804,-0.8342,1.0817,-0.4863,0.0,0
ussd_0058,ussd_s009805,-0.6745,0.7947,0.463,0.0,0
ussd_0265,ussd_s009806,-0.4484,0.9525,-0.2231,0.0,0
ussd_0180,ussd_s009807,0.3994,0.9147,-0.2644,0.0,0
ussd_0291,ussd_s009808,-0.5329,1.4614,-0.5623,0.0,0
ussd_0325,ussd_s009809,-0.4715,1.5241,-0.1796,0.0,0
ussd_0095,ussd_s009810,-0.8362,0.7855,-0.3759,0.0,0
ussd_0446,ussd_s009811,-0.6601,0.6041,-0.164,0.0,0
ussd_0130,ussd_s009812,-0.5199,0.839,-0.4766,0.0,0
ussd_0431,ussd_s009813,0.7217,1.3756,-0.1055,0.0,0
ussd_0146,ussd_s009814,0.1766,0.0926,-0.1106,0.0,0
ussd_0447,ussd_s009815,0.0944,0.9199,1.9578,0.0,0
ussd_0446,ussd_s009816,-0.6671,0.7023,-0.164,0.0,0
ussd_0216,ussd_s009817,0.9159,0.7834,-0.0659,0.0,0
ussd_0388,ussd_s009818,-0.2657,0.7856,-0.1792,0.8787,0
ussd_0434,ussd_s009819,-0.596,1.4202,-0.2715,0.0,0
ussd_0189,ussd_s009820,0.7169,0.5253,-0.4537,0.0,0
ussd_0211,ussd_s009821,-0.7441,0.0804,-0.4115,0.0,0
ussd_0384,ussd_s009822,-0.541,0.7062,-0.44,0.8505,0
ussd_0277,ussd_s009823,-0.742,0.3131,0.8963,0.9062,0
ussd_0363,ussd_s009824,0.6171,1.8381,-0.0892,0.9519,0
ussd_0226,ussd_s009825,1.8209,0.1631,-0.425,0.0,0
ussd_0358,ussd_s009826,-0.3093,0.4431,-0.1161,0.0,0
ussd_0239,ussd_s009827,-0.5199,0.3803,-0.1055,0.0,0
ussd_0213,ussd_s009828,-0.8177,0.8553,0.7863,0.0,0
ussd_0389,ussd_s009829,-0.3343,0.7522,-0.3543,0.7365,0
ussd_0276,ussd_s009830,-0.8364,1.0356,-0.3862,0.0,0
ussd_0098,ussd_s009831,-0.3898,0.9928,-0.1481,0.0,0
ussd_0036,ussd_s009832,5.4837,0.0738,0.6817,0.1846,0
ussd_0018,ussd_s009833,0.434,0.7883,-0.3891,0.0,0
ussd_0314,ussd_s009834,1.1523,1.2434,-0.2413,0.9397,0
ussd_0169,ussd_s009835,0.0802,0.5647,0.4899,0.0,0
ussd_0086,ussd_s009836,-0.7506,0.2919,-0.554,0.5947,0
ussd_0053,ussd_s009837,-0.6396,0.9999,-0.4112,0.0,0
ussd_0224,ussd_s009838,-0.1141,0.4542,-0.2677,0.0,0
ussd_0013,ussd_s009839,0.1585,0.1573,-0.3241,0.0,0
ussd_0099,ussd_s009840,-0.9053,0.2134,-0.0273,0.0,0
ussd_0114,ussd_s009841,7.7746,2.5831,4.8688,0.6154,1
ussd_0179,ussd_s009842,-0.5037,0.1983,0.4074,0.0,0
ussd_0168,ussd_s009843,12.5436,0.342,2.4348,0.1778,1
ussd_0001,ussd_s009844,-0.8046,1.2584,-0.2033,0.0,0
ussd_0037,ussd_s009845,-0.7367,1.0386,-0.5689,0.0,0
ussd_0214,ussd_s009846,0.4257,0.3431,-0.5404,0.663,0
ussd_0133,ussd_s009847,-0.564,0.1001,-0.3497,0.531,0
ussd_0369,ussd_s009848,-0.5797,0.7523,-0.013,0.5925,0
ussd_0427,ussd_s009849,-0.4652,0.7423,-0.0144,0.8555,0
ussd_0436,ussd_s009850,2.4428,2.1153,-0.3421,0.0,0
ussd_0056,ussd_s009851,0.0096,0.8697,-0.3542,0.0,0
ussd_0232,ussd_s009852,-0.7793,0.3107,-0.5171,0.0,0
ussd_0037,ussd_s009853,-0.8081,0.9663,1.1554,0.0,0
ussd_0191,ussd_s009854,6.2726,0.4641,8.7575,0.7309,1
ussd_0175,ussd_s009855,-0.2845,1.7516,0.7782,0.0,0
ussd_0146,ussd_s009856,0.8832,0.6332,1.6681,0.0,0
ussd_0167,ussd_s009857,0.7874,1.2035,-0.618,0.0,0
ussd_0123,ussd_s009858,-0.6552,0.1596,1.0911,0.6336,0
ussd_0419,ussd_s009859,1.7683,0.2942,-0.375,0.0,0
ussd_0042,ussd_s009860,0.4093,0.6487,-0.2515,0.0,0
ussd_0059,ussd_s009861,0.1511,0.7535,2.0397,0.0,0
ussd_0278,ussd_s009862,-0.6057,0.8192,0.5333,0.0,0
ussd_0111,ussd_s009863,0.0127,1.8697,-0.5595,0.3775,0
ussd_0405,ussd_s009864,-0.3018,0.2459,-0.1595,0.0,0
ussd_0373,ussd_s009865,0.6543,0.4446,-0.4251,0.0,0
ussd_0089,ussd_s009866,-0.3842,1.5552,-0.3172,0.0,0
ussd_0212,ussd_s009867,0.2642,1.1981,-0.0421,0.0,0
ussd_0350,ussd_s009868,-0.1681,0.1125,-0.2522,0.0,0
ussd_0374,ussd_s009869,-0.3876,2.0739,2.4308,0.0,0
ussd_0064,ussd_s009870,-0.7629,0.6286,-0.3041,0.0,0
ussd_0252,ussd_s009871,-0.2045,1.051,-0.1521,0.0,0
ussd_0003,ussd_s009872,-0.3087,0.2633,-0.5624,0.9723,0
ussd_0018,ussd_s009873,-0.5928,0.0699,-0.3891,0.0,0
ussd_0272,ussd_s009874,0.5031,0.0642,-0.364,0.0,0
ussd_0096,ussd_s009875,-0.2552,0.5122,1.2474,0.9419,0
ussd_0235,ussd_s009876,-0.8805,0.9415,1.9696,0.0,0
ussd_0445,ussd_s009877,-0.561,0.7786,-0.5449,0.0,0
ussd_0311,ussd_s009878,-0.4434,0.662,-0.1529,0.0,0
ussd_0420,ussd_s009879,-0.814,0.4513,-0.3617,0.6651,0
ussd_0081,ussd_s009880,-0.1601,0.0947,-0.6754,0.0,0
ussd_0442,ussd_s009881,-0.8001,0.1313,-0.17,0.0,0
ussd_0011,ussd_s009882,2.0981,0.0108,0.9773,0.9374,0
ussd_0408,ussd_s009883,-0.7233,1.014,0.2039,0.0,0
ussd_0008,ussd_s009884,0.3003,0.9779,-0.3053,0.0,0
ussd_0133,ussd_s009885,-0.0045,0.8597,-0.3497,0.531,0
ussd_0117,ussd_s009886,-0.0546,0.2023,1.6681,0.0,0
ussd_0026,ussd_s009887,-0.6374,0.4869,-0.3359,0.0,0
ussd_0384,ussd_s009888,-0.347,0.7947,0.6801,0.8505,0
ussd_0039,ussd_s009889,-0.3435,0.5178,-0.6517,0.0,0
ussd_0139,ussd_s009890,-0.8176,0.6636,-0.2769,0.8304,0
ussd_0265,ussd_s009891,-0.5676,1.0778,-0.2231,0.0,0
ussd_0348,ussd_s009892,-0.1019,0.714,-0.2464,0.0,0
ussd_0355,ussd_s009893,-0.1519,0.1707,-0.4131,0.0,0
ussd_0439,ussd_s009894,-0.2395,0.5271,0.849,0.5928,0
ussd_0266,ussd_s009895,-0.5833,1.3421,-0.5966,0.6032,0
ussd_0027,ussd_s009896,-0.6157,0.7514,2.06,0.0,0
ussd_0023,ussd_s009897,-0.7925,0.9924,-0.4193,0.0,0
ussd_0394,ussd_s009898,-0.5279,0.1395,-0.08,0.0,0
ussd_0086,ussd_s009899,-0.5444,0.0823,0.338,0.5947,0
ussd_0048,ussd_s009900,12.4244,0.5033,1.6728,0.8246,1
ussd_0419,ussd_s009901,-0.6837,0.7973,-0.375,0.0,0
ussd_0147,ussd_s009902,-0.7737,0.8144,-0.5522,0.0,0
ussd_0101,ussd_s009903,0.2135,1.9117,-0.3326,0.0,0
ussd_0314,ussd_s009904,-0.2046,2.1874,-0.2413,0.9397,0
ussd_0076,ussd_s009905,0.2402,0.7339,-0.3912,0.0,0
ussd_0077,ussd_s009906,-0.7425,0.0401,-0.0916,0.0,0
ussd_0388,ussd_s009907,-0.5352,0.3459,-0.1792,0.8787,0
ussd_0072,ussd_s009908,-0.8012,0.1579,-0.0655,0.0,0
ussd_0176,ussd_s009909,-0.805,1.5805,-0.0892,0.0,0
ussd_0226,ussd_s009910,-0.3695,0.3762,0.725,0.0,0
ussd_0287,ussd_s009911,0.2319,0.673,-0.6304,0.0,0
ussd_0230,ussd_s009912,-0.3125,1.3621,-0.32,0.0,0
ussd_0367,ussd_s009913,-0.5145,0.1575,-0.0301,0.1755,0
ussd_0260,ussd_s009914,-0.0189,0.5383,1.9386,0.1622,0
ussd_0176,ussd_s009915,2.9158,1.0045,-0.0892,0.0,0
ussd_0375,ussd_s009916,-0.5431,1.5213,1.3697,0.5622,0
ussd_0207,ussd_s009917,-0.2421,0.4839,-0.1689,0.2923,0
ussd_0279,ussd_s009918,-0.7695,0.952,-0.3304,0.0,0
ussd_0069,ussd_s009919,-0.8317,0.4125,-0.251,0.8844,0
ussd_0291,ussd_s009920,0.5218,1.0392,-0.5623,0.0,0
ussd_0397,ussd_s009921,-0.004,0.8607,0.7515,0.0,0
ussd_0368,ussd_s009922,-0.3193,0.1928,-0.0781,0.0,0
ussd_0267,ussd_s009923,-0.3323,0.815,-0.3244,0.8579,0
ussd_0117,ussd_s009924,0.5095,0.5494,-0.1106,0.0,0
ussd_0142,ussd_s009925,-0.1432,2.2392,0.6601,0.0,0
ussd_0181,ussd_s009926,-0.7261,0.7671,-0.2,0.7457,0
ussd_0429,ussd_s009927,-0.2843,0.2845,-0.1241,0.0,0
ussd_0075,ussd_s009928,-0.6819,0.7054,-0.174,0.0,0
ussd_0041,ussd_s009929,-0.0428,1.2068,-0.4636,0.0,0
ussd_0333,ussd_s009930,-0.3201,1.897,-0.3544,0.0,0
ussd_0438,ussd_s009931,0.0408,0.3448,-0.2666,0.8982,0
ussd_0192,ussd_s009932,-0.1053,0.3409,-0.4069,0.8179,0
ussd_0189,ussd_s009933,-0.3803,0.3332,-0.4537,0.0,0
ussd_0345,ussd_s009934,1.9116,0.0267,-0.2127,0.0,0
ussd_0322,ussd_s009935,2.9276,1.7455,-0.2737,0.0,0
ussd_0165,ussd_s009936,-0.1632,0.2758,-0.2922,0.0,0
ussd_0186,ussd_s009937,0.1738,0.0486,0.7923,0.087,0
ussd_0257,ussd_s009938,2.8446,0.1905,-0.0849,0.0,0
ussd_0393,ussd_s009939,3.6014,0.582,0.3855,0.0,0
ussd_0320,ussd_s009940,-0.6134,0.017,-0.3343,0.0802,0
ussd_0130,ussd_s009941,-0.893,0.3115,-0.4766,0.0,0
ussd_0422,ussd_s009942,0.6575,0.0013,-0.112,0.7109,0
ussd_0322,ussd_s009943,0.152,0.5069,-0.2737,0.0,0
ussd_0066,ussd_s009944,0.6059,1.3842,-0.5095,0.515,0
ussd_0350,ussd_s009945,1.2379,0.8806,-0.2522,0.0,0
ussd_0361,ussd_s009946,-0.6117,0.4888,-0.1189,0.0474,0
ussd_0193,ussd_s009947,-0.2101,0.8573,-0.6907,0.0,0
ussd_0219,ussd_s009948,-0.5168,0.1377,0.51,0.0,0
ussd_0277,ussd_s009949,-0.913,0.4535,-0.6207,0.9062,0
ussd_0413,ussd_s009950,1.4161,0.632,-0.4768,0.1418,0
ussd_0143,ussd_s009951,-0.4676,0.4901,0.0554,0.0,0
ussd_0227,ussd_s009952,-0.7075,1.0998,-0.0417,0.0,0
ussd_0201,ussd_s009953,-0.5193,0.7699,-0.3556,0.0,0
ussd_0049,ussd_s009954,-0.7391,2.3442,0.9924,0.0,0
ussd_0077,ussd_s009955,-0.8846,0.5779,-0.0916,0.0,0
ussd_0212,ussd_s009956,-0.0974,0.7716,-0.0421,0.0,0
ussd_0037,ussd_s009957,-0.6568,1.5875,0.2932,0.0,0
ussd_0149,ussd_s009958,0.1909,0.1735,-0.2069,0.0,0
ussd_0390,ussd_s009959,0.0328,2.0415,0.9722,0.0,0
ussd_0017,ussd_s009960,-0.5062,0.2944,-0.1648,0.0,0
ussd_0410,ussd_s009961,-0.3996,0.8026,-0.0424,0.0,0
ussd_0350,ussd_s009962,0.3095,1.4163,-0.2522,0.0,0
ussd_0151,ussd_s009963,-0.8183,0.1836,-0.3497,0.0479,0
ussd_0252,ussd_s009964,-0.7521,0.4203,-0.1521,0.0,0
ussd_0412,ussd_s009965,-0.487,1.213,1.5684,0.0,0
ussd_0371,ussd_s009966,-0.8782,0.8482,-0.269,0.0,0
ussd_0024,ussd_s009967,-0.6734,0.3011,-0.042,0.9298,0
ussd_0009,ussd_s009968,-0.7378,1.2547,-0.3849,0.8032,0
ussd_0171,ussd_s009969,2.2655,0.6428,-0.3682,0.0,0
ussd_0005,ussd_s009970,-0.5066,0.1684,0.544,0.0,0
ussd_0164,ussd_s009971,1.0266,0.0697,0.5771,0.0,0
ussd_0133,ussd_s009972,5.8732,0.4791,-0.3497,0.531,0
ussd_0149,ussd_s009973,-0.0187,0.6953,-0.2069,0.0,0
ussd_0100,ussd_s009974,-0.6334,0.9123,-0.2924,0.0,0
ussd_0308,ussd_s009975,-0.5336,0.3177,-0.0672,0.0,0
ussd_0405,ussd_s009976,-0.5692,1.0432,-0.1595,0.0,0
ussd_0308,ussd_s009977,-0.1905,1.1522,-0.6891,0.0,0
ussd_0037,ussd_s009978,-0.4472,0.3679,-0.5689,0.0,0
ussd_0390,ussd_s009979,-0.171,0.1864,-0.6056,0.0,0
ussd_0377,ussd_s009980,-0.7792,1.0481,-0.4784,0.0,0
ussd_0079,ussd_s009981,-0.8095,0.2167,-0.463,0.0,0
ussd_0029,ussd_s009982,0.5312,0.6215,-0.5084,0.0,0
ussd_0109,ussd_s009983,0.2153,0.9955,-0.4794,0.9921,0
ussd_0043,ussd_s009984,-0.2047,1.182,0.4883,0.0,0
ussd_0432,ussd_s009985,2.1751,0.3443,-0.2825,0.0,0
ussd_0345,ussd_s009986,-0.5179,0.4784,-0.2127,0.0,0
ussd_0098,ussd_s009987,-0.6113,0.6409,-0.1481,0.0,0
ussd_0236,ussd_s009988,0.5015,0.1777,-0.2892,0.5753,0
ussd_0066,ussd_s009989,-0.833,0.3256,0.4714,0.515,0
ussd_0116,ussd_s009990,-0.5388,0.1553,-0.0357,0.0,0
ussd_0103,ussd_s009991,1.7336,0.5935,-0.3125,0.0,0
ussd_0109,ussd_s009992,1.9089,3.4075,0.5618,0.9921,0
ussd_0135,ussd_s009993,-0.9398,1.3131,-0.1157,0.0,0
ussd_0235,ussd_s009994,-0.5318,0.3943,-0.4061,0.0,0
ussd_0433,ussd_s009995,-0.2967,0.3184,-0.632,0.0,0
ussd_0335,ussd_s009996,0.533,0.7753,-0.1527,0.0,0
ussd_0394,ussd_s009997,-0.913,1.0341,-0.08,0.0,0
ussd_0230,ussd_s009998,3.889,0.4649,3.7597,0.8608,1
ussd_0281,ussd_s009999,0.2448,1.8596,-0.3218,0.0,0
